#
# Wavefront OBJ file
# Created in RealityScan
# Engine version v2.0.0.118621
# 4995 vertices, 10002 faces
#
mtllib HSR0015-Body-009_LOD2.mtl

v -0.02847810429238386 0.057246290592190277 1.526415768057447 0.827451 0.670588 0.592157
v -0.019065228231903314 0.04573309119485933 1.5120614852058994 0.819608 0.682353 0.596078
v -0.03965899761096075 0.057236545628013158 1.5277847663448754 0.701961 0.537255 0.470588
v -0.07826837591387184 0.026063974839071845 1.4524404973262597 0.411765 0.352941 0.317647
v -0.0774808685375228 0.021007215832489907 1.4383907677354136 0.356863 0.294118 0.262745
v -0.08108898434403611 0.029829963665379334 1.4390070479259829 0.423529 0.352941 0.305882
v -0.01126333227852238 0.04496937820024651 1.5096303363897453 0.847059 0.686275 0.615686
v 0.0030325088391644019 0.049819641940363947 1.5269509264688835 0.419608 0.305882 0.258824
v -0.021134479143964346 0.029662546647660209 1.4593074811711467 0.847059 0.690196 0.607843
v -0.007369026124197381 0.024415537278381587 1.4487728519884667 0.686275 0.345098 0.356863
v -0.023559541012454559 0.027219217059641009 1.4472823007825462 0.85098 0.705882 0.623529
v -0.040362826463402997 0.05013965454617077 1.5224111295745389 0.717647 0.572549 0.490196
v -0.029870289539249328 0.03524669950623876 1.5089820529614322 0.678431 0.537255 0.462745
v -0.045444578558912897 0.04409311082952763 1.5037101294796487 0.737255 0.533333 0.45098
v -0.033885230755026588 0.03243907639502009 1.486896172097144 0.847059 0.698039 0.615686
v -0.03119954635800446 0.02566462688395813 1.4703175740656128 0.764706 0.537255 0.486275
v -0.05633453038242813 0.02802035251734396 1.472081031330967 0.823529 0.623529 0.54902
v -0.05963569536834682 0.048236897538019008 1.5273075464278903 0.854902 0.666667 0.572549
v -0.15002217046132805 -0.08783826675196957 1.4351763886399179 0.203922 0.152941 0.12549
v -0.14887748626776718 -0.08345548450756725 1.443270503608095 0.32549 0.262745 0.219608
v -0.12274878499527511 -0.0739851441676644 1.4652063692873164 0.509804 0.439216 0.372549
v -0.12219161403746587 -0.09197841172823292 1.4637734530975162 0.396078 0.337255 0.294118
v -0.0993343563199452 -0.08742411693583482 1.473411661113927 0.352941 0.290196 0.258824
v -0.136539793010635 -0.0758040927797695 1.4582495612905422 0.470588 0.392157 0.333333
v -0.14723571547185369 -0.08061476979944726 1.4544778763419273 0.588235 0.498039 0.427451
v -0.12915981796653598 -0.08736508782852912 1.4559036558945023 0.454902 0.376471 0.321569
v -0.13753749501795163 -0.07128724701155671 1.4405048177185605 0.219608 0.160784 0.121569
v -0.019529448010354459 0.02031797257335987 1.4439891514795374 0.498039 0.207843 0.223529
v -0.0414235202564441 0.013781242676346688 1.451481188291868 0.686275 0.513726 0.403922
v -0.04603754751724645 0.022551099401890773 1.45903071434198 0.792157 0.615686 0.513726
v -0.011466845087969042 0.01686039376239478 1.4372002529540589 0.721569 0.556863 0.466667
v -0.02888290807396925 0.018552454691927849 1.4393514565544519 0.682353 0.372549 0.396078
v -0.13896196136184739 -0.061858743924426539 1.4582556068867985 0.462745 0.388235 0.32549
v -0.14682282624418706 -0.04345575612280848 1.444669392916248 0.262745 0.207843 0.168627
v -0.14183341901046504 -0.05569531297073193 1.4490124039204429 0.537255 0.447059 0.368627
v -0.13355304756729376 0.005420080903233377 1.4094035142668456 0.180392 0.137255 0.109804
v -0.14350383549926316 -0.011125812872592024 1.418411716038084 0.266667 0.219608 0.160784
v -0.11323313980762447 -0.05155167987796481 1.4590845396122412 0.337255 0.278431 0.231373
v -0.1027054882353439 -0.06401397438387698 1.467345429666132 0.341176 0.290196 0.266667
v -0.16782783375584307 -0.035405762652365637 1.4360177440852267 0.247059 0.180392 0.137255
v -0.15434728742902255 -0.028693811313843445 1.4381737838054123 0.305882 0.258824 0.215686
v -0.09965723176884937 -0.07770212226914192 1.471530916160291 0.32549 0.286275 0.266667
v -0.13406218168152618 -0.0451280272514654 1.4510195605817467 0.231373 0.184314 0.145098
v -0.1303765853551666 -0.015299144563914723 1.4268648339911803 0.211765 0.184314 0.172549
v -0.11710557486474066 -0.023803610438486456 1.4347768217713215 0.145098 0.113725 0.086275
v -0.14850717523450306 -0.045828623457575299 1.4387751060281482 0.352941 0.286275 0.227451
v -0.14953615726703593 -0.05627972534404379 1.4405708835509755 0.34902 0.278431 0.223529
v -0.11751852309567411 -0.007866811702945759 1.4255759409814364 0.25098 0.196078 0.160784
v -0.11812662298228056 0.007161135746728826 1.4182934134027375 0.266667 0.219608 0.192157
v -0.023149088942994779 0.00944360698295552 1.4327592908400194 0.733333 0.560784 0.466667
v -0.026570175334790507 0.0009261308500449403 1.4138750738804156 0.647059 0.462745 0.392157
v -0.038953953782687168 0.006755751912301975 1.4352007091439845 0.768628 0.6 0.501961
v -0.11231889931203403 -0.027827718368677823 1.4416933112550655 0.298039 0.247059 0.211765
v -0.1031928332651183 -0.013468857659965727 1.4385252479877755 0.305882 0.266667 0.243137
v -0.10041897663787487 -0.04856787467287952 1.4770676156040137 0.392157 0.341176 0.309804
v -0.10340556899347761 -0.05255034632420282 1.4786785868566306 0.478431 0.411765 0.352941
v -0.11270530788343712 -0.06677233317380248 1.4987412220384169 0.364706 0.164706 0.211765
v -0.10980310604397929 -0.08107037178450992 1.5037130193719717 0.235294 0.094118 0.133333
v -0.11817225206766119 -0.0742304373871058 1.5140541120137404 0.368627 0.160784 0.215686
v -0.10882609071210865 -0.03682252608732454 1.45217914176063 0.301961 0.258824 0.235294
v -0.1165276408319952 -0.07177075847323757 1.5167873760102824 0.317647 0.137255 0.180392
v -0.10206573477106387 -0.0766759161611479 1.4893503210831332 0.262745 0.156863 0.180392
v -0.12150211922764588 -0.06155388570816828 1.5128466806325989 0.262745 0.12549 0.156863
v -0.1153138304354014 -0.05435386567254184 1.497457442350142 0.309804 0.156863 0.192157
v -0.10750089368389672 -0.06310041268866543 1.4923421676475218 0.278431 0.113725 0.156863
v -0.10165977962121106 -0.01677583089029336 1.4576579430461326 0.372549 0.32549 0.298039
v -0.10264164861386888 -0.01623397150836483 1.4644745636410244 0.298039 0.258824 0.235294
v -0.10689548563453014 -0.004073535636013047 1.4568297868045697 0.356863 0.313726 0.286275
v -0.12096942352982121 -0.04817561543440232 1.5117711807674324 0.333333 0.137255 0.184314
v -0.11426976382047639 -0.0385849059993925 1.5003604544144369 0.2 0.101961 0.117647
v -0.11826460244553006 -0.05092308566887503 1.5064213457890928 0.258824 0.117647 0.152941
v -0.10423077194140958 -0.04125240061093648 1.496413779915583 0.435294 0.407843 0.4
v -0.11211471971765814 -0.08630159413025353 1.5186126816489152 0.419608 0.215686 0.270588
v -0.10920368148234973 -0.08554330394275747 1.4995427087278286 0.380392 0.168627 0.219608
v -0.004838901986306981 0.0012622018258919722 1.4324416972550167 0.670588 0.509804 0.415686
v -0.01626659770223191 0.0033821306440628 1.4187746594420219 0.764706 0.588235 0.529412
v -0.0732905876441817 0.037301279484171157 1.5224520907080177 0.427451 0.341176 0.298039
v -0.07448538940483261 0.03626579292301042 1.5028154970633896 0.733333 0.592157 0.505882
v -0.07529875059220989 0.031090938154384314 1.512461324220302 0.560784 0.458824 0.403922
v -0.07579343618643701 0.0332870615963812 1.487419240169581 0.615686 0.470588 0.411765
v -0.07592168997540215 0.02644948288028992 1.4875859230748803 0.466667 0.360784 0.313726
v -0.058884165381528647 0.036695282721697069 1.506246841170643 0.466667 0.360784 0.301961
v -0.11752534732227363 -0.08470355506251323 1.5430507475131093 0.52549 0.380392 0.427451
v -0.10915940461478521 -0.09491818859320456 1.5296046688177088 0.27451 0.117647 0.156863
v -0.06852098618256449 0.02766552003545874 1.5077851645864902 0.513726 0.380392 0.309804
v -0.12359930609337559 -0.056516645856380439 1.5267431252883792 0.407843 0.203922 0.254902
v -0.12263830551248854 -0.06723537295335414 1.5235861114230159 0.443137 0.231373 0.282353
v -0.12099327173275035 -0.06598590521249895 1.545410459089179 0.243137 0.101961 0.137255
v -0.06910613466582995 0.04127608261598817 1.5287917750734506 0.572549 0.435294 0.368627
v -0.06955776553724102 0.04315495332850786 1.5406479201113655 0.298039 0.235294 0.203922
v -0.055180968776871907 0.0333369555214053 1.4971939268676649 0.760784 0.6 0.513726
v -0.06185778743185588 0.040892707103288957 1.4996996381472448 0.517647 0.388235 0.329412
v -0.11743727024467429 -0.07757754225907251 1.5351181153507774 0.384314 0.156863 0.211765
v -0.07985936859171834 0.023142075566372094 1.5105105337797636 0.462745 0.372549 0.329412
v -0.0796408009111662 0.022183179792789603 1.4941730934245086 0.505882 0.388235 0.337255
v -0.08570853243228344 0.021165240739339919 1.5081122905083069 0.34902 0.317647 0.301961
v -0.12267115865664687 -0.04201588191526958 1.5209687424327237 0.345098 0.137255 0.188235
v -0.12616202249099404 -0.05104655464354132 1.5402763738527905 0.309804 0.145098 0.188235
v -0.12126853645501329 -0.03751098114138 1.526157366585394 0.372549 0.180392 0.223529
v -0.07542218530110177 0.03423101213659779 1.531520295030916 0.545098 0.45098 0.4
v -0.08228879930491251 0.02307194107029221 1.5321698770170509 0.247059 0.227451 0.215686
v -0.08839847345029851 0.011029556825324302 1.526825726158016 0.227451 0.203922 0.188235
v -0.09237292506090239 0.019174212601040576 1.529853661227081 0.286275 0.152941 0.176471
v -0.09066671793166166 0.012686892868128684 1.5012878302728368 0.360784 0.333333 0.313726
v -0.09998008744194265 0.005681936297974826 1.5217343800756363 0.321569 0.172549 0.203922
v -0.08584473549169251 0.0329652513651021 1.4261486220171687 0.368627 0.290196 0.243137
v -0.11180556501815807 -0.030570796496480178 1.5051800153822237 0.270588 0.117647 0.152941
v -0.09557100635989077 0.0021466877193070819 1.4944785812979487 0.290196 0.27451 0.266667
v -0.12373533569154027 -0.042676428893403468 1.5354789291433922 0.541176 0.282353 0.34902
v -0.12580563222834385 -0.038341629602622367 1.5451181538300423 0.407843 0.172549 0.235294
v -0.11836583887916616 -0.027115142466123847 1.5262540999614476 0.329412 0.141176 0.184314
v -0.10878256413964481 -0.02046769239185557 1.509206873322582 0.152941 0.066667 0.082353
v -0.060444407189304497 0.030889629204755889 1.4897884605846433 0.862745 0.698039 0.603922
v -0.11319273278120072 -0.018712237575722058 1.5228167348036817 0.329412 0.156863 0.2
v -0.1124531907048328 -0.010695347505883073 1.5366393161784926 0.431373 0.211765 0.262745
v -0.10621619506149699 -0.0050461992754450529 1.525904887925071 0.176471 0.07451 0.094118
v -0.10684376298197551 -0.007117479496681446 1.5168298548536883 0.352941 0.203922 0.239216
v -0.055533371577768688 0.0023310209792100878 1.441745628994478 0.705882 0.537255 0.427451
v -0.04263881756406343 -0.0068063982064084289 1.4214101891517924 0.619608 0.462745 0.372549
v -0.10606557355287287 0.003940270080033146 1.5375780326292068 0.266667 0.121569 0.152941
v -0.10272280001214158 0.009756938756850045 1.5373856563963005 0.447059 0.227451 0.278431
v -0.09300463246907417 0.0018438748830742014 1.515254963447291 0.329412 0.298039 0.278431
v -0.09287407146594616 0.008489654074687343 1.4909531931736249 0.301961 0.25098 0.223529
v -0.08613593307902566 0.02104023531998241 1.4836559379157353 0.407843 0.301961 0.25098
v -0.0927563711242871 0.019291882468378438 1.477069916535599 0.364706 0.329412 0.305882
v -0.09762412673956454 0.018776539457972389 1.5428501748829578 0.321569 0.152941 0.192157
v -0.0035222750476631744 0.020550711333002158 1.4708992346415544 0.717647 0.470588 0.407843
v -0.014205997032061177 0.03498902595475235 1.4634416361778507 0.67451 0.439216 0.345098
v -0.006977776359954314 0.04486610120699146 1.4816734914251422 0.831373 0.658824 0.584314
v -0.01527092383169022 0.05062626248193907 1.4677307527986233 0.870588 0.713726 0.654902
v -0.11907890105431422 -0.02569586117450316 1.5368656107594799 0.4 0.196078 0.243137
v -0.02146415443510478 0.045703691052986068 1.4843944953173265 0.831373 0.670588 0.584314
v -0.07114647440121688 -0.060063687531220089 1.40176509482376 0.337255 0.341176 0.341176
v -0.08302134457593719 0.007124458524320986 1.472690146319293 0.341176 0.282353 0.239216
v -0.06599124863090129 0.008219861757697329 1.4565048291318319 0.364706 0.266667 0.215686
v -0.07659479068373001 0.005484603520707253 1.4568376844478664 0.188235 0.152941 0.133333
v -0.07031215227372152 0.023895204044463989 1.4887439989146585 0.439216 0.313726 0.258824
v -0.029284165661293765 0.03791858261046666 1.4693159327307715 0.870588 0.682353 0.607843
v -0.0749889220793189 -0.000012382274294272054 1.4442048326851609 0.211765 0.172549 0.145098
v -0.08317365672950177 0.0011865621930377494 1.4538454610706214 0.145098 0.113725 0.098039
v -0.01558334251219502 0.044039958153576089 1.4617685639418255 0.803922 0.627451 0.541176
v -0.004919426491459653 0.04367086341365229 1.4652833272782294 0.819608 0.639216 0.556863
v -0.099142638089322 -0.09048582476635164 1.4895732001325264 0.270588 0.109804 0.14902
v -0.09382713206904457 -0.08171096398574979 1.4834970662770706 0.243137 0.2 0.196078
v -0.07346937754885846 -0.007825608133348844 1.4457639959028346 0.101961 0.090196 0.07451
v -0.07539048243385178 0.02734888074521725 1.4756365001510834 0.447059 0.364706 0.321569
v -0.07175956084095855 0.01929056232484467 1.477359300666042 0.313726 0.227451 0.188235
v -0.10305094322007782 -0.0974094594013158 1.5047656764064883 0.427451 0.2 0.258824
v -0.07865228423953542 -0.02149167414978208 1.4102135627676287 0.129412 0.101961 0.082353
v -0.10260752380883001 -0.010070232196018823 1.4477823463077014 0.321569 0.27451 0.243137
v -0.0989840409263228 0.013471358887284953 1.4387732081652958 0.380392 0.329412 0.290196
v -0.07427149132168666 -0.014277438439320145 1.4272838578973218 0.090196 0.066667 0.054902
v -0.0790613822730257 -0.0223868405410238 1.4250768589831338 0.152941 0.121569 0.105882
v -0.08078300126033263 -0.010735499196371122 1.4193147734143926 0.211765 0.164706 0.133333
v -0.07835282976081441 -0.008192867035528462 1.4399222370043048 0.109804 0.090196 0.07451
v -0.0815946226274512 -0.00012114775816767396 1.4408975969166807 0.164706 0.12549 0.101961
v -0.08081362422042785 0.005478914304547659 1.4240049483122209 0.25098 0.203922 0.172549
v -0.0724782783333994 -0.030455267595102484 1.406818448811393 0.121569 0.098039 0.090196
v -0.07531571970277842 -0.0481449582174506 1.4114582531605449 0.082353 0.078431 0.07451
v -0.07121884732578865 -0.034554144336000899 1.3987103362275875 0.137255 0.101961 0.070588
v -0.07992611858399949 -0.024535061778593327 1.4411573986267184 0.086275 0.070588 0.066667
v -0.0738069993680945 -0.02901311526339693 1.4308496664534479 0.137255 0.113725 0.090196
v -0.05594049675709717 -0.054552914261934728 1.415071766115187 0.427451 0.321569 0.25098
v -0.04687146646038147 -0.04966306273890581 1.4178950548298084 0.513726 0.392157 0.309804
v -0.0753895923882536 -0.02632424370065827 1.4166376728635844 0.133333 0.101961 0.086275
v -0.0819968639928321 0.008004767287072825 1.4428804135139295 0.160784 0.129412 0.105882
v -0.07099653445556407 -0.024759482165581608 1.3980381761701602 0.109804 0.070588 0.043137
v -0.06850111729667848 -0.02568059781879061 1.4156775802011635 0.164706 0.117647 0.086275
v -0.050802015643816918 -0.014673503878266471 1.4251428198143883 0.486275 0.360784 0.282353
v -0.0678680862248762 -0.02409072218202923 1.4222596750826955 0.235294 0.164706 0.121569
v -0.10752694272680026 -0.03587586648010158 1.46696710933532 0.34902 0.309804 0.294118
v -0.10439243658007116 -0.04263624279366786 1.4822268908163828 0.356863 0.32549 0.305882
v -0.101445634987418 -0.06248835208795413 1.4899923673790148 0.231373 0.2 0.184314
v -0.10485096153942045 -0.031135196478937773 1.4652889301138204 0.247059 0.211765 0.192157
v -0.10435621830184573 -0.0352996673860321 1.4861438104528902 0.301961 0.266667 0.243137
v -0.1014595815173648 -0.00037536976869992025 1.4638193644003768 0.290196 0.258824 0.231373
v -0.10340006433201728 -0.004697133804283495 1.4827565504323517 0.286275 0.247059 0.223529
v -0.10314761290000973 -0.015195574279827056 1.4831722991150123 0.364706 0.333333 0.309804
v -0.09750241422393193 0.0036796168380191505 1.473657455430987 0.333333 0.278431 0.25098
v -0.10313917551547902 -0.025489767828543489 1.4916924882168992 0.337255 0.301961 0.278431
v -0.10301120218599937 -0.029980054209495466 1.50229063208887 0.247059 0.215686 0.196078
v -0.10047614276958519 -0.013863070027333679 1.4955565227129589 0.333333 0.298039 0.278431
v -0.0970801519015894 -0.005952404643716693 1.4966900059745075 0.298039 0.27451 0.254902
v -0.09761250489864332 -0.011888458170333435 1.513554262111701 0.32549 0.301961 0.290196
v -0.039628815088431159 -0.056016100793227416 1.4030841666430123 0.521569 0.403922 0.32549
v -0.03524411724651896 -0.05457415985887581 1.396291688653357 0.298039 0.235294 0.184314
v -0.03681864952912277 -0.04653521513320777 1.4032865024387582 0.509804 0.4 0.32549
v -0.022906580559123325 -0.05328300425565071 1.4093871053330054 0.313726 0.227451 0.176471
v -0.03099663058431486 -0.04998276699025565 1.411511633279234 0.533333 0.411765 0.329412
v -0.024989573315442775 -0.053540449816725819 1.4007392456909856 0.34902 0.266667 0.215686
v -0.011752451251441136 -0.06124267836256516 1.4017367027194626 0.301961 0.227451 0.184314
v -0.007620087156446496 -0.060025823705439459 1.414996154196889 0.203922 0.14902 0.117647
v -0.013802280167051094 -0.05504550307838106 1.4182197004014035 0.372549 0.262745 0.203922
v -0.0341558842143258 -0.009960077485076298 1.4180969454870496 0.596078 0.443137 0.356863
v -0.007074937733152714 -0.013798084535458883 1.4184654147979657 0.627451 0.47451 0.396078
v -0.00028464090397421407 -0.008832668508986962 1.4257838818076388 0.623529 0.466667 0.392157
v -0.04268259907477676 0.03555769447545784 1.502542431186882 0.223529 0.180392 0.164706
v -0.08766959625201695 0.037355157007219749 1.4485830024725402 0.419608 0.341176 0.290196
v -0.096526813541142 0.04131669340504837 1.4377632399572549 0.423529 0.345098 0.294118
v -0.032814738407636167 -0.03563580189156223 1.4188068830551584 0.345098 0.25098 0.188235
v -0.03533087933106869 0.03335355236103511 1.4973452486297348 0.658824 0.529412 0.45098
v -0.11705631658418962 0.04152150842546078 1.4191996523443198 0.501961 0.411765 0.321569
v -0.11974072099466256 0.02674176443133135 1.4234507398358492 0.470588 0.380392 0.298039
v -0.10966313412000546 0.03957367333181507 1.4254126286522054 0.494118 0.423529 0.360784
v -0.09653491367041853 0.03754835980832731 1.411963317699251 0.337255 0.27451 0.231373
v -0.08026252352249235 0.011764967842117228 1.4122519227107056 0.337255 0.270588 0.223529
v -0.111047575632699 0.029994922902458668 1.4394830223813247 0.47451 0.388235 0.317647
v -0.11179136719027066 0.01914128850186914 1.4255711103098199 0.290196 0.243137 0.215686
v -0.08355088188623554 0.008554481618773114 1.4302531993824246 0.290196 0.243137 0.211765
v -0.0846190195263709 0.015916374370544257 1.4180188836907255 0.313726 0.262745 0.227451
v -0.12790072617094479 0.02430510667337433 1.4152991619414406 0.380392 0.309804 0.258824
v -0.10874281679303022 0.0405983177266451 1.436284307746876 0.427451 0.345098 0.286275
v -0.1026198440814567 0.0147709996266392 1.4265072016929508 0.298039 0.254902 0.227451
v -0.07587296714954507 0.020044033511466564 1.4236523926298613 0.352941 0.286275 0.239216
v -0.09860732676347316 0.007835865044811378 1.4547855079147825 0.34902 0.301961 0.270588
v -0.10039133070262835 0.025496713867968265 1.4507472973823122 0.368627 0.301961 0.25098
v -0.08533137669725077 0.01028474232167098 1.454084063345708 0.176471 0.129412 0.109804
v -0.09612509293692624 0.02390462443603381 1.4622429942175302 0.345098 0.270588 0.223529
v -0.07705625569260233 0.024887849201365398 1.467506308940141 0.415686 0.368627 0.337255
v -0.08843776169070128 0.026742434427283337 1.454827561845463 0.282353 0.227451 0.192157
v -0.08552608011156979 0.022386065570222034 1.4720848815003845 0.341176 0.282353 0.25098
v -0.07971123744229641 0.035052626249905 1.466681082553208 0.490196 0.411765 0.352941
v -0.08189154723474876 0.021722495019756699 1.4708951377073494 0.360784 0.270588 0.215686
v -0.007968645018705305 -0.034946161517370868 1.4205154565609886 0.247059 0.172549 0.121569
v -0.14674683674966319 -0.09562235478574417 1.4415663257741017 0.184314 0.152941 0.129412
v -0.13575927442785169 -0.10274545031443996 1.4521689155149574 0.384314 0.317647 0.27451
v -0.10751992404084969 -0.09449426640348069 1.4703130165062788 0.211765 0.164706 0.141176
v -0.07662137713669928 -0.11182940772960429 1.480088589672184 0.388235 0.32549 0.294118
v -0.08373258056667363 -0.11443029848233681 1.485804426890607 0.368627 0.184314 0.235294
v -0.08530742689139094 -0.10256755172083666 1.4817216536644953 0.258824 0.121569 0.160784
v -0.09182789992961679 -0.11695637521975218 1.504715263872565 0.45098 0.203922 0.27451
v -0.09509445241601108 -0.11212548752409796 1.5074533786779539 0.258824 0.117647 0.14902
v -0.09129089213547215 -0.10980540583144113 1.500078645639903 0.262745 0.133333 0.164706
v -0.08978166882680087 -0.10870616396310914 1.490324913406288 0.247059 0.098039 0.137255
v -0.09616364652972262 -0.09698951117556883 1.4868795509054054 0.282353 0.14902 0.188235
v -0.05384588749267199 -0.13936383547238297 1.5285973933673083 0.305882 0.133333 0.184314
v -0.04666485576800976 -0.1362638955949896 1.5114188546987595 0.254902 0.129412 0.168627
v -0.04695456007084853 -0.13906360488528844 1.5251251114484029 0.231373 0.109804 0.137255
v -0.04171332164094533 -0.14043092883177553 1.5086433952139363 0.364706 0.160784 0.211765
v -0.05588012307608234 -0.13878486108998057 1.4598445020568816 0.439216 0.356863 0.301961
v -0.06937297012375338 -0.11951402202083395 1.4797809705805639 0.321569 0.215686 0.223529
v -0.07410462831897954 -0.12423775829358688 1.4616411643461225 0.447059 0.380392 0.317647
v -0.032252274348855459 -0.1378908008912415 1.503674308840189 0.254902 0.098039 0.137255
v -0.023035710439504116 -0.13877502027504963 1.5089673041267043 0.266667 0.117647 0.156863
v -0.03306704292090201 -0.1383964144219138 1.5189354869953503 0.403922 0.180392 0.239216
v -0.0066029165163529889 -0.13467921968808273 1.5271887106333349 0.341176 0.160784 0.211765
v -0.0104638104053658 -0.13766052061647655 1.537713849849827 0.313726 0.192157 0.219608
v -0.02058464076771818 -0.1410414850287185 1.5264763359607825 0.282353 0.133333 0.176471
v -0.011372539995023783 -0.13711461269525597 1.5020032419353116 0.32549 0.160784 0.207843
v -0.002239679739939805 -0.13283326971663649 1.5070021995091255 0.266667 0.12549 0.160784
v -0.0770840770603366 -0.11989195985277963 1.4690080168166345 0.419608 0.352941 0.305882
v -0.08036124098519582 -0.1238773191635066 1.4948975640462057 0.376471 0.219608 0.239216
v -0.07979198818486026 -0.12504478539023368 1.5060909604790847 0.321569 0.129412 0.176471
v -0.058973372948942458 -0.1372833990287188 1.5145399406710989 0.47451 0.243137 0.301961
v -0.06056590228276536 -0.13483574178043204 1.5307267805815686 0.439216 0.2 0.258824
v -0.031344475626231268 -0.14167164710847744 1.5246470517090108 0.25098 0.094118 0.141176
v -0.03991316553080095 -0.14487150016238835 1.5419564326614979 0.419608 0.2 0.258824
v -0.07384088514608064 -0.13123776891487819 1.5155907714045354 0.447059 0.235294 0.290196
v -0.0636495166108722 -0.13156612564136226 1.506700609892204 0.333333 0.168627 0.203922
v -0.10057559242828741 -0.10121493028993743 1.4979448673656478 0.403922 0.184314 0.239216
v -0.06582029442658488 -0.13197330721591433 1.501962575035103 0.454902 0.243137 0.298039
v -0.07761281642205266 -0.12947060416505738 1.5329886997922365 0.352941 0.176471 0.231373
v -0.07918669831211055 -0.12432781254365424 1.5155390174737856 0.305882 0.133333 0.184314
v -0.06846797263726821 -0.13447358428664867 1.533586005255842 0.372549 0.164706 0.219608
v -0.10505167331625613 -0.10037587601838041 1.5161449356366617 0.356863 0.160784 0.207843
v -0.1544003722279503 -0.17713397517157387 1.4094811952238842 0.243137 0.247059 0.258824
v -0.10114603811208256 -0.10672996592023812 1.528519485349491 0.498039 0.227451 0.294118
v -0.12984894405473502 -0.20701842463828055 1.405346744045418 0.294118 0.305882 0.309804
v -0.1550652346470146 -0.17155251840059483 1.4278335758460468 0.27451 0.282353 0.286275
v -0.14738884324044683 -0.18515097908733869 1.4245835561147127 0.254902 0.262745 0.27451
v -0.09230773067455213 -0.11674338681524467 1.526484634141241 0.380392 0.172549 0.223529
v -0.13150654458212436 -0.1960618154761237 1.4133015214103689 0.286275 0.294118 0.301961
v -0.14818181870521555 -0.18511043246274545 1.4117221511231375 0.227451 0.227451 0.239216
v -0.12930597371865194 -0.2001757425673928 1.4360513485903608 0.301961 0.309804 0.313726
v -0.10352698943184646 -0.11122872514483232 1.5396162753584664 0.352941 0.14902 0.203922
v -0.08694491497139197 -0.12666298988307488 1.534678808831807 0.403922 0.180392 0.239216
v -0.08493509208674508 -0.12446021067112163 1.5148442849202926 0.52549 0.329412 0.376471
v -0.14451437099098039 -0.18819761385981685 1.4432458791026617 0.282353 0.286275 0.286275
v -0.14112571996660995 -0.1846637095191215 1.437188212807848 0.278431 0.282353 0.290196
v -0.13561075707266516 -0.203262688776958 1.4445953832428776 0.470588 0.407843 0.341176
v -0.13709452223096245 -0.18339561307243014 1.4466094902031466 0.290196 0.298039 0.305882
v -0.1542215956510692 -0.16786471501397019 1.4396424879683332 0.27451 0.286275 0.290196
v -0.14262273194387113 -0.1756365585208147 1.4437731267600232 0.294118 0.298039 0.294118
v -0.10851479085530175 -0.21790456847654803 1.409967602744001 0.27451 0.282353 0.290196
v -0.11888962482964712 -0.20377758922619619 1.4170855859097487 0.25098 0.254902 0.25098
v -0.09414653492642618 -0.12231595801571758 1.5379899824662545 0.384314 0.180392 0.235294
v -0.10487438545854754 -0.20871489894104948 1.4170044631235062 0.254902 0.266667 0.27451
v -0.10795101149089226 -0.2154966986260878 1.4379451928854055 0.298039 0.305882 0.309804
v -0.11694717596232463 -0.21093028233181178 1.4324261007952542 0.266667 0.278431 0.286275
v -0.12962526060028715 -0.20186825332254983 1.4488533549447616 0.376471 0.341176 0.313726
v -0.09853555337962382 -0.2113359590036742 1.4476982184299292 0.321569 0.309804 0.294118
v -0.12058597101636132 -0.19803125651139714 1.446336696432899 0.254902 0.262745 0.262745
v -0.08961156348079487 -0.22561395550203423 1.4443504567560588 0.286275 0.290196 0.286275
v -0.0928681202629442 -0.15790918744972549 1.4538768781942076 0.509804 0.419608 0.345098
v -0.10434258771625066 -0.18636593537101005 1.447926179759627 0.258824 0.231373 0.211765
v -0.07134365920684358 -0.1793881303510322 1.4569671168492915 0.47451 0.380392 0.286275
v -0.07430356686205507 -0.17919756941543386 1.4591192820568376 0.47451 0.364706 0.282353
v -0.09924646451239892 -0.11371534789923267 1.4579325892219016 0.333333 0.270588 0.227451
v -0.12608091097659539 -0.13926591036783515 1.4487481711040369 0.368627 0.356863 0.32549
v -0.1186844796198296 -0.1592727040069206 1.4487958523443525 0.266667 0.262745 0.247059
v -0.09588547778136383 -0.10127833608589591 1.4726202506671189 0.313726 0.262745 0.235294
v -0.042346196586785057 -0.12867872146842797 1.478161436394136 0.447059 0.376471 0.32549
v -0.05089807894229377 -0.1282458284660611 1.4805044002401887 0.262745 0.156863 0.172549
v -0.09472246711391426 -0.10298187863290689 1.4670247174392819 0.227451 0.180392 0.152941
v -0.14854741142071704 -0.16065875170880795 1.4481915839948317 0.282353 0.286275 0.290196
v -0.1281869337236045 -0.14079804244620776 1.4447520466405906 0.129412 0.129412 0.121569
v -0.14866709055840827 -0.1484924456790428 1.4474662152605618 0.341176 0.313726 0.286275
v -0.11593073733763469 -0.11189194079288807 1.4534489180369333 0.368627 0.301961 0.254902
v -0.10416904211215597 -0.10944132809540533 1.4615894928765859 0.388235 0.321569 0.270588
v -0.11724052900719412 -0.09754076227588504 1.4593654834657078 0.45098 0.388235 0.329412
v -0.1300486805194681 -0.11023954554643675 1.4484037130575505 0.282353 0.247059 0.219608
v -0.0905555076310957 -0.111945334814888 1.4656621692619432 0.360784 0.301961 0.262745
v -0.06630723056262547 -0.12648206868616466 1.4846170169063447 0.270588 0.12549 0.164706
v -0.07312786929608914 -0.12891518242387424 1.4925465928331983 0.466667 0.231373 0.282353
v -0.031027730650764263 -0.14059697869832936 1.4942816895243699 0.364706 0.192157 0.239216
v -0.013436880479738962 -0.13446554354582053 1.4891011019928176 0.384314 0.247059 0.262745
v -0.02490860696611797 -0.13688183873774149 1.483469934721267 0.337255 0.223529 0.231373
v -0.014661878824594356 -0.1244807034865525 1.4790062094174715 0.435294 0.372549 0.317647
v -0.029694229084635004 -0.12632941709779298 1.479473083936445 0.294118 0.239216 0.207843
v -0.036556114022290819 -0.13583013546347129 1.4846622135860699 0.305882 0.160784 0.196078
v -0.060730801847133527 -0.13254732757204516 1.4859462855953154 0.345098 0.207843 0.235294
v -0.052803624152882668 -0.13595105285926907 1.5002771733011502 0.407843 0.219608 0.266667
v -0.024593440188564777 -0.1329175342068848 1.4624113072344929 0.32549 0.25098 0.196078
v -0.04509459136872671 -0.13898044869701826 1.4932570531970054 0.294118 0.12549 0.164706
v -0.03474657619784528 -0.13384469326551208 1.4647093209125886 0.486275 0.376471 0.301961
v -0.010172256064365702 -0.12835095676495995 1.468217259996761 0.411765 0.34902 0.305882
v -0.03436003988819379 -0.20709017096300964 1.4541814260912354 0.145098 0.145098 0.137255
v -0.015767765870647399 -0.19622087867408226 1.4581318087944848 0.113725 0.113725 0.113725
v -0.020949104478000376 -0.19549897699485345 1.4647542588836367 0.231373 0.243137 0.227451
v -0.06772772991020518 -0.23105181501049552 1.4150382105933217 0.290196 0.301961 0.309804
v -0.08267362126431725 -0.22440374102994613 1.4178225856242384 0.266667 0.27451 0.282353
v -0.09836777719410539 -0.21865453199226948 1.429772800409807 0.192157 0.196078 0.207843
v -0.08410684008871587 -0.21591032899046609 1.4208239674555972 0.231373 0.239216 0.243137
v -0.03552532717998187 -0.23480108821620702 1.4209864653326546 0.247059 0.254902 0.258824
v -0.05351800296640548 -0.2292666392978044 1.4241844326266605 0.12549 0.129412 0.129412
v -0.06645100086379384 -0.2298734332374472 1.432738515520458 0.231373 0.243137 0.247059
v -0.06638859416691748 -0.2203562408952635 1.4216499597779067 0.172549 0.176471 0.188235
v -0.04707721493754759 -0.22780299741268796 1.4381656877939715 0.235294 0.243137 0.247059
v -0.06956796653370026 -0.23563103320977897 1.4499659909652803 0.321569 0.333333 0.329412
v -0.041383362142027178 -0.22305802143559137 1.4289957412437309 0.054902 0.058824 0.062745
v -0.03590079033568534 -0.23083096780455265 1.440112507652878 0.258824 0.270588 0.27451
v -0.045351729517359527 -0.2335150162349326 1.453028641481642 0.294118 0.305882 0.313726
v -0.04134765790978269 -0.20665687553101759 1.458416620389481 0.156863 0.160784 0.152941
v -0.048466991576341707 -0.20934004416946359 1.4510776999283913 0.086275 0.086275 0.082353
v -0.06927582688964515 -0.20845658895124298 1.4519360390679972 0.301961 0.298039 0.270588
v -0.084928938964126 -0.2035215677159893 1.4468595769214299 0.345098 0.329412 0.309804
v -0.06772406910505491 -0.2090284725396178 1.446465545190168 0.203922 0.192157 0.180392
v -0.07152876235849679 -0.19732483939593305 1.4537097236545647 0.298039 0.239216 0.203922
v -0.05609703911284565 -0.203784200561931 1.4575737193773622 0.239216 0.160784 0.121569
v -0.05165116802567814 -0.2280211091376609 1.455848443558455 0.423529 0.360784 0.309804
v -0.06135768659961802 -0.20720532729179448 1.4651651654911445 0.533333 0.443137 0.368627
v -0.054227871251709847 -0.20069306679242894 1.4664457233569095 0.392157 0.309804 0.254902
v -0.061471019281806749 -0.20592450417349393 1.477539237172551 0.423529 0.333333 0.278431
v -0.06068366513921789 -0.19207245872471505 1.4615675945305218 0.435294 0.356863 0.298039
v -0.04668831279667203 -0.19324624026264798 1.4600207259209866 0.380392 0.321569 0.270588
v -0.00564190941056576 -0.21552701223855323 1.4661729194723339 0.317647 0.32549 0.333333
v -0.029095990821094238 -0.22806239321542555 1.4565006691988332 0.286275 0.294118 0.294118
v -0.02822936476402517 -0.2331092475393138 1.4269406962646299 0.172549 0.172549 0.176471
v -0.0018364831529203174 -0.23127234404205483 1.4324452154842305 0.247059 0.25098 0.254902
v 0.0030565943555025067 -0.22115005485739229 1.4394040548367242 0.239216 0.243137 0.254902
v -0.012873321808853427 -0.22848710217802768 1.4465792075515168 0.247059 0.254902 0.262745
v 0.005163425351799118 -0.16718204392540957 1.470087669633444 0.333333 0.352941 0.337255
v -0.00037044133531509204 -0.1983330712586395 1.465933522893453 0.301961 0.294118 0.278431
v -0.0036293826088327656 -0.12493121334244149 1.4920965137077714 0.321569 0.219608 0.223529
v -0.0021474774723316137 -0.11387269593085173 1.481977621258884 0.294118 0.25098 0.215686
v -0.0190505895200844 -0.1021549412037812 1.675996990477204 0.396078 0.207843 0.254902
v -0.00628943311444584 -0.10774482977408062 1.6638075393731156 0.454902 0.247059 0.298039
v -0.014712416292770836 -0.08899208248524249 1.673861027917464 0.407843 0.211765 0.262745
v -0.01217844612953583 -0.13568935910021863 1.6605152208765227 0.392157 0.172549 0.227451
v -0.006857470957637987 -0.131139495212888 1.6613572288014969 0.407843 0.211765 0.262745
v -0.0165602934354361 -0.12472138091064328 1.6716792302784807 0.592157 0.388235 0.45098
v -0.07134803775869511 -0.12926785924531193 1.6394169242556789 0.411765 0.192157 0.25098
v -0.07233664676311835 -0.11782639104751791 1.6474195349187389 0.333333 0.141176 0.192157
v -0.08169987027565493 -0.1246324596922966 1.6334600308812837 0.494118 0.235294 0.305882
v -0.05411359803262577 -0.10768710221347394 1.6795479310549338 0.513726 0.254902 0.317647
v -0.06876051621112135 -0.08531575479495636 1.6829396804665063 0.498039 0.25098 0.309804
v -0.06442540924377442 -0.09760284555981895 1.677252898481107 0.411765 0.196078 0.247059
v -0.031399557187643017 -0.10015821512472197 1.6848675170159205 0.529412 0.313726 0.372549
v -0.1107279686056315 -0.10106092674999422 1.5459194258328764 0.403922 0.2 0.247059
v -0.006581214190643551 -0.11322011266778773 1.6633320032116994 0.423529 0.247059 0.290196
v -0.04329283641089983 -0.11813883183444249 1.684109880321873 0.458824 0.243137 0.290196
v -0.052851213701329797 -0.09292919676586667 1.6857051624938149 0.490196 0.239216 0.305882
v -0.025186974538965343 -0.13532184869812545 1.6684546525513394 0.333333 0.156863 0.2
v -0.03577459813784381 -0.13562081931306459 1.6775589010469243 0.627451 0.388235 0.454902
v -0.029897313574872909 -0.12025781352195342 1.6836492393930603 0.427451 0.215686 0.266667
v -0.11231091552764075 -0.10078679232216661 1.5600877558589508 0.384314 0.164706 0.215686
v -0.05522161861001884 -0.12572832741417168 1.6797760715819686 0.501961 0.239216 0.309804
v -0.051769708783645129 -0.13479779213778823 1.6728450383826217 0.501961 0.258824 0.321569
v -0.10034794297059489 -0.12240694921324856 1.5785414768639939 0.380392 0.2 0.247059
v -0.11571680852426991 -0.09584930094980485 1.5764356384304943 0.368627 0.164706 0.215686
v -0.021087863565169019 -0.14266595660026683 1.6574703353186822 0.529412 0.266667 0.337255
v -0.10035749843461577 -0.12016586367355782 1.5552120484172308 0.278431 0.113725 0.14902
v -0.0998069686620199 -0.11959482539008293 1.5960984730103738 0.301961 0.086275 0.145098
v -0.10838132226451776 -0.10466016611488867 1.5968538125027084 0.458824 0.215686 0.278431
v -0.08813157760594175 -0.11174293831529707 1.6427078796465605 0.521569 0.25098 0.313726
v -0.12047107633450974 -0.07928008985893745 1.5674173055332555 0.45098 0.243137 0.294118
v -0.07178219645592365 -0.1118422985209417 1.663647032482678 0.517647 0.27451 0.333333
v -0.11599126074326242 -0.0876099273422385 1.5963283652621605 0.380392 0.196078 0.243137
v -0.06806177724655165 -0.11590518778203804 1.6699241735742372 0.458824 0.207843 0.266667
v -0.07402039128714966 -0.09627153661714309 1.670055704844039 0.360784 0.164706 0.219608
v -0.060681695757244438 -0.13217808495336248 1.6637468681015238 0.427451 0.196078 0.258824
v -0.10671644931833746 -0.09583639337152848 1.6181817664828433 0.435294 0.207843 0.266667
v -0.06242903264910464 -0.12763803231727453 1.6460273223747196 0.403922 0.180392 0.239216
v -0.04785766444119071 -0.14047292115640037 1.6495319031848519 0.47451 0.223529 0.290196
v -0.09250928366937084 -0.08887059058699243 1.647371850756005 0.415686 0.2 0.25098
v -0.061388291981861759 -0.1412088563201931 1.5394851915994746 0.384314 0.2 0.25098
v -0.05290972544567131 -0.1478657467734051 1.5480285570223827 0.521569 0.27451 0.34902
v -0.077897532071754 -0.1374889622884831 1.5452146408433072 0.439216 0.219608 0.278431
v -0.06675360460182774 -0.14460147803827548 1.5504874911110214 0.537255 0.278431 0.34902
v -0.07624450377224523 -0.1360623741685156 1.6265513808166373 0.329412 0.141176 0.188235
v -0.0952431072886932 -0.12147809702801554 1.6240965511831809 0.486275 0.231373 0.290196
v -0.09555083580045773 -0.09435801956397572 1.6411352565019626 0.443137 0.203922 0.258824
v -0.005691241649767496 -0.14054741109438946 1.646019832284191 0.576471 0.290196 0.368627
v -0.040475893792215836 -0.1399105024185019 1.6531521127753269 0.380392 0.164706 0.219608
v -0.015193751584390519 -0.14446881635866566 1.6389155143743242 0.419608 0.207843 0.262745
v -0.0281000578714926 -0.14335338687766814 1.6316822968585199 0.513726 0.25098 0.317647
v -0.09155106577108656 -0.13001342329491154 1.5546869833774873 0.423529 0.211765 0.270588
v -0.07161957992547062 -0.14149229434968417 1.599126348616914 0.458824 0.211765 0.27451
v -0.06858877267959306 -0.13453312243952035 1.621828707915354 0.329412 0.137255 0.184314
v -0.05975960680959893 -0.1404475855383913 1.6396644113766224 0.392157 0.168627 0.223529
v -0.05949074970286912 -0.14375963968027404 1.6213729012834704 0.435294 0.2 0.258824
v -0.03208773106194977 -0.14211880246098988 1.537563805181627 0.352941 0.156863 0.207843
v -0.019537517361476635 -0.144195430947192 1.53829091720819 0.392157 0.2 0.254902
v -0.026606254919109418 -0.15145702933343675 1.5522107429785022 0.247059 0.101961 0.133333
v -0.03809169896474566 -0.1566155111149195 1.5574671128381555 0.419608 0.196078 0.254902
v -0.03126378894649404 -0.15768949381322243 1.5626706038484486 0.360784 0.176471 0.219608
v -0.012831930086516177 -0.15304853287652074 1.5474146176424553 0.403922 0.215686 0.262745
v -0.050130346224910238 -0.1464924622408143 1.6327388030780333 0.34902 0.152941 0.207843
v -0.0377828398172411 -0.15373073098780483 1.6159950699062005 0.345098 0.176471 0.219608
v -0.011479136501322037 -0.14393940374167014 1.6023089061433596 0.533333 0.258824 0.329412
v -0.001963260268801077 -0.13813848018300188 1.6093930857713693 0.368627 0.176471 0.227451
v -0.024388178581799408 -0.1473694136125398 1.615235594959519 0.482353 0.243137 0.301961
v -0.074319868594066 -0.146777080382559 1.5679646403533976 0.462745 0.227451 0.294118
v -0.05750232674667024 -0.15478057488826189 1.5670516571997127 0.494118 0.239216 0.305882
v -0.04104905103995959 -0.16113618252580837 1.5712618759342252 0.454902 0.223529 0.282353
v -0.05376181787924515 -0.156073501646137 1.582078449311278 0.490196 0.219608 0.294118
v -0.0905535681570267 -0.13431765822553713 1.5968461823210754 0.458824 0.219608 0.278431
v -0.08773743136767105 -0.13517000350741216 1.5866742051412657 0.372549 0.215686 0.254902
v -0.08031876042115015 -0.14100140777597124 1.6043788557101666 0.392157 0.176471 0.235294
v -0.06411288538400945 -0.14865838925357756 1.5962206758693563 0.392157 0.188235 0.243137
v -0.09396518633672459 -0.13121710950291338 1.5726129109379246 0.505882 0.258824 0.32549
v -0.08495178354552358 -0.1329214399152389 1.6203750069890557 0.345098 0.133333 0.188235
v -0.03147728943128494 -0.15834687817693847 1.590492648016643 0.498039 0.25098 0.317647
v -0.008422261830032672 -0.14707694224791194 1.5678986580113506 0.317647 0.160784 0.2
v 0.0010370906074713205 -0.14394830409421995 1.547592098557895 0.454902 0.223529 0.282353
v -0.001738364866825999 -0.14145529681460085 1.5845247048103289 0.352941 0.168627 0.215686
v -0.039892712235392719 -0.1533097600287663 1.5997551128178134 0.552941 0.278431 0.34902
v -0.05024860252079551 -0.14964085251460636 1.6197459663288328 0.45098 0.219608 0.278431
v -0.018631485546825676 0.038594121219462058 1.6233998704145767 0.356863 0.192157 0.231373
v -0.015815378810548586 0.057363603182880359 1.6019596804465187 0.364706 0.184314 0.231373
v -0.01962873165150937 0.049940774266157738 1.6141084605624526 0.203922 0.078431 0.105882
v -0.02244929978779121 0.020057746676958866 1.6421266405964335 0.341176 0.176471 0.215686
v -0.005582317678645251 0.0009573189287161302 1.6502139114990842 0.407843 0.227451 0.270588
v -0.008475331789580068 0.018753590696274658 1.6381357580973009 0.466667 0.247059 0.305882
v -0.028326574148871455 -0.05705138400019684 1.6801317494727038 0.423529 0.247059 0.294118
v -0.03978125785722429 -0.04725828893932087 1.6826117686487637 0.498039 0.278431 0.341176
v -0.03578176768297364 -0.07406501735720315 1.6839702825533123 0.533333 0.305882 0.372549
v -0.014239967473369104 -0.043773199289038767 1.6724659794365136 0.4 0.203922 0.254902
v -0.010927100415253714 -0.03379972270189778 1.6677625458094954 0.541176 0.313726 0.384314
v -0.022781422519754198 -0.04749142425790415 1.6739250357065486 0.517647 0.290196 0.34902
v -0.0361714419129624 0.010160757963743805 1.651358040706036 0.45098 0.247059 0.305882
v -0.029850203927594123 0.043842451841336529 1.616576750658156 0.458824 0.258824 0.301961
v -0.02635839465844539 0.0568539103578271 1.6041539027535035 0.231373 0.113725 0.133333
v -0.01191385105013389 0.04928725754960082 1.613617984400598 0.333333 0.160784 0.2
v -0.038896124561505849 0.04623904294737472 1.614856073591076 0.211765 0.113725 0.133333
v -0.03763909600633626 0.054777586599929348 1.605198089017094 0.301961 0.160784 0.196078
v -0.022318125792542787 -0.006237000875834197 1.6599723694093856 0.47451 0.254902 0.313726
v -0.031171268350089825 -0.027607212241561646 1.6727289809072568 0.439216 0.235294 0.286275
v -0.019629824528410123 -0.024230128252144446 1.6686496449948392 0.443137 0.219608 0.278431
v -0.1086769351782081 -0.07907631319966643 1.6258058032937295 0.427451 0.203922 0.258824
v -0.11779283166907583 -0.062220193501239428 1.612780392614317 0.439216 0.223529 0.278431
v -0.09719002905191777 -0.00008309936528486262 1.622661770477571 0.34902 0.176471 0.223529
v -0.08435574042761475 0.01020798233293236 1.6274649307187388 0.341176 0.172549 0.215686
v -0.09102323243522649 0.01739589316729951 1.605280894205187 0.345098 0.156863 0.203922
v -0.05773331990498101 0.006860257178857971 1.6509184015079768 0.454902 0.247059 0.301961
v -0.04509898399226856 -0.0021998241624573654 1.659950174243297 0.427451 0.2 0.266667
v -0.04602799635863988 0.015282639872393046 1.6455498799948028 0.372549 0.203922 0.243137
v -0.032960896299419447 -0.008590419907122187 1.663614978796277 0.45098 0.247059 0.305882
v -0.05461564451123843 -0.01697772618065637 1.670829008873926 0.466667 0.258824 0.313726
v -0.02548762568759485 -0.07746959168038688 1.6781859579304457 0.517647 0.286275 0.34902
v -0.04062209622748921 -0.029478223711626195 1.6784914500904396 0.407843 0.227451 0.27451
v -0.059932707408480289 -0.03172722948631038 1.6794737579739246 0.552941 0.321569 0.376471
v -0.010711699838145642 -0.07987186970885453 1.6718108154633829 0.458824 0.247059 0.301961
v -0.012043011210445912 -0.06544204331999837 1.6746535714064006 0.478431 0.247059 0.309804
v -0.03283975011567233 0.03609042037625574 1.6267404574658256 0.329412 0.172549 0.211765
v -0.05175016997373526 0.04299565623808181 1.6134255152806106 0.227451 0.105882 0.137255
v -0.04571548258911536 0.03641604524754248 1.6223118683625162 0.309804 0.160784 0.2
v -0.007458541764176955 0.028025598834491698 1.630308894578665 0.384314 0.235294 0.258824
v -0.11411532977987875 -0.06068938922542516 1.6473643371541483 0.364706 0.164706 0.219608
v -0.11809699672570086 -0.05099967283040849 1.6317772780174847 0.341176 0.196078 0.239216
v -0.10860550786861757 -0.07129448567255405 1.6420951376209566 0.466667 0.219608 0.286275
v -0.11545290216158141 -0.04165342766430362 1.6382571610106643 0.384314 0.227451 0.270588
v -0.11714069737923162 -0.039042348310861989 1.6168141355006376 0.341176 0.176471 0.223529
v -0.11079932792629854 -0.047379778208391069 1.6539899931829539 0.505882 0.247059 0.313726
v -0.10661064095869917 -0.035272846554797638 1.649976251774362 0.384314 0.196078 0.243137
v -0.10002091269032434 -0.06944387405580077 1.6667940472522716 0.352941 0.192157 0.239216
v -0.1004981202659967 -0.017716838283600185 1.6350934257995256 0.294118 0.129412 0.172549
v -0.1110310113862142 -0.01955141655553324 1.6155673779923799 0.27451 0.12549 0.160784
v -0.1156542509734768 -0.023980942031766755 1.6058833554273054 0.262745 0.117647 0.156863
v -0.0031692219282491035 -0.04922148950604321 1.6689007276104766 0.427451 0.223529 0.278431
v -0.05832819941479164 0.034417911504843867 1.620105183313979 0.290196 0.141176 0.176471
v -0.06160731832083376 0.044993803519835919 1.598240856085294 0.290196 0.133333 0.172549
v -0.07925717208527494 0.026168341760223758 1.6097804739374946 0.533333 0.321569 0.372549
v -0.06334068835791049 0.023826420811202514 1.6292258389599524 0.364706 0.184314 0.231373
v -0.07285358754513638 0.00682173863838532 1.6427939407725785 0.396078 0.211765 0.258824
v -0.06835019829045176 -0.013883804634257948 1.6616901452805535 0.403922 0.207843 0.258824
v -0.0887916829406787 -0.08434051923599773 1.6670401745279758 0.411765 0.207843 0.262745
v -0.0888226615947741 -0.007116188010157642 1.6411655925897675 0.427451 0.227451 0.282353
v -0.09753405849574602 -0.05655268326945532 1.665283949099064 0.396078 0.211765 0.262745
v -0.0952107495653539 -0.04596840621277302 1.6691840117666437 0.47451 0.243137 0.301961
v -0.10856070327734158 -0.00565508707130652 1.6037044353972126 0.34902 0.184314 0.223529
v -0.09061022736212735 -0.019543752894140996 1.6490595839994016 0.431373 0.219608 0.27451
v -0.0821108748498331 -0.02661853795144803 1.6603912161595603 0.415686 0.223529 0.270588
v -0.08294592241877036 -0.03852017127148898 1.6683289961412047 0.345098 0.152941 0.203922
v -0.004668179475204431 -0.02078641616982817 1.6613449941630736 0.388235 0.180392 0.231373
v -0.06253895875146772 0.03535923038565475 1.6105189782098544 0.266667 0.133333 0.160784
v -0.07269173970415961 -0.03598007211011514 1.6746120324687486 0.490196 0.301961 0.352941
v -0.07241783107747735 -0.04831653313542166 1.6784714829543198 0.486275 0.254902 0.317647
v -0.07024428994075488 0.03215929542171919 1.6126183604497607 0.298039 0.14902 0.180392
v -0.08822166008308133 -0.07413752556542462 1.6778196088910158 0.517647 0.262745 0.32549
v -0.09018882680438327 -0.06654126874531788 1.6778971098041878 0.411765 0.2 0.254902
v -0.0008285800548513755 -0.09034021371483934 1.6685807959327 0.447059 0.235294 0.290196
v -0.07656072448576068 -0.06973111963125307 1.6835750173405358 0.494118 0.262745 0.337255
v -0.009788593369899412 0.06088303816698364 1.5935102912469468 0.372549 0.219608 0.254902
v -0.07140022862896659 0.05066216199715459 1.5673334868401597 0.266667 0.14902 0.164706
v -0.08119417945367823 0.04130130161658251 1.5589650635671269 0.388235 0.192157 0.235294
v -0.08437242397031412 0.03736491007758443 1.5731059304236777 0.415686 0.231373 0.27451
v -0.06349279679388836 0.05444028607439711 1.579390490775182 0.266667 0.133333 0.160784
v -0.06160794928183614 0.059440554259347817 1.5665789573221092 0.443137 0.235294 0.286275
v -0.04137501037232717 0.05893575559491079 1.5907372260596926 0.211765 0.098039 0.121569
v -0.04789757145627069 0.04951348219127868 1.6027686640598305 0.380392 0.188235 0.239216
v -0.058172360782286578 0.052760642546200896 1.5881137013652367 0.282353 0.152941 0.180392
v -0.07156129837128095 0.04155186249417493 1.5893682137922003 0.423529 0.239216 0.286275
v -0.06883094581726987 0.04038295411246771 1.6009233023368706 0.352941 0.160784 0.207843
v -0.07859309687572921 0.03498506906809683 1.5938422293795416 0.305882 0.145098 0.184314
v -0.08750509892141639 0.027064155176327915 1.590364810503267 0.352941 0.172549 0.215686
v -0.03523809313599828 0.06179245872180409 1.5951056381972633 0.360784 0.184314 0.219608
v -0.026630787293059858 0.06259069594767741 1.5872458277637458 0.321569 0.180392 0.211765
v -0.12203398570162415 -0.06298888673844673 1.5890412057301513 0.470588 0.25098 0.305882
v -0.12118662956431443 -0.07244744302640012 1.5518251108791504 0.290196 0.129412 0.172549
v -0.1236581624389556 -0.061335718161048758 1.5564677026207364 0.380392 0.172549 0.223529
v -0.12328702880085692 -0.05283639333583971 1.5544101604979477 0.443137 0.211765 0.270588
v -0.09210535214473567 0.023978400933790664 1.5922457321396624 0.32549 0.164706 0.203922
v -0.12271952888328106 -0.0399647608567232 1.5641023765480653 0.462745 0.211765 0.27451
v -0.12376246847068386 -0.03909406000638863 1.55504016154622 0.270588 0.105882 0.14902
v -0.04722342851168834 0.061877614770965979 1.584923383820155 0.423529 0.223529 0.266667
v -0.041271404555344528 0.06327930370918977 1.574380737348405 0.282353 0.137255 0.172549
v -0.12198254661545434 -0.02793616577762643 1.5489767695037347 0.321569 0.141176 0.192157
v -0.120437710786263 -0.02205078056378011 1.553401665307403 0.258824 0.117647 0.14902
v -0.11998208094054556 -0.027962110215094785 1.5709917348491829 0.239216 0.094118 0.133333
v -0.11606900552704933 -0.014673246107479226 1.5502811999088897 0.309804 0.160784 0.2
v -0.11336108906437942 -0.0027544792720303856 1.5496319831917039 0.380392 0.215686 0.25098
v -0.11685516439083176 -0.012528874916479471 1.5670723086734489 0.356863 0.152941 0.203922
v -0.11020404430145475 -0.0018967927883368483 1.5551689855380735 0.282353 0.129412 0.160784
v -0.11301901302997905 -0.009651207849462553 1.573763364741537 0.427451 0.215686 0.266667
v -0.1064538768977133 0.0012391858937534609 1.5457262583931169 0.192157 0.086275 0.113725
v -0.12291299007093921 -0.046272622370563839 1.579532879463245 0.380392 0.196078 0.243137
v -0.12042195293273304 -0.0354021475244835 1.5941397811012879 0.466667 0.219608 0.286275
v -0.024166595463854556 0.06068257370134804 1.5519116957133564 0.780392 0.627451 0.556863
v -0.024623570872866087 0.06049062646875432 1.5658211202671507 0.764706 0.603922 0.52549
v 0.005141341243442246 0.05401033437946944 1.5671683677981457 0.85098 0.705882 0.627451
v -0.11934037705062974 -0.021774441694215248 1.5813523761873754 0.407843 0.180392 0.239216
v -0.1098055067727834 0.004299714665731921 1.564898389893114 0.282353 0.12549 0.160784
v -0.11295628045988222 -0.006846392525801326 1.5855342888874263 0.372549 0.188235 0.231373
v -0.10078361177616265 0.008328638092235948 1.5951621182317633 0.298039 0.133333 0.172549
v -0.10714694443878253 -0.000016460175754182585 1.583875334475401 0.360784 0.172549 0.223529
v -0.05416067376741836 0.060027173568139118 1.5704082655470469 0.219608 0.094118 0.113725
v -0.04871422639030646 0.0524606046436921 1.5385155734670515 0.831373 0.678431 0.596078
v -0.041469281259809 0.05836504827455051 1.5616385452844566 0.470588 0.286275 0.27451
v -0.053999120739749929 0.05236106250784353 1.5555630374483756 0.372549 0.27451 0.231373
v -0.05060095220123675 0.06337469880108067 1.5610828998783069 0.317647 0.156863 0.192157
v -0.1047719965843166 0.01039725249239219 1.5583378100483883 0.34902 0.168627 0.207843
v -0.10561484332866422 0.006774214076917248 1.5734956386284634 0.478431 0.243137 0.305882
v -0.05381945719338728 0.059234344074864237 1.5855640046825466 0.345098 0.172549 0.215686
v -0.06245529841254883 0.057289550775157269 1.5554463686437244 0.392157 0.219608 0.25098
v -0.07609404003146746 0.04509585149876492 1.5477635806723807 0.2 0.156863 0.156863
v -0.08677160765997225 0.03067130464589891 1.537107611812355 0.309804 0.184314 0.211765
v -0.08854455672641402 0.03084306441970333 1.5808352636851726 0.254902 0.121569 0.152941
v -0.10166455819715299 0.016265394255311494 1.5617033528756235 0.380392 0.172549 0.219608
v -0.09791034267699993 0.024282043116233309 1.5630627381003777 0.192157 0.078431 0.098039
v -0.08942211647067872 0.031366317794869678 1.5539625577924657 0.286275 0.129412 0.160784
v -0.09409977284673746 0.025570382718715188 1.5684445715943512 0.313726 0.152941 0.192157
v -0.08579172964252682 0.03394388234662206 1.543525559419485 0.345098 0.176471 0.207843
v -0.07110161326146046 0.0380487962562137 1.5448045113398688 0.243137 0.211765 0.2
v -0.06258691055720073 0.044438688636830047 1.5388037472631995 0.835294 0.698039 0.615686
v -0.06287100092338297 0.04943086817420623 1.5505355327842736 0.105882 0.062745 0.054902
v -0.06438941405925451 0.050647713913262917 1.5406618309449547 0.709804 0.568627 0.498039
v -0.09975292449369573 0.014207963899226193 1.5834748461658428 0.298039 0.137255 0.176471
v -0.033500933400713178 0.06717021988275222 1.5672686697558247 0.423529 0.223529 0.270588
v 0.004854295676217124 -0.018822203194737574 1.654848727033222 0.403922 0.227451 0.27451
v 0.02197676032388254 -0.002562706851953537 1.6311074834366613 0.443137 0.227451 0.282353
v 0.0012683033357720295 0.002151396941968517 1.645241457288277 0.388235 0.196078 0.247059
v 0.018741424682024504 0.03147666825781283 1.6120935804513328 0.345098 0.152941 0.2
v 0.017009770727033664 0.016164393469996136 1.6240371769058524 0.223529 0.105882 0.137255
v 0.02233765334414702 0.01988555263725917 1.6123683662109663 0.447059 0.239216 0.294118
v 0.008518241866640804 0.0436088492049617 1.6102980623637862 0.282353 0.145098 0.184314
v 0.007316334105834924 0.021539515994890257 1.6259110947614839 0.227451 0.121569 0.14902
v 0.006405759778673546 0.029933558956950734 1.6228481770187056 0.427451 0.243137 0.294118
v -0.001936365029115663 0.039840498564411148 1.6175045845906798 0.380392 0.211765 0.247059
v 0.023178761091423664 0.04081585194104812 1.5981887200286707 0.364706 0.203922 0.235294
v 0.027619698785558229 0.007183181210472244 1.618629814421316 0.341176 0.160784 0.2
v 0.031694639149696019 0.02027105067739276 1.6051039410383077 0.345098 0.168627 0.207843
v 0.038570063752544198 -0.025011386434441085 1.6205556506131776 0.309804 0.160784 0.196078
v 0.032960067681958828 -0.0016082925605805919 1.6158207913933347 0.341176 0.164706 0.2
v 0.035056319836802 0.014776964951795624 1.5987586602347708 0.427451 0.235294 0.286275
v 0.025340801437264455 0.046790165333392367 1.5809107261925615 0.301961 0.141176 0.180392
v 0.02894735340940969 0.038704539997640608 1.5812010660344758 0.341176 0.172549 0.219608
v 0.03150519351452829 0.03067995487375993 1.5924988523321147 0.427451 0.231373 0.282353
v 0.03462018555547349 0.03775802852188009 1.5683837302833519 0.313726 0.168627 0.203922
v 0.040414022948617258 -0.009620387740484758 1.606428848031127 0.223529 0.090196 0.117647
v 0.003706518597648871 0.058316396201492277 1.5850218545675188 0.329412 0.188235 0.219608
v 0.01413163264307288 0.052546180269175509 1.588920522209492 0.360784 0.168627 0.215686
v 0.007841281563198185 0.05962513292367955 1.5719657231629396 0.352941 0.176471 0.219608
v 0.015982416848654859 0.05104582517884831 1.5771601357205936 0.243137 0.105882 0.133333
v 0.0009359973023058077 0.05547000908978203 1.599607149096898 0.262745 0.145098 0.164706
v 0.0139680312880459 0.045905497707513159 1.5999837575455345 0.309804 0.176471 0.203922
v 0.006427815397611472 -0.08441102747429964 1.6665349157354244 0.501961 0.266667 0.32549
v 0.01658960384207564 -0.0690689216581422 1.6607702842966979 0.541176 0.290196 0.352941
v 0.0058975207903745039 -0.06426524847656125 1.6656411618161813 0.494118 0.258824 0.321569
v 0.008318433354857246 -0.05390717245652551 1.665760336078213 0.411765 0.203922 0.258824
v -0.0011830605736107968 -0.06419494007315085 1.6704880275120442 0.729412 0.541176 0.576471
v 0.03628118910331209 0.030551693905737925 1.5663154982755994 0.298039 0.14902 0.184314
v 0.037026864829195749 0.02796948106542259 1.5573960326210439 0.341176 0.168627 0.203922
v 0.0199223618553754 0.05071371727837507 1.5686940252471174 0.247059 0.121569 0.152941
v 0.03536881377993269 0.025991287749760864 1.5834242030046342 0.219608 0.105882 0.133333
v 0.04116471322164503 0.000776688633665098 1.596259213597872 0.470588 0.247059 0.301961
v 0.044842150875576459 0.005274414732073984 1.5839383790274413 0.329412 0.160784 0.2
v 0.04373457789861012 0.011234562496685599 1.58776039116827 0.411765 0.207843 0.254902
v 0.01687214124097849 0.04571454828044668 1.5654080907164759 0.407843 0.25098 0.239216
v 0.023891448885900603 0.0366900245806232 1.560900854769202 0.737255 0.592157 0.521569
v 0.012945330311393397 -0.04000930678755 1.657191729773403 0.411765 0.211765 0.262745
v 0.0005055189769553734 -0.03327590960179393 1.6632661061105177 0.588235 0.352941 0.407843
v 0.017818581658711628 -0.02637328094560751 1.648259067797986 0.439216 0.239216 0.290196
v 0.040885143607431419 0.0216424208744424 1.5810407459018228 0.294118 0.129412 0.164706
v 0.045650099012818978 -0.017042943528971598 1.6006843212472586 0.388235 0.203922 0.247059
v 0.04321724826601958 0.017010167202887725 1.5650292675294076 0.290196 0.14902 0.184314
v 0.04911008317060864 0.0055210796713683518 1.5741578207075618 0.392157 0.215686 0.258824
v 0.048484124401879127 -0.007090074801297403 1.576444888226882 0.301961 0.145098 0.180392
v 0.048539203427966619 0.0018460495655058948 1.5591356389387683 0.364706 0.2 0.239216
v 0.021819524380399015 -0.04918058177365365 1.6520056744033103 0.478431 0.254902 0.309804
v -0.007039333134319969 0.06524155795571324 1.5713810143870435 0.423529 0.215686 0.262745
v 0.03117011457379284 -0.02973586907636503 1.6345184008135394 0.360784 0.180392 0.223529
v -0.0039043682554416585 0.047250309038961438 1.6125073959375616 0.372549 0.203922 0.25098
v 0.0459285899973631 0.011975598867317625 1.55523272502228 0.380392 0.203922 0.247059
v 0.05177035431003126 -0.0052511692069763808 1.5657221492821838 0.411765 0.227451 0.27451
v 0.053040402044755529 -0.019012316594227475 1.5698886334043554 0.384314 0.196078 0.243137
v 0.05302022603520581 -0.01680383599267382 1.5579452959102838 0.364706 0.180392 0.223529
v 0.016040909535411316 -0.13115272906951876 1.5521547363251849 0.313726 0.145098 0.184314
v 0.028569246520904966 -0.060576684019200379 1.6455081644835988 0.482353 0.286275 0.337255
v 0.04503623646336693 -0.0278938857914127 1.6059489006544226 0.294118 0.160784 0.192157
v 0.021856336825832099 -0.07537920540199256 1.6560710699689665 0.478431 0.25098 0.305882
v 0.04104456672844491 -0.05324465625365352 1.6222455543077688 0.47451 0.247059 0.301961
v 0.05016379518103641 -0.03242070320784596 1.5955328653607073 0.321569 0.168627 0.2
v 0.007442557071744161 -0.13749548930470063 1.6112656296040109 0.478431 0.239216 0.305882
v 0.008596306903258883 -0.13559162849030288 1.62511963054592 0.435294 0.227451 0.27451
v 0.028457921695770356 -0.08177222610950744 1.6380094321015489 0.458824 0.254902 0.305882
v 0.049569619478559607 -0.044760227674585487 1.5996893618882247 0.313726 0.172549 0.207843
v -0.00002654302876157867 0.06343142562415889 1.5805205342074285 0.305882 0.176471 0.207843
v 0.0032008619810295218 -0.12962141216989082 1.6443701578172503 0.376471 0.188235 0.235294
v 0.01982603597779631 -0.1053763739332384 1.633186739864248 0.435294 0.219608 0.27451
v 0.04031766460609895 -0.08678988760015163 1.601418626829889 0.439216 0.235294 0.282353
v 0.036548212289873888 -0.07586975845226017 1.6231372543467276 0.529412 0.286275 0.34902
v 0.023761632810047948 -0.11252649664648126 1.618112626133145 0.305882 0.145098 0.184314
v 0.009592347536450523 -0.11042390702746256 1.6451011052628966 0.458824 0.25098 0.301961
v 0.00023750717709784981 -0.11984339985439227 1.6562329334541868 0.47451 0.235294 0.298039
v 0.014434698404847168 -0.09450370035271257 1.6498114891309604 0.454902 0.231373 0.286275
v 0.04713649450911956 -0.019304152415906975 1.592592737643913 0.4 0.203922 0.25098
v 0.023357594432039616 -0.12293418674428923 1.5611143289217898 0.415686 0.207843 0.262745
v 0.019753653276813188 -0.12568608040033439 1.5790351399490972 0.423529 0.223529 0.282353
v 0.03634861877722437 -0.10742720099760969 1.562535384835298 0.294118 0.14902 0.180392
v 0.042864804796240187 -0.09576936648891368 1.5699374209166508 0.329412 0.176471 0.207843
v 0.032023672392721847 -0.10680394661547671 1.5925545858013182 0.505882 0.286275 0.337255
v 0.018946735880682715 -0.12277054224130968 1.6014906443768727 0.462745 0.231373 0.294118
v 0.048790181342227827 -0.08726142601965345 1.5532596337252916 0.494118 0.254902 0.309804
v 0.05276712969702386 -0.07511559417673398 1.5581562778585907 0.286275 0.133333 0.168627
v 0.047551989321403618 -0.08263569518720583 1.5740373424879744 0.360784 0.203922 0.239216
v 0.05407110551432597 -0.0714295845643194 1.5652248547361006 0.364706 0.176471 0.219608
v 0.05682256898896286 -0.051916749894472789 1.566820268805995 0.368627 0.192157 0.227451
v 0.053402574303020988 -0.05845535200730937 1.5657575701081215 0.364706 0.196078 0.231373
v 0.054688015683017478 -0.05433043171629913 1.5560117791974715 0.392157 0.211765 0.254902
v 0.05135896449075069 -0.05347617630968527 1.588880987662677 0.34902 0.188235 0.227451
v 0.05124077403940971 -0.06627867060803335 1.5799668192405066 0.294118 0.152941 0.184314
v 0.05228841237517959 -0.04550970774576031 1.577380478517152 0.454902 0.25098 0.294118
v 0.04831864259512724 -0.07253188834133286 1.592796258812502 0.305882 0.160784 0.192157
v 0.05519985873544486 -0.03273882715587839 1.5608703640257785 0.317647 0.192157 0.219608
v 0.05514511106201621 -0.038290082945895257 1.5570351450800937 0.243137 0.129412 0.152941
v 0.05409553153718196 -0.027403697873346904 1.5710839874010115 0.454902 0.243137 0.298039
v 0.053531993232452678 -0.034027156925340928 1.581669629997581 0.482353 0.266667 0.317647
v 0.05129585883093418 -0.027673477980888898 1.5829921122685314 0.34902 0.184314 0.219608
v 0.10578096541394963 -0.03332178631396672 1.4257380221312049 0.203922 0.207843 0.196078
v 0.1290645521448335 -0.02671389029623242 1.4211421325996073 0.2 0.188235 0.172549
v 0.10339688873248047 -0.029495900291911713 1.4292482749550433 0.298039 0.313726 0.305882
v 0.12747145198279284 -0.030336495237384989 1.4164522370868765 0.290196 0.301961 0.313726
v 0.11257535681853853 -0.02176243412785747 1.4069976564253564 0.105882 0.109804 0.117647
v 0.1283040520551909 -0.05620478872375183 1.4072953012198606 0.203922 0.211765 0.215686
v 0.11982704490967547 -0.047398994620370667 1.4032348228170926 0.019608 0.019608 0.011765
v 0.1261185174099741 -0.05756094585385918 1.415281975241533 0.082353 0.082353 0.086275
v 0.12343900062013565 -0.08344998844623039 1.4406098437422479 0.258824 0.262745 0.266667
v 0.1249217548831939 -0.05347327107052498 1.4174873955684016 0.105882 0.113725 0.117647
v 0.11872801856155127 -0.02023610655872265 1.4075538477568302 0.219608 0.219608 0.211765
v 0.11065302837172647 -0.01987928570561165 1.4130293352887889 0.180392 0.180392 0.176471
v 0.1109384342901886 -0.058451324857007127 1.4329026501348239 0.223529 0.227451 0.223529
v 0.012532857734733953 0.044378576394357559 1.5320358476537184 0.490196 0.384314 0.329412
v 0.12286145611345345 -0.07936943010213778 1.4273159597146606 0.141176 0.145098 0.152941
v 0.1281482763504691 -0.09091599946623354 1.4373529361866504 0.294118 0.305882 0.309804
v 0.13051366901007079 -0.08904615419651929 1.4261450269600476 0.239216 0.247059 0.254902
v 0.1288162167544925 -0.07719552836803338 1.41412500359988 0.105882 0.105882 0.109804
v 0.13353824559712353 -0.07859855102509167 1.4113230216961175 0.247059 0.254902 0.262745
v 0.001621029567482584 -0.03763184269344926 1.3992280804566888 0.164706 0.12549 0.098039
v -0.0017948570049478069 -0.04866374518385713 1.4038668711069418 0.133333 0.109804 0.090196
v 0.021855486312814727 -0.04331709128113388 1.4096539245743514 0.192157 0.164706 0.137255
v 0.0036292922947758134 -0.04572337890487724 1.4146502793615688 0.145098 0.113725 0.094118
v 0.0035900433318406174 -0.021060945297611358 1.4283152314154009 0.223529 0.152941 0.113725
v 0.012483897343077167 -0.03230365791716156 1.4222946076070767 0.105882 0.086275 0.070588
v 0.011304814096190797 -0.018889056503468835 1.4384892061820565 0.2 0.137255 0.101961
v 0.026270901444099508 -0.08915248011154094 1.4828167612442996 0.376471 0.321569 0.294118
v 0.038708570073094489 -0.07559037648037145 1.462147116956472 0.478431 0.407843 0.345098
v 0.03018723907521122 -0.0822259341199359 1.4863233628363438 0.290196 0.266667 0.254902
v 0.001469750614797894 0.008328336959721763 1.4493309990217845 0.490196 0.231373 0.243137
v 0.021254156232976937 -0.09453936049595373 1.4732930698246154 0.537255 0.454902 0.384314
v 0.02843099022289567 -0.08780428967466093 1.4633383947565826 0.321569 0.270588 0.235294
v 0.12179874848962606 -0.11149135855066458 1.4301033114299294 0.156863 0.160784 0.164706
v 0.13122674476274302 -0.10217193434829487 1.4208628643735977 0.247059 0.254902 0.262745
v 0.13326455297079124 -0.10389955797738947 1.4137795788525845 0.247059 0.254902 0.266667
v 0.13129095371163514 -0.09158574276357029 1.3943201798776748 0.211765 0.223529 0.231373
v 0.036484253142582859 -0.006975891477383027 1.441289162353452 0.337255 0.286275 0.239216
v 0.04607623623286793 0.005681593143824236 1.441656756621136 0.462745 0.384314 0.321569
v 0.04443809108399294 0.0036396469427210254 1.4302184975095563 0.262745 0.223529 0.176471
v 0.00888467477470316 0.04148235159561174 1.5229745598931679 0.431373 0.329412 0.278431
v -0.004604451920838981 0.028789918088548157 1.5089070747518223 0.603922 0.478431 0.415686
v 0.06409853988794352 0.01080513533553681 1.442523476618234 0.611765 0.52549 0.458824
v 0.0627704573877511 0.0018039769561652439 1.4271944448265493 0.454902 0.384314 0.32549
v 0.05622525582694746 0.0038808052630307425 1.430334989888537 0.494118 0.427451 0.364706
v 0.036274799909763549 0.0078099366353834979 1.4482035304157488 0.513726 0.435294 0.384314
v 0.04599869117418654 -0.00044331291374806366 1.4042917862694769 0.294118 0.247059 0.215686
v 0.04152531825002408 0.007582930419479721 1.454692757780259 0.392157 0.333333 0.282353
v 0.058109356034875488 0.0075361030359859 1.4546436927854625 0.529412 0.466667 0.403922
v 0.05538411736223189 0.0012295744855053194 1.4190276345185904 0.419608 0.34902 0.301961
v 0.05530875139047582 -0.0002826949713816045 1.4095463114046479 0.458824 0.392157 0.333333
v 0.0470685960673989 0.0033700827675885245 1.4204868049559283 0.352941 0.294118 0.25098
v 0.013648234314820596 0.003304951927804679 1.4545683517421014 0.694118 0.513726 0.423529
v 0.013387788491926116 0.009546846379729052 1.4617128846563677 0.831373 0.647059 0.568627
v 0.027131424217996408 -0.0036545023270981855 1.4716791394980596 0.454902 0.321569 0.262745
v 0.024082996002545495 0.011658815392421718 1.486912867436048 0.686275 0.494118 0.403922
v 0.0627288891372466 0.0008358842609979978 1.4413040091341929 0.545098 0.458824 0.403922
v 0.04186173336459619 -0.09278503922785256 1.5145457256105302 0.352941 0.196078 0.231373
v 0.04392793966761766 -0.07638117463042046 1.5074328157941859 0.427451 0.258824 0.298039
v 0.046606462217086339 -0.088055859633463 1.5149956386388342 0.34902 0.188235 0.227451
v 0.0366819541242178 0.00484465226663175 1.4192904207096633 0.32549 0.270588 0.231373
v 0.03611475788881813 -0.0890857282743656 1.502420340511509 0.290196 0.156863 0.188235
v 0.030502597329057747 -0.08296205449002434 1.5019940790319873 0.223529 0.203922 0.192157
v 0.038064929411959078 -0.06976592585022251 1.50796293147172 0.164706 0.145098 0.141176
v 0.03145633733584563 0.000585707699726196 1.4924771741460657 0.419608 0.321569 0.27451
v -0.00034637762415453045 0.028641041714428759 1.471820274211933 0.831373 0.627451 0.541176
v 0.005540126806242924 0.030407273217813448 1.5049556259027306 0.219608 0.180392 0.160784
v 0.05274272598741173 -0.10090102526094823 1.4603701475233773 0.137255 0.137255 0.129412
v 0.06340303521006137 -0.08258344885808444 1.452024454237602 0.133333 0.133333 0.12549
v 0.057311259157186818 -0.08220602071933898 1.4571564614559794 0.196078 0.196078 0.184314
v 0.044622098426428658 0.006000856230657971 1.5457917858034414 0.12549 0.086275 0.090196
v 0.0173381588244467 0.04454006457447537 1.5580328991006074 0.705882 0.560784 0.466667
v 0.023132033386388998 0.03294427840360887 1.53562862444818 0.521569 0.411765 0.368627
v 0.03670894139187921 0.001120299857895947 1.4741898844731712 0.403922 0.360784 0.309804
v 0.034501130124365887 0.0030352833809295894 1.465235191227932 0.384314 0.317647 0.266667
v 0.08370500603516772 -0.07346933516438425 1.4516307396467086 0.180392 0.184314 0.180392
v 0.0786066802985528 -0.10708094863106944 1.465947383695258 0.270588 0.27451 0.27451
v 0.09374110889470047 -0.08285463592155916 1.4538305971476762 0.254902 0.262745 0.262745
v 0.05706525421459281 -0.05429276334995889 1.4367707882212769 0.019608 0.007843 0.0
v 0.05350179018670551 -0.05587164396228338 1.4441016467473885 0.203922 0.168627 0.145098
v 0.06881482770749271 -0.05617877187926068 1.4472752281607065 0.345098 0.352941 0.32549
v 0.06362311957106881 -0.06566020046676428 1.4513966499333817 0.211765 0.211765 0.188235
v 0.04909834232538597 -0.05304679344662319 1.4316840272241014 0.152941 0.129412 0.101961
v 0.05868086167237257 -0.04285709610956185 1.4068240624130669 0.086275 0.078431 0.066667
v 0.05617804167377726 -0.03325843432700525 1.412259919473178 0.160784 0.145098 0.12549
v 0.052040074492334057 -0.03997270684125821 1.433575802365007 0.101961 0.086275 0.07451
v 0.0492235882336236 -0.04798521385243638 1.4463490260874697 0.231373 0.203922 0.184314
v 0.025061177101369127 -0.005150643795943284 1.4055132990776776 0.34902 0.294118 0.25098
v 0.01992578606496391 -0.012423553556517926 1.4095239638193778 0.192157 0.160784 0.129412
v 0.03492448218608659 -0.003456432174798828 1.4113301384486797 0.32549 0.278431 0.243137
v 0.02594486373711683 -0.012406293466001991 1.425896674839817 0.278431 0.235294 0.207843
v 0.01943584482317617 -0.02363640820232627 1.4168975811366967 0.137255 0.117647 0.098039
v 0.03220229117879496 -0.007180258726108846 1.4216264117905738 0.262745 0.211765 0.176471
v 0.005250365019686289 0.022696057037678818 1.4951689801318733 0.658824 0.533333 0.458824
v 0.00019675434099457212 0.025682025314088667 1.4848492445247553 0.792157 0.611765 0.509804
v 0.01903012319462296 -0.011601476432571197 1.4534011183716536 0.258824 0.180392 0.141176
v 0.019346460461863309 -0.021270043554192307 1.4358739034958075 0.192157 0.156863 0.12549
v 0.01863877261404231 -0.027316566779081037 1.4294512005491827 0.160784 0.129412 0.101961
v 0.02014060842312483 -0.015043963258911613 1.4248506916484303 0.219608 0.184314 0.152941
v 0.04322952564640128 -0.07062514029655931 1.4491689425053774 0.156863 0.133333 0.109804
v 0.03777772076100542 -0.05662098259297567 1.4534128315264173 0.262745 0.227451 0.196078
v 0.043228718979819568 -0.04906274891399304 1.4622278769989888 0.290196 0.262745 0.239216
v 0.024579561109941616 -0.008235642190723532 1.437238573612062 0.2 0.160784 0.133333
v 0.02368909908779065 -0.020045421071323675 1.4470683039475945 0.129412 0.105882 0.078431
v 0.02895073527121281 -0.007400822488774788 1.4487080671790558 0.25098 0.203922 0.172549
v 0.04695819760576889 -0.0016813935209930073 1.415354197192133 0.466667 0.4 0.345098
v 0.054836360979627938 -0.011525692795701637 1.3917346436553065 0.235294 0.188235 0.14902
v 0.06320395943486498 -0.0048858397461635769 1.4137955242803926 0.196078 0.164706 0.137255
v 0.060569958994177528 -0.014672503295043821 1.4253561437814198 0.203922 0.192157 0.176471
v 0.04816826472371954 -0.021827517349424485 1.4320184529757759 0.27451 0.247059 0.231373
v 0.06572753904610664 -0.004126653711478765 1.4237108222196775 0.25098 0.2 0.160784
v 0.05916612482166348 -0.010368952565640416 1.4252997339280858 0.439216 0.380392 0.333333
v 0.04193419499132667 -0.0689405859691879 1.454542954217269 0.505882 0.439216 0.368627
v 0.051920349615777339 -0.08583500419777623 1.461341620380157 0.219608 0.176471 0.137255
v 0.03515754851623423 -0.06503667949236779 1.4677748342645234 0.423529 0.368627 0.317647
v 0.04872582559751858 -0.021512552840273728 1.4489722007842452 0.443137 0.368627 0.321569
v 0.049789648793134 -0.03227322070448323 1.4486316103375903 0.215686 0.192157 0.172549
v 0.05633290650345105 -0.012094516262898698 1.4361537391619892 0.376471 0.309804 0.266667
v 0.03453412903156829 -0.07436363909276339 1.4828241787861412 0.192157 0.164706 0.145098
v 0.03356907474551169 -0.010582713722624574 1.4605817757552316 0.356863 0.301961 0.258824
v 0.056303839389487599 -0.011620826739995727 1.4598500760050739 0.388235 0.317647 0.27451
v 0.06614432327713126 -0.014375979423356153 1.4062781282076645 0.2 0.176471 0.145098
v 0.034519554264363119 -0.07430727450302038 1.4935055048139046 0.294118 0.278431 0.266667
v 0.03671546792225577 -0.06720067618195265 1.4837410849568987 0.333333 0.286275 0.25098
v 0.04574187332934515 -0.03748848829371474 1.4716599796960173 0.333333 0.298039 0.27451
v 0.042958079817619346 -0.03866446065930412 1.4865108891276245 0.313726 0.286275 0.262745
v 0.04899476868309408 -0.0454858309534555 1.478040651035246 0.439216 0.392157 0.360784
v 0.060634501154242338 -0.0011085661064796685 1.4541038932276973 0.439216 0.372549 0.329412
v 0.047883439659352249 -0.04667071381809744 1.4642617813183594 0.407843 0.360784 0.329412
v 0.04152806376806916 -0.05617260372800281 1.494306913422842 0.34902 0.317647 0.301961
v 0.040023040225876629 -0.0650765933182087 1.5007399731820018 0.329412 0.298039 0.278431
v 0.04408360488640221 -0.05104507433778707 1.4872817302010149 0.494118 0.454902 0.439216
v 0.04326898009633513 -0.04422538079229666 1.5013463678817392 0.447059 0.392157 0.360784
v 0.04103484096125726 -0.050694560191865748 1.518905805761044 0.113725 0.105882 0.105882
v 0.03465270245384743 -0.012867466178634614 1.4706332762241706 0.203922 0.152941 0.101961
v 0.05018632673584844 -0.031584708289015089 1.4709340300502556 0.360784 0.329412 0.309804
v 0.04572949294461039 -0.03425860266628994 1.5008155427666679 0.368627 0.337255 0.317647
v 0.04978958628099935 -0.021338539739115104 1.4675706609028739 0.352941 0.317647 0.294118
v 0.04428723228856519 -0.027136840466722668 1.4974561671695257 0.227451 0.207843 0.2
v 0.046733469010410897 -0.036245245843857399 1.4891828794960842 0.364706 0.341176 0.32549
v 0.05067149312507196 -0.012720321297230218 1.4639214313762195 0.333333 0.309804 0.290196
v 0.04656977358281718 -0.011547814176710199 1.478543831746744 0.352941 0.313726 0.286275
v 0.05423543300771047 -0.004500600541029635 1.4710229006158365 0.337255 0.282353 0.25098
v 0.054035330522894487 -0.007851724886745283 1.4777274283528635 0.356863 0.294118 0.262745
v 0.04796482478608526 -0.0005776853941885062 1.4711921356105429 0.419608 0.356863 0.317647
v 0.04796482478608526 -0.0005776853941885062 1.4711921356105429 0.419608 0.356863 0.317647
v 0.05387494712798002 0.006540205203512602 1.4772937668298548 0.423529 0.34902 0.294118
v 0.04959557412465196 -0.0000359594920721585 1.4797969199736907 0.411765 0.360784 0.329412
v 0.04376345030647732 -0.019656440751144537 1.5014136980169715 0.243137 0.231373 0.219608
v 0.04542983003235591 -0.018839383945951136 1.4844147226976015 0.309804 0.27451 0.254902
v 0.04513507821436393 -0.012621941089406957 1.4953835231555417 0.427451 0.396078 0.376471
v 0.043753016297749029 -0.008083615154735345 1.5094666449636836 0.368627 0.345098 0.333333
v 0.050949898752465947 -0.006165122557913898 1.4889786926147458 0.443137 0.384314 0.345098
v 0.04891897082812612 0.00827613064706585 1.4949708638898174 0.372549 0.329412 0.301961
v 0.04559727455753734 0.0012103147234953692 1.5116523426160005 0.427451 0.384314 0.356863
v 0.041436293264684859 -0.03683587021443219 1.5252817723922874 0.380392 0.352941 0.333333
v 0.0713728639155052 -0.06783366341253733 1.445968971049651 0.090196 0.090196 0.082353
v 0.06922552702883007 -0.038879226588006767 1.4221680787775022 0.082353 0.078431 0.070588
v 0.0655249748194835 -0.04794648761548615 1.4406789273972636 0.101961 0.090196 0.07451
v 0.08105492252057987 -0.03171928757753025 1.4353521049710323 0.254902 0.239216 0.203922
v 0.07684786106916414 -0.055997684355947738 1.4373199358299456 0.14902 0.152941 0.137255
v 0.08713210482914614 -0.06036444750699976 1.4376774293430308 0.070588 0.07451 0.070588
v 0.07770080275520726 -0.043092628560037659 1.442389459570831 0.239216 0.231373 0.207843
v 0.09994540010283512 -0.04912842848100812 1.433861905344907 0.164706 0.164706 0.160784
v 0.10408183930336462 -0.03543594651810332 1.4121479063268976 0.14902 0.156863 0.164706
v 0.09640070643868913 -0.04304890797329907 1.4284912917376143 0.192157 0.196078 0.184314
v 0.08616104154277786 -0.0477485624492145 1.4323901190519133 0.117647 0.117647 0.113725
v 0.07850458781100858 -0.028032073626789376 1.4121635020272315 0.129412 0.121569 0.101961
v 0.08465839373942759 -0.021401298719540389 1.4096520660494439 0.129412 0.133333 0.129412
v 0.0979670896822167 -0.022392242866853895 1.4253935295541338 0.266667 0.270588 0.254902
v 0.016160903336307744 0.019134535651688015 1.496928671577725 0.380392 0.298039 0.258824
v 0.09278100568948225 -0.033488506525680927 1.4361239189654689 0.211765 0.215686 0.192157
v 0.06535144363944515 -0.09042902781038645 1.4593719730673943 0.078431 0.078431 0.070588
v 0.024987848398690995 0.012093807383466526 1.5018357877896953 0.811765 0.654902 0.545098
v 0.03476933733315476 0.00006151751927762443 1.5124618198965008 0.254902 0.184314 0.137255
v 0.025920268462324187 0.02360427776643062 1.5001980570466449 0.521569 0.4 0.333333
v 0.0356704613281675 0.01757939696541541 1.5511817227263412 0.2 0.145098 0.145098
v 0.030086795847289413 0.02444980659770745 1.5564988622387833 0.607843 0.458824 0.384314
v 0.04994153829826652 -0.09009338240705187 1.5417598757839449 0.443137 0.231373 0.278431
v 0.04802920579214643 -0.09409063417878384 1.530942416103702 0.34902 0.172549 0.211765
v 0.051557631009908708 -0.08224863418591683 1.5325849143223714 0.517647 0.286275 0.337255
v 0.048507602178439888 -0.07613899403153661 1.5192598878492576 0.384314 0.203922 0.247059
v 0.042073097605379649 0.006306769567932886 1.5268772572489667 0.341176 0.32549 0.309804
v 0.04067453624853004 0.014164604974511528 1.5213366093105603 0.27451 0.235294 0.2
v 0.03978769085484693 -0.0030819993550894166 1.5409256103468803 0.313726 0.305882 0.298039
v 0.05553463978926098 -0.0776256967651209 1.538725906292833 0.486275 0.27451 0.321569
v 0.03390163361572817 0.0108523031157893 1.5280569600818155 0.482353 0.341176 0.278431
v 0.028928932550577305 0.0263776038555083 1.54971923732194 0.709804 0.584314 0.505882
v 0.0475011758376306 -0.056637474079202918 1.5157118690314826 0.34902 0.192157 0.227451
v 0.04413805074585288 0.01187251789595878 1.492103067951155 0.619608 0.482353 0.415686
v 0.04390189183637621 0.009691190122125954 1.5043101864700473 0.368627 0.321569 0.290196
v 0.04020608704846099 0.013196706347951398 1.4949966955380548 0.333333 0.286275 0.254902
v 0.052677238100152987 -0.07312967879782492 1.521606187158514 0.321569 0.156863 0.196078
v 0.05208061131853709 -0.06485768674837332 1.5246276512890583 0.380392 0.215686 0.254902
v 0.0540873184169629 -0.06278367627534422 1.5340015392618518 0.337255 0.2 0.231373
v 0.05521560045986724 -0.06903881780890543 1.5460584272709479 0.466667 0.258824 0.305882
v 0.05681920296468786 -0.05964162192329047 1.543682373183825 0.34902 0.180392 0.215686
v 0.05104605732595543 -0.05668275223104621 1.5248045001569766 0.301961 0.172549 0.2
v 0.0519331114481301 -0.046806577650097779 1.5262486205631365 0.356863 0.219608 0.247059
v 0.053447319278245097 -0.049867699614320668 1.5373371414521838 0.341176 0.196078 0.227451
v 0.049568390618568398 -0.029068060567937025 1.5300520522303654 0.298039 0.180392 0.211765
v 0.05234174578026302 -0.03975780771110016 1.5311838467354018 0.403922 0.207843 0.254902
v 0.05533155614492008 -0.04643002796861106 1.5459661406366395 0.262745 0.145098 0.172549
v 0.05420103042130833 -0.03432954301044579 1.5446264463568003 0.396078 0.2 0.243137
v 0.04112457746029983 -0.022153463433668614 1.5334913019118522 0.07451 0.047059 0.05098
v 0.04900010789480305 -0.013227988255914173 1.5372500157209866 0.290196 0.141176 0.172549
v 0.05241036215923327 -0.023640614101552838 1.5404770146050718 0.384314 0.203922 0.247059
v 0.04065940817934484 -0.017190310142586593 1.5177515693583655 0.341176 0.317647 0.305882
v 0.05545649971938129 -0.021573629376373323 1.5485090965599478 0.298039 0.145098 0.176471
v 0.051210304797807647 -0.008272799451672005 1.5488306046775935 0.32549 0.164706 0.203922
v 0.0319398650469595 0.0032402355847521125 1.5190380793611865 0.372549 0.262745 0.2
v 0.03811019132145658 0.006465730227128704 1.503115859080414 0.294118 0.254902 0.227451
v 0.027501238085012929 0.029218790077678908 1.5274784025610327 0.321569 0.266667 0.243137
v 0.014707028450120679 0.03742536808432717 1.5216182453428169 0.411765 0.313726 0.266667
v 0.016782997904507856 0.02733185327199461 1.5033798348614514 0.219608 0.196078 0.180392
v 0.024019386284548209 0.01340850576262003 1.5092866528099894 0.6 0.47451 0.403922
v 0.04785233940938562 0.01694748873355428 1.4775250328069559 0.411765 0.337255 0.282353
v 0.045539617846743579 0.0070122040403796949 1.4718852331809476 0.470588 0.443137 0.435294
v 0.05408844626284375 0.01728150321080688 1.4638070395675092 0.498039 0.439216 0.384314
v 0.053268382778661808 0.008904981466514866 1.4661503309959079 0.333333 0.266667 0.223529
v 0.019806061530893885 -0.09575385977599171 1.4954633901600414 0.356863 0.317647 0.282353
v 0.11930885218309434 -0.14929616434024105 1.4161141341612962 0.105882 0.109804 0.117647
v 0.1155736270461933 -0.10914471136261045 1.44896279623825 0.286275 0.298039 0.298039
v 0.09226759551461592 -0.12577878988448036 1.4610350009687279 0.27451 0.282353 0.282353
v 0.005233367687944109 -0.13107036092028008 1.538134960307986 0.478431 0.243137 0.309804
v 0.021000967342763297 -0.11918469696917943 1.527410521557225 0.470588 0.247059 0.305882
v 0.017403924566738808 -0.12435056128752381 1.5406360210046697 0.305882 0.14902 0.188235
v 0.014968699370212287 -0.12309020119104332 1.5103862613069866 0.372549 0.196078 0.239216
v 0.021675591878998987 -0.1161049170651736 1.511387529011617 0.298039 0.152941 0.188235
v 0.11774158705041432 -0.13610696286371955 1.433867963900318 0.188235 0.188235 0.188235
v 0.11301175158144292 -0.1288351919536186 1.4372278516978166 0.184314 0.192157 0.2
v 0.02066959923371283 -0.1094938512283839 1.5028255956792456 0.360784 0.192157 0.235294
v 0.11590962258396338 -0.12932152343202137 1.4032949251575616 0.156863 0.164706 0.176471
v 0.12178438220424999 -0.133136866736314 1.4069652160058853 0.101961 0.109804 0.117647
v 0.00804723118840208 -0.1279720471954437 1.5203122517670698 0.337255 0.168627 0.207843
v 0.03451653215179581 -0.10339086539660551 1.5144897145032994 0.25098 0.12549 0.156863
v 0.11306114200989602 -0.16437845224400009 1.4139606916092503 0.239216 0.25098 0.258824
v 0.030342989139906574 -0.1136306315733235 1.5210418852102115 0.294118 0.137255 0.172549
v 0.030549216301935548 -0.10202235845844812 1.5067391498147527 0.329412 0.180392 0.215686
v 0.04237740777973044 -0.10027724856319417 1.5529720568808514 0.396078 0.211765 0.25098
v 0.04030027623293643 -0.10232606801902931 1.5441458729833202 0.403922 0.203922 0.247059
v 0.10157503832581587 -0.1340642910257937 1.4530904990997165 0.317647 0.32549 0.32549
v 0.021695250132706284 -0.10358579796870334 1.4957752594236387 0.294118 0.180392 0.2
v 0.03962741947216538 -0.10440066703527691 1.5269231899370933 0.321569 0.160784 0.2
v 0.032207688257487539 -0.11093356111573052 1.5398903271224805 0.423529 0.219608 0.266667
v 0.09436683645575718 -0.15303762265215327 1.4438456634081749 0.270588 0.278431 0.286275
v 0.02038490128549515 -0.10173455738599782 1.466811211011806 0.317647 0.270588 0.235294
v 0.02109156844673534 -0.21371711616370107 1.4561344189612087 0.270588 0.278431 0.286275
v 0.06308004363456217 -0.119678868540341 1.4711678766670009 0.094118 0.098039 0.094118
v 0.00013817065082933974 -0.17789428281425755 1.466667611873454 0.247059 0.254902 0.235294
v 0.08517781263609674 -0.1666918604543899 1.4474055374385347 0.270588 0.27451 0.282353
v 0.08858720643919967 -0.1450593372341157 1.4601627380093163 0.282353 0.290196 0.298039
v 0.02517536618963641 -0.19484548144998235 1.469777258974931 0.27451 0.27451 0.27451
v 0.02636398344646481 -0.17990847857843196 1.470819556205351 0.337255 0.341176 0.341176
v 0.033191779264779359 -0.22160370011874579 1.4331845118576916 0.270588 0.282353 0.282353
v 0.03068181025430926 -0.21048270723754637 1.446309600746163 0.145098 0.145098 0.14902
v 0.02521991978201667 -0.22037385834861665 1.4407816949136392 0.266667 0.27451 0.27451
v 0.07300033692806461 -0.20399698024712463 1.415074364526723 0.282353 0.290196 0.298039
v 0.048136242824630939 -0.19938648852150862 1.4483923714312018 0.192157 0.196078 0.207843
v 0.04331989276979772 -0.2134560869229991 1.4398663264677186 0.298039 0.305882 0.309804
v 0.03283294633057173 -0.1998304285094191 1.4633059788968852 0.305882 0.317647 0.321569
v 0.05956658601659856 -0.201370842781464 1.442057372660721 0.290196 0.298039 0.301961
v 0.08340519583199592 -0.18312609151676535 1.4395201636327527 0.286275 0.294118 0.301961
v 0.06647023494040397 -0.18531957375380884 1.4490340399678643 0.270588 0.27451 0.282353
v 0.062355871844876297 -0.1487984752250844 1.4724278310274215 0.290196 0.294118 0.294118
v 0.05052629225877927 -0.18626610707728415 1.4649166240688499 0.286275 0.294118 0.298039
v 0.06773354787783861 -0.16667364554370549 1.4649280227659539 0.290196 0.298039 0.301961
v 0.08398571569076485 -0.19580835388970586 1.4027017477389628 0.27451 0.282353 0.294118
v 0.0941390798141605 -0.18204051471298958 1.423039152299651 0.294118 0.301961 0.309804
v 0.012418614941267033 -0.12397583893292967 1.4737010170418985 0.466667 0.403922 0.333333
v 0.00818019763161563 -0.10898746030844968 1.4757240320556536 0.329412 0.270588 0.223529
v 0.006701912493160627 -0.11551694074970905 1.492875213259999 0.27451 0.168627 0.180392
v 0.003194611312456994 -0.1254507271323178 1.4970640629299173 0.298039 0.164706 0.192157
v 0.02725982130045304 -0.11643979767201582 1.5544948626249478 0.376471 0.196078 0.239216
v 0.010269912086692939 -0.1022496194458966 1.4913107931026102 0.301961 0.266667 0.243137
v 0.012953001408154348 -0.10321322839798609 1.4810999326261437 0.305882 0.266667 0.239216
v 0.019823232492156986 -0.12539053455069164 1.550642288253574 0.352941 0.184314 0.223529
v -0.0032160262897810638 -0.1399613888506851 1.5431568515912569 0.360784 0.192157 0.235294
v 0.006256960574972798 -0.1357217239786252 1.547283900480198 0.384314 0.188235 0.239216
v 0.015094587070625993 -0.15954923339937478 1.467497801089244 0.258824 0.270588 0.254902
v 0.051514755556720599 -0.13523521449513144 1.4697272339468482 0.294118 0.290196 0.282353
v 0.030047497704102534 -0.13574601380299407 1.4678261058392835 0.121569 0.121569 0.113725
v 0.02472231277325612 -0.13890048564089095 1.4726374659430053 0.243137 0.25098 0.235294
v 0.0416272161729449 -0.11895787270988359 1.4674920439844124 0.290196 0.294118 0.27451
v 0.1006791918269387 -0.16034706732485666 1.439505640070793 0.219608 0.219608 0.219608
v -0.03266565693043689 0.06770810694086629 1.5758734007690119 0.223529 0.117647 0.137255
v -0.01783297964410736 0.06661017768910191 1.5830953161865509 0.286275 0.141176 0.172549
v -0.1589758034056667 -0.08081822569818455 1.441456206956531 0.4 0.309804 0.239216
v -0.16616379666473525 -0.07639718046028808 1.4283959710104668 0.32549 0.254902 0.196078
v -0.14506261803406923 0.0019817066725297636 1.410918262633743 0.254902 0.203922 0.156863
v -0.16615977805920943 -0.0343653177862725 1.433693086184095 0.384314 0.321569 0.262745
v -0.1509230069254924 -0.013601916974787092 1.423402419514768 0.34902 0.282353 0.223529
v -0.16657938885501537 -0.07082230149833349 1.4403322178455438 0.380392 0.309804 0.254902
v -0.16875942894566033 -0.05245051686414222 1.43029587266835 0.266667 0.215686 0.172549
v -0.16737311844184522 -0.010896543185777725 1.4099970289657587 0.341176 0.266667 0.219608
v -0.1590353178141994 0.004101057210766773 1.402485357820768 0.364706 0.301961 0.247059
v -0.0811430273519165 -0.07895015340305697 1.3963037988060637 0.152941 0.137255 0.109804
v -0.07996882533334542 -0.06052695695124557 1.3970403126543512 0.066667 0.058824 0.05098
v -0.07836309356393762 -0.002304786377557991 1.3684978305566867 0.219608 0.164706 0.129412
v -0.07944447598511989 -0.010852110064141713 1.4021255217470206 0.14902 0.113725 0.094118
v -0.063550653975694 -0.06420818409094573 1.3956014209971489 0.262745 0.196078 0.160784
v -0.05012719211732055 -0.05732374196509929 1.3941947497882906 0.427451 0.341176 0.286275
v -0.08313908345251726 -0.0052305527919601969 1.3965763540883148 0.380392 0.32549 0.282353
v -0.07748847262251522 -0.039655771303809508 1.3962423230674866 0.058824 0.05098 0.039216
v -0.06999915872190719 -0.07031846603998182 1.3957896423276402 0.172549 0.129412 0.105882
v -0.07402106740877383 -0.01757243283118327 1.3922758632554393 0.207843 0.176471 0.156863
v -0.07743968700972523 0.006293489026948417 1.4118732909438086 0.27451 0.231373 0.203922
v -0.0324312538278015 -0.054601203665188838 1.3927658164907413 0.219608 0.196078 0.14902
v -0.025760609220349678 -0.05790366636752612 1.3893114781946666 0.152941 0.137255 0.101961
v -0.011295147357707383 -0.060931544858452219 1.3946630137714383 0.129412 0.113725 0.090196
v -0.11464901597814203 0.03464309308282875 1.4046002123143724 0.411765 0.341176 0.286275
v -0.0824415205778863 0.025804637386506448 1.3761892477604987 0.305882 0.25098 0.211765
v -0.07715453292080975 0.017452376913411065 1.389841414035189 0.360784 0.309804 0.266667
v -0.08915438418633394 0.02974075902126803 1.3654644796723965 0.341176 0.278431 0.227451
v -0.08797932670869649 0.02075820971099129 1.4077567403120859 0.352941 0.290196 0.25098
v -0.1191829407797109 0.034959343411262857 1.3886542196046783 0.462745 0.380392 0.309804
v -0.12774859838712294 0.025877776775906554 1.4033809603763386 0.352941 0.290196 0.243137
v -0.07917661370937636 0.013837318857524482 1.3860985139553773 0.247059 0.215686 0.188235
v -0.1318794706486909 0.017908098793363377 1.3762778022332 0.298039 0.243137 0.203922
v -0.0885320307378324 0.02576346608376035 1.384650767245027 0.498039 0.423529 0.341176
v -0.0940266194175096 0.0268810109508297 1.3939872257124302 0.329412 0.266667 0.223529
v -0.09706021625928298 0.03011998188514212 1.3839167700349755 0.411765 0.34902 0.305882
v -0.12798455345583524 0.02739430779209529 1.38843428514139 0.372549 0.301961 0.254902
v -0.1321151098908771 0.008677730760464015 1.3895472254739679 0.243137 0.211765 0.184314
v -0.07084757542656782 -0.06414733453738575 1.391150810016969 0.086275 0.090196 0.066667
v -0.07911807504302795 -0.046096430919254399 1.3810508882384836 0.098039 0.094118 0.086275
v -0.09131384506836043 -0.07396233563070277 1.3892694108435877 0.168627 0.172549 0.137255
v -0.08334565180103211 0.0014041897025595344 1.3729187932374656 0.247059 0.207843 0.180392
v -0.15620797417995736 0.004188729888491779 1.3889576799443256 0.282353 0.247059 0.215686
v -0.1694131451703888 -0.01767924251979404 1.4255709878837993 0.333333 0.278431 0.239216
v -0.16830839781081148 -0.0702868300119125 1.430284868441674 0.266667 0.2 0.14902
v -0.1831946635647703 -0.08240495183519184 1.4202083544033442 0.298039 0.223529 0.172549
v -0.16155105226507894 -0.09892447218828329 1.436610842452063 0.333333 0.282353 0.243137
v -0.16951552222996037 -0.1640702700300113 1.4108212594888464 0.243137 0.25098 0.262745
v -0.16038942393848844 -0.18427382215292477 1.3985036899915873 0.270588 0.282353 0.290196
v -0.14827466091068418 -0.19551800836330913 1.3981447826537832 0.286275 0.301961 0.309804
v -0.15369168328182734 -0.19173013373322929 1.3740008559273505 0.27451 0.290196 0.290196
v -0.12444953161259566 -0.2109247211182069 1.3965427297042728 0.282353 0.294118 0.301961
v -0.11105645055973598 -0.21695787084132379 1.3908667739182566 0.282353 0.298039 0.301961
v -0.09244120441744425 -0.2239317929165948 1.391513067326647 0.266667 0.282353 0.286275
v -0.16726582322250817 -0.1645319432549158 1.4207840752707586 0.301961 0.309804 0.321569
v -0.17120539964699067 -0.11977321874662188 1.431882976897316 0.258824 0.231373 0.211765
v -0.1599395840914812 -0.14104162430324097 1.4425200889801107 0.262745 0.25098 0.239216
v -0.17454505148581357 -0.1494943686577388 1.4238580710573808 0.254902 0.262745 0.262745
v -0.1668266376844297 -0.1665561590587472 1.407591310606244 0.180392 0.184314 0.196078
v -0.17422100697182167 -0.12758517988586469 1.4300865928906493 0.25098 0.25098 0.254902
v -0.060359589031795588 -0.23052946057412278 1.3657062187154339 0.262745 0.270588 0.27451
v -0.046655823305791748 -0.23332384105164093 1.3958662813249654 0.247059 0.258824 0.262745
v -0.021397985910038044 -0.23362957952131956 1.379254789669751 0.254902 0.258824 0.262745
v -0.01366723138914227 -0.2345405673452275 1.4057807015166069 0.294118 0.301961 0.309804
v -0.18219397473405034 -0.10313024165790738 1.4249076309970872 0.321569 0.266667 0.227451
v -0.1707483492979761 -0.14269220058039698 1.4353391254284425 0.301961 0.298039 0.294118
v 0.11634441363137292 -0.018442732786697118 1.3941470692938723 0.223529 0.231373 0.243137
v 0.11398897433710961 -0.01346831328443346 1.3909918889554925 0.380392 0.321569 0.223529
v 0.12305073168520299 -0.0439577434523299 1.3972243072468925 0.188235 0.192157 0.2
v 0.10183842586349258 -0.02427740219578857 1.3929049519968136 0.039216 0.047059 0.043137
v 0.13204859819072477 -0.0653046945769604 1.399552238332875 0.219608 0.231373 0.243137
v 0.1252652829998706 -0.052933058384085098 1.387021840391423 0.211765 0.219608 0.231373
v -0.008357520868040447 -0.046653808988591168 1.392993563078419 0.192157 0.14902 0.121569
v -0.001938294729170966 -0.043268643489656 1.3940616515925409 0.25098 0.188235 0.156863
v 0.1325210341264838 -0.0759231364592522 1.3933074290500936 0.239216 0.243137 0.25098
v 0.1324809766386717 -0.07870436093502643 1.3893708030757344 0.168627 0.176471 0.184314
v 0.12245638652052225 -0.056568944466887278 1.3843768816913882 0.109804 0.117647 0.121569
v 0.04630453026111312 0.0035249320164420989 1.3895717459432826 0.376471 0.317647 0.254902
v 0.047516137331189308 0.006814281453523252 1.378286748459137 0.388235 0.321569 0.27451
v 0.025221383122113907 -0.009198820004668514 1.3924572327002043 0.337255 0.258824 0.192157
v 0.01271650524312962 -0.04550040678063391 1.3926006836416114 0.14902 0.117647 0.090196
v 0.03625101103530245 -0.0005361877018556128 1.400526257815852 0.733333 0.670588 0.596078
v 0.031695626824498748 -0.0030242991399253547 1.3991656779637314 0.317647 0.25098 0.2
v 0.030135530766266549 0.008911255818943484 1.3798266354486866 0.4 0.345098 0.286275
v 0.05622147691239195 -0.03487713559234664 1.390819712417529 0.047059 0.047059 0.039216
v 0.0544611016117852 -0.029756386993601975 1.3943243368736709 0.145098 0.117647 0.101961
v 0.03945926021532432 0.0023447519508612835 1.381965780755234 0.317647 0.254902 0.203922
v 0.048273419788345189 -0.0087453600717992 1.3914800356031816 0.32549 0.278431 0.243137
v 0.05242603488541157 -0.011278841554892883 1.3830051928444618 0.266667 0.203922 0.152941
v 0.022410696161918019 -0.04041254454650326 1.3959440050126029 0.180392 0.152941 0.129412
v 0.03217653322241659 -0.04068434594967422 1.3942026322509682 0.160784 0.129412 0.101961
v 0.11235351858437981 -0.03905688904431585 1.402178828622395 0.176471 0.180392 0.184314
v 0.058942521599228598 -0.029518703480933277 1.375032639272262 0.098039 0.098039 0.086275
v 0.07365554295100074 -0.02355048297142776 1.3982913874989614 0.105882 0.105882 0.098039
v 0.0941403063908742 -0.01577437072007677 1.408192320889914 0.137255 0.137255 0.137255
v 0.07336017650845536 -0.018635183159990196 1.3859127989988008 0.14902 0.14902 0.141176
v 0.08557250221180947 -0.013936483890018184 1.3912537248914466 0.12549 0.12549 0.12549
v 0.09895664366683545 -0.025922629388044947 1.3973479781348289 0.094118 0.101961 0.109804
v 0.10391495495612693 -0.022533503025494576 1.3838262557966368 0.141176 0.141176 0.141176
v 0.09786255072730246 -0.015573223104881183 1.3905615079655834 0.141176 0.141176 0.141176
v 0.10686565094976253 -0.018157007143534407 1.3921112738997808 0.192157 0.192157 0.192157
v 0.10910408521966447 -0.016962663412208775 1.3895404003983676 0.247059 0.247059 0.239216
v 0.027594849074721273 -0.005484091404349723 1.3902207560526732 0.294118 0.235294 0.184314
v 0.12020753941533076 -0.10652324585981446 1.391650389037709 0.172549 0.184314 0.192157
v 0.1218143355020194 -0.12363330294137412 1.3891298663821699 0.101961 0.101961 0.098039
v 0.12048921849741398 -0.1302970620211702 1.399778600485814 0.235294 0.25098 0.262745
v 0.006884193461124338 -0.23192092996719897 1.3930228067215212 0.262745 0.270588 0.27451
v 0.02575343713558343 -0.2279868550419883 1.3862155910274799 0.266667 0.270588 0.27451
v 0.040322640762874267 -0.22383520011390235 1.39579278088641 0.278431 0.286275 0.290196
v 0.05721471962818563 -0.21988096002341873 1.39036059216229 0.262745 0.27451 0.27451
v 0.0740338629462925 -0.1994325928103473 1.3925306066931334 0.105882 0.113725 0.12549
v 0.06610339688405792 -0.21234955074510543 1.3943901728527315 0.270588 0.278431 0.286275
v 0.08342818311389566 -0.19087361391402239 1.3951724676336157 0.180392 0.184314 0.192157
v 0.09115654028316782 -0.17427276655469663 1.3932097231136212 0.156863 0.168627 0.180392
v 0.10121604851013366 -0.17213783925298038 1.3969782164534966 0.192157 0.2 0.211765
v 0.1069282673921718 -0.15373368765593946 1.3900960540933496 0.066667 0.078431 0.082353
v 0.11222587464090093 -0.1470474858214694 1.3898078701418244 0.207843 0.211765 0.211765
v 0.13777584959564896 0.011098679040058887 0.45793660461406229 0.639216 0.737255 0.780392
v 0.13163354488238633 -0.009714424621711572 0.4622004483720645 0.478431 0.588235 0.65098
v 0.14200608879631083 0.010341330105830233 0.4626827077338093 0.631373 0.72549 0.760784
v 0.16809671013387957 0.006602033342736715 0.757926735708981 0.631373 0.721569 0.752941
v 0.16213646921474798 -0.010472320165350286 0.8046004695774257 0.658824 0.74902 0.784314
v 0.18767422162788534 -0.003875196994478479 0.7484651061466082 0.623529 0.717647 0.74902
v 0.13615464172974157 -0.0014713113265976694 0.4540625264954549 0.615686 0.72549 0.764706
v 0.1549603970069488 0.023721277040312493 0.45990740055834547 0.647059 0.717647 0.729412
v 0.1707304092713936 0.0008522042788347425 0.8466797069992539 0.215686 0.219608 0.219608
v 0.17032752885903458 0.005147732853457938 0.8170441962421232 0.227451 0.235294 0.239216
v 0.15427116725800106 0.02043641762138119 0.815193912264954 0.227451 0.235294 0.235294
v 0.13415120890417862 0.025696325734259914 0.8621743623664115 0.203922 0.211765 0.211765
v 0.17272933964999932 0.001647054845647719 0.8060212694956493 0.215686 0.227451 0.231373
v 0.15517150502801936 0.012558562297783027 0.8045978957284041 0.211765 0.219608 0.219608
v 0.12067192704229246 0.0518662405839376 0.8479350332648649 0.247059 0.25098 0.25098
v 0.11997493594153347 0.040308904072911457 0.8687325020466533 0.215686 0.219608 0.219608
v 0.14592477336874125 0.02878441447936383 0.8423678476414415 0.247059 0.254902 0.254902
v 0.1591806279887624 0.0183134335010135 0.8506148922185075 0.866667 0.811765 0.623529
v 0.15023243851678853 0.015332520688439459 0.8620487331935406 0.172549 0.168627 0.152941
v 0.1558037181419945 0.013722596538013648 0.846211906880302 0.223529 0.227451 0.231373
v 0.16364929208646168 0.00803964254521588 0.8556817762018777 0.678431 0.592157 0.486275
v 0.154592025341145 0.02348728848979453 0.47039221138037 0.631373 0.721569 0.756863
v 0.1872395505801194 -0.01479265364038872 0.8101623617056718 0.184314 0.192157 0.192157
v 0.14947453913936918 0.030111648757882599 0.5016430177698011 0.447059 0.52549 0.560784
v 0.13401084232506089 0.017024401989332688 0.4849330454625662 0.658824 0.721569 0.721569
v 0.1351007390186449 0.01652266573226338 0.4896103610255005 0.615686 0.698039 0.72549
v 0.1627745001423426 0.007651214016603457 0.8495522600886126 0.207843 0.184314 0.160784
v 0.13128729223263156 0.04102796487292768 0.8229174292043971 0.243137 0.25098 0.25098
v 0.15767029701493238 0.019610864981309145 0.45360064512062239 0.631373 0.709804 0.729412
v 0.15239687899052749 0.01605427377828286 0.4464880116645378 0.592157 0.670588 0.686275
v 0.12369001665159106 -0.03972339112847339 0.4663901669674054 0.647059 0.745098 0.784314
v 0.12502902424477833 0.006395325244914951 0.7997377958655542 0.368627 0.423529 0.427451
v 0.143896743222396 0.0007676112933432789 0.8026200638206198 0.584314 0.686275 0.72549
v 0.1594297375221587 0.01757348308294102 0.7406861007498112 0.678431 0.756863 0.784314
v 0.1292282420194796 -0.008102999351902762 0.4451229324344282 0.654902 0.733333 0.760784
v 0.12538367538662296 -0.010158012511098144 0.46082775446079057 0.662745 0.741176 0.760784
v 0.13021898067669053 -0.04412414005388883 0.4693860207259506 0.509804 0.611765 0.662745
v 0.19879780443562526 0.025113998523667314 0.46247229908681977 0.584314 0.67451 0.705882
v 0.12537585602130556 -0.02685185277828077 0.48491404957187048 0.607843 0.705882 0.741176
v 0.12252832856996388 -0.018751562274951083 0.4908900532081044 0.576471 0.686275 0.745098
v 0.12245629205754492 -0.0006363235938645912 0.48493769045866039 0.6 0.705882 0.74902
v 0.12767935926741864 -0.01465383479471286 0.4720099598142319 0.627451 0.729412 0.776471
v 0.1296862597645245 0.0026886087822494909 0.47950953125735149 0.678431 0.768628 0.8
v 0.13728411306576994 -0.05178211732904771 0.4776543139854936 0.627451 0.72549 0.764706
v 0.12313512203973776 0.008477232733478262 0.5134841570678917 0.65098 0.741176 0.772549
v 0.11910164336249643 -0.004953892139858993 0.5048280775682208 0.619608 0.709804 0.741176
v 0.1217643762007558 -0.03291145001093114 0.5080157295706286 0.607843 0.701961 0.737255
v 0.11628424434340247 -0.018860037755673504 0.5177584323556955 0.603922 0.705882 0.752941
v 0.11428155396568224 -0.0035788796289243079 0.5142980570996989 0.47451 0.560784 0.580392
v 0.07728298965612735 -0.08794470794218946 0.6372787139244646 0.478431 0.580392 0.623529
v 0.08815501274657285 -0.06573029217512391 0.6017473694794825 0.631373 0.717647 0.733333
v 0.12364004062851616 -0.03982958947287286 0.5176964731818656 0.623529 0.717647 0.752941
v 0.08217988362011443 -0.10065420317229365 0.6436670222865218 0.521569 0.623529 0.666667
v 0.13214933211264003 -0.05040536828710419 0.5184470247892511 0.552941 0.647059 0.67451
v 0.1487213991835045 -0.0629556870084105 0.5198030293276015 0.529412 0.619608 0.643137
v 0.1332522056001612 -0.04360708071839596 0.5001920548349715 0.498039 0.603922 0.643137
v 0.12949869480730476 -0.042811148404961207 0.4934720876492836 0.588235 0.682353 0.709804
v 0.12403923895834744 0.0028110096524892197 0.4939737610852942 0.662745 0.752941 0.788235
v 0.10115680228186018 -0.04330356130798628 0.5653539043897984 0.6 0.694118 0.721569
v 0.117487265161114 -0.0009579331365577729 0.5209682278374535 0.580392 0.678431 0.717647
v 0.13981162196609216 -0.05232627292500466 0.4904780898055605 0.54902 0.647059 0.67451
v 0.20387244863464946 -0.010996073705567459 0.724015024349379 0.690196 0.772549 0.8
v 0.18830991253651634 0.015430888411858387 0.7005569649105978 0.619608 0.709804 0.741176
v 0.1057936060537703 -0.015307787937132183 0.5529730900978314 0.580392 0.67451 0.705882
v 0.10701032529751127 -0.11247079429518968 0.6352203699447232 0.627451 0.721569 0.752941
v 0.06835977911958612 -0.12853168916886818 0.7072964895765689 0.635294 0.729412 0.768628
v 0.09853633993430723 -0.10007208849915493 0.6227667157685106 0.533333 0.635294 0.67451
v 0.162681085872985 -0.08360045051046553 0.5567265097759125 0.631373 0.72549 0.752941
v 0.12465886126665306 -0.11541321531028585 0.6317102311116802 0.623529 0.709804 0.741176
v 0.1459616569930647 -0.07783664423160057 0.5491346901260411 0.580392 0.670588 0.705882
v 0.08400812608403707 -0.1380025372668241 0.7109583370442616 0.576471 0.67451 0.713726
v 0.1055940391860272 -0.1444043814309346 0.718325339639298 0.690196 0.776471 0.807843
v 0.21278806891724609 0.0028501182142933879 0.66941408375627 0.568627 0.666667 0.698039
v 0.2150223041691023 -0.023673954278495263 0.7051267992531228 0.705882 0.792157 0.819608
v 0.12699014286649988 0.03819554647344267 0.8104506674584799 0.219608 0.227451 0.227451
v 0.1303995702678708 0.027291451573031035 0.8019508461916678 0.164706 0.168627 0.164706
v 0.13316303482513537 0.019905583081112244 0.746342618827701 0.678431 0.760784 0.788235
v 0.135765223134525 -0.12172672054012279 0.6477678980929766 0.631373 0.717647 0.74902
v 0.1429075896194472 0.026838728657615438 0.7087829562238212 0.568627 0.662745 0.701961
v 0.16899125983475522 0.024497594136274105 0.6989911005899389 0.603922 0.690196 0.717647
v 0.19756217249170056 -0.0438385548665796 0.8389793374583278 0.321569 0.341176 0.345098
v 0.20310991306793436 -0.0731908708577297 0.8472340507354162 0.356863 0.384314 0.388235
v 0.1976185050131491 -0.06828089508124312 0.815711229814041 0.196078 0.207843 0.211765
v 0.20619880857130627 -0.08061327955248675 0.8189480345071234 0.14902 0.156863 0.156863
v 0.18930836396159984 -0.08640176714029957 0.8183035697077434 0.207843 0.239216 0.239216
v 0.1886414448590717 -0.06886038669113739 0.8148647572414408 0.709804 0.8 0.835294
v 0.20509693229942253 -0.06552735247594155 0.8245729484570822 0.309804 0.333333 0.329412
v 0.1971100002483149 -0.05102219169557078 0.8147161942533227 0.227451 0.243137 0.243137
v 0.08429777076703464 -0.03750182444913201 0.6058142956579051 0.584314 0.67451 0.709804
v 0.09823643304947888 -0.006736231343828095 0.5947200404759562 0.494118 0.596078 0.635294
v 0.07194596291196859 -0.035476369984495239 0.6404582584222731 0.615686 0.705882 0.737255
v 0.2047376374256797 -0.09410352432873935 0.834752706870296 0.294118 0.313726 0.309804
v 0.19557106250546339 -0.10299085715225896 0.8202707066934498 0.215686 0.223529 0.219608
v 0.18516020857590435 -0.04877555670484482 0.8111985003338171 0.721569 0.803922 0.835294
v 0.19250830238793863 0.02377272375928727 0.44993869397670829 0.596078 0.666667 0.678431
v 0.08280578512391443 -0.18496605495019184 0.7901641098850233 0.705882 0.784314 0.807843
v 0.11575728655452311 -0.16190941896542675 0.7661512098373123 0.694118 0.780392 0.807843
v 0.11575471326873432 -0.1797554344557195 0.8026284606507663 0.643137 0.737255 0.776471
v 0.21512559857374576 0.014977863172921838 0.622862169272917 0.65098 0.737255 0.768628
v 0.19709421858907434 0.027598714826118799 0.626006475656305 0.631373 0.721569 0.752941
v 0.09492983843984464 -0.2221948010248992 0.8478975024721672 0.231373 0.239216 0.247059
v 0.0925351267016434 -0.2162423312799188 0.8225000205626241 0.215686 0.227451 0.227451
v 0.11260332470810455 -0.214005908452448 0.831693456858594 0.231373 0.247059 0.254902
v 0.10778145556898253 -0.21347074257218696 0.8521121118039815 0.2 0.203922 0.207843
v 0.0801976844471084 -0.22360384075161697 0.8246504909310366 0.227451 0.243137 0.239216
v 0.2227968783224176 -0.011418068545469423 0.6576217441085992 0.737255 0.823529 0.854902
v 0.22688140131849997 -0.0026197434159960315 0.6173867104751052 0.576471 0.678431 0.717647
v 0.0825740205327442 -0.19396861333545843 0.8090610007337138 0.737255 0.713726 0.615686
v 0.09578094303756524 -0.1931004470121798 0.8256730800945665 0.537255 0.607843 0.619608
v 0.17475189028519157 0.03390625967826234 0.6289667402905581 0.615686 0.698039 0.729412
v 0.20240630691800227 0.04655019383450499 0.5488130254142666 0.619608 0.705882 0.733333
v 0.13897502114740915 -0.19705719446583054 0.8225370372352426 0.239216 0.247059 0.25098
v 0.133085045667575 -0.21021494738889513 0.8246504113110851 0.247059 0.258824 0.262745
v 0.10944089112891609 -0.21053946810091923 0.824368870874397 0.282353 0.32549 0.32549
v 0.07203487245226974 -0.20108705096311053 0.8298908374324047 0.513726 0.580392 0.584314
v 0.14106641369714316 -0.2039723752066325 0.8350939622644925 0.203922 0.211765 0.211765
v 0.12117753439661064 -0.21228592116216575 0.8528544415189383 0.258824 0.266667 0.27451
v 0.1276611495404577 -0.17789349455025875 0.8245571536665467 0.607843 0.643137 0.619608
v 0.15085867863541844 0.032162216048753858 0.6394298725254581 0.639216 0.72549 0.756863
v 0.12100311791467794 0.02339776143496153 0.7029518723972236 0.572549 0.666667 0.701961
v 0.18057583436448416 0.048566387477636478 0.53920242404236 0.545098 0.635294 0.670588
v 0.07978302433115651 -0.14153722220472235 0.7252724145214043 0.654902 0.74902 0.780392
v 0.1028706842433 -0.14695793237778369 0.7281389188154591 0.635294 0.729412 0.760784
v 0.22638441100480967 0.04294540801489663 0.5207886732851552 0.607843 0.705882 0.737255
v 0.23700127940436944 0.03366992679264687 0.5180910917779578 0.537255 0.639216 0.670588
v 0.2459341575357556 0.01567437185595562 0.5117340767513994 0.682353 0.780392 0.815686
v 0.13409776668664703 -0.1455142871665811 0.7346378226865392 0.678431 0.760784 0.788235
v 0.08824199331008702 -0.16072711104368204 0.7602679064513265 0.631373 0.717647 0.745098
v 0.15644025997804346 -0.1397090237896912 0.7470522150179004 0.709804 0.796079 0.827451
v 0.1269600037722735 -0.14348718584302409 0.7210022413966648 0.67451 0.760784 0.788235
v 0.13174691385613633 0.02720498998280902 0.6281285651855056 0.584314 0.682353 0.717647
v 0.1637368913596998 0.044382430960809449 0.5458503966017113 0.623529 0.713726 0.741176
v 0.1411658797366556 0.03339007044059529 0.5655312707510186 0.615686 0.709804 0.745098
v 0.14225421835493774 -0.155499228137539 0.7772577274713188 0.690196 0.780392 0.811765
v 0.14663798136665105 -0.13983416048718828 0.7272686008839904 0.729412 0.807843 0.843137
v 0.19464228924258174 -0.08285846446150189 0.7943914002012265 0.772549 0.847059 0.878431
v 0.1281276381567463 0.01713936973002418 0.5231063877407999 0.552941 0.658824 0.698039
v 0.13849277400831995 0.01582754808933155 0.48166720209256677 0.603922 0.701961 0.737255
v 0.12676813763055345 0.022547415118115603 0.5591870135474665 0.509804 0.619608 0.678431
v 0.14271017211375387 0.03095071992525283 0.5247798064248026 0.529412 0.572549 0.568627
v 0.12200181577919495 0.02174161287411603 0.6063740025141169 0.564706 0.658824 0.694118
v 0.237636377412943 0.0036729783356944055 0.4627211757213022 0.643137 0.737255 0.764706
v 0.24159092851119247 0.0016196998846158004 0.4849527617963765 0.635294 0.72549 0.74902
v 0.2311483362796722 -0.028241153955490557 0.4548272463810076 0.635294 0.729412 0.752941
v 0.09756068356696206 0.002793053556928762 0.6230253062732442 0.545098 0.631373 0.666667
v 0.10477222444110447 0.011234728701411189 0.6376783116517125 0.592157 0.686275 0.717647
v 0.09968032816609916 0.014173250689418776 0.7081940640617508 0.588235 0.678431 0.713726
v 0.08080365636786367 0.0004654010924775707 0.7010140019886755 0.552941 0.654902 0.694118
v 0.06435468073188208 -0.0070536865416112319 0.7926957369530564 0.482353 0.552941 0.568627
v 0.10856561435587414 0.014911299834454082 0.7535676063517267 0.560784 0.662745 0.705882
v 0.1936470235745206 -0.12135560670878559 0.821385254300299 0.176471 0.184314 0.176471
v 0.0970638340113688 0.005062864215635405 0.7965174351492907 0.631373 0.72549 0.756863
v 0.09591289414272904 0.04799044929996283 0.8019968510866093 0.203922 0.211765 0.211765
v 0.21698131748716427 0.04666207184656314 0.49838059391707 0.607843 0.694118 0.713726
v 0.17108218582490704 0.04318421228049184 0.5198886665431076 0.619608 0.705882 0.729412
v 0.09220724323138382 0.06359917795759355 0.8221858858425193 0.243137 0.25098 0.25098
v 0.10515118762984271 0.061300593666472589 0.8573209920919995 0.258824 0.266667 0.262745
v 0.23440540205914837 0.034754189809716697 0.48476433503911905 0.521569 0.607843 0.635294
v 0.2418683520040979 0.021947742916488434 0.4844344549496326 0.65098 0.741176 0.768628
v 0.18287709473318546 -0.10878818347473535 0.8198166563229283 0.654902 0.752941 0.792157
v 0.06477134712566944 0.07543169575532834 0.8252099835668526 0.25098 0.258824 0.258824
v 0.21679393474247952 0.03506005930886769 0.47811585333990999 0.619608 0.698039 0.713726
v 0.18756584249045908 -0.14858253022344504 0.8322170771030059 0.219608 0.227451 0.227451
v 0.23085087435062832 -0.015586484225642572 0.6116973306132041 0.67451 0.760784 0.796079
v 0.24645967285671567 0.009606917006601612 0.5066769233409325 0.72549 0.8 0.827451
v 0.15357256451639426 0.028847256508803579 0.4875647701874852 0.627451 0.709804 0.729412
v 0.19157715624071118 -0.13781785902889336 0.8203191689365642 0.203922 0.215686 0.2
v 0.22707154439212505 -0.047381328949763389 0.4656338580495234 0.67451 0.756863 0.776471
v 0.2364087817271343 -0.026407367860335746 0.44705229090260198 0.705882 0.8 0.831373
v 0.1999946666942893 -0.07786089677870904 0.4576479490835184 0.631373 0.72549 0.760784
v 0.16748732530344832 -0.07369723034178383 0.49282995251456987 0.662745 0.760784 0.8
v 0.15263801385103205 -0.06572795850727364 0.49955462953978116 0.568627 0.678431 0.717647
v 0.15799819576004804 -0.0628306320993241 0.5042477953898397 0.572549 0.690196 0.737255
v 0.174468299320894 -0.07237080319662617 0.5151907027619531 0.662745 0.756863 0.792157
v 0.16818124135524865 -0.07054079785458722 0.5209207034052099 0.639216 0.737255 0.768628
v 0.1466551186684922 -0.06021276105321059 0.5095916579168778 0.584314 0.686275 0.72549
v 0.1902222487156053 -0.07572649934321135 0.49353923674330299 0.501961 0.615686 0.658824
v 0.18616441554140826 -0.07070573363100634 0.4974633319238339 0.517647 0.619608 0.654902
v 0.19494385855599273 -0.06979969762922374 0.5080946372839293 0.560784 0.666667 0.709804
v 0.18749231714507623 -0.07435177000268624 0.5033975066868186 0.643137 0.741176 0.780392
v 0.19662775062275326 -0.06927130789891717 0.5245710005741729 0.631373 0.72549 0.752941
v 0.20737053578873214 -0.06653336064650795 0.4928541572121075 0.662745 0.760784 0.803922
v 0.20421067479066977 -0.06990521103763667 0.5212519149384108 0.623529 0.721569 0.756863
v 0.17368108718066894 -0.07988624696299779 0.5503410833686645 0.647059 0.741176 0.772549
v 0.1678051140552068 -0.0838999027330501 0.5531180986175524 0.615686 0.713726 0.74902
v 0.2017163499670812 -0.07304726175702749 0.5606756329264474 0.67451 0.764706 0.796079
v 0.21422238481220613 -0.06677372054901959 0.4892036154328712 0.701961 0.792157 0.823529
v 0.20866340846427976 -0.07045953848787938 0.4708828354857953 0.694118 0.780392 0.811765
v 0.22678073301813415 -0.051946554030674687 0.47845420101731 0.678431 0.768628 0.8
v 0.19736745652006525 -0.07188236190147394 0.48692623956936106 0.65098 0.745098 0.772549
v 0.19330409075933606 -0.07745339265982922 0.5662237879359873 0.639216 0.729412 0.764706
v 0.21584811258876009 -0.06281240402588365 0.504095584023024 0.639216 0.733333 0.764706
v 0.23091979424018975 -0.050436042063437529 0.48884019132591868 0.784314 0.847059 0.862745
v 0.23062448940982195 -0.04964068404754969 0.5054009378749941 0.705882 0.788235 0.819608
v 0.22898849727037483 -0.0460658903597594 0.497786831190865 0.717647 0.8 0.823529
v 0.20970910088665746 -0.0656126620243546 0.520561132988422 0.690196 0.788235 0.823529
v 0.22419201900277276 -0.05545735736910063 0.5223021136760323 0.576471 0.690196 0.733333
v 0.2340585214447067 -0.039407181246425029 0.5132149832289686 0.686275 0.768628 0.792157
v 0.24076145677323894 -0.01815439080831068 0.5291556215730884 0.701961 0.784314 0.807843
v 0.2326620604526937 -0.03734237978408783 0.5273179048992642 0.494118 0.611765 0.658824
v 0.2317823993950006 -0.047719726624150287 0.5313560980212178 0.447059 0.537255 0.568627
v 0.21605045420118189 -0.060141742131217579 0.5311923061667384 0.682353 0.776471 0.807843
v 0.21305359849494658 -0.06517747081781038 0.5695759268522728 0.698039 0.788235 0.819608
v 0.21722185186977298 -0.05979333351670035 0.5605658160939941 0.666667 0.756863 0.788235
v 0.22356901078769168 -0.0556406092043026 0.5681893573842811 0.666667 0.760784 0.8
v 0.23132604437662483 -0.0395987845310274 0.5631185692493543 0.721569 0.796079 0.819608
v 0.23198055713187544 -0.03668126913929735 0.5785563736207025 0.698039 0.788235 0.819608
v 0.2347140998533801 -0.03493717654803238 0.5401348415464874 0.67451 0.764706 0.796079
v 0.229534733166003 -0.042135677509460487 0.6042192730995036 0.752941 0.827451 0.85098
v 0.15180439557741486 -0.11744074324180896 0.6437698806852612 0.654902 0.745098 0.776471
v 0.1720710615895298 -0.10922656002605333 0.6491479837403353 0.552941 0.658824 0.694118
v 0.18206742191616044 -0.10578786314517753 0.6680736180283355 0.690196 0.780392 0.811765
v 0.22367071629567335 -0.054009418398754 0.6454134280411171 0.701961 0.788235 0.815686
v 0.2157586728859999 -0.0655111481105974 0.6059974997839669 0.690196 0.780392 0.819608
v 0.2259334691810249 -0.03180953281788466 0.6610879942334981 0.709804 0.796079 0.831373
v 0.19450226657388484 -0.09592730646802628 0.6919713027067688 0.662745 0.764706 0.803922
v 0.20373386150540485 -0.08327711427252067 0.7128226500857849 0.72549 0.807843 0.839216
v 0.21938093969257689 -0.05448825583953445 0.6816667794821781 0.698039 0.784314 0.819608
v 0.15814625529020566 -0.17331346402759208 0.8212638819729657 0.211765 0.211765 0.207843
v 0.17076236469048179 -0.17365434334621314 0.8399677648104719 0.219608 0.231373 0.227451
v 0.21149815125824898 -0.0481947055590174 0.7269613191621738 0.627451 0.729412 0.768628
v 0.17513212708653953 -0.16671490695259154 0.837746568302754 0.239216 0.25098 0.25098
v 0.17106671652415504 -0.1686766175267257 0.8250196987086651 0.188235 0.192157 0.192157
v 0.13998534293959292 -0.16720601948900708 0.8233847389671755 0.380392 0.458824 0.490196
v 0.1598876440415857 -0.1354453077001296 0.736668008663945 0.635294 0.72549 0.756863
v 0.17480392749491667 -0.12619269532341213 0.7523565031966379 0.733333 0.815686 0.847059
v 0.1851412637921652 -0.11417482443953733 0.760324600497754 0.67451 0.764706 0.8
v 0.16789047439357478 -0.13803667975112703 0.7893799751421443 0.717647 0.807843 0.847059
v 0.1744376014935775 -0.1275826364676985 0.8212412423868303 0.431373 0.501961 0.513726
v 0.1948761332917632 -0.09633183015447899 0.7643663022288477 0.729412 0.811765 0.839216
v 0.17547622716809523 -0.028805562490223616 0.8092461095975329 0.211765 0.231373 0.231373
v 0.20108738941108213 -0.07570609923004591 0.7681276074673556 0.72549 0.807843 0.839216
v 0.1587758688307143 -0.14828160214612286 0.8227608197833917 0.462745 0.552941 0.576471
v 0.17367831465567264 -0.1552235946236455 0.8218214597218312 0.207843 0.223529 0.219608
v 0.07307046250774913 -0.23179159043544274 0.8424983147853126 0.258824 0.270588 0.27451
v 0.01334453825314567 0.08920430975933228 0.7900545596813923 0.211765 0.215686 0.223529
v 0.0029895368449712465 0.08631353576091054 0.7880985159933217 0.188235 0.192157 0.2
v 0.009336986674209692 0.08229569400344523 0.805238588467506 0.247059 0.231373 0.196078
v 0.018255767459101299 0.08199442249990105 0.7885154043220511 0.223529 0.231373 0.231373
v -0.03666829261795722 0.004682854643006316 0.7871025452805771 0.564706 0.662745 0.694118
v -0.034061050373071988 -0.009131274712511358 0.7272722442240832 0.521569 0.615686 0.643137
v -0.049192798042396148 0.0030990808949134835 0.7350220276957394 0.541176 0.631373 0.662745
v 0.06690874250869597 0.07377224942779777 0.8580331234732802 0.262745 0.270588 0.27451
v 0.07296581824172774 0.06939591904717355 0.8087589671910818 0.172549 0.176471 0.168627
v 0.037455181853171048 0.0025177068035861056 0.7923071339565752 0.478431 0.54902 0.564706
v 0.005696691501136322 0.07980932819124083 0.8434289054040595 0.109804 0.105882 0.094118
v 0.011437505411173046 0.07722634984220275 0.8524370951661019 0.121569 0.121569 0.121569
v 0.011836287550483797 0.08271924425263613 0.8353814489563162 0.168627 0.172549 0.172549
v 0.048729789510260617 0.07917465201892507 0.811868427280165 0.231373 0.235294 0.235294
v 0.025705020303221569 0.08058503676967215 0.8102471988277252 0.258824 0.266667 0.266667
v 0.01976756866947349 0.07782207635385155 0.8310572822948157 0.215686 0.219608 0.215686
v 0.054087605533687247 0.05959324324291856 0.7957228192587386 0.12549 0.129412 0.133333
v 0.0004830561583817173 0.05722561070103911 0.7918236005196521 0.160784 0.164706 0.168627
v -0.012960686144066845 -0.013997521629824529 0.7902383284698048 0.482353 0.572549 0.6
v 0.06527081237388018 0.06927780881519882 0.7999936047730134 0.207843 0.211765 0.211765
v 0.04593230302961907 0.07126199799348784 0.7977004136719886 0.211765 0.215686 0.215686
v -0.0011187362783391866 0.07945756863662774 0.8061091475959464 0.164706 0.164706 0.164706
v -0.0015346792139505914 0.07957979271127622 0.827995791108499 0.227451 0.231373 0.227451
v -0.027184022625210696 0.08265017104079157 0.8522183873051887 0.282353 0.290196 0.294118
v -0.049116827892789777 0.08586643235094679 0.8175081343437153 0.262745 0.270588 0.278431
v 0.0004543217126091153 -0.033298557907296227 0.7882514691762269 0.419608 0.509804 0.541176
v 0.007165288922582935 -0.05339116331209393 0.7798574693971069 0.392157 0.462745 0.47451
v -0.012303758110434929 -0.04094267395509903 0.7224543300589519 0.478431 0.568627 0.592157
v -0.010936454761238906 -0.06151832520270047 0.6915436752984636 0.568627 0.654902 0.682353
v 0.004187033372265459 -0.06484700185465853 0.7560476341525688 0.368627 0.447059 0.478431
v 0.03665386224451404 0.06925068356452094 0.7902469354291755 0.188235 0.192157 0.192157
v -0.0342362504861562 0.08762652859353366 0.8072195189044656 0.231373 0.239216 0.243137
v -0.002824261685855189 0.08112927590629168 0.7863989560555764 0.215686 0.219608 0.219608
v -0.062266776440646948 0.08038025888110864 0.8060004993306915 0.219608 0.223529 0.223529
v -0.07868752452959947 0.08105454354612289 0.8223895811208059 0.278431 0.290196 0.294118
v -0.06585097144430513 0.06947652047109786 0.7982821687165286 0.25098 0.262745 0.254902
v -0.11202759436398496 0.062250641090834887 0.8016047956832133 0.207843 0.211765 0.211765
v -0.07837281100289362 0.07595881452294284 0.8595908531600397 0.270588 0.278431 0.282353
v -0.004332540794353219 -0.07494605486627999 0.7071926333138766 0.603922 0.721569 0.780392
v 0.0012264780442634595 -0.08401093799081846 0.7463954934511974 0.529412 0.635294 0.678431
v 0.0070979777673411789 -0.07450519340429776 0.7528650289370829 0.427451 0.501961 0.521569
v -0.018616780017158563 -0.13578130379604234 0.7555570039880645 0.533333 0.65098 0.690196
v -0.04278916325819961 -0.154802359762132 0.7561041064712774 0.619608 0.721569 0.752941
v -0.050628285689828977 -0.15644636503516766 0.7512313161862103 0.576471 0.67451 0.713726
v -0.020768591976628459 -0.16281808310647734 0.8011572202322302 0.588235 0.678431 0.701961
v -0.014459742124329644 -0.13478729203780868 0.7854093299652969 0.545098 0.65098 0.690196
v -0.003985749135067778 -0.140917119513582 0.7856977382133995 0.580392 0.678431 0.709804
v -0.061172758475126518 -0.00823447172335453 0.6687496139164467 0.611765 0.701961 0.729412
v -0.047200126759497387 -0.1706812714140514 0.796339583258086 0.654902 0.745098 0.776471
v -0.09162782519472239 -0.1775482188528177 0.638426744479846 0.658824 0.752941 0.792157
v -0.0731899148234577 -0.17629832921344397 0.6518696468188544 0.654902 0.74902 0.788235
v -0.09684588746572646 -0.16341830492070373 0.7385540618785508 0.717647 0.807843 0.843137
v -0.028995884692210137 0.07468492722626752 0.7943452745058984 0.203922 0.203922 0.2
v -0.04954643517130449 0.08368692070634142 0.8014265440569689 0.235294 0.239216 0.243137
v 0.0017878022371274378 -0.11439500195894015 0.7737023198292055 0.431373 0.521569 0.560784
v -0.003917813888724573 -0.11310208812834109 0.7769385593036361 0.388235 0.498039 0.545098
v 0.0019544864304736426 -0.09485773853532595 0.7601177099124714 0.301961 0.380392 0.407843
v -0.06233844007884874 -0.17571850931884035 0.6284444809029142 0.627451 0.717647 0.752941
v -0.049834038198733037 -0.15821113183977446 0.7454523960268619 0.686275 0.784314 0.827451
v -0.016375747462706419 0.0803199811557004 0.7899147068342578 0.243137 0.262745 0.258824
v -0.04680473377199706 -0.1655989360206091 0.6651491103184662 0.615686 0.717647 0.760784
v -0.053710144609766547 0.040636751923981879 0.7962385380671133 0.478431 0.537255 0.54902
v -0.023579877418135287 -0.1395845646113717 0.7644254376433687 0.564706 0.678431 0.72549
v -0.010757125827006432 -0.1253422720719958 0.757714966512344 0.509804 0.627451 0.678431
v -0.05624367920922576 0.014463146940390835 0.7942245336199274 0.505882 0.588235 0.611765
v -0.03578702027595509 0.008905829858753434 0.7918913147731843 0.568627 0.647059 0.670588
v 0.020148101638401019 -0.13811981705190627 0.7656980940767013 0.54902 0.658824 0.698039
v -0.06826044380808527 0.009755127069457352 0.7289589327133685 0.635294 0.717647 0.741176
v -0.0969875881184713 0.02096547756068136 0.7976592096628953 0.498039 0.576471 0.603922
v -0.0816619944196451 0.015737472059666355 0.7489362888229731 0.580392 0.670588 0.709804
v -0.07195086909549882 -0.16172249374101783 0.7558097028893598 0.662745 0.764706 0.811765
v -0.10639752721327953 -0.1595440840420501 0.7475342436711541 0.639216 0.737255 0.780392
v -0.07850778046351205 -0.16444266587771518 0.7485994401698931 0.627451 0.72549 0.768628
v -0.03185690392073946 -0.14838960374807184 0.746990884772004 0.584314 0.694118 0.737255
v -0.040725779426031557 -0.16281940319933575 0.6402627159460345 0.615686 0.721569 0.772549
v -0.024062124488229497 -0.14397271976963509 0.6833401586990658 0.541176 0.658824 0.717647
v -0.03146342727989918 -0.15220046745913624 0.6984639162873716 0.545098 0.654902 0.705882
v -0.017630481497302884 -0.11893866046276072 0.6292527953856926 0.631373 0.729412 0.764706
v -0.013868245500441214 -0.11010012777445566 0.6522236305934163 0.494118 0.603922 0.65098
v -0.021288648892762518 -0.1332177958385794 0.6381713231068562 0.580392 0.686275 0.729412
v -0.010321221835806811 -0.12048675674593679 0.7086409875045108 0.580392 0.694118 0.741176
v -0.028848979278426599 -0.14897193541855584 0.6333105623379279 0.619608 0.72549 0.772549
v -0.014815772831416517 -0.09012336697333595 0.6469303399239722 0.517647 0.611765 0.635294
v -0.010079489731322382 -0.16996429336013289 0.8064673671588724 0.564706 0.619608 0.615686
v -0.032368729396793149 -0.1408628231019486 0.7803946767527814 0.411765 0.533333 0.592157
v -0.06421766991300673 -0.1555236686202776 0.7815548190519336 0.482353 0.580392 0.619608
v -0.08594366094708275 0.00032018338512588196 0.6782185655629587 0.623529 0.705882 0.733333
v -0.09152850523351776 -0.01275323909843953 0.643536737620981 0.584314 0.658824 0.678431
v -0.07136474443487349 -0.01307780360730878 0.6454209625252704 0.6 0.67451 0.690196
v -0.07164727199819815 -0.16515527487858384 0.786054421312788 0.54902 0.65098 0.690196
v -0.07137344694099666 -0.16369042431083256 0.7439656477391078 0.662745 0.764706 0.807843
v 0.05086106592601632 -0.018894521412720509 0.7658305191735534 0.486275 0.580392 0.619608
v 0.04681999462007382 -0.028996365015994106 0.7375790109372209 0.486275 0.592157 0.635294
v 0.024882298943481049 -0.042451753830716597 0.7782362753353507 0.419608 0.490196 0.494118
v -0.03167312640224279 -0.037683021944111407 0.6598153361572386 0.490196 0.576471 0.603922
v -0.022252474177290286 -0.062038041176663397 0.6501919805952828 0.560784 0.647059 0.670588
v -0.047441035916434167 -0.03645359009450425 0.6145777559178932 0.513726 0.6 0.627451
v -0.02115409697697198 -0.01981482315601139 0.7391161189008664 0.443137 0.537255 0.564706
v 0.02495538315202235 -0.06299342408722743 0.7528397660763696 0.443137 0.545098 0.588235
v 0.022319898424096368 -0.05403332309220697 0.7724345667796885 0.333333 0.407843 0.427451
v 0.050866002919666117 -0.1234410031291575 0.7220917727088493 0.513726 0.619608 0.662745
v 0.041080980269091457 -0.100758664044972 0.7131189863954501 0.552941 0.643137 0.678431
v 0.0404516265045157 -0.02239805089880537 0.7890847931656945 0.482353 0.568627 0.603922
v 0.036435756300270457 -0.08832808174877967 0.7158496698804303 0.576471 0.666667 0.705882
v 0.03566667322073053 -0.07068423755185328 0.7182649906485933 0.533333 0.623529 0.662745
v 0.006200137654529438 -0.04533226871192696 0.7872145455576874 0.435294 0.521569 0.541176
v 0.06305608937297634 -0.01941462263296715 0.697528152369673 0.74902 0.737255 0.647059
v 0.05171174450821274 -0.13646485915096105 0.7397021812799153 0.54902 0.647059 0.686275
v 0.020002941203528504 -0.09711182257984635 0.748696162285447 0.466667 0.560784 0.592157
v -0.08522257200515172 -0.1818936965494577 0.8016586783870093 0.619608 0.713726 0.741176
v -0.08672290384776257 -0.16800550858299827 0.7880503089406756 0.509804 0.607843 0.647059
v -0.04641253544857671 -0.18607546997913439 0.8143443961414683 0.572549 0.658824 0.690196
v -0.055719303008248798 -0.19747360786678515 0.8348456611426695 0.564706 0.65098 0.678431
v -0.06212405498719249 -0.22886610404387409 0.8315176488977017 0.152941 0.156863 0.156863
v -0.07399140806149129 -0.2350225323238545 0.8451416587186138 0.235294 0.243137 0.247059
v -0.10715924784524239 -0.21939072701607727 0.8274374393947843 0.235294 0.25098 0.247059
v -0.09940352322111938 -0.22318757867180614 0.8658467219940359 0.262745 0.27451 0.282353
v -0.07823130514060209 -0.22230285666471615 0.8280937946723802 0.223529 0.227451 0.223529
v -0.03072570265235136 -0.24073848765545445 0.8504719156800051 0.262745 0.270588 0.27451
v -0.07198286486814416 -0.19688181607934478 0.8330111009475339 0.580392 0.666667 0.698039
v -0.09816914320819363 -0.1923292819763749 0.8349921216512034 0.458824 0.529412 0.54902
v -0.04451955100096598 -0.22728229058796704 0.8281145079010702 0.262745 0.27451 0.27451
v -0.027859331513467 -0.18375051610518249 0.8217733518123902 0.729412 0.705882 0.603922
v -0.03915998763712931 -0.2371174114916843 0.8332821420831006 0.239216 0.25098 0.25098
v -0.01467808645125266 -0.18262026626951209 0.8206814825497006 0.435294 0.482353 0.486275
v -0.016716583560097414 -0.23901414479494319 0.830996855006052 0.219608 0.223529 0.227451
v -0.0019078665854745543 -0.23863569691974458 0.8262104215660019 0.243137 0.25098 0.258824
v -0.021497882800791309 -0.19274789593761258 0.8395741715844249 0.552941 0.627451 0.643137
v -0.08481994721535112 -0.1557366429000332 0.7859389503964498 0.623529 0.729412 0.772549
v -0.008642252491198594 -0.23966839484208475 0.8508469503989995 0.278431 0.290196 0.294118
v -0.005273294873335028 -0.24368053323179687 0.8391753355323068 0.25098 0.262745 0.266667
v -0.10322843311428365 -0.15934951677406249 0.7768017743442457 0.592157 0.694118 0.745098
v 0.022120636065910597 -0.23892616878556753 0.8293488306585691 0.184314 0.188235 0.184314
v 0.02413747910446921 -0.20503464225610144 0.8382276337484196 0.305882 0.345098 0.333333
v 0.022221765861271133 -0.17590693698367602 0.7914224122013518 0.662745 0.752941 0.780392
v 0.021656589586972365 -0.19753424068152349 0.821358088838594 0.533333 0.611765 0.635294
v 0.025635331607289394 -0.11523770897436724 0.7468746267058098 0.439216 0.541176 0.584314
v 0.05212691707030276 -0.1491572547565073 0.7561975822855201 0.560784 0.654902 0.690196
v 0.0597284693016027 -0.17377534541227039 0.7751678951341745 0.643137 0.729412 0.752941
v 0.04970410451042607 -0.18738846877474894 0.7937835405626236 0.588235 0.678431 0.709804
v 0.035401824013441617 -0.13102916560884707 0.7481451835858989 0.568627 0.662745 0.694118
v 0.049529251175908759 -0.19939655277318805 0.8160486297072046 0.470588 0.560784 0.6
v 0.041281209309376679 -0.2323928893327395 0.8297039538612385 0.184314 0.192157 0.192157
v 0.03541546064713628 -0.2421388431862538 0.833238606332603 0.219608 0.231373 0.231373
v 0.04281602934531769 -0.23542663065275835 0.8560431746870183 0.258824 0.270588 0.27451
v 0.04437172782171577 -0.20592477679714744 0.833383980236499 0.498039 0.564706 0.576471
v -0.09985824430313405 -0.18964337463449333 0.8257681136881337 0.698039 0.764706 0.772549
v -0.12414141960608856 -0.15541997176472667 0.7068802773468995 0.662745 0.756863 0.8
v -0.11459394649305856 -0.17105511197664503 0.6211533369375466 0.705882 0.8 0.843137
v -0.21333298563387416 -0.0109892811255293 0.686775977449296 0.729412 0.552941 0.517647
v -0.2280244065738211 -0.00935925727682707 0.692269348312375 0.709804 0.498039 0.458824
v -0.21749962207897517 -0.012067357061375848 0.6791001080662981 0.882353 0.662745 0.619608
v -0.2231271569356196 0.0005575161425120267 0.6949422116417428 0.541176 0.27451 0.266667
v -0.23543018869294986 0.00047235957595506505 0.6877399371380599 0.862745 0.615686 0.576471
v -0.24143955537595314 0.013673491382939893 0.7238788894790952 0.898039 0.72549 0.654902
v -0.23895501252681596 0.008982942672457167 0.7504476879061611 0.486275 0.368627 0.317647
v -0.2299310492683834 0.034578069585577467 0.740120879341061 0.894118 0.772549 0.713726
v -0.2220024213970517 0.0004477397854968295 0.7045204953816316 0.666667 0.454902 0.419608
v -0.22714765696663914 0.032673591725369769 0.7609658272022565 0.65098 0.482353 0.415686
v -0.24968387805000989 0.020274876852715369 0.7543793178284065 0.286275 0.298039 0.301961
v -0.23364710718818788 -0.009256430077585266 0.7143503433754328 0.92549 0.737255 0.690196
v -0.2429636191717604 0.0014275862258083014 0.7207646333883158 0.909804 0.780392 0.737255
v -0.11122314881588343 -0.002514648807454067 0.6889811478063966 0.556863 0.627451 0.658824
v -0.10328289372056543 0.010578879882075152 0.7317270158668915 0.6 0.686275 0.717647
v -0.2352337685348259 0.031453068932790057 0.7186442770241054 0.905882 0.776471 0.721569
v -0.2399126839647755 0.022867128919773797 0.7161059713930336 0.87451 0.698039 0.639216
v -0.14885084447741313 0.04874482896808647 0.8086737698297418 0.164706 0.176471 0.180392
v -0.13468080332705166 0.05965219723079052 0.8214343419160456 0.2 0.203922 0.207843
v -0.13553581802787235 0.057401057153813699 0.8032241406521633 0.219608 0.219608 0.219608
v -0.15108134232315846 0.042178998488362349 0.8269761909065544 0.180392 0.180392 0.188235
v -0.11623500962112002 0.07031478204518997 0.8173178124529124 0.266667 0.278431 0.282353
v -0.22251794637207135 0.0475564892417481 0.7186021500406471 0.87451 0.733333 0.666667
v -0.23255153769685625 0.04125991702682425 0.7116352953352173 0.917647 0.733333 0.678431
v -0.2161800337627412 0.056374713498932717 0.7163068112426093 0.898039 0.701961 0.647059
v -0.18916898612797745 0.04975962773440317 0.6761647794534662 0.827451 0.560784 0.52549
v -0.18258307196540372 0.04032014666079584 0.6573635540744836 0.807843 0.537255 0.458824
v -0.2005505503430742 0.055758207346339547 0.6753546966172586 0.745098 0.52549 0.458824
v -0.2252272786076314 0.0267629273066297 0.6998813454715313 0.831373 0.619608 0.552941
v -0.1554716145125693 0.041708286850596468 0.837517500475087 0.27451 0.290196 0.290196
v -0.16247589868195304 0.03747106856252075 0.8122618541090816 0.219608 0.223529 0.219608
v -0.21981260054916197 0.03962845412131262 0.6948565298383733 0.85098 0.666667 0.596078
v -0.19589150070206985 0.05503945123726969 0.713396178740764 0.827451 0.635294 0.576471
v -0.20647998719416028 0.05933855269548547 0.71130596725888 0.819608 0.631373 0.568627
v -0.1416975490381284 -0.13905218429048439 0.705607195832049 0.694118 0.792157 0.839216
v -0.13735539481596668 -0.14626062838431043 0.6223214844593692 0.635294 0.737255 0.788235
v -0.14825560605415728 -0.12774330948908456 0.7056701885320457 0.666667 0.764706 0.811765
v -0.17233796814650052 0.04759612137233773 0.7043166371042171 0.827451 0.584314 0.521569
v -0.16473679197698838 0.037216716538929568 0.6962214525821006 0.784314 0.619608 0.627451
v -0.17136337898750438 0.04332876606294448 0.6830064585638711 0.890196 0.627451 0.498039
v -0.13611987193314324 -0.14381511128754277 0.7349682548439044 0.686275 0.776471 0.823529
v -0.2083727828009512 -0.003253158502373437 0.6740149635811361 0.843137 0.607843 0.52549
v -0.20081919304540767 -0.016434963994029798 0.6788495956096747 0.819608 0.556863 0.52549
v -0.1495891239402951 -0.11486041032677214 0.6765160414596116 0.647059 0.745098 0.792157
v -0.14237802793864644 -0.10284523192384919 0.62235262224599 0.745098 0.815686 0.843137
v -0.15062961015926805 -0.09939080048783737 0.6821316753824355 0.717647 0.796079 0.827451
v -0.1964483017062767 -0.004188023047281443 0.6779150784336074 0.639216 0.415686 0.392157
v -0.20309306704857769 -0.004836003860217054 0.6685918886126228 0.835294 0.643137 0.603922
v -0.20667444744695699 0.007135236918069754 0.6691188255215504 0.756863 0.560784 0.494118
v -0.18250066499167193 -0.012998864894393604 0.6668039789775668 0.854902 0.639216 0.592157
v -0.19892162442722848 -0.010910014013045627 0.6832676245614079 0.67451 0.419608 0.392157
v -0.20569095329464666 -0.003812133147724639 0.6814924216077488 0.639216 0.337255 0.32549
v -0.2265136232375872 0.006639239632998314 0.6853731575182501 0.698039 0.509804 0.490196
v -0.22053418043987284 0.0018696456946273065 0.6857785582512127 0.639216 0.376471 0.352941
v -0.21577688274709803 0.022441572577087129 0.6755826475653758 0.862745 0.627451 0.552941
v -0.21752790751827479 0.01141930068249905 0.6992206117144719 0.560784 0.305882 0.278431
v -0.18391579330421338 -0.0069561047991087599 0.6763888769440798 0.713726 0.45098 0.431373
v -0.23240761135054004 0.009936813369597632 0.7049999963655224 0.870588 0.662745 0.6
v -0.12177821370326444 0.06518709512961545 0.850362630534435 0.294118 0.305882 0.309804
v -0.22202972982102243 -0.001961510448256632 0.7230514789334308 0.603922 0.423529 0.392157
v -0.1469788402135498 0.04801390040255049 0.8536803835874089 0.713726 0.690196 0.615686
v -0.14356070519273315 -0.05296039312068958 0.6715176308054879 0.611765 0.686275 0.721569
v -0.13778177029309175 -0.0594131223481769 0.6397583844135978 0.705882 0.788235 0.815686
v -0.14900194376631693 -0.04666699353697354 0.7017415952016931 0.627451 0.694118 0.721569
v -0.14547305318076343 -0.033549889537876919 0.7091445314781847 0.666667 0.737255 0.764706
v -0.131402197830493 -0.03168736020074902 0.6610161342967634 0.686275 0.760784 0.788235
v -0.1395311063608605 -0.12389418030932244 0.5743993749907344 0.721569 0.807843 0.839216
v -0.1319180146496528 -0.01681086353610742 0.6974826898197698 0.572549 0.639216 0.662745
v -0.11266860618277006 -0.018464216862480445 0.6500122444814646 0.627451 0.705882 0.733333
v -0.1801047350911754 -0.14885774868001917 0.8177190553604529 0.215686 0.215686 0.227451
v -0.16296122360007599 -0.1708921695926 0.8200886058821041 0.14902 0.14902 0.14902
v -0.1696781198609775 -0.17403322328523602 0.8319961246663276 0.227451 0.243137 0.25098
v -0.16262227876481986 -0.1905083268174164 0.8279059970612647 0.278431 0.290196 0.298039
v -0.13683800640484646 -0.16786671129815654 0.8123595616423092 0.654902 0.74902 0.788235
v -0.12194844900817227 -0.16199508766345939 0.7916945294783609 0.639216 0.729412 0.764706
v -0.11156753848076082 -0.17589314190437933 0.8011284359151818 0.678431 0.768628 0.8
v -0.15821420858008668 -0.18752753388119285 0.8247873369169618 0.203922 0.227451 0.231373
v -0.12018106766065792 -0.18019858635130457 0.8186627953244728 0.54902 0.666667 0.729412
v -0.12083965933912297 -0.2183574112694785 0.8291636399956083 0.235294 0.247059 0.25098
v -0.12797128909182424 -0.20657727431273224 0.8274578875519483 0.219608 0.227451 0.235294
v -0.12919508139764794 -0.20911548730604333 0.8562815526036158 0.258824 0.266667 0.27451
v -0.11633478889720576 -0.2204282902557511 0.8451583287591847 0.301961 0.313726 0.321569
v -0.141853891689189 -0.20148597697376076 0.8607825989919578 0.305882 0.32549 0.32549
v -0.14406224578457617 -0.20248648142410809 0.8367446429383159 0.215686 0.219608 0.223529
v -0.1469094417931675 -0.16014120056721257 0.8265929403187772 0.498039 0.580392 0.607843
v -0.13806983762381856 -0.19576545597646453 0.8274560693920005 0.227451 0.25098 0.254902
v -0.13180796981013424 -0.174784307541796 0.8339044434618367 0.443137 0.478431 0.478431
v -0.1808629894156308 -0.003905114904487883 0.6702638745504514 0.67451 0.396078 0.376471
v -0.19375944663513176 0.046740326442370628 0.6985483307728545 0.776471 0.521569 0.486275
v -0.1973075369906117 0.02881272050530271 0.6778970313456785 0.678431 0.415686 0.396078
v -0.1700480805833469 0.028747979085853305 0.8393632595766983 0.152941 0.152941 0.156863
v -0.20708370644032526 0.04760271495834112 0.6732996908298045 0.894118 0.745098 0.701961
v -0.21511451126217785 0.04541549382780676 0.7038949579140466 0.780392 0.529412 0.458824
v -0.15150119168358557 0.03896728148815319 0.806183844303382 0.313726 0.341176 0.345098
v -0.17339223484293224 0.02844220520804678 0.8162360896329585 0.317647 0.345098 0.345098
v -0.17834179113281055 -0.15823522463380333 0.8377442293080345 0.301961 0.321569 0.32549
v -0.17727630722037308 0.017220935808510145 0.8257367013646885 0.129412 0.129412 0.129412
v -0.21582419931681905 -0.008538753226592863 0.7429740680598119 0.631373 0.462745 0.407843
v -0.21651312672844556 0.013910494740489554 0.7243005077223746 0.623529 0.447059 0.411765
v -0.2235690469529151 -0.039656103162700139 0.7723256985889506 0.266667 0.278431 0.286275
v -0.2407816459533196 -0.033923691362552497 0.7745364807986397 0.258824 0.27451 0.282353
v -0.22509360265598198 -0.033105638495609737 0.7423095678431522 0.172549 0.172549 0.176471
v -0.2387082293039024 -0.025941927296864215 0.7421872638665672 0.262745 0.27451 0.282353
v -0.22778369646845873 -0.014752734928155378 0.7441362749027545 0.682353 0.470588 0.407843
v -0.23825704366043919 -0.009597592978320189 0.7443153767526619 0.898039 0.8 0.760784
v -0.18463746312629093 0.03935946574182176 0.8274620738174524 0.129412 0.133333 0.137255
v -0.18866015333576978 0.05611697678719685 0.817444201957504 0.25098 0.254902 0.262745
v -0.21726601502223495 0.04816381260065672 0.8349219498367316 0.254902 0.266667 0.270588
v -0.22043634319284764 0.054589766723723589 0.8082692863175691 0.270588 0.278431 0.278431
v -0.23466789212175097 0.04071494228345256 0.817100645955046 0.27451 0.282353 0.290196
v -0.16583978869786995 0.007490675410490808 0.6631507153405476 0.776471 0.478431 0.447059
v -0.17837082882125103 0.016744943495567784 0.6685724074903128 0.772549 0.486275 0.458824
v -0.17308547665123348 -0.0014211420500255985 0.6679735379252919 0.815686 0.552941 0.517647
v -0.22356287516352572 -0.04475958301998343 0.7938370647798928 0.098039 0.094118 0.094118
v -0.2360712971613688 -0.041288358400184108 0.784051920866732 0.227451 0.235294 0.239216
v -0.24459109339456129 -0.00832493163145279 0.7484846254751049 0.262745 0.270588 0.278431
v -0.25331902312545187 -0.0010563150652946512 0.774751357658307 0.286275 0.305882 0.309804
v -0.20514750892377127 -0.038757269891218828 0.7885863164770833 0.129412 0.129412 0.137255
v -0.24798892629050418 -0.03872188209010478 0.7974051354660598 0.223529 0.235294 0.239216
v -0.13175833990221323 0.009380607635799926 0.7995110873832372 0.278431 0.333333 0.34902
v -0.2203331402494286 -0.048339173497103298 0.7952732924987416 0.196078 0.2 0.2
v -0.2425243479640908 -0.051258022497305887 0.8116893835673869 0.219608 0.227451 0.227451
v -0.253652959398592 -0.017739961677113539 0.7902113304073871 0.262745 0.27451 0.278431
v -0.25006457722577765 -0.046034134691163217 0.8164384356866618 0.278431 0.294118 0.294118
v -0.25881455921456528 -0.01028700148025005 0.808750102612966 0.235294 0.25098 0.25098
v -0.2533963024823396 -0.018482085411309258 0.8043520660809941 0.258824 0.27451 0.286275
v -0.25384791506959306 0.011047474649552978 0.7987022480578084 0.286275 0.301961 0.309804
v -0.20884121118898747 0.04646758166932384 0.8462301345170011 0.27451 0.282353 0.290196
v -0.19639354039149829 0.04255692710441623 0.8555660291531421 0.235294 0.239216 0.243137
v -0.2120029712941472 0.02860563730164247 0.6665406861093006 0.835294 0.592157 0.537255
v -0.1878184699887011 0.009845869395576942 0.6598047790565977 0.780392 0.560784 0.498039
v -0.2045633881022859 0.017111957744206566 0.6690343070946504 0.835294 0.596078 0.529412
v -0.2523514216430348 -0.054198026713840007 0.8515433431006374 0.290196 0.305882 0.309804
v -0.1885858120915654 0.043856317294377129 0.8431788411721098 0.247059 0.25098 0.258824
v -0.1965085771922196 0.05418130590426287 0.8304016496741515 0.258824 0.266667 0.270588
v -0.24100945467720948 -0.06825643263972819 0.843574771095485 0.290196 0.301961 0.309804
v -0.228545522814813 -0.07156908223846124 0.8486302187855152 0.14902 0.14902 0.152941
v -0.21292398175998018 -0.05945684139656408 0.8263980546864 0.129412 0.129412 0.129412
v -0.25652503805934986 -0.03335502749798592 0.8525840006010546 0.305882 0.32549 0.337255
v -0.2163164689511936 -0.059628860291356968 0.846690426061006 0.090196 0.086275 0.086275
v -0.25602943474531056 -0.03922403004511361 0.841951615454324 0.298039 0.313726 0.321569
v -0.26118662712709847 -0.020730677397283446 0.8393626082477562 0.298039 0.313726 0.321569
v -0.2575199287729062 -0.011512356374892289 0.8145666804645787 0.27451 0.290196 0.298039
v -0.2592272631528562 -0.0028415721957800639 0.8289338612814809 0.27451 0.290196 0.298039
v -0.20781616056368988 -0.02502022460856219 0.7486858258153508 0.145098 0.14902 0.156863
v -0.20411831406232643 0.037675229186065067 0.6714365864236769 0.701961 0.423529 0.364706
v -0.262467530797198 -0.02502450633535947 0.8596994885745003 0.305882 0.321569 0.32549
v -0.2599025295399188 -0.005952545893327331 0.8543564025691712 0.286275 0.298039 0.305882
v -0.24657737025180263 0.016444666567819765 0.851261651821717 0.282353 0.298039 0.305882
v -0.1674848339347799 0.026152609021383959 0.8066997005907368 0.290196 0.317647 0.313726
v -0.17243983793868204 0.028244431814421459 0.7996032425972788 0.129412 0.133333 0.141176
v -0.17880612313323777 0.024256991805279364 0.8377292272024325 0.176471 0.176471 0.180392
v -0.1736440217472902 0.025684161352607566 0.6616397407394027 0.694118 0.45098 0.427451
v -0.18572691212963034 0.03440077486249246 0.6711197947430235 0.619608 0.372549 0.345098
v -0.19223865058353913 0.030282734760492908 0.6657024711300308 0.709804 0.505882 0.490196
v -0.1711096702585484 0.04388397963360372 0.7780932730699586 0.152941 0.160784 0.172549
v -0.17755015210245909 0.050640050239871389 0.7948833652149705 0.227451 0.227451 0.231373
v -0.18002553985484999 0.02719931180495368 0.8564826696963617 0.12549 0.12549 0.129412
v -0.17927965504468083 0.042205716883660867 0.6901256780517768 0.733333 0.4 0.364706
v -0.17250519422976444 0.03213514993982952 0.6878599935133828 0.631373 0.360784 0.313726
v -0.12488998252924778 0.029771694959644054 0.8002911397263368 0.454902 0.513726 0.513726
v -0.18894436613128777 0.03221646825241346 0.6567292327101224 0.839216 0.611765 0.556863
v -0.19043829141638819 0.014576538122395747 0.6729651703423005 0.823529 0.627451 0.564706
v -0.16373776474911112 0.03255833816671332 0.6857938814682424 0.623529 0.380392 0.360784
v -0.17541232388707188 0.022133109901844893 0.65337795590756 0.85098 0.607843 0.564706
v -0.17042772694487308 0.031189095019233259 0.6549246254234489 0.843137 0.643137 0.533333
v -0.17181950726162924 0.01760181213965749 0.7863177512984976 0.14902 0.152941 0.168627
v -0.16937082451610437 0.00856043391460081 0.7967336635899062 0.07451 0.082353 0.086275
v -0.17881422693704938 -0.011169022856117536 0.7947290450727863 0.121569 0.133333 0.137255
v -0.17708814236512267 0.018339225618032537 0.8541856770925872 0.070588 0.070588 0.070588
v -0.16286197389146463 -0.137435883784153 0.8184313209549459 0.658824 0.752941 0.8
v -0.17187839439128764 -0.10544395655863673 0.7921167494458075 0.709804 0.796079 0.839216
v -0.1587626564149804 -0.13368422362569744 0.7957997110175743 0.678431 0.768628 0.807843
v -0.1699832598776878 -0.10321193981096372 0.7748167320081894 0.717647 0.807843 0.85098
v -0.17328533061436478 -0.10738838297269807 0.7764907846163768 0.670588 0.772549 0.827451
v -0.17538133033620119 -0.07516121532715575 0.7745645739159248 0.654902 0.733333 0.772549
v -0.16938559783739236 -0.10753940607774504 0.7820628448585052 0.670588 0.768628 0.815686
v -0.17220377183667169 -0.07527073120832698 0.7802969053673662 0.592157 0.694118 0.741176
v -0.16995971977110198 -0.07492779767838599 0.7712725744193907 0.670588 0.745098 0.780392
v -0.15982556774565224 -0.09734541563466649 0.7279047637374926 0.647059 0.745098 0.788235
v -0.1601984771825713 -0.124663329300246 0.7768102318699682 0.733333 0.815686 0.858824
v -0.15554826795341437 -0.13182350938574978 0.7926250850924501 0.690196 0.780392 0.811765
v -0.15019970878307074 -0.1425657613759098 0.7841962183813815 0.686275 0.780392 0.831373
v -0.14665112914226598 -0.13184023792474448 0.7303077610628835 0.666667 0.760784 0.803922
v -0.1762622875047744 -0.08523071418268408 0.8124873328021951 0.67451 0.768628 0.811765
v -0.16978815366114165 -0.11923935961383586 0.8178855372516418 0.576471 0.666667 0.709804
v -0.11374344950166936 -0.1580793880990719 0.7403912886746648 0.662745 0.768628 0.819608
v -0.1683297910864512 0.026312561673052179 0.7677383786296522 0.156863 0.160784 0.172549
v -0.17181398366316306 0.04613298702601361 0.7706369038287576 0.266667 0.278431 0.286275
v -0.1572310572534664 -0.10622770385414932 0.722701169146779 0.690196 0.780392 0.823529
v -0.1322366118020574 -0.15034198319595397 0.7851787968228499 0.431373 0.521569 0.560784
v -0.15548079469861893 -0.1167682175328356 0.7289344452937888 0.709804 0.792157 0.831373
v -0.1628120482545011 -0.08251139622443539 0.721293472041227 0.588235 0.67451 0.705882
v -0.14820584116013159 -0.13995671743135019 0.781876248459376 0.592157 0.694118 0.745098
v -0.15631944278294869 -0.07372061727958436 0.7178430842403211 0.662745 0.745098 0.780392
v -0.19765647668557843 -0.08439779221123704 0.8134097502030186 0.262745 0.298039 0.298039
v -0.1978898940079322 -0.09812367920495005 0.8109600352932306 0.219608 0.235294 0.243137
v -0.15379079192231266 -0.1493567478071792 0.8084006947826269 0.690196 0.760784 0.784314
v -0.12522577800870278 -0.15247566548801276 0.7893373206566725 0.576471 0.67451 0.713726
v -0.20642151578571886 0.009263241065432899 0.7459003492766017 0.698039 0.486275 0.435294
v -0.19301885372519266 -0.01073516696436913 0.7520609531016733 0.196078 0.2 0.203922
v -0.1834722136282871 0.006441845195849739 0.7515816543017247 0.721569 0.537255 0.486275
v -0.15924160939654595 -0.02896527922697653 0.7706248022758241 0.529412 0.584314 0.6
v -0.17374792039058965 -0.05446663457477769 0.8091515483427587 0.552941 0.631373 0.658824
v -0.1905793537996326 -0.06934174069018163 0.8107595320331843 0.384314 0.431373 0.435294
v -0.19587341569100417 -0.03598146516514112 0.8029434770797959 0.145098 0.145098 0.14902
v -0.21113113176362009 -0.04573605827969003 0.7973238307901713 0.137255 0.137255 0.137255
v -0.19504643319718235 -0.04859379525597145 0.8156083755456479 0.145098 0.152941 0.145098
v -0.19792226671194683 -0.0438333570079262 0.810056363227062 0.113725 0.113725 0.109804
v -0.2025636784461013 -0.04984929520530481 0.8233727746471534 0.105882 0.101961 0.105882
v -0.18684172988036167 -0.05007892036823406 0.8103390581214207 0.207843 0.239216 0.227451
v -0.20144490179202494 -0.034328284223585307 0.7803925771514506 0.137255 0.137255 0.141176
v -0.16794887064551557 -0.035633188299990587 0.8044704519283648 0.552941 0.619608 0.643137
v -0.189515617160179 -0.018021156329314147 0.7983098029934617 0.207843 0.203922 0.192157
v -0.1643905312084464 -0.01805961226462538 0.7978837934898055 0.258824 0.286275 0.286275
v -0.19170695945850844 -0.02709733245222159 0.7874123397899739 0.078431 0.082353 0.090196
v -0.16435497803976613 -0.03159541902263539 0.7944066648706953 0.537255 0.596078 0.6
v -0.1512329780820282 -0.03758658127469431 0.7194469345699486 0.658824 0.741176 0.780392
v -0.18428880151715253 -0.010413006887873724 0.7677863447985703 0.184314 0.192157 0.196078
v -0.15178357611764629 -0.03639945252171179 0.7289389270209947 0.584314 0.647059 0.678431
v -0.1565437526899674 -0.03364644805362743 0.7536121247053441 0.623529 0.682353 0.698039
v -0.17587249336493808 0.01269703881561686 0.758500711561793 0.576471 0.482353 0.454902
v -0.13917804825085834 -0.008223731423260314 0.749276414607701 0.556863 0.611765 0.631373
v -0.15296422358124 -0.013515920787723506 0.7905734707994121 0.541176 0.592157 0.596078
v -0.184670928333141 -0.13222771706617543 0.8145498893563529 0.203922 0.207843 0.203922
v -0.19023935259161665 -0.13296176126411964 0.8213890453575908 0.235294 0.243137 0.254902
v -0.14970009410288716 0.002560801248710765 0.7985712564916784 0.321569 0.364706 0.368627
v -0.19776597508501463 -0.08221750242370651 0.8379176362745139 0.207843 0.223529 0.227451
v -0.19325394291759716 -0.09217480009223711 0.8485416688544386 0.2 0.215686 0.219608
v -0.19070444279461133 -0.12356931120730881 0.8440727415644597 0.239216 0.254902 0.266667
v -0.1974933439363092 -0.10598318519971202 0.8270400511453063 0.254902 0.27451 0.282353
v -0.17922952607521176 0.017383743715646627 0.6617449947951437 0.717647 0.423529 0.396078
v -0.1632828918316606 0.0406434493357714 0.7089982187833903 0.760784 0.537255 0.490196
v -0.17701658510700148 0.04740819451964354 0.7270869789491351 0.8 0.568627 0.498039
v -0.16841743967072218 0.04048341919711888 0.726946068522459 0.784314 0.560784 0.505882
v -0.16922291139456217 -0.0016279200596726999 0.660964128800805 0.886275 0.65098 0.529412
v -0.1872584392520294 0.06779842320780534 0.7747581169297456 0.262745 0.266667 0.270588
v -0.201325196084951 0.06212566882428005 0.7996706970263082 0.266667 0.27451 0.278431
v -0.18131738268949047 0.06016218845364451 0.7872321733690365 0.247059 0.25098 0.25098
v -0.19783261813682699 -0.052474185545587439 0.8230022697109699 0.192157 0.207843 0.211765
v -0.22535841962225362 0.012078957896051877 0.6749831228470301 0.878431 0.65098 0.592157
v -0.20413187801152564 0.04271271458749438 0.7699931905019498 0.647059 0.498039 0.439216
v -0.188553193719691 0.05265898577891719 0.7443650052039796 0.811765 0.619608 0.552941
v -0.20406731542906834 0.05453649220908126 0.7423451415236291 0.87451 0.698039 0.627451
v -0.19673621514699458 -0.04731442462871456 0.8411430514699603 0.058824 0.058824 0.062745
v -0.19623867155966866 -0.05505576363368326 0.854203100632508 0.043137 0.043137 0.043137
v -0.18586816291663653 0.0398059136277478 0.7190619675788618 0.611765 0.345098 0.305882
v -0.19457064328597185 0.041498421386847308 0.7151827444085408 0.690196 0.458824 0.419608
v -0.18035721580196627 0.03594063372001495 0.7681328254091148 0.768628 0.6 0.541176
v -0.1992579977142865 0.025961816102994616 0.6645052550880366 0.811765 0.631373 0.568627
v -0.16875164858059422 0.04305110626498247 0.7385808685552864 0.713726 0.541176 0.486275
v -0.20866944664630419 0.02444885415487366 0.6935982042363695 0.376471 0.152941 0.152941
v -0.20746811195602025 0.021386554194431998 0.6798638795203594 0.823529 0.564706 0.509804
v -0.20713585625410747 0.014518066731222518 0.6807839415415343 0.584314 0.294118 0.258824
v -0.20443063997995634 0.06968976206565361 0.7740601195771525 0.290196 0.301961 0.305882
v -0.17309244767754135 0.022304413082197127 0.7598672301217508 0.537255 0.439216 0.415686
v -0.17154937840369625 0.03023822002455984 0.7274696900716173 0.67451 0.435294 0.403922
v -0.17036568234915129 0.024177204763702326 0.74147806520422 0.741176 0.556863 0.521569
v -0.17637770622726413 0.03061989780397766 0.7088544151485516 0.67451 0.360784 0.337255
v -0.22057851754673689 0.06026001069048468 0.7717918034811944 0.258824 0.270588 0.27451
v -0.2410767359331533 0.03622656873943897 0.7596325325617656 0.266667 0.27451 0.27451
v -0.18230440876605043 0.028656336263163195 0.7228435020163547 0.694118 0.415686 0.352941
v -0.23146082206769107 0.03523801357655165 0.8401919335808129 0.278431 0.290196 0.294118
v -0.19668395284163105 0.03829886383242486 0.7036966632072128 0.619608 0.431373 0.388235
v -0.24846975857719126 0.021906403619077896 0.8230566608362554 0.286275 0.298039 0.305882
v -0.20063413586062335 0.02862914176094288 0.7218374721613468 0.682353 0.439216 0.392157
v -0.23945392346781375 0.04068993123464193 0.7884065004707233 0.254902 0.262745 0.266667
v -0.0347962176852335 -0.08353960617169366 0.4957213283979693 0.572549 0.662745 0.690196
v -0.05028822829269483 -0.07943074598180668 0.4768526579753467 0.529412 0.603922 0.619608
v -0.04526122405970598 -0.07039368839086395 0.5034099112960377 0.458824 0.54902 0.580392
v -0.08757903578410399 -0.06095037395170096 0.5274173113257544 0.580392 0.658824 0.678431
v -0.07775468535463938 -0.050527698702822188 0.5526387130293173 0.615686 0.698039 0.713726
v -0.06299738572411957 -0.0652104503710471 0.5034413668378118 0.607843 0.690196 0.709804
v -0.03821886848493939 -0.0923747660723173 0.4824702996200238 0.564706 0.643137 0.654902
v -0.10217165747904132 -0.06460379660774533 0.5351827124745522 0.647059 0.72549 0.74902
v -0.09912996814164851 -0.03986354970052559 0.5919707033887016 0.67451 0.74902 0.764706
v -0.11391815654837753 -0.1863031966588882 0.482512248539111 0.658824 0.74902 0.784314
v -0.07339422727898015 -0.0698861534327062 0.4957693968379389 0.611765 0.694118 0.709804
v -0.07613959439394436 -0.03339108668914496 0.5957152940561193 0.627451 0.705882 0.717647
v -0.06241477960692044 -0.05296972582576376 0.5531043108948113 0.52549 0.607843 0.627451
v -0.130936523184996 -0.11497643599366649 0.4547289432195194 0.647059 0.721569 0.733333
v -0.13670367780550223 -0.13893521703159554 0.45762850889874776 0.709804 0.796079 0.835294
v -0.06884314914747675 -0.07487463415865883 0.4795628572472046 0.603922 0.690196 0.709804
v -0.13635882051976223 -0.13459764292603833 0.4781861372297046 0.729412 0.803922 0.831373
v -0.1267917715795233 -0.11871137274057352 0.4613818310666241 0.662745 0.74902 0.772549
v -0.06702740995283448 -0.07493574863214263 0.47604353279175595 0.521569 0.627451 0.666667
v -0.047285004895883487 -0.08709068927470049 0.4719608576425177 0.533333 0.619608 0.639216
v -0.06559819478388386 -0.08005220473292334 0.4677545576115215 0.556863 0.65098 0.682353
v -0.13690718941053288 -0.15567298421156607 0.47331740199814417 0.643137 0.741176 0.784314
v -0.1101169088837786 -0.09665957544868197 0.4500179938719206 0.568627 0.670588 0.709804
v -0.11353050528864674 -0.10654718892013515 0.45091095483374368 0.607843 0.713726 0.756863
v -0.09436431314348595 -0.09410746888689029 0.4477121183841353 0.588235 0.686275 0.72549
v -0.11228078122658368 -0.10533288634138555 0.45956216733080015 0.643137 0.741176 0.780392
v -0.10159825197821869 -0.08002948978404083 0.5077644070139179 0.639216 0.72549 0.74902
v -0.11638962185549469 -0.07343150450399279 0.5429023117042536 0.65098 0.733333 0.760784
v -0.09441625701406814 -0.07973601886309138 0.4827000095986439 0.588235 0.662745 0.670588
v -0.09528669811066001 -0.08678678412796813 0.4885903834124629 0.568627 0.67451 0.721569
v -0.09493731552181255 -0.19742732758704693 0.4662877606077674 0.639216 0.729412 0.760784
v -0.05675691214028224 -0.1921736861548942 0.4680033242322761 0.670588 0.764706 0.8
v -0.04488025611605135 -0.10128656358541116 0.461862028906278 0.592157 0.682353 0.705882
v -0.027705665388685624 -0.14009790822772123 0.48356131156834888 0.592157 0.686275 0.713726
v -0.028575465151629406 -0.1471775885155965 0.4697373735827682 0.666667 0.737255 0.741176
v -0.01989406182886716 -0.13407906601371123 0.5156269817309312 0.654902 0.745098 0.772549
v -0.02307917030257044 -0.0972214587297691 0.5264042463812066 0.541176 0.639216 0.670588
v -0.021366028965972607 -0.12415807997782783 0.5461027192336687 0.580392 0.682353 0.721569
v -0.01753335600305696 -0.11014684481369885 0.5868297430208604 0.364706 0.490196 0.564706
v -0.02666781540721702 -0.0941704597466875 0.5528898000614363 0.603922 0.698039 0.721569
v -0.021449040625301176 -0.08941217766828655 0.5896758404997952 0.588235 0.678431 0.701961
v -0.0852633760757785 -0.08091629903482917 0.47798159655900737 0.537255 0.635294 0.662745
v -0.04480807113900457 -0.18272864919419153 0.4457513952574752 0.643137 0.745098 0.780392
v -0.03964558740321073 -0.04615232548667071 0.6076188260423356 0.560784 0.647059 0.662745
v -0.029467645669307445 -0.1672527981458934 0.4828432738467416 0.65098 0.752941 0.784314
v -0.09347340511168356 -0.08164689503984035 0.4967580585720581 0.647059 0.733333 0.756863
v -0.0758930842089746 -0.08360331278581308 0.4655439951482409 0.509804 0.607843 0.643137
v -0.032807383071783 -0.16231502900985998 0.5699829751398645 0.662745 0.764706 0.807843
v -0.023582190083371484 -0.16181859682748826 0.5260340644765877 0.627451 0.741176 0.784314
v -0.02155621383212945 -0.13833826773208614 0.5685960051342485 0.623529 0.733333 0.776471
v -0.020411452978080087 -0.14950142924306429 0.5169624705333779 0.607843 0.72549 0.764706
v -0.03301783085692677 -0.07683152541040664 0.5559823816193953 0.478431 0.560784 0.584314
v -0.02559689852052563 -0.1483146906061224 0.4498602491575075 0.623529 0.72549 0.760784
v -0.029390287244541584 -0.14986907964416686 0.45573136439349667 0.639216 0.729412 0.756863
v -0.0321816531532697 -0.1623834675723224 0.4626237720196793 0.627451 0.729412 0.768628
v -0.09746725965901836 -0.08831412363626348 0.4541220149612279 0.568627 0.666667 0.698039
v -0.044497918204485027 -0.06208755163873791 0.5571236478373076 0.494118 0.576471 0.6
v -0.06522175955848307 -0.09250091409310149 0.4482908490889369 0.482353 0.572549 0.596078
v -0.0475154868750064 -0.11498841499791129 0.4533309583677143 0.517647 0.627451 0.662745
v -0.04849623038524127 -0.09998686689370083 0.4558520790788272 0.584314 0.670588 0.690196
v -0.07090901617051786 -0.08355535121943506 0.4605150257818378 0.509804 0.588235 0.607843
v -0.09513076820735263 -0.08945317824994978 0.46141046851017689 0.596078 0.682353 0.713726
v -0.04448905920306873 -0.11115556661338443 0.445275536373446 0.360784 0.443137 0.478431
v -0.04687906734675065 -0.11598431015766972 0.4422470052906674 0.34902 0.431373 0.462745
v -0.0916048656623416 -0.08395336452897637 0.46798905043172187 0.580392 0.67451 0.705882
v -0.1085600197670284 -0.17336032255081969 0.5756869556317703 0.713726 0.796079 0.831373
v -0.0882819962847046 -0.17845993353869833 0.607032790510868 0.666667 0.760784 0.8
v -0.09975936247291718 -0.19219794187378656 0.48546284803507158 0.639216 0.737255 0.780392
v -0.11748553526994142 -0.17528039999213447 0.5190992274891628 0.701961 0.8 0.843137
v -0.04034830283953084 -0.16681746003607943 0.5812193582205822 0.580392 0.690196 0.737255
v -0.12333806827674744 -0.17090198657405496 0.5112740388211442 0.686275 0.784314 0.827451
v -0.1261549702294656 -0.17105186403845513 0.4896890418024975 0.709804 0.796079 0.831373
v -0.09977293923301639 -0.18543148136656174 0.5144298310648358 0.678431 0.764706 0.8
v -0.10711422057495075 -0.17646732969535545 0.5459949983132036 0.65098 0.74902 0.784314
v -0.1210507229381241 -0.1655671479963023 0.5437839845370348 0.627451 0.72549 0.772549
v -0.11802850136033406 -0.17346768390055015 0.5393384908236539 0.607843 0.705882 0.745098
v -0.13795239968603544 -0.13813913770756312 0.5253109511922859 0.717647 0.807843 0.847059
v -0.11749663391426804 -0.17058481206196567 0.5351254990437031 0.65098 0.74902 0.776471
v -0.12329990557572157 -0.1601842485521842 0.5805674901980417 0.654902 0.752941 0.792157
v -0.1011415182527727 -0.1791202341784076 0.5394834832777324 0.690196 0.776471 0.807843
v -0.13632154144099777 -0.14249561042296364 0.5027115198094733 0.694118 0.788235 0.827451
v -0.13616885896997656 -0.147109019225906 0.48345148524697609 0.623529 0.72549 0.772549
v -0.13697106225700238 -0.11890388175378407 0.5200475105732523 0.658824 0.741176 0.760784
v -0.137400396338746 -0.12729903197659218 0.5015861104433791 0.623529 0.717647 0.752941
v -0.1388977376332668 -0.14594784940861439 0.5073280630173287 0.576471 0.67451 0.709804
v -0.13634400606100598 -0.14118290281074137 0.5102025555997927 0.686275 0.780392 0.819608
v -0.1275542427928146 -0.11131638850084058 0.47149626005092967 0.686275 0.756863 0.768628
v -0.12602550313511549 -0.11318093296000569 0.47802501502721436 0.729412 0.8 0.815686
v -0.03002190184280167 -0.0916655982332883 0.5104985496354969 0.607843 0.701961 0.729412
v -0.032321656095856219 -0.07847247940088122 0.5317677423223773 0.560784 0.643137 0.662745
v -0.12813297902990476 -0.09751162062778345 0.5137816202088911 0.666667 0.745098 0.768628
v -0.13615053155080174 -0.11932786394330755 0.5251389589534785 0.690196 0.776471 0.811765
v -0.12570790129999236 -0.10154089092586387 0.5231259791315391 0.560784 0.678431 0.729412
v -0.1218498062920352 -0.10167569044930473 0.507567842844665 0.619608 0.713726 0.74902
v -0.1257961592387484 -0.1061768523920751 0.49843411575838589 0.72549 0.803922 0.827451
v -0.12332317226419477 -0.10943971236680476 0.4886381676837324 0.596078 0.682353 0.705882
v -0.13091260043788595 -0.10679947865756245 0.4933949756099889 0.647059 0.717647 0.729412
v -0.10662233446742238 -0.08275514095002423 0.5034790126078613 0.654902 0.729412 0.745098
v -0.13633693355969596 -0.13957981168242357 0.5350379289881501 0.745098 0.835294 0.870588
v -0.13657952185633363 -0.13773480122271673 0.5738668834461113 0.72549 0.811765 0.85098
v -0.13856651410925364 -0.11239439788123493 0.5736470149602696 0.729412 0.807843 0.831373
v -0.13029022148783593 -0.08632755836621287 0.5719641623845488 0.721569 0.792157 0.811765
v -0.11685955846119972 -0.055333308850674448 0.5870293276275127 0.658824 0.74902 0.776471
v -0.13236067474422417 -0.07265408037237861 0.6002267981737937 0.65098 0.741176 0.772549
v -0.04529651409837026 -0.18514800865290449 0.47593671009986696 0.631373 0.733333 0.768628
v -0.06078286475473619 -0.1914938801397084 0.503397399454967 0.690196 0.776471 0.807843
v -0.05253222334296268 -0.18960566929146287 0.4887140834035855 0.65098 0.74902 0.784314
v -0.06311953285405304 -0.19061152812740568 0.5200907941992486 0.713726 0.8 0.831373
v -0.07188416829601943 -0.1825049444045561 0.5535551321006812 0.72549 0.807843 0.843137
v -0.07290128072966297 -0.1794827871728291 0.5780755449386318 0.654902 0.745098 0.776471
v -0.07562263711832122 -0.1883945633376205 0.5489595282103882 0.741176 0.823529 0.858824
v -0.06356116909126249 -0.18442072571343799 0.5478152646996244 0.654902 0.74902 0.780392
v -0.043956406097527347 -0.18635260201113738 0.5191718031719433 0.662745 0.764706 0.8
v -0.04504689212987863 -0.17849484077739509 0.5540625519172363 0.584314 0.690196 0.729412
v -0.03111999626884774 -0.177513076148101 0.512011917985014 0.635294 0.737255 0.772549
v -0.054418905089003818 -0.1754478351969045 0.5817265666194984 0.67451 0.768628 0.803922
v 0.14124388594553848 0.011786712142252331 0.8654569612725491 0.192157 0.192157 0.188235
v 0.13291028851682397 0.024781218337087308 0.8774459529475374 0.231373 0.239216 0.239216
v 0.15254743683555473 0.005923820716337021 0.8752913700444933 0.788235 0.698039 0.572549
v 0.1470539508803484 0.010789507028729268 0.8786851252539024 0.803922 0.768628 0.643137
v 0.1657292380931789 -0.010372194474346565 0.8744396340494267 0.211765 0.219608 0.219608
v 0.150593740156746 -0.001954576059517439 0.8744888788459813 0.423529 0.411765 0.368627
v 0.1733378857865767 -0.020669860268505755 0.8784429951100161 0.235294 0.243137 0.247059
v 0.12728912945641175 -0.052257432066213079 0.46363681349291477 0.635294 0.733333 0.768628
v 0.12442432981754219 -0.03642326791623886 0.4585213764285082 0.623529 0.721569 0.768628
v 0.11611573338644517 -0.03586521431114782 0.42996965428521285 0.615686 0.713726 0.756863
v 0.12403664710110973 -0.011052760596153825 0.43019463116956438 0.619608 0.709804 0.74902
v 0.14256161916824729 0.011622453637129944 0.8820495224166641 0.439216 0.313726 0.25098
v 0.13508128255458677 -0.059216157903179068 0.47481873484392586 0.607843 0.713726 0.752941
v 0.15647948346163807 0.01437453738713046 0.441752178980981 0.513726 0.615686 0.658824
v 0.19455615420999795 -0.05943599579715137 0.8668845607781063 0.321569 0.345098 0.345098
v 0.19225357567030167 -0.0931520087162396 0.8890531287581405 0.333333 0.360784 0.356863
v 0.19610552055924528 -0.09781223027493252 0.8733964088750968 0.345098 0.368627 0.368627
v 0.1509059027720276 0.015475524765331338 0.4320540000744951 0.627451 0.709804 0.737255
v 0.07770964870719499 -0.22595099230910149 0.8685861153554024 0.25098 0.254902 0.262745
v 0.1902046473982381 0.017487173623422969 0.44397183127229158 0.533333 0.607843 0.623529
v 0.10096336693739325 -0.21642647691733075 0.866754487966917 0.25098 0.262745 0.270588
v 0.1808338054838751 -0.0483018219582279 0.8883820474357904 0.270588 0.286275 0.290196
v 0.18253284146364505 -0.023256013354840976 0.8620580120771304 0.305882 0.333333 0.333333
v 0.10680061482696757 -0.20873549703539688 0.8779659549628673 0.227451 0.235294 0.239216
v 0.127739474859097 -0.19996856839791947 0.8794684120753075 0.247059 0.258824 0.262745
v 0.131070788823723 -0.2009160383426966 0.8728901196469353 0.25098 0.258824 0.266667
v 0.21867784271458277 0.013549568098918604 0.45275952008268907 0.592157 0.658824 0.662745
v 0.19107165817823744 -0.11906121515565919 0.8660558799767373 0.239216 0.25098 0.254902
v 0.1153172085768122 0.044071158504985569 0.875612618671697 0.254902 0.262745 0.266667
v 0.10075901100753945 0.05519597452998885 0.8870399718793974 0.243137 0.25098 0.247059
v 0.23375913971394847 -0.0043234055599682828 0.44998300951182076 0.654902 0.737255 0.756863
v 0.22757910062367768 0.0035330430446127807 0.44875805841339469 0.623529 0.690196 0.690196
v 0.2190793801957886 -0.06042041961613793 0.4553873353432526 0.737255 0.811765 0.835294
v 0.23012676761338905 -0.0415089072536887 0.45621401306134087 0.709804 0.788235 0.811765
v 0.22944985602139707 -0.05015371016474737 0.43708873079586688 0.698039 0.788235 0.815686
v 0.2046621138975216 -0.07530357269784321 0.44471431796452556 0.678431 0.764706 0.788235
v 0.14807896089762624 -0.0694130433856026 0.4782207821941318 0.572549 0.67451 0.713726
v 0.1415765630039384 -0.0675042504551212 0.47069519023480368 0.670588 0.760784 0.792157
v 0.16836940142241173 -0.07513567734183849 0.48063181697879878 0.647059 0.745098 0.776471
v 0.18907362035568346 -0.08171102869675207 0.46266749167894047 0.694118 0.784314 0.807843
v 0.18092419187586054 -0.07956171376469086 0.47395019444216077 0.698039 0.788235 0.819608
v 0.1534877436506519 -0.18761102502930664 0.8598049056343602 0.254902 0.266667 0.27451
v 0.13093140494920503 -0.1926713421669948 0.8960471952779106 0.227451 0.239216 0.243137
v 0.18114219419058825 -0.14675230294270243 0.8684678680011847 0.341176 0.364706 0.364706
v 0.16065386798678614 -0.16952560122540209 0.8855886416064923 0.278431 0.298039 0.298039
v 0.17188290988897268 -0.14863126627121338 0.8959468822806793 0.301961 0.317647 0.317647
v 0.18479703108152638 -0.12434334948491564 0.8903278218960015 0.176471 0.184314 0.180392
v 0.08478780800285625 0.06561115188121279 0.8777269089317257 0.262745 0.266667 0.270588
v 0.011445406859403766 0.0744168247017999 0.8900653409153826 0.196078 0.196078 0.192157
v 0.015186063683225695 0.0707059588885676 0.8826151060967908 0.172549 0.176471 0.172549
v 0.03620784192853396 0.07565076155552361 0.8736222222496752 0.270588 0.278431 0.27451
v 0.024286576207272885 0.07336822584974108 0.8659727713085691 0.235294 0.239216 0.235294
v 0.005972961544727998 0.07376507215162222 0.8685718647625329 0.231373 0.231373 0.235294
v -0.055414412302819977 0.07935977906973267 0.8679253813384078 0.27451 0.286275 0.290196
v -0.021180518018100344 0.07959779192452457 0.8750841491276491 0.282353 0.294118 0.298039
v -0.007834255781351173 0.07617175506612575 0.8753016590424585 0.231373 0.235294 0.239216
v 0.00025772268000807903 0.0705244862161854 0.8657088880008883 0.145098 0.145098 0.145098
v -0.0697480525810896 0.0759550336177162 0.8810762081185005 0.270588 0.282353 0.290196
v -0.09322224210931465 -0.22323366623356356 0.8761880706423889 0.262745 0.27451 0.282353
v -0.06419493518963174 -0.23239688644706445 0.8718337865178532 0.266667 0.27451 0.282353
v -0.03316326432197874 -0.2388792581897597 0.8614681849292187 0.262745 0.270588 0.27451
v -0.01391227901092949 -0.2296596766756487 0.8919061232737247 0.254902 0.258824 0.262745
v 0.0022113091256763634 -0.23250187885283986 0.8890843529102724 0.231373 0.235294 0.239216
v 0.027860580276643875 -0.23012513161681098 0.887611392098579 0.262745 0.27451 0.278431
v 0.052680080266837629 -0.22710472402525157 0.8867768740559645 0.239216 0.247059 0.254902
v 0.07577027993146353 -0.21988982448190046 0.8839679344288063 0.254902 0.266667 0.270588
v 0.038212859802581749 0.07126742346597973 0.8898658189746955 0.278431 0.286275 0.286275
v 0.021917279950294485 0.07484526277863568 0.8849929750945776 0.223529 0.227451 0.231373
v -0.11259188652722858 0.06104164324434051 0.8732965892977874 0.254902 0.266667 0.270588
v -0.10194504756199534 0.062114067089618498 0.8859714699110339 0.286275 0.301961 0.305882
v -0.14083203656090285 0.0475687994194211 0.8655480833428026 0.235294 0.247059 0.25098
v -0.1541717360461225 -0.18796829729228788 0.8697358662266123 0.27451 0.290196 0.298039
v -0.17168512715452606 -0.1567043891079743 0.8714341901804882 0.27451 0.290196 0.298039
v -0.14170779232060239 0.0393394660069315 0.8727011876625118 0.254902 0.262745 0.270588
v -0.11476645051207755 -0.21255466129000664 0.8786910175138158 0.258824 0.270588 0.27451
v -0.10869983239262585 -0.20942461284375289 0.896580398033521 0.243137 0.254902 0.258824
v -0.11546759378622582 -0.2062525120590078 0.8981270927290416 0.25098 0.262745 0.266667
v -0.13716469672940455 -0.19690323628886653 0.8862172230236152 0.25098 0.262745 0.266667
v -0.16162069853338527 0.03471168232834344 0.857631367816802 0.172549 0.176471 0.180392
v -0.14043533820196983 0.04136199458595641 0.8835490402247717 0.184314 0.184314 0.188235
v -0.14397119065595563 0.028995273684486519 0.9043129621033587 0.27451 0.247059 0.211765
v -0.21539318244736828 0.03565600407201096 0.8734166439644688 0.184314 0.188235 0.188235
v -0.24908701951681154 -0.06815417282969681 0.8685723442176897 0.219608 0.227451 0.227451
v -0.2619765562788226 -0.04905676932558534 0.87603620100885 0.282353 0.298039 0.301961
v -0.23679877965527652 -0.07796156501853535 0.8760401214433753 0.176471 0.180392 0.180392
v -0.21680140175609936 -0.0787365603086234 0.8768451854427649 0.133333 0.133333 0.133333
v -0.2647127573502682 -0.028821707480948784 0.8807861053247729 0.313726 0.329412 0.333333
v -0.2634324569609491 -0.01765994464227396 0.8767781005238194 0.305882 0.321569 0.329412
v -0.24681339497482109 0.009700560804940513 0.8617134456119427 0.27451 0.286275 0.290196
v -0.25722304241521939 -0.0011057561645811555 0.8678823179909346 0.321569 0.341176 0.34902
v -0.19394658521493389 0.03393790190558529 0.8744046516611022 0.152941 0.152941 0.156863
v -0.1821145366606496 0.018802592156377874 0.8745824013508882 0.12549 0.12549 0.12549
v -0.18800984591735094 -0.09136602845085773 0.8719665001204011 0.184314 0.192157 0.2
v -0.1826687794783282 -0.12143825119613154 0.8790632043260951 0.266667 0.278431 0.286275
v -0.17966222131547486 -0.12948142556341425 0.8726395758651602 0.239216 0.254902 0.262745
v -0.19033041508377686 -0.08133232044131168 0.8803986166878129 0.117647 0.117647 0.12549
v -0.20893525932068852 -0.06894959693279579 0.8579611304948439 0.082353 0.082353 0.086275
v -0.19532767351554965 -0.057853661447692768 0.863696738381759 0.054902 0.054902 0.054902
v -0.1922868295199482 -0.06925534656022882 0.8743121861146134 0.086275 0.094118 0.098039
v -0.22441544161731959 0.03005522631815322 0.870645918470465 0.270588 0.278431 0.282353
v -0.24927511736419187 0.008229048503435704 0.8710035547391712 0.290196 0.298039 0.305882
v -0.1882374503381398 0.02415486670376217 0.8885559168852558 0.168627 0.168627 0.172549
v -0.17690142955714836 0.016115628630249788 0.8781510140611324 0.094118 0.094118 0.098039
v -0.1516267767913262 0.02976037328285014 0.8838304809478567 0.219608 0.227451 0.231373
v -0.13732765679642792 -0.1678774069306034 0.45480826471598886 0.678431 0.776471 0.815686
v -0.12815394546978133 -0.18784410453281492 0.43483217844401519 0.65098 0.745098 0.784314
v -0.10801607204211533 -0.19737283324323585 0.449935209641713 0.701961 0.784314 0.815686
v -0.13191181879360096 -0.1268892928218058 0.4475396617164395 0.709804 0.792157 0.823529
v -0.1390033988213475 -0.1542837721069107 0.4514140368902411 0.713726 0.8 0.839216
v -0.11334041696737563 -0.10169122536760275 0.4371546829358988 0.65098 0.737255 0.768628
v -0.1299905462162852 -0.12284443354155951 0.433185678722284 0.596078 0.701961 0.74902
v -0.09706009574192123 -0.09535794755936605 0.44136559794428867 0.6 0.690196 0.72549
v -0.08863164112299507 -0.20140979487744055 0.45248780229181476 0.709804 0.796079 0.823529
v -0.060249822326113217 -0.1961661589691878 0.4413402246979823 0.635294 0.737255 0.772549
v -0.06110039817548776 -0.20316197961554589 0.4341716073367157 0.658824 0.745098 0.780392
v -0.03908545924971022 -0.18510115213887044 0.4435443351406187 0.615686 0.717647 0.745098
v -0.0778206131943089 -0.20486167370753453 0.42715242149910606 0.65098 0.741176 0.776471
v -0.03377981064177782 -0.15137890412739173 0.44481709531650645 0.643137 0.737255 0.764706
v -0.04098857326433172 -0.1772825949812934 0.44197637209703236 0.501961 0.603922 0.635294
v -0.034229524223577837 -0.1619896971349016 0.43586821431185626 0.501961 0.627451 0.690196
v -0.07778002020343294 -0.08944734360913452 0.4441640758420804 0.435294 0.533333 0.568627
v -0.036494702306901747 -0.13238857281512715 0.44070849759252919 0.54902 0.647059 0.678431
v -0.05204795771861934 -0.1068178970188522 0.4384851207308869 0.631373 0.709804 0.721569
v -0.19609018306856156 0.00949243013416981 0.9337874587602205 0.211765 0.211765 0.215686
v -0.20930062630240213 0.014918489251690688 0.9289924289310397 0.219608 0.227451 0.227451
v -0.20911451888173178 0.008767430489939533 0.9436472050382577 0.203922 0.203922 0.207843
v -0.22829319308683067 0.011554179020487749 0.933376858353083 0.27451 0.282353 0.286275
v -0.19713934913865165 0.0026504119251289524 0.9549050805024314 0.223529 0.227451 0.231373
v -0.21932034406757437 -0.14831388943590377 1.074225494526127 0.278431 0.294118 0.298039
v -0.2090235484048607 -0.1482346698572191 1.054645479770789 0.172549 0.176471 0.176471
v -0.20143864033766957 -0.14971268192380464 1.080296421467657 0.262745 0.266667 0.270588
v -0.20731000789891886 -0.14547085349471307 1.0491693767809825 0.266667 0.27451 0.278431
v -0.19279624286700076 -0.13972748667958286 1.0463404382599846 0.290196 0.305882 0.309804
v -0.1924886161673214 -0.13265833086057225 1.0593422628406773 0.101961 0.105882 0.109804
v -0.19201648856797125 -0.15070936522024834 1.0918843999661215 0.313726 0.333333 0.333333
v -0.2063507169112487 -0.14714129849930505 1.092893247867093 0.192157 0.196078 0.196078
v -0.22003272840050518 0.003915534604054168 0.9579620764572435 0.2 0.203922 0.207843
v -0.17424955762473114 -0.008085944478262249 0.9469345568645511 0.164706 0.164706 0.160784
v -0.23217654255250923 -0.0012507758696516506 0.9531769695051231 0.192157 0.2 0.203922
v -0.25212407369077685 -0.009212560188647599 0.9394480186915563 0.364706 0.380392 0.388235
v -0.24114255534334187 0.00807036763739158 0.923311288482853 0.25098 0.254902 0.258824
v -0.181526682455819 -0.020736122400870403 1.1600453878654556 0.227451 0.231373 0.235294
v -0.1907345090760438 -0.01840526004785986 1.155963012507067 0.239216 0.247059 0.25098
v -0.20031011474282219 -0.01670543609636315 1.1841766042294773 0.227451 0.235294 0.235294
v -0.21164420927027009 -0.021932857365234236 1.1635514266582004 0.262745 0.27451 0.282353
v -0.19017669748435624 -0.01817297689093748 1.1793072721864353 0.133333 0.137255 0.137255
v -0.16910591180819327 -0.03348937795506199 1.1766093976290646 0.015686 0.015686 0.015686
v -0.1659253755996521 -0.03869053381974612 0.9970802280738632 0.105882 0.109804 0.105882
v -0.19256097623670102 -0.1432075965408195 1.0656787600235245 0.258824 0.266667 0.27451
v -0.20358422165995289 -0.15230974092144879 1.0977431276384065 0.188235 0.192157 0.192157
v -0.1788241299499903 -0.14299144415420418 1.0976306164689347 0.215686 0.223529 0.227451
v -0.18568411707176298 -0.1466865787622552 1.1021521030058863 0.215686 0.223529 0.231373
v -0.22716558846160099 -0.13864624985454836 1.0475813955887108 0.239216 0.247059 0.247059
v -0.17581903625447224 -0.029711903516363045 1.1632089930879198 0.098039 0.098039 0.098039
v -0.17002481122438946 -0.13489720258317387 1.1584069334011742 0.047059 0.047059 0.047059
v -0.1761078806748555 -0.14337846064857305 1.1733686820239977 0.090196 0.090196 0.094118
v -0.200420683364965 -0.1592253412162439 1.1204458956999908 0.2 0.207843 0.215686
v -0.17594375535845029 -0.04163125681921383 0.9802004533313188 0.070588 0.070588 0.070588
v -0.18807383876273757 -0.027059413024312419 0.9876682310443237 0.101961 0.101961 0.101961
v -0.1849999629640385 -0.02522628530734412 0.9961036981027869 0.086275 0.086275 0.086275
v -0.2235980860139569 -0.14627092903444287 1.0598573021362754 0.243137 0.254902 0.25098
v -0.1680277879090865 -0.11386452434912344 1.0084223815558598 0.145098 0.14902 0.152941
v -0.1902295388922175 -0.12878947133212313 0.9844481337112881 0.152941 0.156863 0.156863
v -0.1718595003928149 -0.10135860652520179 0.9891697806481262 0.109804 0.109804 0.117647
v -0.19412886403613689 -0.022069466100269696 1.0217831491148569 0.164706 0.164706 0.168627
v -0.22256577449886126 -0.02108180297737956 1.01718430933464 0.168627 0.168627 0.176471
v -0.19862493778841229 -0.015925208771193714 1.0313755622914254 0.192157 0.2 0.207843
v -0.18090071231453062 -0.12549733400373867 1.0595615771556113 0.168627 0.172549 0.180392
v -0.21983964013799527 -0.14929566653957697 1.1001004761876934 0.160784 0.160784 0.164706
v -0.22979508868063074 -0.14497187441993562 1.0998135971156507 0.27451 0.282353 0.286275
v -0.1756347090331328 -0.1593300330688581 1.179375808321201 0.07451 0.07451 0.078431
v -0.1759190292032148 -0.14275436287805233 1.1846751984924249 0.035294 0.035294 0.035294
v -0.19333093602029789 -0.019887615367476787 1.142694836847184 0.168627 0.172549 0.172549
v -0.22358733815690583 -0.02032455011582396 1.024470364252902 0.262745 0.270588 0.282353
v -0.19891623403552417 -0.1604366973983642 1.1656387898014063 0.215686 0.223529 0.223529
v -0.18791988960103546 -0.15585988929000625 1.1519104154775477 0.184314 0.188235 0.196078
v -0.18908941508822964 -0.15679487107614407 1.1735148209951252 0.152941 0.152941 0.152941
v -0.1744448761895992 -0.04559662446846588 1.03667403823392 0.082353 0.082353 0.082353
v -0.17634778635005303 -0.029098353562697546 1.0448800478354524 0.07451 0.078431 0.07451
v -0.221117710798737 -0.09191760266505327 0.9022328455246508 0.2 0.2 0.203922
v -0.23380433331002269 -0.09096038715096855 0.9056433595047689 0.258824 0.27451 0.282353
v -0.24402948915960957 -0.08316205677639827 0.8994933609867568 0.235294 0.243137 0.247059
v -0.19000879489127854 -0.024053365299353797 1.0388108863858257 0.058824 0.062745 0.058824
v -0.17779889776266265 -0.03488353301198503 1.0344234034937077 0.098039 0.098039 0.098039
v -0.1720196010553338 -0.043493372427897757 1.0274064697292034 0.058824 0.058824 0.058824
v -0.17404295977884694 -0.033225186161597978 1.0164440228909942 0.043137 0.043137 0.043137
v -0.2238289806832816 -0.08153709227309249 0.8790893783757398 0.164706 0.168627 0.168627
v -0.2479329021156244 -0.07973833655800344 0.925487759146726 0.121569 0.133333 0.141176
v -0.24339682008208947 -0.08967016868429206 0.9147179661645394 0.266667 0.282353 0.286275
v -0.23732395223559098 -0.10032387516324989 0.9283951352533952 0.254902 0.262745 0.270588
v -0.2567273498164758 -0.06872703106665898 0.9284225599844668 0.160784 0.164706 0.168627
v -0.25291483469220168 -0.09091760360009244 0.9295365173684358 0.223529 0.227451 0.227451
v -0.21913724902491733 -0.023396482059357884 1.151859202294899 0.247059 0.254902 0.262745
v -0.21846740819143799 -0.026932123926882477 1.1812687392005133 0.247059 0.258824 0.258824
v -0.1830726755610444 -0.01922859644944144 0.9733157294434734 0.141176 0.141176 0.141176
v -0.17896535929133693 -0.027333381741260339 0.9625134291735532 0.086275 0.086275 0.086275
v -0.17461102202261973 -0.02780392372268634 1.0040696438471518 0.14902 0.152941 0.152941
v -0.18800421776269803 -0.01896215907524149 1.006737166990076 0.133333 0.133333 0.133333
v -0.1841189574204353 -0.03119493416310498 1.0138348157888527 0.062745 0.062745 0.066667
v -0.22265858262524133 -0.09780628867569594 0.9188392729180747 0.180392 0.184314 0.188235
v -0.1861298355560911 -0.023084529856136315 1.0313727924154917 0.145098 0.145098 0.145098
v -0.21995213523254976 -0.09853479482709764 0.9298716771292045 0.039216 0.043137 0.043137
v -0.16856812514430107 -0.02033233463671925 0.9536837342379727 0.101961 0.098039 0.098039
v -0.2590523585891922 -0.07258920623654838 0.9151726420322015 0.254902 0.266667 0.270588
v -0.24240126618866707 -0.0459384892141347 1.1735342335935795 0.266667 0.27451 0.282353
v -0.2516713053466269 -0.09309103207399823 0.9379465671552396 0.113725 0.117647 0.113725
v -0.2123818844186367 -0.13179655728212845 1.0330831888745014 0.2 0.207843 0.207843
v -0.1959422584692308 -0.13263981773295217 1.0347441275310563 0.160784 0.164706 0.172549
v -0.21145043546089863 -0.13109948865889366 1.0418316475448717 0.172549 0.180392 0.188235
v -0.19659581950564757 -0.029006887649869526 1.016558397450331 0.121569 0.121569 0.129412
v -0.1985132109541178 -0.01641387843912365 1.0421678858559825 0.262745 0.27451 0.282353
v -0.18715697215337538 -0.022310035734182163 0.9830179624801161 0.105882 0.105882 0.109804
v -0.200826053517433 -0.02648601156325618 1.048089528784162 0.176471 0.180392 0.188235
v -0.1779201290437814 -0.08969078972140433 0.9393897636597393 0.054902 0.05098 0.054902
v -0.18215733143765065 -0.07686520799508719 0.9293013799159114 0.019608 0.019608 0.023529
v -0.17780092445630997 -0.0900582335768858 0.9289845797043245 0.062745 0.066667 0.070588
v -0.20111691997268628 -0.0863935629368535 0.9275946207898138 0.086275 0.086275 0.094118
v -0.23263908085442737 -0.024880141192259697 1.0482825753990857 0.27451 0.290196 0.298039
v -0.2273700946739328 -0.030254524906071807 1.0285362436326478 0.207843 0.211765 0.219608
v -0.21777506079066273 -0.004150313419443508 0.9808194677393938 0.12549 0.129412 0.137255
v -0.1958981461960647 -0.0126997572164656 0.9844782455493663 0.180392 0.184314 0.188235
v -0.20018571421924337 -0.0069330124017189949 0.9763940648384342 0.188235 0.188235 0.196078
v -0.256033673358291 -0.11214909742305417 1.1846486093688922 0.258824 0.266667 0.27451
v -0.2546857956500517 -0.11571225995542024 1.15483790953462 0.282353 0.290196 0.298039
v -0.24596094526686097 -0.13526702622237248 1.181462356282159 0.282353 0.290196 0.301961
v -0.21269368193187428 -0.010145595343573405 0.9960606878300249 0.254902 0.266667 0.27451
v -0.2586622730553837 -0.09540881635229687 1.157315987468875 0.294118 0.305882 0.313726
v -0.2577249705845572 -0.08216326803251098 1.1676503535895846 0.290196 0.305882 0.313726
v -0.22015636379107568 -0.002216292088848161 0.9721417145625908 0.196078 0.2 0.203922
v -0.24506752970500082 -0.13761254070430568 1.158396525045662 0.270588 0.278431 0.286275
v -0.23307618517288823 -0.020649758306617324 1.0087259445534387 0.262745 0.270588 0.278431
v -0.20332282893778207 -0.02056285108222169 1.0079736834739637 0.192157 0.192157 0.2
v -0.23161958310201734 -0.15441540530673715 1.1783288066946765 0.278431 0.290196 0.294118
v -0.26749428981379988 -0.05395629696468615 0.9140842705930556 0.262745 0.27451 0.282353
v -0.21064889481939937 -0.01467768382237089 1.0069163022816597 0.121569 0.117647 0.117647
v -0.2057458810705441 -0.012386528509126662 0.9982796956855778 0.184314 0.184314 0.188235
v -0.26561298730593849 -0.046482100897668559 0.922913208514307 0.247059 0.254902 0.254902
v -0.2715290201940003 -0.05423594713666811 0.9317133973603907 0.25098 0.258824 0.258824
v -0.2708515177979993 -0.03964490581793684 0.9279470407238564 0.278431 0.290196 0.298039
v -0.26871146889128497 -0.03974831675218328 0.9205665817590759 0.231373 0.239216 0.235294
v -0.2682288212920545 -0.0444031925707532 0.9088747082957785 0.278431 0.294118 0.301961
v -0.261205564888813 -0.016455004769763676 0.9279610620312292 0.262745 0.270588 0.278431
v -0.2620732374383321 -0.016866620444322836 0.9108919421696963 0.321569 0.337255 0.34902
v -0.2511197341984628 0.00033189503457604403 0.9201091539799607 0.203922 0.211765 0.215686
v -0.246418915164265 0.0005138285241693882 0.9100734403928197 0.27451 0.282353 0.290196
v -0.2657143136984198 -0.025993477328461774 0.9060277878482383 0.32549 0.341176 0.34902
v -0.2562248094602384 -0.017037904497814023 0.9197716606402192 0.262745 0.27451 0.286275
v -0.25379534315830229 0.0012244816253691599 0.8925326111786547 0.309804 0.321569 0.333333
v -0.17749288433765116 -0.012642711348004092 0.9573125877768527 0.152941 0.152941 0.152941
v -0.18614792523928112 -0.01800611609490054 0.9634681350391815 0.078431 0.078431 0.078431
v -0.2430131508596359 -0.017609419814135504 0.9929337692526924 0.270588 0.278431 0.286275
v -0.17450815685558317 -0.13714213649659166 1.1163594138366902 0.176471 0.180392 0.188235
v -0.17815617017669806 -0.13497190201150126 1.073346851687119 0.188235 0.192157 0.192157
v -0.17216473414067066 -0.013583555386372074 0.934126184392973 0.094118 0.094118 0.094118
v -0.1833865909078598 -0.0002403056004707442 0.931303012209861 0.176471 0.180392 0.184314
v -0.2180419677811132 -0.16003466088651717 1.1710110339543989 0.227451 0.235294 0.231373
v -0.2066896918548685 -0.15970300272285449 1.1514149025375418 0.215686 0.223529 0.223529
v -0.20727410261230584 -0.005750440244226351 0.9683831369182436 0.141176 0.141176 0.14902
v -0.17650822010215543 -0.12452861896563788 0.8927684794527278 0.203922 0.215686 0.223529
v -0.17623941010247344 -0.11326094875969181 0.9045671852985638 0.196078 0.207843 0.215686
v -0.22464256517424767 -0.003837154832891002 0.9662876973628064 0.156863 0.160784 0.172549
v -0.1992978213905163 -0.08838835964065589 0.9177806065067593 0.141176 0.145098 0.152941
v -0.201173178262422 -0.08264814378334869 0.8976012094225587 0.086275 0.090196 0.094118
v -0.1760814225313996 -0.13253663777815687 1.0378942097612008 0.223529 0.235294 0.235294
v -0.17609065565942598 -0.12599416447890378 1.0528454180767975 0.211765 0.219608 0.227451
v -0.18150331316984337 -0.10996455559708568 0.8958048639456108 0.2 0.207843 0.219608
v -0.18947880714484456 -0.0183175611220307 1.1131703273143448 0.231373 0.239216 0.243137
v -0.20134910852840666 -0.020003319648267509 1.1301393846323258 0.278431 0.290196 0.298039
v -0.19604697778788267 -0.015758656056149357 1.1357759802867796 0.192157 0.196078 0.2
v -0.17154916723972656 -0.03128442654722999 1.0892493791006795 0.133333 0.133333 0.133333
v -0.1969374402503686 -0.09314982994606871 0.9325080055107059 0.117647 0.117647 0.121569
v -0.1822177423406251 -0.09842296046304501 0.9145806972027442 0.172549 0.180392 0.188235
v -0.18069406976676773 -0.08619466131702024 0.9203128782895386 0.090196 0.090196 0.090196
v -0.1841251271044346 -0.07586111590669165 0.9143633928933096 0.047059 0.05098 0.054902
v -0.18601536274657516 -0.08411231284915924 0.8998078924219704 0.098039 0.101961 0.109804
v -0.18120652577647684 -0.12925927654177053 1.0110090691901624 0.258824 0.270588 0.278431
v -0.17536646189493014 -0.11480777981946743 0.9377340236002355 0.176471 0.184314 0.188235
v -0.17924859085883566 -0.02218688030170727 1.1244961645876238 0.137255 0.141176 0.141176
v -0.1994525847441401 -0.07143646917922295 0.8799306542744416 0.043137 0.043137 0.043137
v -0.16901960712962237 -0.02967662551103767 1.0738077505419926 0.12549 0.129412 0.129412
v -0.17488052993662954 -0.0280942735622039 1.0970131977442715 0.105882 0.105882 0.105882
v -0.20304167886985836 -0.018400328166002339 1.1060486891452717 0.227451 0.235294 0.239216
v -0.18661260936092806 -0.07183241877409379 0.9028646806548365 0.070588 0.07451 0.07451
v -0.17254038698119465 -0.028211002985703207 1.1127704822518512 0.086275 0.086275 0.090196
v -0.21770919313611879 -0.15855680893222527 1.1223892433038643 0.258824 0.266667 0.27451
v -0.2101823193764415 -0.16070484003960584 1.1268164907943843 0.247059 0.25098 0.254902
v -0.19100772706911055 -0.06758434643428395 0.8908622578063392 0.070588 0.070588 0.070588
v -0.18536618512165962 -0.021372922267995314 1.0929699070008037 0.203922 0.207843 0.215686
v -0.22247109557224427 -0.024215922742535265 1.1031598112866246 0.298039 0.313726 0.313726
v -0.18207079367780888 -0.07254574795333288 0.9227694393891733 0.039216 0.039216 0.039216
v -0.18346300656132528 -0.07225906175367722 0.902128352158736 0.011765 0.011765 0.011765
v -0.23274623850826574 0.01711174780875472 0.9046244347061733 0.278431 0.286275 0.294118
v -0.22823344637944066 0.01471167145826568 0.9123627052062925 0.247059 0.254902 0.262745
v -0.2201307836769338 0.019187954807462227 0.9147388437156948 0.254902 0.262745 0.270588
v -0.22024296182225179 -0.028576474877245268 1.1357581238112554 0.262745 0.270588 0.27451
v -0.2381753978848832 0.016021399256070543 0.8949737247734615 0.270588 0.278431 0.286275
v -0.21251907101839713 0.013914680530251739 0.9233922768116276 0.223529 0.227451 0.231373
v -0.17338689081561788 -0.0016069826835383736 0.9175134423371473 0.086275 0.086275 0.090196
v -0.17266276028428588 -0.032695893978719508 1.0509223039318392 0.160784 0.160784 0.164706
v -0.1876863271710247 -0.02044676468730682 1.0698564388678494 0.180392 0.188235 0.2
v -0.19507415236200358 -0.15963671231786268 1.1462290783434768 0.258824 0.266667 0.270588
v -0.20145693269540086 -0.018876831117933154 1.0852355233481228 0.247059 0.25098 0.262745
v -0.20553970740328462 0.023511151486846093 0.9088925632173935 0.243137 0.247059 0.25098
v -0.19473295892660315 0.01646440255521693 0.9056054703816252 0.152941 0.152941 0.152941
v -0.1763514472834448 0.003358702827553872 0.8999430456536332 0.090196 0.090196 0.094118
v -0.18589147779635097 0.012911482152931075 0.9158408424854335 0.164706 0.168627 0.172549
v -0.20858361027133724 0.02748748859102236 0.8968284849486058 0.254902 0.262745 0.270588
v -0.1815226369347747 -0.135951213367663 1.1271391678945664 0.058824 0.058824 0.058824
v -0.19858414989044669 -0.15987751256418915 1.129655355915062 0.152941 0.156863 0.156863
v -0.1760788521485119 0.009457498459144414 0.8826823266771834 0.070588 0.07451 0.078431
v -0.19108832149734698 -0.027535062029280214 1.0550559399294937 0.168627 0.172549 0.180392
v -0.23325012291151338 -0.03213099241578758 1.0951202864004424 0.286275 0.298039 0.305882
v -0.2258403936687616 -0.15403881286011512 1.1428749701732788 0.219608 0.223529 0.223529
v -0.22073731562735944 -0.1580552402437394 1.1350807258084457 0.207843 0.211765 0.211765
v -0.21149126179277853 -0.023668227628719886 1.0710875112610399 0.223529 0.227451 0.239216
v -0.22183295782232874 -0.03344525587462655 1.0875317614963476 0.227451 0.235294 0.247059
v -0.2197730035227369 -0.024099133255890784 1.063833123090124 0.262745 0.27451 0.278431
v -0.17618197281512253 0.003252804386643783 0.9079594348350071 0.086275 0.086275 0.086275
v -0.16953821313049004 -0.09823593848905607 0.9951874766073923 0.066667 0.066667 0.07451
v -0.21696520631307118 -0.1383317143013242 1.0188983485701598 0.298039 0.317647 0.32549
v -0.23193673276218614 -0.13357508894127699 1.0345686912607087 0.254902 0.266667 0.270588
v -0.23510020786154024 -0.026101335592616925 1.0544208953820047 0.25098 0.258824 0.262745
v -0.17743653869444796 -0.1424893698618921 1.1379709045427693 0.086275 0.086275 0.086275
v -0.16563892446194013 -0.12445351485695966 1.1360554095752845 0.043137 0.043137 0.043137
v -0.16648799226705064 -0.1193647101636925 1.124218218493079 0.007843 0.007843 0.007843
v -0.23087795694375064 -0.13243315539984766 0.9666921927463898 0.258824 0.27451 0.278431
v -0.2304402795779394 -0.13593479816675095 0.981937778723059 0.258824 0.27451 0.282353
v -0.24995307622034924 -0.11648021177962098 0.9661389689237699 0.270588 0.286275 0.294118
v -0.19748404720514663 -0.13679525999640775 1.0292426648385114 0.172549 0.180392 0.188235
v -0.20146945968338754 -0.13589318290179953 0.9857972797953752 0.215686 0.227451 0.231373
v -0.24270261373737254 -0.12634677612351129 0.9875768416926106 0.196078 0.203922 0.203922
v -0.2257589568648629 -0.13524670063014089 0.9887740444295932 0.286275 0.301961 0.305882
v -0.27069547521217215 -0.0766083833495014 0.9455215573716682 0.262745 0.27451 0.278431
v -0.25913725526429878 -0.09872637159811663 0.9677615214337892 0.266667 0.27451 0.282353
v -0.21501678432978919 -0.13943380711484494 0.9793653952193679 0.2 0.203922 0.211765
v -0.2205738526365638 -0.12971269885924406 0.9578982250349416 0.2 0.207843 0.203922
v -0.26464307704676107 -0.09071448131458489 0.9360643167241146 0.270588 0.278431 0.286275
v -0.25054313495674515 -0.075883919888806 0.9759559509278543 0.188235 0.196078 0.207843
v -0.2514254883046655 -0.08855155537519728 0.9913856728447009 0.25098 0.262745 0.27451
v -0.2517200729307327 -0.0918708777084287 0.9834249271533461 0.184314 0.196078 0.207843
v -0.24802025607081938 -0.11548501510615492 0.9735406037737391 0.266667 0.282353 0.290196
v -0.2274150937828811 -0.11519317555001489 0.9454302804566663 0.196078 0.2 0.196078
v -0.24365975545828776 -0.11454464434197258 0.9480660902608668 0.254902 0.266667 0.270588
v -0.21403032746921417 -0.11432816786781824 0.9391367477084522 0.207843 0.215686 0.211765
v -0.21103409229971419 -0.09704222286962387 0.9349634575207437 0.082353 0.086275 0.090196
v -0.22194624599658353 -0.09449033898759717 0.9407395063721419 0.023529 0.023529 0.019608
v -0.23990578259800372 -0.09473413143209432 0.9393429801633607 0.184314 0.188235 0.2
v -0.23168204092842707 -0.13553813755053435 1.0004906543827934 0.278431 0.290196 0.298039
v -0.246324496787016 -0.12693054300440485 1.0454712778770059 0.258824 0.27451 0.27451
v -0.22546283033760354 -0.13020141742416808 1.0449010019243568 0.254902 0.266667 0.266667
v -0.2515077501246523 -0.11859546606979743 1.0211651771793869 0.278431 0.294118 0.301961
v -0.2601684163457578 -0.10783916730271107 1.0106836112171738 0.301961 0.317647 0.32549
v -0.2632025333767158 -0.09919047547937489 1.001779873645655 0.258824 0.270588 0.270588
v -0.26593149859733897 -0.09194495992484975 1.03107735393846 0.309804 0.329412 0.337255
v -0.2628896810141553 -0.09521363790730733 0.9962713161026684 0.168627 0.172549 0.168627
v -0.25219185385334899 -0.12015900500185742 1.0496122884411364 0.298039 0.313726 0.321569
v -0.27139418902254477 -0.04617399336487703 0.9467362623186356 0.294118 0.309804 0.317647
v -0.2670465076700264 -0.06812669887669752 1.036232584923502 0.298039 0.313726 0.32549
v -0.262623633860053 -0.056973564417782788 1.0248493600567024 0.243137 0.247059 0.254902
v -0.26507427240771389 -0.0727301179301631 0.9716086298091953 0.333333 0.352941 0.360784
v -0.2617133864123213 -0.0754971350491424 0.9954524030847164 0.2 0.203922 0.207843
v -0.2570541061980745 -0.0507272895554332 0.9754951895806328 0.160784 0.164706 0.168627
v -0.26347555571642797 -0.04756702032569562 0.9708358206705453 0.286275 0.301961 0.309804
v -0.2634586133675889 -0.02643270463779862 0.9438760331915745 0.309804 0.32549 0.333333
v -0.25901206772320836 -0.06336595694100235 0.9781463226465611 0.270588 0.278431 0.294118
v -0.26430528139592177 -0.033948946925718839 0.9613212231003623 0.301961 0.317647 0.329412
v -0.25165778886772779 -0.019937764191327566 0.9506955268639245 0.223529 0.231373 0.243137
v -0.25668690923569245 -0.06775284637248068 0.9853972765707103 0.184314 0.196078 0.207843
v -0.25508343881944869 -0.016920752520580306 0.9681223049022896 0.254902 0.262745 0.270588
v -0.24906952775392988 -0.03164508383940646 0.9790424819765329 0.207843 0.215686 0.223529
v -0.2511649743709557 -0.010824265074768539 0.9632789162308239 0.227451 0.235294 0.247059
v -0.2564308059878776 -0.03543014985631096 0.9838610815066731 0.290196 0.309804 0.317647
v -0.2395082483921685 -0.01676594057431742 0.9793955546926171 0.094118 0.094118 0.098039
v -0.25212841824773277 -0.013301848331590415 0.9466782288126125 0.27451 0.286275 0.298039
v -0.2532651958792761 -0.049723083990282346 0.9840057598471445 0.14902 0.160784 0.168627
v -0.2491900173053533 -0.05835043815969042 1.0068715584004294 0.211765 0.231373 0.239216
v -0.2411952687991791 -0.015568975194463856 0.9887792388580486 0.231373 0.243137 0.25098
v -0.25811126174410856 -0.05187515652571153 1.0030523022959997 0.278431 0.290196 0.298039
v -0.2563318983056987 -0.04343857733045167 0.9929763845516568 0.282353 0.298039 0.301961
v -0.25870489304259716 -0.10164287837585802 1.0551111456181373 0.294118 0.305882 0.313726
v -0.24958452940225216 -0.04901379461185021 1.0148470272496067 0.239216 0.25098 0.258824
v -0.26575988813060349 -0.07322920285330058 1.0614293735044132 0.278431 0.290196 0.298039
v -0.24874344618751394 -0.04750009759146739 1.0316181463529917 0.215686 0.227451 0.235294
v -0.25122862131577569 -0.037841488915988968 1.0217688806524568 0.278431 0.290196 0.298039
v -0.26286543018751298 -0.05738121494661179 1.0315521408150335 0.258824 0.27451 0.278431
v -0.25937704043359507 -0.05395281538010259 1.0538910303523848 0.286275 0.301961 0.309804
v -0.24711110586724978 -0.03595229551763872 1.0603386932312518 0.294118 0.309804 0.317647
v -0.2372870266323581 -0.023927761228634604 1.0163221754278893 0.266667 0.27451 0.286275
v -0.24663172297612918 -0.031457905754552 1.008465723101091 0.231373 0.239216 0.247059
v -0.22753879809190748 -0.13405043699694695 1.0584722901112796 0.211765 0.219608 0.219608
v -0.24372191636509295 -0.12914962978270629 1.0514711272830697 0.207843 0.215686 0.219608
v -0.2472914838887304 -0.13208144790500929 1.1048398769653738 0.278431 0.286275 0.294118
v -0.23404083371243265 -0.13899818755761957 1.0654981347473538 0.278431 0.290196 0.294118
v -0.2576057468437543 -0.11436785947965222 1.0886040535170563 0.278431 0.282353 0.294118
v -0.24298710226607107 -0.11546724004597053 1.057416427270255 0.176471 0.180392 0.192157
v -0.2552348410670052 -0.08859347145825498 1.0639133365198846 0.239216 0.247059 0.262745
v -0.2625960938067023 -0.0737172166828913 1.0720785537624818 0.2 0.203922 0.211765
v -0.24675910065644045 -0.11062329795498213 1.0632088631452355 0.176471 0.180392 0.192157
v -0.26285337393037869 -0.08841498952625272 1.0720790430662135 0.145098 0.145098 0.145098
v -0.25501347960265316 -0.11193516890173964 1.0699298255835932 0.207843 0.211765 0.215686
v -0.264212981872601 -0.09634864224767124 1.0774547703353544 0.258824 0.266667 0.270588
v -0.23358287597906866 -0.14753820544755734 1.1384182428563548 0.196078 0.196078 0.2
v -0.22568813365012523 -0.14383449451888903 1.12622656240703 0.223529 0.227451 0.243137
v -0.23542095852748058 -0.13071492401606933 1.1240775195585447 0.215686 0.223529 0.227451
v -0.24470547793101136 -0.1265650537940934 1.1187981060560886 0.243137 0.247059 0.254902
v -0.24147786865620783 -0.13867402272762043 1.1143366799940944 0.270588 0.278431 0.286275
v -0.23229058764937919 -0.14735498552837168 1.1100592556968938 0.282353 0.290196 0.298039
v -0.2623722248701866 -0.07592649114318174 1.1177706578952816 0.294118 0.305882 0.317647
v -0.26383761608330749 -0.08159649825367686 1.0843397996352744 0.12549 0.12549 0.12549
v -0.2630090071885015 -0.09304936724970518 1.0966756489090977 0.298039 0.309804 0.321569
v -0.24841947805013193 -0.12329011597405582 1.139125867918398 0.215686 0.219608 0.227451
v -0.25229679566572829 -0.06675380743650983 1.079647267352275 0.188235 0.2 0.211765
v -0.24564056263989007 -0.11529084519154802 1.1299323028490536 0.219608 0.227451 0.239216
v -0.2532305290095882 -0.11303592358298861 1.1181117538366475 0.262745 0.266667 0.278431
v -0.25784912951646768 -0.10017033221506192 1.1194319368954938 0.282353 0.290196 0.301961
v -0.245599134098455 -0.11379349661826728 1.1251886559212688 0.188235 0.192157 0.2
v -0.2545412955619629 -0.08110607125941459 1.1281629797929207 0.262745 0.270588 0.282353
v -0.25357038849461385 -0.10899395029017389 1.1390192661599115 0.25098 0.258824 0.266667
v -0.26115784715947529 -0.07954588955734737 1.1431495407886015 0.262745 0.270588 0.286275
v -0.2516923404628022 -0.059527390668150947 1.0686403270769629 0.282353 0.298039 0.309804
v -0.23898817777307614 -0.03029242901736806 1.0669539654758729 0.247059 0.258824 0.266667
v -0.26018463532259208 -0.059544023182068538 1.0885698914640477 0.152941 0.152941 0.156863
v -0.2558619852692171 -0.05405564651598166 1.0839873532593485 0.192157 0.196078 0.2
v -0.25434116945654169 -0.051264211109024637 1.0949737135851106 0.137255 0.141176 0.141176
v -0.24454907491036663 -0.03952031439441788 1.0811209459762848 0.243137 0.25098 0.258824
v -0.23192796939075079 -0.028913875118855016 1.0785047657107112 0.254902 0.262745 0.270588
v -0.24744555578866218 -0.043312782786037829 1.109431883361712 0.266667 0.278431 0.286275
v -0.2590469895559117 -0.06029411789613538 1.1252557756445439 0.243137 0.25098 0.258824
v -0.2610831804018861 -0.07279804513214369 1.131106019607882 0.25098 0.258824 0.266667
v -0.26167302497253255 -0.07131161639866214 1.1371233180388232 0.219608 0.227451 0.235294
v -0.24339416668567927 -0.04560300067105651 1.1449192837772089 0.258824 0.270588 0.27451
v -0.24329208063409403 -0.05039033898851236 1.1329420295784354 0.172549 0.176471 0.180392
v -0.2546413031884453 -0.07031588613646543 1.1769406646997405 0.282353 0.298039 0.305882
v -0.23292535448160057 -0.03363713693902923 1.1230820491318326 0.290196 0.305882 0.313726
v -0.20500108910556645 -0.13027890333190488 0.9763914238698213 0.137255 0.141176 0.14902
v -0.20130003042771864 -0.12528236326641255 0.9635179135646679 0.196078 0.2 0.203922
v -0.20533982910702806 -0.10750417670428045 0.9409009416524842 0.117647 0.117647 0.121569
v -0.18784195106019423 -0.0946162807754558 0.9405719691446504 0.062745 0.062745 0.058824
v -0.19282056044267779 -0.11066628252184918 0.9450839079523087 0.137255 0.137255 0.141176
v -0.18545627413023919 -0.10878346830379156 0.959109213803245 0.133333 0.137255 0.141176
v -0.1728864336375634 -0.1114736329078194 0.9574229040952308 0.07451 0.078431 0.082353
v -0.17659276865073648 -0.09740193081673653 0.9536739456119132 0.07451 0.070588 0.07451
v -0.17717025706567725 -0.09950006775166689 0.97675192754618 0.082353 0.082353 0.086275
v -0.1689003561906932 -0.09427233638433989 0.9797177469017119 0.054902 0.054902 0.054902
v -0.205338448201681 -0.07804915916405647 1.3693440353594527 0.121569 0.12549 0.12549
v -0.20372547577510437 -0.08584158237151898 1.359179571883053 0.219608 0.227451 0.239216
v -0.20636777656643116 -0.09196900604208039 1.3678200196922528 0.25098 0.258824 0.270588
v -0.18859469140772468 -0.0022035913798008875 1.3802610036694394 0.411765 0.329412 0.266667
v -0.17364310828348648 -0.00024989723668834726 1.4026342906635492 0.47451 0.380392 0.298039
v -0.1748917580681583 0.0031606932188089078 1.3850600012841119 0.396078 0.368627 0.309804
v -0.18574777293774759 -0.01140541615108152 1.3488767250548473 0.203922 0.192157 0.176471
v -0.20190989500041585 -0.0026835931415678745 1.3593292924488352 0.505882 0.407843 0.313726
v -0.21012941142286357 -0.08495762469530975 1.3828214190951245 0.541176 0.478431 0.423529
v -0.20491782003060919 -0.08073057236277315 1.397336564344747 0.34902 0.270588 0.219608
v -0.20712170169854203 -0.06996741909779261 1.4020717544066586 0.376471 0.298039 0.235294
v -0.18300926127656348 -0.0013025632296708853 1.380951209579497 0.196078 0.172549 0.14902
v -0.21202537295011385 -0.05171639654706505 1.3782479184181714 0.470588 0.376471 0.298039
v -0.21397236608462398 -0.05982777694305267 1.3816459034367188 0.435294 0.372549 0.305882
v -0.20677063098202437 -0.05390846586231018 1.3914304729120136 0.364706 0.301961 0.247059
v -0.1825878585263462 0.011554738201396039 1.366760825620727 0.258824 0.258824 0.258824
v -0.17868931850868156 0.007648446615700635 1.3760839600426747 0.25098 0.254902 0.254902
v -0.2049476537197389 -0.05438911899646424 1.3619764986346974 0.341176 0.333333 0.329412
v -0.1987959473211936 -0.04331415141033012 1.3531251487260244 0.313726 0.282353 0.254902
v -0.19278708355178429 -0.051362289168727547 1.3540681056731375 0.137255 0.141176 0.145098
v -0.21373620546955036 -0.067983366741629 1.3938720772574958 0.356863 0.298039 0.262745
v -0.2051382059667895 -0.09093100042190086 1.397088371863228 0.219608 0.203922 0.192157
v -0.1951412208883901 0.008517691976517542 1.3668953661966504 0.34902 0.301961 0.258824
v -0.20464277277115024 -0.08432707057646767 1.3787281359964146 0.192157 0.192157 0.188235
v -0.2145479918281593 -0.07473476549050633 1.3783011000515358 0.282353 0.27451 0.266667
v -0.21002335583352364 -0.06325065723236236 1.3692873231291678 0.207843 0.207843 0.215686
v -0.19913179214004643 -0.009729205170738997 1.363796455928529 0.639216 0.556863 0.454902
v -0.20197226132322908 0.0037827140840043596 1.3636198819823469 0.301961 0.227451 0.156863
v -0.18928882700911799 -0.12241516545294695 1.416716215741813 0.298039 0.294118 0.282353
v -0.1905285724430253 -0.12907445454448933 1.4209275513293967 0.270588 0.270588 0.270588
v -0.1781818367546888 -0.13353377258586325 1.4302925340018278 0.309804 0.313726 0.305882
v -0.2004665710431817 -0.09019145447220255 1.4100416519190738 0.364706 0.294118 0.235294
v -0.19128987250061303 -0.0813538535813695 1.4143364699845767 0.27451 0.207843 0.160784
v -0.2058798162047955 -0.059036380436475837 1.3736810632467973 0.309804 0.266667 0.227451
v -0.17322179467498809 -0.03056833366174398 1.3077151843505773 0.152941 0.156863 0.164706
v -0.18608778895140738 -0.020129740066546089 1.286736819328162 0.278431 0.294118 0.305882
v -0.18700457089014467 -0.027447791482624517 1.304534541417099 0.207843 0.207843 0.203922
v -0.17609312911794404 0.001723636097843003 1.2405745999753233 0.254902 0.266667 0.27451
v -0.19893083500398987 -0.06142375450985218 1.362001616724251 0.117647 0.117647 0.121569
v -0.19112900720116475 -0.047759934641856387 1.3467318328817966 0.188235 0.192157 0.2
v -0.19978840076784508 -0.0617768177485446 1.3544602779736433 0.184314 0.2 0.203922
v -0.18060666443394045 -0.0045087290873903058 1.2569581654103064 0.247059 0.262745 0.270588
v -0.18464203665004834 -0.09537291702540228 1.4253520877718138 0.313726 0.239216 0.192157
v -0.1886374350960142 -0.1015499833451408 1.4205196151187277 0.313726 0.25098 0.207843
v -0.18447403183948547 -0.1319955861507231 1.4086813747327092 0.262745 0.266667 0.278431
v -0.18126856363495257 -0.020236332563562236 1.4157824388112568 0.329412 0.258824 0.2
v -0.17961135176953486 -0.011958414434098257 1.4057478179527479 0.388235 0.321569 0.25098
v -0.18275067479340074 -0.016658858400387834 1.397174797821321 0.341176 0.270588 0.215686
v -0.1838339782269962 -0.004720689235159167 1.3958267830548977 0.521569 0.423529 0.337255
v -0.1907905343333782 -0.04445647921996366 1.409910704390226 0.376471 0.333333 0.266667
v -0.19647914042214699 -0.03877588094506258 1.408997798727857 0.423529 0.337255 0.270588
v -0.20198423742416039 -0.054344915930006138 1.402722988940685 0.380392 0.301961 0.239216
v -0.19284498620005523 -0.03230276716016835 1.4187433895371729 0.482353 0.388235 0.313726
v -0.1758626393073719 -0.03049655424027462 1.4224736527886588 0.415686 0.341176 0.27451
v -0.19396403759942933 -0.12045348084716781 1.403560111024488 0.227451 0.227451 0.239216
v -0.1845309473978904 -0.05700216849746291 1.420153586685777 0.423529 0.329412 0.247059
v -0.1757326190070184 -0.06893286743008384 1.428218786715088 0.427451 0.321569 0.243137
v -0.18118601218869349 -0.053698274275960296 1.427573994449712 0.270588 0.215686 0.172549
v -0.18254559492641743 -0.04791473608992637 1.4188110559697187 0.580392 0.490196 0.403922
v -0.16691603476882886 -0.04095465192729127 1.4280797767295164 0.360784 0.282353 0.203922
v -0.202475874675407 -0.02873492367983503 1.406557209032705 0.462745 0.356863 0.290196
v -0.19713238295673347 -0.06023115030784667 1.4122943050111115 0.294118 0.223529 0.168627
v -0.1915671586014792 -0.021431722268558115 1.3884266090288895 0.388235 0.305882 0.25098
v -0.20843452038292527 -0.03760863110041203 1.3884144202348057 0.54902 0.482353 0.396078
v -0.2078899446669074 -0.026444345523628934 1.390254933482699 0.427451 0.34902 0.290196
v -0.20373556565963198 -0.11193224722169273 1.3992780506076044 0.243137 0.243137 0.25098
v -0.19787931785987043 -0.11991700559730227 1.4082891412224999 0.262745 0.262745 0.266667
v -0.19606933133931132 -0.11330792030079995 1.4087019099116099 0.337255 0.294118 0.262745
v -0.18889886357908595 -0.11351528427708017 1.4173770551026049 0.388235 0.313726 0.258824
v -0.19813083825981757 -0.07769762110405025 1.3490586392332083 0.160784 0.168627 0.180392
v -0.18678542818519609 -0.05459729482018793 1.3389506561878804 0.12549 0.133333 0.141176
v -0.18719947734040064 -0.060788678401660519 1.3383716167936562 0.203922 0.207843 0.223529
v -0.2075948446221123 -0.09899341757069244 1.4012394004023965 0.364706 0.298039 0.247059
v -0.19896585341381949 -0.10937071865411052 1.3951535618019118 0.231373 0.231373 0.235294
v -0.21069564216100507 -0.09525655941879528 1.3917353719779256 0.368627 0.337255 0.301961
v -0.21192002936240299 -0.10326706588122377 1.391635287442017 0.286275 0.282353 0.270588
v -0.18598638143926805 -0.13997186574209836 1.4000213778390108 0.211765 0.211765 0.227451
v -0.1815788132536348 -0.14077184928549595 1.4133112938652597 0.313726 0.313726 0.317647
v -0.19943405224122635 -0.11664043398967476 1.3910077681284903 0.25098 0.254902 0.262745
v -0.19265287270355303 -0.1425926056185381 1.3911834539316584 0.25098 0.258824 0.266667
v -0.1751043256404109 -0.1652737800307824 1.401728955677708 0.262745 0.266667 0.278431
v -0.19176337411664358 -0.13770136784771948 1.4159401479032086 0.219608 0.215686 0.211765
v -0.1637742520600626 -0.17788979734541494 1.1954262459159513 0.121569 0.129412 0.129412
v -0.1817222556306479 -0.1405371777973425 1.4280487417192498 0.321569 0.309804 0.298039
v -0.19210088851038588 -0.19899776368540698 1.2294995991179326 0.243137 0.254902 0.258824
v -0.18679618166578075 -0.17719082893809144 1.2161200794206895 0.145098 0.145098 0.152941
v -0.17835445374118442 -0.17270876424854848 1.206534215728443 0.129412 0.129412 0.129412
v -0.19808407438772417 -0.18737304108156695 1.2260469473253198 0.215686 0.223529 0.227451
v -0.19452581436218173 -0.17707454367858228 1.214979929750455 0.215686 0.219608 0.231373
v -0.1653609862406259 -0.16631127932724927 1.1982366342183544 0.058824 0.062745 0.062745
v -0.20094646054625615 -0.1857588205490129 1.2583058861607357 0.235294 0.239216 0.25098
v -0.21611060741660596 -0.16861405932184055 1.2720972650733913 0.196078 0.2 0.207843
v -0.2059201192756293 -0.16743225393588433 1.2495393364846255 0.156863 0.160784 0.168627
v -0.1939716529744841 -0.19379084438928494 1.2603778052662776 0.207843 0.211765 0.219608
v -0.1984081349786276 -0.19306747356232605 1.2448307953987584 0.235294 0.243137 0.25098
v -0.171609058299987 -0.19964969782463436 1.2662238148499974 0.235294 0.25098 0.25098
v -0.21136145865553788 -0.18057141325899049 1.2771745436913369 0.231373 0.239216 0.243137
v -0.20326928081210847 -0.17712655314042584 1.2347363239618484 0.196078 0.203922 0.215686
v -0.20653337166555095 -0.17154113700938793 1.2270659210734248 0.239216 0.247059 0.247059
v -0.2037574481013314 -0.16857515816220279 1.2364576916062069 0.137255 0.141176 0.141176
v -0.17492029040666849 -0.20674267869804564 1.2376621925582963 0.239216 0.247059 0.254902
v -0.2078063286125458 -0.18187784695251789 1.2836188129616056 0.282353 0.290196 0.298039
v -0.18993283274471466 -0.09403009878232657 1.3477637763053814 0.113725 0.12549 0.137255
v -0.2028986619996635 -0.07084401890403026 1.3370202110936427 0.188235 0.192157 0.2
v -0.2180134722826742 -0.0862519971645331 1.3353578070411403 0.227451 0.231373 0.243137
v -0.2247649536960131 -0.051514772200218657 1.2931648389716398 0.247059 0.25098 0.262745
v -0.21063501195185564 -0.03803692536401755 1.3015625520666557 0.239216 0.247059 0.258824
v -0.2017267063003279 -0.026275443008246369 1.2805692315615698 0.235294 0.247059 0.254902
v -0.17675652951030763 -0.049118652859155616 1.3318259373018893 0.078431 0.082353 0.090196
v -0.18084928394349204 -0.04714116891520267 1.3397073434683787 0.101961 0.113725 0.113725
v -0.17288327053693113 -0.02585665995450195 1.3373116435857715 0.180392 0.184314 0.184314
v -0.18873935717532917 -0.08030762250465808 1.3437621581497488 0.07451 0.078431 0.082353
v -0.1891720263400668 -0.04123992217201891 1.323991693781174 0.2 0.203922 0.215686
v -0.19652780597867135 -0.014981472124189788 1.3851134944387947 0.4 0.345098 0.294118
v -0.18298256526598895 -0.02470854349328728 1.3545993040426106 0.180392 0.180392 0.180392
v -0.18991443727802519 -0.04007839674352707 1.3502594496915844 0.180392 0.184314 0.188235
v -0.18666786513698475 -0.034231665940993968 1.3552538440098714 0.215686 0.215686 0.219608
v -0.1830756403789669 -0.17439338027849364 1.3184827382937268 0.231373 0.243137 0.25098
v -0.17869386646168335 -0.16704243671021133 1.3283089345806454 0.243137 0.258824 0.258824
v -0.19793371059288557 -0.17522214182832245 1.29629139759994 0.25098 0.266667 0.266667
v -0.19044891327785669 -0.15668189325432567 1.3614152894801144 0.215686 0.219608 0.219608
v -0.1972825861318408 -0.024058148498049576 1.275458375694432 0.258824 0.270588 0.278431
v -0.21997491716840326 -0.16063409062506446 1.3073618209852876 0.262745 0.270588 0.27451
v -0.17684095577203808 -0.016960292193986767 1.3488389327006885 0.219608 0.188235 0.168627
v -0.20139640811914046 -0.01648904358120348 1.363320712659865 0.368627 0.282353 0.223529
v -0.2026962095763051 -0.0357502308502109 1.3070321713052569 0.215686 0.219608 0.231373
v -0.19795864888895307 -0.018735558647614438 1.377682093392187 0.329412 0.254902 0.203922
v -0.2094807028796598 -0.016687205478454198 1.3809100592419202 0.478431 0.376471 0.309804
v -0.19565915860398157 -0.028988704742960084 1.3641481738535138 0.329412 0.286275 0.247059
v -0.1983801705554016 -0.02944007739856307 1.3786921943228217 0.368627 0.298039 0.258824
v -0.21140206821799299 -0.16328341437608344 1.1829414095811975 0.196078 0.2 0.203922
v -0.2208867193437123 -0.16267311791859455 1.1865964646114867 0.243137 0.25098 0.258824
v -0.20191562402402814 -0.03455566346616358 1.3617617435880923 0.223529 0.2 0.184314
v -0.2399768935691301 -0.1401326763417487 1.1904112781013888 0.243137 0.25098 0.258824
v -0.22167677743333495 -0.15885880206625603 1.1915155134668525 0.180392 0.184314 0.188235
v -0.24598001696183775 -0.15245378438438457 1.2133649915075125 0.223529 0.231373 0.231373
v -0.23014767635884346 -0.15362458502951019 1.196583804510865 0.113725 0.113725 0.117647
v -0.2388546667904619 -0.13106601462125917 1.1963253203494143 0.211765 0.215686 0.231373
v -0.24924920548809655 -0.12265357845570269 1.1906209201231207 0.25098 0.258824 0.266667
v -0.1842185288255709 -0.04106854758402858 1.347599910230368 0.164706 0.172549 0.180392
v -0.2200699213363246 -0.16186004488848969 1.2108937358748687 0.25098 0.258824 0.262745
v -0.2295201249475768 -0.1652409472091314 1.2222241984796388 0.25098 0.262745 0.262745
v -0.20618878240960757 -0.17171652266990337 1.2163974833551268 0.12549 0.12549 0.129412
v -0.20373064237832734 -0.03255127794128893 1.2949622978696898 0.192157 0.196078 0.203922
v -0.22328684677468889 -0.15519324597071938 1.206650819779232 0.117647 0.121569 0.113725
v -0.24205262538631268 -0.12473378141855407 1.2026523394405473 0.211765 0.219608 0.231373
v -0.213571224893352 -0.059501399361958317 1.3219676316695113 0.196078 0.207843 0.219608
v -0.2100424798542001 -0.05435996392054974 1.3242027912060995 0.211765 0.215686 0.227451
v -0.2000232310046951 -0.05706510100436919 1.3290405254185412 0.196078 0.2 0.207843
v -0.22324855441151005 -0.06210765304553519 1.320182355660754 0.227451 0.231373 0.239216
v -0.24655055143570069 -0.13784791867006916 1.2076017276306733 0.137255 0.141176 0.145098
v -0.25757513575759519 -0.10269963697551926 1.191768082351942 0.235294 0.239216 0.25098
v -0.2476686996904192 -0.11058984329893962 1.1986772239227668 0.223529 0.227451 0.243137
v -0.2503487333189936 -0.09894702397373778 1.2048137148363312 0.231373 0.239216 0.25098
v -0.25797920862573617 -0.08252068504290243 1.2012110494424544 0.258824 0.266667 0.270588
v -0.25823369294278528 -0.10355917455767794 1.2149036528545987 0.219608 0.223529 0.227451
v -0.2569081803097298 -0.08438022337856877 1.210718660054107 0.270588 0.282353 0.294118
v -0.25000165246929637 -0.1451091427838462 1.2245849641544196 0.294118 0.301961 0.313726
v -0.2521353322775674 -0.08290385334401171 1.2207454334318169 0.235294 0.243137 0.25098
v -0.2530245399764863 -0.13106228377615235 1.2404170529998114 0.235294 0.239216 0.25098
v -0.24186497055601834 -0.1492298591757272 1.2496517966245305 0.243137 0.247059 0.254902
v -0.25080786822397679 -0.12216536305953693 1.2594948233163013 0.27451 0.282353 0.294118
v -0.2190950319081769 -0.1701872659762615 1.2458312840976818 0.270588 0.278431 0.282353
v -0.23042882809893665 -0.1642923309333314 1.2510212816553326 0.258824 0.262745 0.27451
v -0.2584973638171107 -0.10207026720687816 1.2307322672715478 0.27451 0.282353 0.294118
v -0.24319509592837314 -0.1359694149497392 1.2625628958641902 0.235294 0.239216 0.243137
v -0.23726494484990566 -0.13766153423482917 1.26736493827099 0.192157 0.192157 0.203922
v -0.24998085747350883 -0.10590903015276335 1.2718188059446974 0.262745 0.270588 0.282353
v -0.22114945344259513 -0.16884938059277866 1.2531301895527985 0.239216 0.247059 0.25098
v -0.24657687868864959 -0.08302392363887359 1.264655763306548 0.25098 0.258824 0.266667
v -0.24684668077985348 -0.10650748555459996 1.277468318576982 0.247059 0.254902 0.266667
v -0.23552905559926527 -0.152279682908183 1.2812226829406249 0.239216 0.247059 0.258824
v -0.24433481459621238 -0.12551478690565125 1.2864481124196772 0.215686 0.219608 0.231373
v -0.2544847615849324 -0.08561470603801332 1.2287028349044369 0.215686 0.219608 0.231373
v -0.2529924765134093 -0.08265297637124843 1.1881710275155134 0.235294 0.243137 0.25098
v -0.24020055877100034 -0.09093947006813347 1.2770747424487244 0.235294 0.239216 0.247059
v -0.2191910839256848 -0.04770186855430307 1.278823999792808 0.247059 0.258824 0.266667
v -0.23519282108318077 -0.05552145963122405 1.1935108452573949 0.258824 0.266667 0.27451
v -0.24541337610135606 -0.07649343144151562 1.2058002098256203 0.196078 0.203922 0.211765
v -0.23623732877040169 -0.06276464319003622 1.2068487244448397 0.223529 0.227451 0.239216
v -0.24561358241438076 -0.06288416465705389 1.1942546646724713 0.247059 0.254902 0.266667
v -0.24604796006140068 -0.06892165823331353 1.2175042049436742 0.223529 0.227451 0.235294
v -0.21360591454966935 -0.04037733610912159 1.3757904913346522 0.364706 0.286275 0.235294
v -0.20787394359100778 -0.04174858152256867 1.3691961520070542 0.317647 0.25098 0.203922
v -0.2281229185247682 -0.04836439620815891 1.2105443871550759 0.188235 0.196078 0.203922
v -0.2224775605248516 -0.039681523819501827 1.195546268247641 0.235294 0.243137 0.25098
v -0.2409533503207 -0.06233965592011835 1.2293846327965319 0.235294 0.247059 0.25098
v -0.21989241562218027 -0.08342295005339723 1.3312639034873582 0.164706 0.168627 0.168627
v -0.22466999886312484 -0.04390350731070436 1.218180302572476 0.227451 0.235294 0.247059
v -0.19686738330672325 -0.1469521529078582 1.3629461851844842 0.25098 0.262745 0.270588
v -0.19805061873944625 -0.12139460901185349 1.3585332795920673 0.180392 0.184314 0.196078
v -0.18543639795379705 -0.10423518812691379 1.3492634966190976 0.066667 0.070588 0.078431
v -0.21490675835323568 -0.03781168006435535 1.1999571146091382 0.239216 0.247059 0.258824
v -0.2395726664391515 -0.06043603413080473 1.248418416581763 0.243137 0.254902 0.262745
v -0.23281298267584264 -0.051039362466591037 1.2610362186268889 0.278431 0.290196 0.301961
v -0.23664806103128958 -0.07950404708747533 1.2812493315893708 0.266667 0.27451 0.286275
v -0.2292196524310672 -0.05516084524359039 1.2770099834088729 0.262745 0.27451 0.286275
v -0.21549960657755466 -0.03517232317839785 1.2625340894914017 0.27451 0.286275 0.294118
v -0.22020282524280114 -0.03104030055614892 1.2420631298043304 0.247059 0.258824 0.262745
v -0.2245922494058385 -0.16431916976529027 1.2943896782416953 0.227451 0.231373 0.239216
v -0.23110337103509208 -0.15784251753471743 1.2935642542156032 0.247059 0.25098 0.254902
v -0.2380352839835404 -0.13730161565219438 1.3052879125616306 0.25098 0.254902 0.266667
v -0.2312304141575284 -0.1310287400758419 1.3241660526500577 0.243137 0.25098 0.262745
v -0.2436262784072309 -0.11667921891507065 1.2974284897991635 0.235294 0.243137 0.25098
v -0.22093237191983079 -0.14149183397667865 1.3243414373910299 0.196078 0.2 0.207843
v -0.23678091093893637 -0.08033263856799276 1.302019710387729 0.243137 0.25098 0.258824
v -0.2410159538746846 -0.10221487649673432 1.2885773059248576 0.247059 0.254902 0.266667
v -0.2398281874842043 -0.10329640909566282 1.3099332025146647 0.262745 0.266667 0.278431
v -0.2359026218894093 -0.11532969723335723 1.3232929020972744 0.270588 0.282353 0.290196
v -0.223397440264068 -0.12670748500993879 1.3305743201047964 0.227451 0.231373 0.231373
v -0.2276715523229411 -0.10998954252661752 1.3302958587509049 0.266667 0.27451 0.286275
v -0.21751536336237765 -0.10852485536768698 1.3370340591000599 0.258824 0.266667 0.270588
v -0.20156393312770497 -0.12288589840405093 1.3427177685887335 0.235294 0.243137 0.247059
v -0.22802813516933594 -0.09183233289070188 1.3295928098941715 0.239216 0.247059 0.25098
v -0.23122120089131904 -0.08022746707594829 1.3202574827283527 0.231373 0.235294 0.247059
v -0.2335583610705337 -0.0674386101449174 1.2906311283532309 0.215686 0.219608 0.231373
v -0.21428910319606854 -0.025662850515461235 1.2172779444032132 0.223529 0.231373 0.235294
v -0.2246357026186105 -0.07618187913266515 1.3281753004325137 0.258824 0.266667 0.278431
v -0.20449582492607039 -0.15612864930811563 1.1997957295791376 0.152941 0.156863 0.160784
v -0.19703540697290837 -0.15760803803604232 1.1916019300338568 0.152941 0.152941 0.160784
v -0.18560389043891183 -0.13927813142462798 1.1925662553362476 0.007843 0.007843 0.007843
v -0.19495088752394486 -0.15455596672263967 1.2033870951627968 0.070588 0.07451 0.066667
v -0.2083128758993322 -0.15302204961851005 1.2051771394701008 0.027451 0.031373 0.031373
v -0.20205495095325116 -0.09677153721763597 1.3868589882327745 0.203922 0.203922 0.215686
v -0.20474181808564538 -0.16308621302463065 1.2060928193590415 0.14902 0.14902 0.14902
v -0.1836491505827304 -0.16358136663013923 1.2006473167920982 0.098039 0.094118 0.101961
v -0.1733101330982864 -0.15053892169116793 1.195303192526607 0.035294 0.039216 0.043137
v -0.18024263507335179 -0.14371829482204835 1.1983323273078999 0.031373 0.031373 0.035294
v -0.17277723772032683 -0.13256505280941972 1.193927586001545 0.003922 0.003922 0.003922
v -0.20287721903733189 -0.018780207053154395 1.2035359226581533 0.215686 0.223529 0.231373
v -0.19637027423606924 -0.022694309295257517 1.2142028612680045 0.109804 0.113725 0.117647
v -0.19332521971883877 -0.018648930782522497 1.201295634171303 0.145098 0.14902 0.14902
v -0.19161060622799318 -0.019747934202157023 1.216870813412813 0.152941 0.160784 0.164706
v -0.20964878913998895 -0.021992610764574706 1.2255006003853797 0.227451 0.239216 0.239216
v -0.19265162310776727 -0.01607530325755329 1.190957786518448 0.219608 0.227451 0.227451
v -0.21203282512217326 -0.03122040770840612 1.1912162977809089 0.243137 0.254902 0.262745
v -0.17224668629668944 -0.027775839842946509 1.1912598186952659 0.058824 0.062745 0.054902
v -0.17500194459616345 -0.030601807422017629 1.2001070236977356 0.090196 0.094118 0.094118
v -0.18777090775862688 -0.01745986318667751 1.231097139166925 0.117647 0.12549 0.12549
v -0.17532926315254947 -0.022533143145558457 1.2231812355100072 0.070588 0.078431 0.07451
v -0.20164409616782348 -0.0995998676573628 1.383619681920592 0.094118 0.094118 0.094118
v -0.20840278141370192 -0.025027112611998697 1.2359626194033782 0.223529 0.231373 0.235294
v -0.19954932196153647 -0.020134708651390864 1.2332354634696628 0.207843 0.219608 0.219608
v -0.20838079096428348 -0.02762071514011811 1.2678003381270966 0.258824 0.266667 0.27451
v -0.1992040002754853 -0.02044241156656804 1.2496767022700524 0.188235 0.196078 0.2
v -0.1888220211416145 -0.017777588402822197 1.2464985594650465 0.223529 0.231373 0.239216
v -0.18069982187517068 -0.018043472950664838 1.2325424055832839 0.235294 0.25098 0.254902
v -0.18404331546498035 -0.010517575355956382 1.2727916701438019 0.243137 0.25098 0.258824
v -0.1857142790938839 -0.11282548390808832 1.3495945368894873 0.196078 0.203922 0.219608
v -0.20597937721046387 -0.10208375807579635 1.3768044621357439 0.247059 0.258824 0.270588
v -0.2055112161042601 -0.15592510625864887 1.319308623390072 0.258824 0.270588 0.27451
v -0.20292807382725856 -0.14445778456820303 1.3324901240730678 0.243137 0.25098 0.254902
v -0.17418852420728635 -0.1405805608990356 1.3469819905186742 0.054902 0.058824 0.066667
v -0.1850486399969248 -0.14671496940297133 1.3531583860614248 0.113725 0.117647 0.121569
v -0.16777702707620796 -0.048099657424102149 0.9864386398680598 0.062745 0.062745 0.062745
v -0.16017597371660023 -0.017070397245568745 1.0048997299174512 0.164706 0.172549 0.180392
v -0.16060885471465292 -0.048736507702307498 1.156400202964747 0.027451 0.027451 0.027451
v -0.16572868696699265 -0.15650308717457032 1.1460272933778813 0.066667 0.07451 0.070588
v -0.16279935099198429 -0.10839052997959768 1.062545752369634 0.164706 0.168627 0.172549
v -0.163512041350811 -0.0411397845166567 1.0554904646782682 0.12549 0.133333 0.12549
v -0.16894026835799393 -0.043828798930758697 0.9670076316618483 0.094118 0.094118 0.094118
v -0.16628056064314263 -0.040139524636468238 1.0106347847382942 0.101961 0.101961 0.105882
v -0.16097490643523258 -0.03718710635790317 1.0298984269618013 0.164706 0.168627 0.180392
v -0.16283547056875534 -0.04314087997855678 1.0449538603595057 0.094118 0.094118 0.090196
v -0.16615226451783655 -0.05219443019715871 1.038301076236321 0.047059 0.047059 0.047059
v -0.1631176687143532 -0.005508021345497758 0.9533843297853549 0.219608 0.227451 0.235294
v -0.16184746047358279 0.004192380109506496 0.9362024541924287 0.078431 0.078431 0.082353
v -0.17087563867253043 -0.007808864072836203 0.9225647095839302 0.109804 0.109804 0.109804
v -0.15544717764159433 -0.008159365614307315 0.9817739745188527 0.207843 0.215686 0.227451
v -0.17219260304344173 -0.1674103539307453 1.1766344191472998 0.160784 0.164706 0.176471
v -0.15534982180593188 -0.17866813022295514 1.1449767257806889 0.180392 0.184314 0.188235
v -0.16762244644026198 -0.17357443105834073 1.1890455278186099 0.156863 0.156863 0.164706
v -0.16584529159623374 -0.14699116121896178 0.893345640022854 0.227451 0.239216 0.243137
v -0.15537983868900225 -0.15122149905507158 0.9075573884205004 0.227451 0.235294 0.243137
v -0.17356974772464313 -0.12705651967662794 0.9179419706882261 0.188235 0.2 0.207843
v -0.1505749188559526 -0.1655991318414649 0.9181858576914159 0.290196 0.305882 0.309804
v -0.17160473880584529 -0.12665375409306557 1.0351717197247508 0.196078 0.2 0.203922
v -0.16289788343533774 -0.03891976232342837 1.0702739189738984 0.082353 0.082353 0.078431
v -0.16379606636982436 -0.04045654621352732 1.0878501930426788 0.07451 0.078431 0.07451
v -0.16134318444256605 -0.09672856449565318 1.0586189888540907 0.603922 0.47451 0.298039
v -0.16715591985950638 -0.03328138772208366 1.1401438735126602 0.070588 0.070588 0.07451
v -0.1697280366263648 -0.03226171156758817 1.1305004916246349 0.113725 0.113725 0.113725
v -0.16585067626351533 -0.1240768862838231 1.0924927442132444 0.019608 0.019608 0.015686
v -0.16569333909507193 -0.12504248645009226 1.1092245735894686 0.047059 0.05098 0.05098
v -0.16177933444623214 -0.0461270131605839 1.1231546902400896 0.090196 0.094118 0.094118
v -0.16023274578173067 -0.04383763686563926 1.0997363168306347 0.058824 0.062745 0.054902
v -0.15878042119946157 -0.09935086758424625 1.0519787658918026 0.141176 0.145098 0.156863
v -0.16946902662517247 0.00006906689260644097 0.9144306160792155 0.058824 0.062745 0.062745
v -0.15557266946608284 0.020344895335036144 0.9059665348211441 0.176471 0.176471 0.180392
v -0.16258075462740896 -0.10358490385851656 1.0017696359003968 0.05098 0.054902 0.054902
v -0.16544799979845038 -0.09733476111430982 0.9852416572102039 0.05098 0.05098 0.05098
v -0.1609238908995049 -0.10271017264688622 1.012740537427291 0.121569 0.129412 0.141176
v -0.16555643121584535 -0.13621227418094415 1.1292006764008434 0.094118 0.094118 0.101961
v -0.1708956370575579 -0.13751312703582073 1.1465948727700506 0.019608 0.015686 0.015686
v -0.15761115967258228 -0.13503339698464268 1.1420151073381404 0.023529 0.023529 0.023529
v -0.15965038692655829 -0.15460563464307645 1.1291753481143066 0.184314 0.184314 0.188235
v -0.16014037888881134 -0.10546689142812986 1.0782067064409662 0.035294 0.035294 0.039216
v -0.16298397158234319 -0.1430330209150764 1.1482702087641719 0.043137 0.043137 0.043137
v -0.16464198375624729 -0.1347664231603073 0.9478679284325104 0.219608 0.227451 0.239216
v -0.16818978452564094 -0.10768771652457833 0.9753887047465536 0.082353 0.086275 0.086275
v -0.16343562866550527 -0.12356265569938999 0.9689862284820483 0.152941 0.152941 0.160784
v -0.15403210410573688 0.013616319993406763 0.9326185590980177 0.164706 0.172549 0.176471
v -0.15483764810163012 0.026208187768895925 0.8893075602632141 0.176471 0.176471 0.184314
v -0.15951255537987878 -0.1255826910837081 1.090719845753767 0.094118 0.098039 0.098039
v -0.15411662206459543 -0.10568227985125532 1.0807928508491334 0.023529 0.023529 0.023529
v -0.15633194613767804 -0.044447504458489609 1.14885034077564 0.058824 0.062745 0.066667
v -0.16055053076948704 -0.047127256265292478 1.1699576597741444 0.066667 0.078431 0.070588
v -0.16132321457654118 -0.04444114775061204 1.180930015430228 0.023529 0.027451 0.023529
v -0.18451398351802454 0.014532736668729915 1.3482662993632154 0.341176 0.341176 0.32549
v -0.16244720158200949 0.001663893950645759 1.3846184825746318 0.215686 0.2 0.180392
v -0.17397254035723473 0.006493079260872699 1.3729557111720603 0.266667 0.262745 0.254902
v -0.16016312539768669 0.012237550706466706 1.3647275511275399 0.239216 0.231373 0.219608
v -0.16179367515036773 0.01490637680542586 1.361459501010064 0.176471 0.176471 0.184314
v -0.17309766616058978 0.01991096453703449 1.3536444918761328 0.333333 0.337255 0.32549
v -0.16764147862641116 0.025505809806327968 1.3396400591546776 0.137255 0.137255 0.129412
v -0.15503155144180245 0.026859032758122717 1.3404478889390395 0.282353 0.298039 0.301961
v -0.16602086635240174 0.014308636414858063 1.2417203227691578 0.203922 0.215686 0.219608
v -0.1651813060326726 -0.010237431763065203 1.2331305437864022 0.101961 0.109804 0.109804
v -0.15590520569432654 0.01332394539796649 1.255126451231802 0.270588 0.286275 0.290196
v -0.15177024895967446 0.018663997290173485 1.23464488678689 0.196078 0.203922 0.207843
v -0.16516062281559525 0.008302722428267054 1.231116712618509 0.192157 0.203922 0.211765
v -0.16978399996874025 0.003069138241793789 1.2632140681847402 0.27451 0.290196 0.294118
v -0.17047927064864977 -0.1961986555397142 1.1932597606318245 0.219608 0.227451 0.231373
v -0.17553488021408165 -0.20401639811693424 1.2106269704243629 0.223529 0.227451 0.231373
v -0.1678854636459391 -0.18786168370428536 1.1797484776556016 0.2 0.2 0.211765
v -0.1637093166960936 -0.19633987342070978 1.185653833797111 0.223529 0.231373 0.243137
v -0.1600652659870174 -0.19441088444741215 1.1932343074791834 0.207843 0.211765 0.215686
v -0.15978497143989188 -0.2063779744702737 1.1998224402927705 0.254902 0.270588 0.266667
v -0.17021624264630384 -0.20509695704896745 1.2559921549170728 0.203922 0.207843 0.211765
v -0.15248469070745114 -0.2141842643746142 1.2251911906773534 0.223529 0.235294 0.243137
v -0.1417274152009572 -0.207895244020816 1.2653407872302798 0.227451 0.235294 0.235294
v -0.17305972437083839 -0.19445956380668759 1.2796336913609714 0.254902 0.266667 0.27451
v -0.1673152380222939 -0.028574810717766728 1.3323012870671707 0.086275 0.090196 0.086275
v -0.1680225357226668 -0.0426596893824592 1.328825690751183 0.078431 0.082353 0.090196
v -0.1693491277960247 -0.02910617939546058 1.31374633111777 0.192157 0.2 0.211765
v -0.18221563739911177 -0.16513226436295523 1.3782843422955112 0.235294 0.243137 0.254902
v -0.16306408328292464 -0.0180791778833777 1.2904485155495605 0.196078 0.2 0.207843
v -0.16384652372327516 -0.1751050491275475 1.3276291455653935 0.254902 0.266667 0.270588
v -0.1570373714899939 -0.194142312668666 1.309289579695979 0.262745 0.27451 0.278431
v -0.16383106203038043 -0.1951475579811824 1.3037205746339034 0.243137 0.254902 0.262745
v -0.17236342258539442 -0.014360438182930657 1.2813176267761995 0.188235 0.192157 0.196078
v -0.16357374457871114 -0.1787867508373746 1.3587681507612013 0.243137 0.254902 0.258824
v -0.14387066935576765 0.00012052208815411878 1.3351184213477108 0.078431 0.086275 0.090196
v -0.15931257059951768 -0.20225830971618392 1.2803520545783003 0.219608 0.231373 0.235294
v -0.1675077677318016 -0.0377741640868403 1.183706005372055 0.019608 0.027451 0.015686
v -0.1710189279018785 -0.0258271386162957 1.2149533293246047 0.070588 0.07451 0.070588
v -0.161400462875255 -0.03920635243026198 1.2026400267431788 0.039216 0.047059 0.043137
v -0.1607183137631689 -0.032271584383718677 1.2006094340547163 0.098039 0.113725 0.117647
v -0.15593829032725113 -0.029524844606161395 1.2088687854210936 0.117647 0.133333 0.141176
v -0.15909449576648006 -0.012853651344872824 1.2251368249452144 0.223529 0.239216 0.25098
v -0.15286220437005736 0.011160559563910109 1.2703094327284486 0.231373 0.243137 0.25098
v -0.17462471614938367 -0.14255501998946799 1.3459653727797117 0.094118 0.098039 0.109804
v -0.15006228048527213 -0.17097961982376484 1.3426221446798815 0.113725 0.12549 0.141176
v -0.15948188616199225 -0.17201187097793237 1.3481760063881847 0.066667 0.070588 0.078431
v -0.15728666861484293 -0.03443210827317009 1.3289821000336273 0.070588 0.07451 0.07451
v -0.14642317917025789 0.008864027376274666 1.3361275152753163 0.188235 0.188235 0.180392
v 0.14335969703083119 -0.12178563430931412 0.036558343568666027 0.317647 0.329412 0.317647
v 0.10723269161117187 -0.12365820152293004 0.04041754937340882 0.262745 0.262745 0.254902
v 0.1223061340089369 -0.12729926483173335 0.03855351219619316 0.345098 0.360784 0.345098
v 0.32480498953299766 0.006764088215272458 0.008828948092447007 0.282353 0.27451 0.254902
v 0.31556433821935378 0.03055462252714093 0.009985400574449768 0.313726 0.317647 0.294118
v 0.31499519142603668 0.023014763850249865 0.04215843438849695 0.427451 0.443137 0.419608
v 0.09292542563081574 -0.10907487738662322 0.0408617400024065 0.247059 0.247059 0.231373
v 0.08871583287186372 -0.11047174642327545 0.01518564001632284 0.337255 0.341176 0.317647
v 0.11047338827154689 -0.11967447348999988 0.05072909410107318 0.298039 0.309804 0.301961
v 0.2935596297720055 0.02473191143397587 0.06383639151980994 0.396078 0.411765 0.396078
v 0.29369582015787829 0.01317711929058475 0.06680483096235365 0.454902 0.478431 0.47451
v 0.30770871496203047 0.007081279036006357 0.06137433777763922 0.352941 0.376471 0.368627
v 0.09246703652547872 -0.11631924638477329 0.0009041213065008447 0.25098 0.243137 0.227451
v 0.07439622674233412 -0.08127737319616702 0.000010414821768481822 0.207843 0.211765 0.188235
v 0.07655427384659482 -0.11884883609490138 0.0001044955553628766 0.20958 0.185979 0.163356
v 0.3041465649301089 0.0340926092338592 0.04312987002330685 0.380392 0.392157 0.368627
v 0.31465335537030206 0.0027845283104355755 0.04773932150446193 0.580392 0.545098 0.47451
v 0.11126698261592803 -0.12758737490646608 0.00007751534639552021 0.235294 0.239216 0.219608
v 0.08350063432780063 -0.08011465094955822 0.01592500350564833 0.235294 0.227451 0.207843
v 0.08539771391137381 -0.09132741910915794 0.0379497149834502 0.298039 0.301961 0.278431
v 0.11108758646645115 -0.04901555278782744 0.000032478641571429084 0.270588 0.262745 0.25098
v 0.31802989173435405 -0.010800004118504361 0.037612806704809317 0.290196 0.294118 0.278431
v 0.20815322898621123 0.011613905623582022 -0.0000013902864370927909 0.360784 0.364706 0.352941
v 0.17922099968608763 -0.018815468752453297 0.002015662189833794 0.286275 0.262745 0.25098
v 0.21231672892524887 0.013935145353706923 0.028478372549568526 0.415686 0.423529 0.407843
v 0.09214081955133204 -0.07584546268230524 0.05096669672074976 0.192157 0.196078 0.184314
v 0.09154300170470316 -0.09542811445205742 0.05212801444502311 0.298039 0.309804 0.294118
v 0.09686469640161208 -0.08029649296216578 0.09140009944262195 0.231373 0.239216 0.231373
v 0.1309150667012996 -0.12111022683793181 0.04747169182564484 0.270588 0.27451 0.258824
v 0.10165530850393283 -0.09582790166050102 0.1101614522829277 0.254902 0.258824 0.247059
v 0.09891804481071319 -0.0883666936814803 0.11713292700216724 0.27451 0.27451 0.27451
v 0.10007291743937195 -0.10858545576868288 0.06816781276557386 0.27451 0.278431 0.270588
v 0.10825432302847168 -0.10628373313611078 0.10384108822300875 0.309804 0.321569 0.313726
v 0.09619148417045222 -0.09619604850475845 0.08601443641677052 0.290196 0.305882 0.301961
v 0.14509253654944574 -0.12083021895077148 0.0002923596533159531 0.47451 0.498039 0.478431
v 0.12468979935097764 -0.11866053976678041 0.07113147604680355 0.341176 0.364706 0.356863
v 0.08297469261077253 -0.07180555056849945 0.00011765297916776212 0.156863 0.129412 0.109804
v 0.1365551739230237 -0.11053678622862889 0.0983832115881535 0.235294 0.235294 0.227451
v 0.09182841294499335 -0.06455372054897142 0.038369384737361778 0.254902 0.25098 0.239216
v 0.13209014424636895 -0.11201390073446073 0.1262570425254735 0.192157 0.196078 0.184314
v 0.10081047903684266 -0.0646447249690608 0.047412068015317988 0.160784 0.152941 0.145098
v 0.12463086268888833 -0.04694034804738877 0.03805880218759585 0.627451 0.572549 0.454902
v 0.10235862500288143 -0.06173580538825133 0.06830334014228046 0.239216 0.243137 0.239216
v 0.1149214657917825 -0.054464797498311127 0.08222035156431382 0.266667 0.270588 0.266667
v 0.10401883743159593 -0.07517267406701579 0.11594894522190495 0.219608 0.219608 0.215686
v 0.12744687471848113 -0.039184747072686248 0.11475364379932043 0.152941 0.152941 0.14902
v 0.145260607850971 -0.02639442524033745 0.07217295111053289 0.266667 0.262745 0.254902
v 0.09920849375507168 -0.11051441942303056 0.15958617143509694 0.2 0.196078 0.192157
v 0.10563336493261633 -0.10826157583638184 0.1417553579195291 0.239216 0.239216 0.223529
v 0.09102337150015866 -0.0896763286334444 0.1490536053251681 0.192157 0.2 0.192157
v 0.09947257245840806 -0.08209963844677443 0.13182869932047309 0.278431 0.282353 0.270588
v 0.11031004131721761 -0.11444329511089806 0.1543588829202291 0.219608 0.227451 0.211765
v 0.12212993805982864 -0.10110539608040052 0.15928963261045535 0.337255 0.360784 0.364706
v 0.10215219864040028 -0.0976680584278963 0.15450419011643824 0.172549 0.176471 0.164706
v 0.08815878475093757 -0.08674981592628957 0.15857508450377073 0.180392 0.176471 0.156863
v 0.0934093922210928 -0.11164435187376998 0.17098762584275049 0.231373 0.231373 0.211765
v 0.0842558496998764 -0.09559378302077704 0.16647462827967747 0.647059 0.580392 0.07451
v 0.1231125664546089 -0.11573358445312267 0.15379854139293318 0.329412 0.337255 0.32549
v 0.13952062137527566 -0.04386413934901612 0.04678394994390431 0.305882 0.309804 0.301961
v 0.13603966749465183 -0.03329673285990594 0.11756959723821128 0.290196 0.298039 0.290196
v 0.142333636149217 -0.11018411929516972 0.17458860453078355 0.627451 0.729412 0.768628
v 0.11132900587719973 -0.09007044429297397 0.17308924781007499 0.658824 0.745098 0.768628
v 0.11619590816559104 -0.09889725356340422 0.17097000201753635 0.509804 0.584314 0.596078
v 0.10681177107407612 -0.07909366475740097 0.15871920785838415 0.337255 0.345098 0.32549
v 0.1067123790360105 -0.07080381708273362 0.17043761462187394 0.596078 0.690196 0.721569
v 0.11526684283242951 -0.09989965766293015 0.196737778229669 0.686275 0.768628 0.792157
v 0.10860683832806485 -0.07403500306840819 0.1790313215754797 0.65098 0.733333 0.768628
v 0.13946695120611886 -0.10685708612262773 0.18793823771855309 0.701961 0.780392 0.803922
v 0.14341052131553587 -0.11032210832308186 0.2047802513402197 0.780392 0.847059 0.866667
v 0.10947919663892289 -0.08131680691588235 0.20913948000641856 0.654902 0.737255 0.768628
v 0.13549741612106273 -0.10139779461709886 0.15331416802933429 0.54902 0.45098 0.403922
v 0.12436341658533648 -0.10519331182463426 0.18269930199733035 0.654902 0.729412 0.74902
v 0.10312937731170277 -0.06443087069262295 0.15110758908264464 0.235294 0.239216 0.231373
v 0.14209298235178836 -0.111286325930063 0.15402659394996916 0.439216 0.364706 0.337255
v 0.301920131411389 0.042178807853572097 0.008155947168443184 0.286275 0.286275 0.266667
v 0.2814570137888559 0.04090953059060465 0.03790771958555439 0.34902 0.352941 0.329412
v 0.12387030910593001 -0.0455505484379165 0.13298425243960669 0.176471 0.184314 0.176471
v 0.11046150191278137 -0.06645571230991473 0.15347161862053353 0.423529 0.352941 0.317647
v 0.13022526150004219 -0.045234613673911978 0.1537257279576315 0.152941 0.156863 0.156863
v 0.12199754493580388 -0.06368078175234579 0.1489983742755285 0.47451 0.372549 0.321569
v 0.11809967213166632 -0.05081582301437476 0.16944945817166688 0.631373 0.615686 0.54902
v 0.12124362609724351 -0.05065779646693977 0.14726644117739028 0.34902 0.364706 0.352941
v 0.1240582698228757 -0.04044108993452752 0.13993206010991073 0.341176 0.360784 0.356863
v 0.3167566518778094 -0.021626454377113699 -0.00006488339601135218 0.309804 0.317647 0.309804
v 0.12315614171778069 -0.035328061280824548 0.11778275723889521 0.258824 0.258824 0.262745
v 0.13512232503670178 -0.05293307384957116 0.1504285424353406 0.639216 0.52549 0.486275
v 0.3221007782249373 0.003304354991294129 -0.000001164579068453048 0.237567 0.190979 0.176482
v 0.32148669394491005 0.046108663628949008 0.00014566205517729146 0.207843 0.203922 0.192157
v 0.11144046237794307 -0.05904968656013555 0.1930840204834359 0.662745 0.741176 0.764706
v 0.13447357621148665 -0.04621646471341258 0.17516373025413554 0.584314 0.682353 0.717647
v 0.12436569843810234 -0.04665787614600004 0.18947185385412497 0.631373 0.709804 0.733333
v 0.1332003821744495 -0.03847390600732692 0.19813213703162117 0.615686 0.690196 0.709804
v 0.3042245982030523 -0.01655042453650191 0.05903982087635073 0.356863 0.380392 0.376471
v 0.30115032478048256 -0.03447262123824837 0.03996152226253872 0.290196 0.301961 0.286275
v 0.2455328329609065 0.028475291523322119 0.040342715719253987 0.298039 0.305882 0.278431
v 0.22981157023757277 0.01866293625002671 0.05876365369971181 0.305882 0.317647 0.313726
v 0.26437168170011979 0.029555669214605085 0.056334268611728226 0.305882 0.317647 0.301961
v 0.2909864219074889 0.03445269550050557 0.048221631226122749 0.337255 0.341176 0.317647
v 0.26237135360816757 -0.006324424971971565 0.06961585352254843 0.439216 0.458824 0.45098
v 0.2286463189199418 -0.014549660882746832 0.08451621776057171 0.388235 0.411765 0.4
v 0.24207009063980676 -0.03338451482334535 0.07973104733975525 0.4 0.415686 0.407843
v 0.29554379387697568 -0.047568402035222809 0.029230516578595927 0.431373 0.45098 0.435294
v 0.25229394482702435 0.0378432116175812 0.00003515107873099759 0.25098 0.258824 0.235294
v 0.27683028792250277 0.04514174804072223 0.00013009466163908294 0.301961 0.286275 0.262745
v 0.2629961097010553 0.0089854974260533 0.06639996829875152 0.509804 0.537255 0.521569
v 0.22394366826759763 0.0021490763383581635 0.07268419175658032 0.341176 0.352941 0.34902
v 0.124559709223891 -0.043135485438200098 0.2084895208590431 0.662745 0.729412 0.74902
v 0.21569977323098428 0.013342476555106132 0.04725585600186924 0.266667 0.27451 0.266667
v 0.1946650991204671 -0.002512801307996233 0.06385144592262576 0.286275 0.294118 0.286275
v 0.23840733255819686 0.0307701110395099 0.029546651556299768 0.439216 0.443137 0.415686
v 0.17561338436014405 -0.10547305213041451 0.00015523476921026227 0.337255 0.34902 0.333333
v 0.2148505045094386 -0.08582755314154528 0.03774383104308507 0.223529 0.223529 0.203922
v 0.20003737943627035 -0.006867489364957908 0.07684016709349216 0.313726 0.321569 0.317647
v 0.20700837795214459 -0.09113347009409827 0.031096167531341719 0.403922 0.431373 0.419608
v 0.21804870295891833 -0.08865926557376119 0.04576959261813408 0.313726 0.321569 0.305882
v 0.1918749818325643 -0.09941204370681169 0.06572996742914615 0.376471 0.4 0.392157
v 0.14660988909991466 -0.11895276409351995 0.05748048556034615 0.368627 0.392157 0.384314
v 0.1995621610870212 -0.09413792846377411 0.002385161268270365 0.415686 0.435294 0.427451
v 0.15257141718782239 -0.11135053215443941 0.11495235961596831 0.266667 0.27451 0.262745
v 0.1644954921837504 -0.10332991405434848 0.08722663367751119 0.223529 0.231373 0.219608
v 0.14612019680518716 -0.11334427534284875 0.07733883342659119 0.243137 0.247059 0.239216
v 0.20264917644422757 -0.08816581139288395 0.07629036837828063 0.4 0.435294 0.427451
v 0.17447775890895579 -0.09756252682518801 0.11349026106085346 0.243137 0.25098 0.239216
v 0.18881906096413876 -0.08693188006264302 0.11579515661363384 0.294118 0.298039 0.290196
v 0.2559443081434475 -0.0745711723500569 0.030463951785317374 0.866667 0.819608 0.678431
v 0.2366348737820937 -0.08297663197538753 0.00005847235600414271 0.375568 0.387221 0.371312
v 0.25496968232045355 -0.07866154314045479 0.024976012900703855 0.309804 0.321569 0.309804
v 0.22590421484737253 -0.08521836243223334 0.0543577948671141 0.282353 0.290196 0.27451
v 0.24833844915413509 -0.07417917007818502 0.05369341507570318 0.384314 0.411765 0.403922
v 0.1687336470630409 -0.029700786262445036 0.0003984429076640333 0.237772 0.202124 0.184445
v 0.1554619352536828 -0.033542465912229927 0.006548319566370708 0.207843 0.196078 0.184314
v 0.16892426744684303 -0.029444695792847296 0.03209940834863431 0.231373 0.227451 0.215686
v 0.17413814844564588 -0.029853964526369384 0.033078669265504147 0.286275 0.278431 0.243137
v 0.18545272345752734 -0.011799957331346057 0.05273355473075578 0.156863 0.145098 0.129412
v 0.17851318113628637 -0.027056158543605884 0.040080938789216129 0.317647 0.32549 0.321569
v 0.1526977245493039 -0.0243668776137584 0.05952738972462343 0.145098 0.133333 0.121569
v 0.14543906777078015 -0.02799213459084556 0.08912604147025492 0.294118 0.305882 0.298039
v 0.14409480729312378 -0.0296084948779162 0.11771572002545193 0.290196 0.305882 0.301961
v 0.17971029734974065 -0.022440730080319154 0.1050505054519794 0.286275 0.298039 0.294118
v 0.18870969199792055 -0.03508464291229313 0.12052244275519991 0.333333 0.34902 0.345098
v 0.26543127273321606 -0.07056657802839242 0.04272425101801649 0.34902 0.372549 0.364706
v 0.21180048027920707 0.008351094586589395 0.03789581675512395 0.360784 0.380392 0.376471
v 0.20390383726061604 -0.015652951792942128 0.09388516634897834 0.352941 0.368627 0.360784
v 0.23000220171069697 -0.06376508959094847 0.07500216847428097 0.364706 0.388235 0.384314
v 0.20348422333796285 -0.06803665022496174 0.11635163013651419 0.392157 0.419608 0.415686
v 0.25976769496478788 -0.04677053651109344 0.06097595200470523 0.439216 0.458824 0.443137
v 0.23090711188403785 -0.052627805271275158 0.08365494292424952 0.368627 0.392157 0.384314
v 0.18949926326388356 -0.02704586126224311 0.11221245167849142 0.388235 0.407843 0.4
v 0.21258165336414257 -0.05609009045332059 0.10657057236284731 0.403922 0.423529 0.415686
v 0.20542648044979915 -0.042532904318643347 0.11204735344119078 0.372549 0.392157 0.380392
v 0.15201884437387468 -0.11328671671407674 0.17040291547304946 0.701961 0.776471 0.796079
v 0.16696966843782183 -0.1003491056017309 0.15368490451101395 0.25098 0.254902 0.247059
v 0.16265066520606043 -0.10866681428978169 0.15636133677162357 0.678431 0.745098 0.752941
v 0.16475612774340754 -0.1048538219478139 0.1756208864789343 0.662745 0.74902 0.776471
v 0.17179108598715565 -0.10588491479411716 0.16902028095830244 0.74902 0.823529 0.835294
v 0.18384787493765177 -0.08785061847780577 0.17162603055803117 0.694118 0.772549 0.796079
v 0.17702901965807106 -0.09598848652437615 0.18313139975616059 0.713726 0.784314 0.796079
v 0.17826412401805118 -0.09100327412451676 0.16983180225205969 0.631373 0.721569 0.745098
v 0.19783796496642135 -0.06626352694504159 0.13305988923742344 0.317647 0.341176 0.337255
v 0.1936448212424834 -0.0769062259404562 0.17214200508661477 0.294118 0.313726 0.309804
v 0.17949261173296858 -0.09355738451376058 0.1578587231171548 0.592157 0.670588 0.682353
v 0.17973585929066533 -0.09782277979464138 0.21305974129268655 0.796079 0.858824 0.878431
v 0.15990797389249593 -0.10905511107252218 0.21918422456872573 0.639216 0.72549 0.756863
v 0.2978461565850969 -0.03504721129373418 0.04989672419163653 0.309804 0.321569 0.309804
v 0.18819150829684923 -0.08063788076372992 0.18840856874305648 0.745098 0.811765 0.831373
v 0.15593424049598518 -0.03873086213399841 0.16461493315922932 0.309804 0.321569 0.313726
v 0.1401904961739423 -0.04060937069004697 0.16730852494330449 0.709804 0.768628 0.776471
v 0.1927924293755451 -0.04277269760659523 0.13338325640752869 0.345098 0.364706 0.356863
v 0.16608107194540018 -0.031164554009411324 0.12810223620087039 0.301961 0.309804 0.301961
v 0.17974439192203926 -0.044854826911191438 0.17386093697098194 0.317647 0.333333 0.32549
v 0.19289621879813027 -0.055889825319424327 0.17426787957671215 0.313726 0.333333 0.32549
v 0.19709747876982534 -0.052993855729727739 0.14213427249348188 0.298039 0.313726 0.309804
v 0.16511129998302138 -0.042367168950865039 0.17431031085064453 0.643137 0.717647 0.737255
v 0.18326125717031079 -0.05088655196020654 0.17577999457723143 0.482353 0.556863 0.580392
v 0.20362082388889517 -0.05305064900535157 0.12370909343514959 0.290196 0.305882 0.298039
v 0.15607533632522134 -0.03991755491468976 0.18350809885571849 0.666667 0.737255 0.74902
v 0.18831234739012696 -0.058375280501492567 0.19774985832080745 0.662745 0.741176 0.756863
v 0.19152830896302296 -0.06750818619741617 0.18198916404715705 0.666667 0.741176 0.756863
v 0.18361107373351052 -0.0544992082556969 0.1834313597094854 0.67451 0.756863 0.780392
v 0.1790315059374247 -0.04524979001564367 0.20075257012506263 0.6 0.670588 0.682353
v 0.1913085768933904 -0.08074881330275853 0.2178328509608801 0.717647 0.792157 0.811765
v 0.2859070415104474 -0.056779840201973599 0.0001358909427337006 0.380392 0.403922 0.388235
v 0.2863241337024819 -0.05359071598020039 0.029556095058614525 0.458824 0.482353 0.478431
v 0.27903513951261468 -0.019676328246123709 0.06426643748849673 0.431373 0.447059 0.439216
v 0.14455183916297349 0.002539955885053498 0.34871718066279619 0.513726 0.54902 0.517647
v 0.14000217679473166 0.001563484799756434 0.3901632731828058 0.568627 0.658824 0.694118
v 0.16209698545381494 0.005206048707294268 0.38473399436754177 0.584314 0.658824 0.670588
v 0.16232870978062134 -0.002628464377918431 0.32420040822714199 0.623529 0.694118 0.709804
v 0.20151763100283916 0.0034146004015029056 0.41910317338151217 0.647059 0.705882 0.705882
v 0.17641154561119452 0.009102972597829152 0.42197890629766129 0.572549 0.670588 0.709804
v 0.19950256343726603 0.011851011208273298 0.4253155884904829 0.596078 0.670588 0.686275
v 0.1995014783019867 0.011589910318692215 0.4319054346131186 0.611765 0.686275 0.694118
v 0.22813900573428087 -0.05014717759513964 0.4081014048817032 0.682353 0.764706 0.788235
v 0.21130703998301404 -0.08200351049398279 0.4091760206623022 0.764706 0.835294 0.854902
v 0.21757819920064459 -0.07520993561752948 0.38450317387984919 0.705882 0.784314 0.803922
v 0.14927249958571346 0.005648344249314647 0.4255422499326456 0.647059 0.705882 0.701961
v 0.1516832328302053 -0.10729405366182575 0.39085519407740679 0.686275 0.780392 0.807843
v 0.21865503362684017 -0.009597154227709336 0.4119721360777362 0.619608 0.713726 0.745098
v 0.17510976322576736 0.01127415442677328 0.4116597405918004 0.580392 0.67451 0.709804
v 0.19049677344220868 0.0033002205276156726 0.40827977643541227 0.588235 0.666667 0.686275
v 0.14601234743723447 0.005458363390312589 0.40656605431289546 0.654902 0.741176 0.772549
v 0.1313809200930804 -0.10817304105989249 0.21366937659754918 0.631373 0.709804 0.729412
v 0.21721848231951636 -0.05902750422467041 0.32153145839237076 0.729412 0.803922 0.823529
v 0.22452477566363314 -0.03190218300301908 0.38493518952011615 0.67451 0.756863 0.776471
v 0.11417748282904762 -0.0910029650967876 0.24065316376973573 0.635294 0.717647 0.741176
v 0.12379399084848317 -0.10258678027907127 0.23124702059048767 0.592157 0.670588 0.690196
v 0.19849488637791805 -0.09841125990522201 0.3423505867166042 0.694118 0.776471 0.803922
v 0.18882363621989366 -0.10353519622718982 0.38512900047207229 0.639216 0.733333 0.760784
v 0.18385324809806037 0.001294648689806271 0.38461078989784727 0.6 0.690196 0.721569
v 0.10869709842555922 -0.06535520494454128 0.221383348219092 0.607843 0.694118 0.72549
v 0.10775164333960336 -0.07773713076478679 0.25412195564327696 0.690196 0.768628 0.796079
v 0.13361190118671788 -0.03183695554238949 0.22687000676031919 0.721569 0.705882 0.627451
v 0.13186421453426554 -0.001051522897416625 0.331737272931402 0.686275 0.760784 0.772549
v 0.18247767885401837 -0.0009667939878567222 0.3789796864595464 0.65098 0.72549 0.741176
v 0.2290081812902829 -0.016257506117373787 0.4271325383543393 0.588235 0.666667 0.67451
v 0.11009124604765568 -0.0921202343940451 0.3231510147478896 0.627451 0.717647 0.741176
v 0.09820995756601117 -0.07094830048812191 0.32753293640430999 0.658824 0.74902 0.776471
v 0.11522665893269184 -0.0935624180153584 0.36182053446277037 0.65098 0.737255 0.768628
v 0.10405723348834158 -0.06934994326159079 0.37919291002729307 0.662745 0.756863 0.796079
v 0.12500357979906394 -0.10607242032082744 0.3261900606735778 0.615686 0.705882 0.733333
v 0.10911102892781768 -0.05476019428653843 0.25199879272841299 0.631373 0.709804 0.741176
v 0.09762060225603137 -0.04598599976922882 0.3113104401327736 0.635294 0.72549 0.760784
v 0.11954420050767793 -0.037535733155454508 0.2491281013214588 0.647059 0.72549 0.752941
v 0.10375814190350935 -0.02867179480856899 0.30781487372796786 0.635294 0.717647 0.741176
v 0.1177205902149881 -0.016978512797047354 0.29700355828089378 0.658824 0.733333 0.74902
v 0.1331356237857379 -0.02386797692582222 0.25751306956707178 0.392157 0.470588 0.513726
v 0.13145313087595088 -0.011337810360131281 0.28851313976285389 0.588235 0.662745 0.67451
v 0.10408839447097942 -0.025368152622517623 0.3524581416488842 0.647059 0.741176 0.776471
v 0.09723932376033263 -0.048995481306900397 0.3545752301269736 0.658824 0.74902 0.784314
v 0.11367168393016353 -0.011449645467216075 0.3358782621660754 0.658824 0.74902 0.780392
v 0.11338614455442557 -0.07758755108874789 0.3958365539627328 0.564706 0.662745 0.694118
v 0.12923224895052155 -0.09773939272732844 0.3912186694269419 0.623529 0.717647 0.74902
v 0.12793057485684393 -0.009563706830873377 0.42519910633341975 0.639216 0.72549 0.756863
v 0.13958889538159967 -0.11244032947429 0.3402453758283388 0.631373 0.721569 0.74902
v 0.23000701628764903 -0.03739828336896889 0.4166127606448568 0.619608 0.717647 0.74902
v 0.22288719231825022 -0.014182808614125664 0.4192057671380144 0.647059 0.741176 0.764706
v 0.22632277358575296 -0.02451568882251292 0.4095139825666028 0.67451 0.756863 0.776471
v 0.21590847026654087 -0.017883563185013358 0.3852145376035929 0.666667 0.733333 0.745098
v 0.17959132115249275 -0.013964696779463436 0.3143082821766254 0.607843 0.678431 0.690196
v 0.21594269313433674 -0.037600853510493369 0.32970910050434368 0.678431 0.752941 0.768628
v 0.1937471099420848 -0.06324812143506545 0.21088762278494459 0.615686 0.705882 0.729412
v 0.17137867268639349 -0.04220054692489497 0.2154640135226336 0.635294 0.709804 0.721569
v 0.14420471795550716 -0.027339505139391888 0.23399573656994555 0.654902 0.721569 0.729412
v 0.15489585502593304 -0.03290791058034514 0.21026000142312596 0.666667 0.721569 0.717647
v 0.19198145332764689 -0.051663803722587487 0.23583556205769186 0.623529 0.694118 0.709804
v 0.19301329127754023 -0.06464122644832764 0.22027711230284689 0.737255 0.807843 0.827451
v 0.17074308288623503 -0.10918976231422867 0.3850207851655646 0.733333 0.815686 0.839216
v 0.1585029916424552 -0.024102003517864427 0.2516765443859536 0.639216 0.709804 0.721569
v 0.1848636273850238 -0.09814943024254944 0.2541327048074353 0.737255 0.811765 0.827451
v 0.18560371470294433 -0.1010831260684495 0.2753508588897726 0.705882 0.784314 0.807843
v 0.1517538818713351 -0.1147854608312351 0.33710392789555795 0.654902 0.741176 0.764706
v 0.16787692525438828 -0.11357587781855896 0.3343694785399886 0.686275 0.776471 0.803922
v 0.19187920256353328 -0.09796912551788134 0.29800083565487686 0.737255 0.811765 0.831373
v 0.20067774262809233 -0.08163403247005162 0.28145988120144946 0.701961 0.776471 0.8
v 0.20282004716519537 -0.03067457222471627 0.3080035582229679 0.647059 0.721569 0.733333
v -0.13628763989969557 -0.159917875010778 0.32273607559574127 0.603922 0.698039 0.737255
v -0.1197736344888505 -0.15394073709795795 0.2549421317027283 0.745098 0.815686 0.839216
v -0.13490770865569302 -0.17989165207521636 0.33620013489618658 0.619608 0.713726 0.752941
v -0.10472067370086683 -0.16959907544527326 0.2211917081362352 0.647059 0.733333 0.760784
v -0.09848756693016184 -0.16059088274912018 0.19324747380038088 0.745098 0.815686 0.839216
v -0.09664461425820552 -0.1327779784331374 0.18950955192534608 0.654902 0.72549 0.74902
v -0.10744014001147694 -0.1299514740777988 0.22509067893006316 0.760784 0.823529 0.843137
v -0.0953152705989011 -0.18602206820222098 0.23621231763227738 0.690196 0.768628 0.792157
v -0.1172576523098666 -0.19728640011715138 0.31827761872032886 0.709804 0.780392 0.803922
v -0.13602276275954729 -0.1853314669804264 0.3904177125158924 0.611765 0.709804 0.752941
v -0.1414912336525234 -0.1620688649663001 0.36880656483773296 0.658824 0.760784 0.803922
v -0.12323929674636825 -0.20199637586642217 0.3740708321790957 0.639216 0.741176 0.780392
v -0.022467731911545435 -0.16177228489722743 0.3287400031823615 0.690196 0.780392 0.811765
v -0.023915295596991863 -0.15359165544009249 0.29355645496052376 0.627451 0.717647 0.741176
v -0.02997404466602867 -0.13976067103798538 0.3233559837114417 0.556863 0.643137 0.666667
v -0.11129323910826586 -0.2081513885894639 0.37405938463906288 0.631373 0.72549 0.756863
v -0.057989105509365698 -0.10775374253814096 0.43420229411065655 0.439216 0.52549 0.556863
v -0.041571477964799718 -0.13548987375684055 0.42068565969312207 0.592157 0.690196 0.721569
v -0.02930010921383155 -0.14304062927992604 0.3443380354763012 0.623529 0.666667 0.654902
v -0.06714827816820075 -0.10329674028532225 0.3732335458450276 0.521569 0.615686 0.647059
v -0.032088877402449148 -0.14333324019615155 0.3665422394768526 0.541176 0.643137 0.67451
v -0.0574608352809144 -0.10884238711535935 0.3262230979717369 0.560784 0.647059 0.666667
v -0.09711361906953081 -0.20810254367446466 0.31706563122232286 0.67451 0.752941 0.776471
v -0.08576072124008441 -0.09623711775714043 0.43080473576417058 0.560784 0.647059 0.670588
v -0.11780483821680925 -0.1289699885380596 0.2673499525022103 0.713726 0.784314 0.807843
v -0.13377554010093518 -0.12926780675087663 0.3342164927122183 0.682353 0.768628 0.803922
v -0.12410155860736545 -0.12580206378721454 0.2994470153963849 0.678431 0.756863 0.780392
v -0.10554594526645972 -0.11722090785608679 0.25321513545391718 0.713726 0.788235 0.815686
v -0.11648056972518913 -0.11019385335595734 0.3225763316650663 0.654902 0.737255 0.768628
v -0.13946765992206923 -0.1391174414675657 0.37221876247025789 0.713726 0.796079 0.831373
v -0.13292082416536225 -0.12108587799588738 0.3666897950990476 0.701961 0.780392 0.811765
v -0.13285371420929768 -0.12191213444778822 0.41702968038074947 0.72549 0.811765 0.847059
v -0.11212783512495231 -0.10077169747124718 0.371869003840915 0.65098 0.737255 0.764706
v -0.09965799499390578 -0.09732084985414412 0.41580059981883596 0.541176 0.643137 0.678431
v -0.1181395358529525 -0.10470831869685483 0.41523303790944318 0.647059 0.733333 0.768628
v -0.06220344417829014 -0.11027300391974886 0.4119421392877288 0.466667 0.54902 0.580392
v -0.03760193058596598 -0.12923028333640078 0.4153717271817362 0.54902 0.643137 0.67451
v -0.03952642790025455 -0.14158707343156158 0.41190537999835188 0.67451 0.764706 0.796079
v -0.12627230340813296 -0.1113904940831261 0.42389855376756888 0.690196 0.776471 0.811765
v -0.07140521263970223 -0.10033512972107853 0.41836035122165179 0.54902 0.654902 0.694118
v -0.054357560312588978 -0.10877852520459654 0.286844774790689 0.552941 0.631373 0.658824
v -0.03329126700481619 -0.13290765941875636 0.3052102617950219 0.560784 0.647059 0.67451
v -0.02937276368369669 -0.13564786807920474 0.2813837138152997 0.647059 0.737255 0.760784
v -0.1063856191001522 -0.09446869262721584 0.4187809895692957 0.603922 0.682353 0.701961
v -0.10231783416409558 -0.09747334245989198 0.422393998420262 0.615686 0.713726 0.74902
v -0.027341736802803008 -0.16513272828537116 0.3763211165171544 0.65098 0.701961 0.694118
v -0.03427787212273125 -0.165752809336255 0.4112281530544385 0.560784 0.654902 0.67451
v -0.0323263247896586 -0.1640755795655952 0.41825636087046116 0.690196 0.792157 0.831373
v -0.047581359537430648 -0.19584137525962953 0.41238664568718499 0.67451 0.772549 0.811765
v -0.05052680156926077 -0.11768249921316503 0.372711318034669 0.545098 0.631373 0.65098
v -0.032904325004873637 -0.14510982522590949 0.3770442223695628 0.568627 0.666667 0.698039
v -0.06530840871910877 -0.10575364904797935 0.22513588111286224 0.690196 0.768628 0.792157
v -0.044655531676458037 -0.1141294576708809 0.2280884074894551 0.576471 0.643137 0.654902
v -0.08508349690543334 -0.18591183809725 0.19925955264637736 0.666667 0.745098 0.764706
v -0.07658679313236736 -0.10007520859172059 0.4127333170237146 0.419608 0.501961 0.533333
v -0.0715290039364211 -0.19511868219613813 0.2454793101185683 0.741176 0.815686 0.831373
v -0.029420848135173803 -0.17272621600902553 0.27088630093081 0.682353 0.764706 0.792157
v -0.02526448775823641 -0.16967878899100193 0.29513441378013247 0.545098 0.65098 0.690196
v -0.04768114757053292 -0.18558315363214496 0.23026880498608119 0.65098 0.729412 0.74902
v -0.03441616012759297 -0.17074709362969 0.2057625848670929 0.65098 0.737255 0.760784
v -0.028314379016368238 -0.1680426370864662 0.21516406302208719 0.686275 0.780392 0.815686
v -0.029181523716859116 -0.1588268221364085 0.21785006029371574 0.65098 0.745098 0.768628
v -0.03949105131297328 -0.17803693574981004 0.242773128516328 0.643137 0.737255 0.768628
v -0.054923340535563237 -0.19356651829852263 0.25444252705044437 0.698039 0.780392 0.8
v -0.036047259603778279 -0.18109345575133246 0.2633501072972684 0.658824 0.745098 0.768628
v -0.025834377471856529 -0.14345202567161506 0.24579633302636834 0.596078 0.682353 0.701961
v -0.08269653822524434 -0.09588047052780571 0.3573425746168073 0.541176 0.627451 0.65098
v -0.06635936111357921 -0.10419193926194846 0.21800648495520284 0.635294 0.717647 0.737255
v -0.08962060779759075 -0.11146303912351884 0.2178826665573956 0.643137 0.717647 0.737255
v -0.04632710167076308 -0.11241732257282011 0.21913614588866515 0.537255 0.611765 0.635294
v -0.06087582077432461 -0.10382536405648144 0.1813852553811649 0.623529 0.701961 0.721569
v -0.026662621979271867 -0.14085708902552439 0.22429355550190556 0.627451 0.705882 0.721569
v -0.05103195942200752 -0.18319704484287437 0.18004136812776568 0.662745 0.745098 0.768628
v -0.02800724280803146 -0.1411725303905689 0.20088343688248667 0.517647 0.607843 0.635294
v -0.038249388831291367 -0.11390989053195495 0.19835126871027859 0.643137 0.721569 0.741176
v -0.05102297573910964 -0.21029366425010263 0.3299161594461916 0.698039 0.788235 0.815686
v -0.08440846298848914 -0.106552433678409 0.23752515937679914 0.643137 0.709804 0.72549
v -0.07084152888985423 -0.21552282077336325 0.3467422752108348 0.623529 0.717647 0.74902
v -0.07710393287221049 -0.21073343317262439 0.31056614905068899 0.690196 0.772549 0.792157
v -0.03393041347877585 -0.1942263657347071 0.3143282973463555 0.701961 0.788235 0.815686
v -0.025399644319070454 -0.18025074057147084 0.34362492596422 0.682353 0.780392 0.815686
v -0.03756870127821214 -0.2007732416219292 0.3529289123721694 0.607843 0.709804 0.74902
v -0.06611075785237816 -0.2130782053599244 0.3741511377778215 0.686275 0.776471 0.803922
v -0.08838985005646939 -0.21185774925175594 0.3842030455664136 0.654902 0.745098 0.776471
v -0.05606320684677302 -0.19649757836418084 0.4316439721630496 0.631373 0.72549 0.752941
v -0.04041325248373855 -0.18778597560864236 0.4097118043122301 0.647059 0.74902 0.784314
v 0.024166610771378075 0.02658734619723919 -0.00031927033824293466 0.312236 0.313152 0.290222
v 0.02858331590248317 0.07141040430148912 0.0005828058813083847 0.168627 0.172549 0.152941
v 0.022113465114470586 0.04046728908302164 0.002692037255766249 0.309804 0.313726 0.298039
v 0.01500562391064114 0.026797886216736536 0.052652138102474609 0.254902 0.266667 0.266667
v 0.012068392445216538 -0.005927607810955407 0.05986868078001997 0.321569 0.337255 0.337255
v 0.01975496741769109 0.002940121344224084 0.0436113195048522 0.227451 0.223529 0.215686
v 0.017947310320405777 0.028492470285747086 0.03990871239803494 0.219608 0.219608 0.215686
v 0.018907431416769806 -0.0077348094708649599 0.036526532322965068 0.388235 0.403922 0.384314
v -0.07579154051432752 0.002625687717008631 0.00006504222880885495 0.456315 0.467578 0.458025
v -0.06683449549125405 0.01853509737157713 0.029369214231665488 0.392157 0.356863 0.305882
v -0.05490615419708835 0.042334268084747859 0.00007992834165853095 0.333333 0.341176 0.329412
v 0.02388098908340722 0.00558767146444678 0.02754720414174291 0.196078 0.192157 0.180392
v 0.033214736448598649 0.003613269823279356 -0.0000008668877876720409 0.300061 0.298685 0.28022
v 0.01168702909923141 0.05636308530175316 0.006209354837806962 0.341176 0.345098 0.32549
v 0.014449225033271701 0.04580607309719992 0.036798855133070667 0.227451 0.227451 0.207843
v -0.008045070390579675 0.08581047379159064 -0.0000008248324736733897 0.226527 0.228046 0.204379
v -0.0804971765170497 -0.18773206346045516 0.00011868838530017893 0.443137 0.447059 0.411765
v -0.08647722882551999 -0.16632871571359626 0.03620993801009954 0.552941 0.54902 0.509804
v -0.08878386471206577 -0.14699419050422006 0.00014521618950529794 0.490196 0.501961 0.482353
v -0.004063963378864161 0.03826257608727504 0.06398709821265106 0.337255 0.34902 0.337255
v -0.015599028979719524 -0.1838414020631231 0.000031398044021290546 0.294118 0.305882 0.290196
v -0.053590623775052987 -0.2012424270081086 0.00014427617277780312 0.32549 0.329412 0.305882
v -0.08177676317815429 -0.16023774575148404 0.044858522192992408 0.352941 0.356863 0.341176
v -0.07246658260858181 -0.18116628677736194 0.06416008991513653 0.384314 0.411765 0.415686
v -0.08528037830675578 -0.1460547764759781 0.05248998675091297 0.286275 0.294118 0.282353
v -0.06606766761662568 -0.19445232626033077 0.03811737115328777 0.403922 0.423529 0.419608
v -0.04951297025008816 -0.19389118979192247 0.046047654868687 0.278431 0.282353 0.266667
v -0.06612789759634673 -0.18941426342600396 0.048359202609996928 0.396078 0.403922 0.380392
v -0.049952938697065799 -0.19386212873924356 0.07158727828227496 0.301961 0.317647 0.313726
v -0.0636645736442679 -0.18349480698784779 0.08118495336991442 0.345098 0.356863 0.352941
v -0.082394515558521 -0.14469803104670807 0.07176926810267979 0.384314 0.407843 0.411765
v -0.08016923184348221 -0.18218045855373186 0.03748519333857207 0.407843 0.423529 0.403922
v -0.05817863469679111 -0.18177174128605923 0.11046449061730592 0.207843 0.211765 0.2
v -0.07140605399156859 -0.15988386012649487 0.11625586962202495 0.356863 0.388235 0.392157
v -0.07055544473394408 -0.15365580171858859 0.08609289801326582 0.364706 0.388235 0.396078
v -0.03983997744384283 -0.1979980050601039 0.03690401104403494 0.352941 0.364706 0.356863
v -0.02676914258448354 -0.18720132327016929 0.04533544279290289 0.309804 0.321569 0.305882
v -0.029462260132070145 -0.1968643735130136 0.00006125489379354325 0.376471 0.392157 0.372549
v -0.0174665021668861 -0.18270882220215024 0.037341656302703158 0.415686 0.427451 0.4
v -0.01606422063339919 -0.16517800749231227 0.046283588310623829 0.333333 0.337255 0.321569
v -0.016468003556678956 -0.17191648804350774 0.05271178904702739 0.329412 0.352941 0.34902
v -0.006182035140555341 -0.14761929363962385 0.00012051229113195086 0.282353 0.290196 0.27451
v -0.009967706286013637 -0.16777624270954204 0.035002728903801658 0.384314 0.4 0.372549
v -0.019130330328897137 -0.1570740447155188 0.08539760754472524 0.329412 0.345098 0.341176
v -0.036656676129675918 -0.1808515831440242 0.11028684755578065 0.239216 0.25098 0.247059
v -0.048308161338850328 -0.18626430627368507 0.10416372008822852 0.360784 0.384314 0.384314
v -0.07342876676897242 -0.18239808687584586 0.16564564506716379 0.643137 0.627451 0.564706
v -0.07468055232748205 -0.17827675346968159 0.17005659957108644 0.686275 0.776471 0.807843
v -0.0896169918077537 -0.17046246533190985 0.15981161378724482 0.698039 0.772549 0.796079
v -0.026988680455117817 -0.1706067970055541 0.11059712426041361 0.321569 0.345098 0.341176
v -0.032487235778328609 -0.1795572132512467 0.1274527105682609 0.27451 0.278431 0.262745
v -0.09643871298093372 -0.1533878398486329 0.16361506184992148 0.717647 0.8 0.823529
v -0.07338775982254038 -0.1649731057885317 0.1441867503797202 0.478431 0.494118 0.47451
v -0.07276527700214228 -0.1759036122669278 0.15773177440391326 0.196078 0.203922 0.2
v -0.09093773146132996 -0.1619798117078564 0.14741618174627386 0.290196 0.298039 0.27451
v -0.08531162954804619 -0.17984342506718069 0.18014251730291004 0.694118 0.764706 0.788235
v -0.05636085253735458 -0.1878064833056563 0.1754186664009146 0.631373 0.713726 0.737255
v -0.05875785528526636 -0.1845761339294438 0.13576077448563257 0.329412 0.329412 0.317647
v -0.058311969801237466 -0.18407552008194215 0.15777423621115503 0.560784 0.631373 0.643137
v -0.054496020460126578 -0.19230869524306452 0.15936229693114346 0.313726 0.329412 0.317647
v -0.049639818770247767 -0.1853167047380953 0.1318759872009606 0.184314 0.184314 0.176471
v -0.061172753191780959 -0.1907880847679723 0.15447801583541533 0.305882 0.309804 0.286275
v -0.09650472494459049 -0.14049651435874906 0.17345800081622629 0.666667 0.745098 0.768628
v 0.0042190594274261268 0.05183661530298676 0.04205067173365317 0.239216 0.239216 0.215686
v -0.05359816965641106 -0.2043227216120226 0.17836585249204765 0.247059 0.247059 0.219608
v -0.03855645268372974 -0.1856175246345525 0.1577935590837098 0.364706 0.403922 0.415686
v -0.03606512823779146 -0.1952479538547276 0.16575028010372779 0.207843 0.207843 0.188235
v -0.04461873752009045 -0.18302588078052718 0.17545254624874274 0.254902 0.266667 0.243137
v -0.01284140230457023 -0.17283318118684569 0.14588692184393704 0.368627 0.376471 0.34902
v -0.023380137287657505 -0.1751381924611455 0.1586205715841935 0.207843 0.203922 0.192157
v -0.030821159358839876 -0.15467941140516054 0.1452405408196881 0.764706 0.654902 0.607843
v -0.030634879260227747 -0.16788036601062973 0.15707661081188158 0.647059 0.737255 0.768628
v -0.0317529079444002 -0.1709353772291912 0.17042972679667726 0.741176 0.811765 0.827451
v -0.036857633179033708 -0.19689039051564495 0.18087225918716316 0.27451 0.286275 0.27451
v 0.0004063007118956316 -0.019939859323759514 0.06829085498252377 0.341176 0.34902 0.341176
v -0.011748669118694256 -0.0008361862082837517 0.06589992079903152 0.396078 0.415686 0.411765
v -0.05009093451270373 0.03613655573456845 0.045730684946220189 0.360784 0.384314 0.384314
v -0.07685281153176477 -0.012478471367179346 0.044141312619323528 0.356863 0.376471 0.376471
v -0.05423242485032667 0.013342457543561748 0.05534252785783917 0.415686 0.435294 0.431373
v -0.010824450811367299 -0.15975297653618299 0.14244423802263007 0.223529 0.223529 0.211765
v -0.016966150691331406 0.04609017911080493 0.06263074879485534 0.392157 0.415686 0.411765
v -0.03308950542050186 0.04983357741027742 0.04772423163134412 0.317647 0.329412 0.32549
v -0.03940089955840362 0.03170388702545618 0.059260735909522768 0.431373 0.45098 0.447059
v -0.038360738866059649 -0.17484542114541747 0.1784430717299295 0.737255 0.815686 0.839216
v -0.0243608196874856 -0.14154937313813299 0.17791971397040694 0.74902 0.815686 0.831373
v -0.08124763840764354 -0.09061464253017032 0.029494375368286659 0.560784 0.54902 0.494118
v -0.03482782073480736 0.05644504375011075 0.03785035193132912 0.313726 0.313726 0.290196
v -0.07949031561422343 -0.0891130768215009 0.00027602700065742895 0.335156 0.343807 0.326236
v -0.08029294931840285 -0.11112821994785156 0.034245991251546609 0.541176 0.494118 0.411765
v -0.008928309712053114 -0.11293303682412803 -0.000031504812551267904 0.219608 0.219608 0.2
v -0.07805645926864413 -0.08265505578080239 0.03888247283018407 0.25098 0.25098 0.239216
v -0.08451740000335953 -0.10503364721883069 0.06378294291358291 0.313726 0.32549 0.32549
v -0.07074752907990199 -0.05358111445225306 0.06305350405240096 0.360784 0.384314 0.380392
v -0.08111714963240832 -0.06399164619359375 0.050830221898004509 0.262745 0.262745 0.258824
v -0.07995334639687729 -0.13514240664920355 0.10681629312245182 0.305882 0.309804 0.301961
v -0.07414167089665819 -0.08818440087205176 0.07594453055454764 0.372549 0.396078 0.396078
v -0.07116459591715679 -0.11123964558507305 0.08766069781918724 0.266667 0.270588 0.266667
v -0.07420036408833616 -0.13205256131549593 0.0828452654621889 0.25098 0.258824 0.25098
v -0.06621870601378767 -0.09918859886034548 0.09901785250593387 0.364706 0.384314 0.376471
v -0.05358329890830278 -0.07974452252088917 0.11120260474404771 0.376471 0.4 0.396078
v -0.05755913755953966 -0.054180259321098319 0.07835072246976883 0.211765 0.219608 0.219608
v -0.06853939910275735 -0.10906626754214444 0.13690836490186293 0.305882 0.317647 0.313726
v -0.00658254388258008 -0.12052061441107963 0.05130728140184803 0.192157 0.192157 0.180392
v -0.009461369871835884 -0.12577162543762067 0.034213796813041309 0.282353 0.290196 0.278431
v -0.01361442273397424 -0.1187450271604561 0.04237324879349693 0.207843 0.207843 0.203922
v -0.002023574401824598 -0.12358881620228556 0.06572615688231916 0.305882 0.317647 0.313726
v -0.007932528566147589 -0.08519513215568704 0.039911866176552599 0.192157 0.192157 0.168627
v -0.007119932653556868 -0.10585468618958348 0.017672371056184349 0.227451 0.231373 0.219608
v -0.005999884188335369 -0.0880631085158626 0.000216578013813792 0.329412 0.337255 0.309804
v -0.005924083019172544 -0.1321646175944124 0.09313434441360312 0.180392 0.184314 0.184314
v -0.003664733944722066 -0.08596495602808137 0.028835720837906976 0.239216 0.247059 0.231373
v 0.010402370223381917 -0.05707274670949515 -0.0004662336776882325 0.219608 0.223529 0.2
v -0.006587464924687103 -0.14249283165247085 0.11999021543378949 0.454902 0.462745 0.45098
v 0.0036160419589741355 -0.09325025962726612 0.05738098737889286 0.282353 0.286275 0.286275
v -0.002318099584516506 -0.11649360880632187 0.10170446230168594 0.329412 0.333333 0.313726
v -0.00044388583470348193 -0.091760788159856 0.08521348902310062 0.298039 0.305882 0.298039
v -0.002539721983879885 -0.060333758600483958 0.08235625450087038 0.313726 0.32549 0.313726
v -0.0053816310092225428 -0.09792911696755565 0.10996044857744654 0.329412 0.34902 0.341176
v -0.0027097642273445005 -0.13887772277293967 0.13014263462145027 0.137255 0.156863 0.156863
v 0.0060814285875943319 -0.07369304559620008 0.05971701249166091 0.313726 0.321569 0.309804
v -0.010790228091460207 -0.07858535931913569 0.1079251990047011 0.25098 0.258824 0.247059
v -0.010441134840371089 -0.08794775232562036 0.11599180107431584 0.207843 0.207843 0.207843
v -0.08506683104175898 -0.032239303755397057 0.01325083889707506 0.368627 0.380392 0.376471
v -0.08388492685314235 -0.025358044040046099 0.026153572609935117 0.45098 0.454902 0.439216
v -0.08266491932646095 -0.04500404674215988 0.00016273865019723 0.286275 0.290196 0.282353
v -0.07931444445878341 -0.05683248809165214 0.037977333928007599 0.341176 0.352941 0.34902
v -0.08066165464324317 -0.0279769017613189 0.029416219331239697 0.4 0.403922 0.384314
v -0.07357307667866264 -0.001338980086708177 0.03448613185202369 0.333333 0.32549 0.305882
v -0.06548950180561032 -0.019349872215317266 0.05467020383639053 0.372549 0.388235 0.388235
v -0.043298164416784367 -0.021544032266323899 0.06836121017205885 0.34902 0.368627 0.364706
v -0.008045058333250545 -0.03796884673902587 -0.0000008113823451411272 0.307936 0.312012 0.289092
v -0.03760515284214476 -0.06288718745056558 0.10253907440555063 0.376471 0.396078 0.392157
v -0.035984542563249389 -0.07553946386222374 0.12125895591655073 0.301961 0.313726 0.305882
v -0.015693441335874839 -0.05465760360852634 0.09102704533544154 0.376471 0.392157 0.384314
v 0.002286949875326042 -0.0518255322395082 0.07359144192096313 0.372549 0.392157 0.380392
v -0.019608644979633575 -0.07868867551684933 0.11996653973053326 0.219608 0.223529 0.215686
v 0.016384724663177105 -0.03838517401504124 0.030416602572900139 0.384314 0.376471 0.337255
v -0.03323916527528358 -0.03884932967677292 0.08308643286854919 0.376471 0.396078 0.392157
v 0.008507003768941174 -0.056061007306381447 0.062108528406282347 0.180392 0.188235 0.176471
v -0.07923414885440278 -0.13961142286571369 0.1420413160685983 0.235294 0.235294 0.231373
v -0.09445418094975361 -0.13793410154424833 0.1478505934551691 0.192157 0.196078 0.188235
v -0.03529242211621821 0.0002401238454358152 0.06291742963691143 0.396078 0.419608 0.415686
v -0.07698466359624502 -0.1429889558635105 0.12663888484562844 0.258824 0.266667 0.258824
v -0.09222055910167519 -0.12748204564171365 0.16393676956089715 0.713726 0.780392 0.796079
v -0.07232152951796123 -0.11121636100787939 0.15247895779012109 0.537255 0.592157 0.6
v -0.0754227732435362 -0.11033187511701558 0.16900891111352768 0.631373 0.654902 0.619608
v -0.05517070277650915 -0.09234207365291043 0.12857249931025684 0.388235 0.407843 0.411765
v -0.079753501113111 -0.11088208393069532 0.1794922676035113 0.72549 0.8 0.823529
v -0.06697691482192027 -0.10297704972033808 0.1670056187491248 0.588235 0.65098 0.662745
v -0.04577521488417721 -0.08835093712904922 0.16763635989988788 0.270588 0.278431 0.278431
v -0.0928665339388362 -0.12008610842259916 0.19517656468611178 0.670588 0.737255 0.745098
v -0.02566060588611233 -0.14681753757902556 0.15985914182130146 0.576471 0.65098 0.670588
v -0.049801670685562158 -0.10517604323055091 0.1778413996925176 0.517647 0.592157 0.619608
v -0.021147132209747935 -0.13709994976599519 0.14247132086631038 0.831373 0.709804 0.662745
v -0.02107817151529699 -0.13111908930231998 0.16559257407797374 0.482353 0.486275 0.439216
v -0.03246958773909302 -0.10840074549532922 0.1604078584884262 0.454902 0.52549 0.552941
v -0.004442673509936863 -0.14341151751017373 0.13866938338589278 0.266667 0.27451 0.262745
v -0.00235693757183974 -0.12405960805673376 0.14827338488567352 0.337255 0.356863 0.345098
v -0.0210460200161524 -0.12282722112700168 0.14569673921011323 0.764706 0.643137 0.592157
v -0.033373399571229696 -0.11417707431975688 0.17865570439316809 0.494118 0.580392 0.611765
v -0.009904849404359547 0.05456468342016304 0.047186746899447847 0.282353 0.290196 0.282353
v -0.03897786187042701 -0.08215690682901367 0.13648399221607697 0.298039 0.313726 0.309804
v -0.03098621724593647 -0.0846773345514766 0.1426295921819022 0.25098 0.254902 0.25098
v -0.022364045255576255 -0.09051961531214324 0.16667469915511819 0.235294 0.243137 0.235294
v -0.024694335015091365 -0.08279157546498164 0.13964169745320433 0.243137 0.247059 0.239216
v -0.008694886896126155 -0.1106950518359001 0.16214836879822817 0.294118 0.305882 0.294118
v -0.006677680853317127 -0.1044615021129106 0.15481244736007994 0.27451 0.282353 0.266667
v -0.024072360116741563 -0.1341883288458292 0.18649486019303355 0.670588 0.701961 0.670588
v -0.00635423686852503 0.059251794557367839 0.03979481953001708 0.415686 0.419608 0.392157
v -0.012576708439325442 0.06611320995370636 0.007981202086394938 0.211765 0.207843 0.180392
v -0.03054700889694912 -0.12118811467114468 0.19006390496224258 0.560784 0.643137 0.666667
v 0.033214741549584838 -0.037646504632011867 -0.0000009021342836822778 0.331322 0.33153 0.304986
v 0.013301086631646588 -0.05395352239563395 0.016354728285901875 0.427451 0.439216 0.411765
v 0.012498863667783264 -0.04274499534911694 0.04052936440328663 0.156863 0.156863 0.145098
v 0.015796149247738989 -0.02515303844776444 0.05135177740112064 0.32549 0.341176 0.333333
v -0.035323664549709258 0.06102945774288818 0.004682202419005389 0.423529 0.411765 0.376471
v -0.044549141591407558 0.06735336312668883 0.0005653128576164133 0.104114 0.100193 0.090196
v 0.17169217371004234 0.020857235423009214 1.186417494382175 0.286275 0.294118 0.298039
v 0.146191670707614 0.019630616543788283 1.1975359747332753 0.258824 0.266667 0.266667
v 0.15243197161013675 0.008153270400726269 1.19017089817763 0.215686 0.215686 0.219608
v 0.1231618499644964 -0.009219344933810298 1.1779654974048322 0.023529 0.031373 0.035294
v 0.1685429804691567 -0.01091408651468297 1.1767511661410204 0.203922 0.207843 0.207843
v 0.13278648958993273 -0.020112377195724626 1.174202592818211 0.039216 0.047059 0.05098
v 0.12502003349773675 0.0006395868033316599 1.1870020790920655 0.07451 0.094118 0.101961
v 0.19279415331236886 0.005742592412127673 1.1621506181986976 0.294118 0.301961 0.309804
v 0.19350997224086859 0.022534654063560985 1.1588036049805602 0.32549 0.341176 0.34902
v 0.18564353460661466 0.011748386980464706 1.172381074226703 0.282353 0.290196 0.298039
v 0.14234868817551372 0.10971071474212646 1.203184908592608 0.305882 0.313726 0.321569
v 0.1523897537766438 0.08072155323320682 1.2083758907754019 0.305882 0.313726 0.317647
v 0.16226686771247884 0.0797473545392595 1.1870942453671436 0.317647 0.329412 0.337255
v 0.1818881286258004 -0.005476964681190083 1.1719687361756966 0.294118 0.301961 0.309804
v 0.19301429280754399 -0.0242748633766925 1.158778811144548 0.172549 0.172549 0.184314
v 0.12223569361763227 0.11111728123798218 1.2354154518955263 0.298039 0.305882 0.309804
v 0.14913875388103005 0.07254623736770585 1.214748814794723 0.27451 0.282353 0.282353
v 0.13114955940663168 0.05270413617741313 1.221343814848879 0.282353 0.290196 0.290196
v 0.14428098933781878 0.05773497112983419 1.2185223984428702 0.278431 0.290196 0.290196
v 0.10918772733616028 0.09443325284283256 1.2437737339325959 0.192157 0.188235 0.184314
v 0.1441938345681864 0.11445959104534244 1.1781163925755803 0.266667 0.278431 0.282353
v 0.1676295297542541 0.07727265078066925 1.1568557861241274 0.258824 0.266667 0.270588
v 0.17600904937724774 0.03636955824523478 1.183595507255283 0.258824 0.266667 0.278431
v 0.17776431269383695 0.0480315850583761 1.1766522838310896 0.294118 0.305882 0.313726
v 0.147796442467902 -0.18477578657026218 1.358569233145802 0.196078 0.2 0.2
v 0.14084545093082474 -0.19076725728028286 1.363022747753665 0.266667 0.27451 0.27451
v 0.14757069983389144 -0.1993036642794257 1.3414230222904096 0.262745 0.266667 0.27451
v 0.1641820730204691 0.03292812141514702 1.1940260642716079 0.278431 0.290196 0.290196
v 0.1737256225698102 0.031038938865833738 1.1877775109206757 0.282353 0.294118 0.301961
v 0.18614925026204549 0.036112738935057977 1.1627840087020325 0.27451 0.282353 0.290196
v 0.108210691258671 -0.1919729245025097 1.14549214424646 0.247059 0.25098 0.258824
v 0.11206918268393652 -0.1918544898045453 1.1513862178301598 0.082353 0.086275 0.090196
v 0.11610509869358576 -0.19613043697539127 1.1570872324844364 0.239216 0.247059 0.254902
v 0.1776211280918521 0.05846278994555062 1.16010027159939 0.309804 0.321569 0.32549
v 0.1306993224069294 -0.1739615274472843 1.1731269291895912 0.12549 0.137255 0.133333
v 0.11732885508622086 -0.1913221810099452 1.1463866818672628 0.180392 0.184314 0.192157
v 0.11227544275494814 -0.20049941161854213 1.163659276885512 0.243137 0.25098 0.254902
v 0.19052986047638405 0.03790035005731063 1.1387724363206453 0.180392 0.184314 0.184314
v 0.1141809385808352 0.03900469576113932 1.2111067353455132 0.211765 0.215686 0.215686
v 0.170241242845868 0.06578311032767657 1.1327839390285107 0.25098 0.258824 0.258824
v 0.14619575281163864 0.10580716500060443 1.1522645635664184 0.247059 0.254902 0.25098
v 0.13920886243258694 -0.20942957033671226 1.3307295751139657 0.27451 0.282353 0.286275
v 0.17468648910289165 0.00906198265411071 1.182592649955784 0.2 0.203922 0.207843
v 0.1325669005757856 -0.16459009429999495 1.1327314607332487 0.188235 0.188235 0.196078
v 0.13053149552167565 -0.16675483933597383 1.151942039056961 0.2 0.207843 0.215686
v 0.13438918426168965 -0.14562809417992368 1.1695424573414489 0.160784 0.164706 0.172549
v 0.18904061519010097 -0.1637634180308706 1.3032540002623794 0.278431 0.290196 0.294118
v 0.17337424704743707 -0.1876753867819052 1.306114114815228 0.262745 0.270588 0.270588
v 0.19025783338836806 -0.18325858404853238 1.2825307107839915 0.294118 0.305882 0.309804
v 0.16400102774304513 -0.20270936173536389 1.301144619088388 0.298039 0.309804 0.317647
v 0.14772439852459236 -0.20410744244237717 1.296315196842231 0.258824 0.262745 0.266667
v 0.1471402235058895 -0.20960969581930267 1.2714229066849777 0.254902 0.262745 0.262745
v 0.15179971077034225 -0.2091392103109492 1.2683292967090739 0.156863 0.160784 0.160784
v 0.12084214783100636 -0.1953278079165793 1.1661864384270405 0.254902 0.258824 0.262745
v 0.13023253340745823 -0.1931913796488103 1.1952478707455037 0.25098 0.254902 0.258824
v 0.20038457720921094 0.02223592178942582 1.1324163941163275 0.25098 0.258824 0.262745
v 0.21859499814664996 -0.008568013457338085 1.1233539758037379 0.262745 0.270588 0.27451
v 0.12307353077399234 -0.2024872597659568 1.2086650785853637 0.223529 0.235294 0.235294
v 0.12403751991049809 -0.1981128588899333 1.2266120278058004 0.137255 0.137255 0.137255
v 0.11616630436269099 -0.21553578535813404 1.2214660172514016 0.286275 0.298039 0.298039
v 0.1914197422901445 -0.18791748186876987 1.2700191651419346 0.282353 0.294118 0.301961
v 0.18751258403577504 -0.1892364002164692 1.2670238331985875 0.243137 0.247059 0.25098
v 0.1890459587071382 -0.18609227630044426 1.2377049590830589 0.211765 0.215686 0.223529
v 0.1316565300410167 -0.1899071197394894 1.2187545618221428 0.219608 0.227451 0.231373
v 0.16349543476573323 -0.2064848313892566 1.2818664243676537 0.266667 0.27451 0.282353
v 0.21406170647504506 -0.013320348409476513 1.1359598263377287 0.266667 0.278431 0.286275
v 0.1803290708657424 0.05471551068638683 1.1387921836118065 0.227451 0.227451 0.235294
v 0.11175929529800545 -0.22545868997699759 1.2340528799304159 0.25098 0.254902 0.258824
v 0.11826003636861161 -0.22251547282499227 1.2388012741361659 0.266667 0.27451 0.278431
v 0.12337638812952662 -0.22177008329869594 1.2686181547260938 0.254902 0.262745 0.262745
v 0.12666425643143379 -0.19171712285703594 1.2237158746833515 0.14902 0.152941 0.164706
v 0.13517992744643829 -0.20267757824466066 1.2347189948074136 0.247059 0.254902 0.254902
v 0.16325778812589457 -0.1843985709086111 1.3324674461008049 0.258824 0.270588 0.278431
v 0.14631713833052546 -0.20381058430520944 1.3232697010446968 0.266667 0.278431 0.286275
v 0.16829042295520994 -0.18081895970099277 1.31425181999217 0.266667 0.278431 0.286275
v 0.13706069187113283 -0.15085310471371159 1.1493248748782648 0.156863 0.156863 0.160784
v 0.1326850664846361 -0.166007700639374 1.225993745278212 0.113725 0.117647 0.129412
v 0.18258956943432018 0.04218561609427422 1.1338982184116709 0.25098 0.258824 0.270588
v 0.1068400333721202 -0.2175778541160691 1.2901444610211979 0.247059 0.254902 0.254902
v 0.2001551066717083 -0.10456541782804935 1.2825303958907422 0.282353 0.286275 0.298039
v 0.1951108309103135 -0.09412381894337652 1.2852138518485985 0.247059 0.254902 0.262745
v 0.18166770323565269 -0.09560682605713919 1.3249481811931554 0.247059 0.254902 0.262745
v 0.16455719426814847 -0.08156116907144712 1.3442471536903769 0.219608 0.223529 0.231373
v 0.1576937533337763 -0.10374446880316847 1.3721540032239619 0.247059 0.25098 0.258824
v 0.17189233514758146 -0.09749698042730799 1.346370316788257 0.25098 0.258824 0.266667
v 0.1311365136249222 -0.21580145093607767 1.2854356073815803 0.266667 0.27451 0.27451
v 0.1419822450830904 -0.20865306811592777 1.2996628382907943 0.27451 0.286275 0.286275
v 0.1271249413360887 -0.21456963982901162 1.303397583558985 0.247059 0.254902 0.258824
v 0.15430040882174968 -0.2002198616058894 1.323104509943277 0.294118 0.301961 0.309804
v 0.11200398824246845 -0.21491391256580578 1.3161379045660267 0.219608 0.223529 0.223529
v 0.10009547054443775 -0.21648353627878415 1.2977570006723647 0.25098 0.258824 0.258824
v 0.17322783438697796 -0.08849892855377839 1.3314490060665845 0.164706 0.168627 0.176471
v 0.15610545430845244 -0.05933171515856329 1.3146550938565718 0.196078 0.203922 0.211765
v 0.14976282230893618 -0.0874434604833759 1.3697429294193276 0.184314 0.188235 0.188235
v 0.1450605797538247 -0.07338535044013295 1.3554055866892574 0.176471 0.180392 0.180392
v 0.13496371798409277 -0.07568734551785643 1.3666208663854922 0.094118 0.094118 0.090196
v 0.14000451742243676 -0.10626965548052356 1.383876127445388 0.227451 0.231373 0.231373
v 0.12905228508132328 -0.04833503748772442 1.3341871360307312 0.156863 0.160784 0.160784
v 0.13841161125038788 -0.05559545797818371 1.3339008267645887 0.152941 0.160784 0.164706
v 0.15447531119348274 -0.19508420210289169 1.2497298394765165 0.172549 0.176471 0.176471
v 0.15718016840449393 -0.18801226261823276 1.2496248929272305 0.176471 0.180392 0.184314
v 0.16413434248390683 -0.1917856952120405 1.2588547083526909 0.168627 0.176471 0.176471
v 0.11261325599105442 -0.2039684458318275 1.350504519906832 0.254902 0.262745 0.262745
v 0.10304776884711495 -0.1885226222534602 1.37484090240385 0.243137 0.25098 0.25098
v 0.1834807812748128 -0.19110020159732633 1.229433225426691 0.270588 0.278431 0.278431
v 0.1918632124027466 -0.17083426679619832 1.245330142087648 0.254902 0.266667 0.27451
v 0.19741016377650098 -0.17869519001242555 1.232479904901971 0.294118 0.301961 0.305882
v 0.14442052999401165 -0.058761350563084378 1.3197476682839245 0.164706 0.172549 0.184314
v 0.12915682737326657 -0.14327578190124774 1.1755363142254834 0.082353 0.082353 0.082353
v 0.12562233009735139 -0.1604765517242234 1.1736802328527523 0.05098 0.054902 0.062745
v 0.12047802809754822 -0.06280398878520827 1.251678066481007 0.027451 0.027451 0.035294
v 0.13272873662624966 -0.05883961982688531 1.269946547924865 0.047059 0.047059 0.05098
v 0.12387261793157248 -0.0661311432054466 1.2510021569683923 0.023529 0.027451 0.027451
v 0.12707884240219664 -0.03234745950741715 1.251996468004153 0.172549 0.180392 0.192157
v 0.1266941980409065 -0.04125619824722033 1.2602492346199455 0.14902 0.160784 0.172549
v 0.13487488303336377 -0.03485158534558406 1.2378791466875292 0.192157 0.2 0.215686
v 0.11779141846733615 -0.17191917349180298 1.3837503588800713 0.196078 0.2 0.2
v 0.1405526047821775 -0.16374307430550054 1.185921255749053 0.113725 0.109804 0.113725
v 0.14097649914041647 -0.05592048496540908 1.265990977237668 0.082353 0.082353 0.082353
v 0.1319853716854554 -0.030372601926217936 1.2425722173945102 0.184314 0.192157 0.2
v 0.13511397454152986 -0.17025132607816946 1.21719558276977 0.117647 0.121569 0.12549
v 0.1246750069420121 -0.011793497726578091 1.1850730959265102 0.031373 0.039216 0.047059
v 0.136384245832135 -0.024644708929821705 1.1843917527441033 0.12549 0.133333 0.14902
v 0.13117356446758786 -0.023933372086822958 1.1793068767230089 0.098039 0.113725 0.12549
v 0.133262307942616 -0.017969863546949857 1.2290194060750575 0.176471 0.184314 0.196078
v 0.13494955079365887 -0.009477502698857058 1.2580604161021619 0.219608 0.227451 0.239216
v 0.1324595465870679 -0.022579803082746313 1.2682005572969475 0.101961 0.109804 0.117647
v 0.13754179030182676 -0.03019820747282624 1.2739065945763713 0.12549 0.133333 0.141176
v 0.1350073810280682 -0.14469838867505967 1.1634916879608022 0.129412 0.129412 0.133333
v 0.12972456642948655 -0.059806659468057039 1.2388990008909802 0.035294 0.035294 0.039216
v 0.13419368226031057 -0.05305938473606792 1.228666528959317 0.094118 0.101961 0.105882
v 0.13751536285069 -0.05400260485375868 1.2857417958831857 0.141176 0.14902 0.160784
v 0.1316633557163431 -0.04757280496728793 1.2447345881416563 0.109804 0.117647 0.133333
v 0.13513264893274386 -0.01611860330638676 1.1952952484997004 0.137255 0.14902 0.156863
v 0.11737000241782153 -0.006958754361603603 1.2673968531095555 0.156863 0.160784 0.160784
v 0.13601293405857829 -0.015776884156148128 1.2768852794989032 0.227451 0.239216 0.243137
v 0.13078757348223578 -0.011366980646712769 1.2732096185330422 0.215686 0.227451 0.227451
v 0.136825525730489 -0.1579497172219801 1.3847721323347593 0.262745 0.266667 0.266667
v 0.1590808200772893 -0.20586378457740246 1.2661082523749759 0.247059 0.254902 0.254902
v 0.14054983874809899 -0.04025182865600895 1.3102739347244339 0.219608 0.227451 0.239216
v 0.130450575978394 -0.020626554324381327 1.2978904060730377 0.211765 0.215686 0.223529
v 0.13314727760883419 -0.036610554345686208 1.318502840696936 0.203922 0.207843 0.207843
v 0.14099214744403694 -0.12706659720312395 1.386762213595839 0.098039 0.098039 0.098039
v 0.12386929990637435 -0.06737219685398593 1.3739959802482436 0.168627 0.180392 0.192157
v 0.1243596963690086 -0.0998192103169947 1.378562401464815 0.14902 0.156863 0.168627
v 0.20156117851330636 -0.17786055106412453 1.2125750357249948 0.27451 0.286275 0.294118
v 0.14468317658946928 -0.05689735238403803 1.2904935192191754 0.109804 0.109804 0.121569
v 0.17291150083483113 -0.07680157097016226 1.321356286341542 0.235294 0.239216 0.247059
v 0.1704655994282572 -0.06878770817151595 1.3098971432522746 0.227451 0.231373 0.239216
v 0.1421479101514003 -0.05271279430703623 1.2980930773221427 0.082353 0.086275 0.086275
v 0.18624113228584006 -0.11834275370351491 1.3245448155105278 0.305882 0.317647 0.32549
v 0.1861358295234894 -0.13921758182366476 1.322032408472821 0.278431 0.286275 0.290196
v 0.19965304797158579 -0.1386548436521645 1.2954680012508318 0.290196 0.305882 0.313726
v 0.11291790776233998 -0.005288837389965096 1.280474497282452 0.215686 0.211765 0.215686
v 0.20308682296383682 -0.06215658151656291 1.1633310378645803 0.129412 0.133333 0.133333
v 0.1991683611535412 -0.05211043532311631 1.1576536272211407 0.235294 0.239216 0.247059
v 0.18525306873311304 -0.05665557502187162 1.161834360265881 0.101961 0.101961 0.105882
v 0.11284749016219152 -0.012555592843440118 1.2985053660165543 0.196078 0.2 0.203922
v 0.1764792941053315 -0.19329166929809567 1.2469634966540789 0.25098 0.254902 0.258824
v 0.11857407162446515 -0.04255078707060053 1.325865392661546 0.160784 0.156863 0.152941
v 0.10278593017633527 -0.05681636345640359 1.343564338209689 0.098039 0.101961 0.101961
v 0.10678172685472316 -0.025376617572168096 1.3124854898131973 0.164706 0.160784 0.156863
v 0.11493012194644134 -0.07045108294732752 1.3598360106183687 0.129412 0.133333 0.145098
v 0.11877470962267571 -0.056585039489031877 1.3726533185991568 0.07451 0.078431 0.082353
v 0.11094798893972902 -0.034785688609537988 1.3668643937155705 0.172549 0.180392 0.192157
v 0.11506661856676824 -0.050293888640156467 1.3596578086868854 0.180392 0.184314 0.192157
v 0.1627524602313492 -0.18860116606694445 1.2317637348562543 0.211765 0.215686 0.219608
v 0.18953738112930888 -0.1820633962306947 1.2004042998750196 0.239216 0.243137 0.247059
v 0.17138991646082675 -0.06930333705478947 1.267079042630291 0.098039 0.101961 0.101961
v 0.17377442966327695 -0.06405478549965452 1.276331282896082 0.203922 0.207843 0.215686
v 0.16625705231686234 -0.060309722979916987 1.2917290683354495 0.223529 0.231373 0.235294
v 0.1553190829715056 -0.055279478639686217 1.290880342855722 0.105882 0.109804 0.105882
v 0.15580666830561577 -0.055046252487698187 1.2799263310187477 0.109804 0.109804 0.113725
v 0.2020399078405691 -0.12155146129549885 1.2884307816217629 0.278431 0.290196 0.298039
v 0.15367414603599115 -0.17982232261875107 1.2414265717161462 0.113725 0.109804 0.113725
v 0.14331389436639478 -0.18727976811428213 1.2431499779591995 0.156863 0.164706 0.156863
v 0.16890838366313955 -0.18726970967642529 1.212817411442858 0.160784 0.160784 0.160784
v 0.16483763714320613 -0.18226865543799937 1.198015461437934 0.188235 0.192157 0.192157
v 0.17050124532534215 -0.1792335397905247 1.1767891520475769 0.215686 0.219608 0.219608
v 0.14048877547402678 -0.17949864353307777 1.2373739875649875 0.137255 0.137255 0.141176
v 0.1104871447632682 -0.03550775708144836 1.3748574925616995 0.176471 0.180392 0.188235
v 0.15082695306250214 -0.18133640631105495 1.2244174689193728 0.090196 0.090196 0.090196
v 0.14228937036709733 -0.1683549547718375 1.2208893683938059 0.019608 0.019608 0.019608
v 0.19083238110929724 -0.18086976209779019 1.1875305448495448 0.298039 0.305882 0.309804
v 0.1362893527887861 -0.16721117741303924 1.1895534472547054 0.184314 0.188235 0.192157
v 0.19284094615866979 -0.08463022856484548 1.2606717840824986 0.235294 0.243137 0.247059
v 0.1994982780130034 -0.1083611019126928 1.268849423704797 0.278431 0.290196 0.298039
v 0.20749546962107763 -0.12585500926743835 1.2727690937481449 0.321569 0.337255 0.345098
v 0.20165579124710748 -0.14470585853368163 1.2744473556226613 0.278431 0.286275 0.294118
v 0.19897166914535453 -0.1591509102781706 1.2737711473953393 0.282353 0.294118 0.301961
v 0.1959373752698955 -0.024149555530330138 1.1497075831008106 0.133333 0.133333 0.137255
v 0.21535539191598478 -0.019945574028975903 1.1291788020876664 0.098039 0.101961 0.105882
v 0.2159965781461474 -0.031975498507341059 1.133122614787401 0.313726 0.329412 0.337255
v 0.1913035731765516 -0.04660524712664172 1.1470882471074327 0.164706 0.168627 0.176471
v 0.20709121859372613 -0.044640267569633167 1.1391251846086448 0.105882 0.105882 0.105882
v 0.1486410420076118 -0.12427471170707923 1.385484477368747 0.27451 0.278431 0.282353
v 0.15987823366849245 -0.13748673943880602 1.371688351414726 0.290196 0.298039 0.305882
v 0.17002075461437397 -0.12357394243753399 1.3599964746006533 0.27451 0.286275 0.290196
v 0.2057885468570773 -0.02917410310217091 1.1475153513590398 0.286275 0.301961 0.309804
v 0.22042497279376159 -0.04734192212082775 1.1328657822240003 0.286275 0.290196 0.298039
v 0.21090957754404589 -0.056379066378765507 1.1416126572270265 0.117647 0.12549 0.137255
v 0.2174643537684012 -0.015148137351836136 1.128437443418388 0.117647 0.121569 0.129412
v 0.17883021394865224 -0.11692407632863844 1.33593814271151 0.278431 0.290196 0.298039
v 0.18727917290678706 -0.037216222904328587 1.1568997738211467 0.058824 0.066667 0.07451
v 0.17664300151519567 -0.04246469355270949 1.1533751141590312 0.12549 0.12549 0.129412
v 0.20895160152732498 -0.05275879796438598 1.1468396448852987 0.137255 0.145098 0.14902
v 0.15964946425485533 -0.1730057819288797 1.3552043548050493 0.278431 0.290196 0.298039
v 0.17704358751068378 -0.047723873742641229 1.1547603453854583 0.062745 0.062745 0.066667
v 0.18012551251587176 -0.1419859284461553 1.3263297875303935 0.305882 0.313726 0.321569
v 0.1439263082598459 -0.1422516834445282 1.3804659246883262 0.219608 0.223529 0.227451
v 0.1681443860061548 -0.16312780340769188 1.3477042193098059 0.286275 0.298039 0.305882
v 0.24064258084922195 -0.06984742242494932 1.1222376546681688 0.223529 0.227451 0.231373
v 0.15743782960906758 -0.1584616009807847 1.3693832866204812 0.278431 0.286275 0.290196
v 0.23778469673572345 -0.07132297181220503 1.1339123380776959 0.309804 0.321569 0.329412
v 0.2199026696547584 -0.06441911110232888 1.1510362634114749 0.243137 0.247059 0.258824
v 0.23590435192030374 -0.09300157710784773 1.1455913281000137 0.262745 0.270588 0.282353
v 0.21663499785666927 -0.07577723714768824 1.16673782062598 0.14902 0.156863 0.164706
v 0.2271224676846952 -0.09577244028919049 1.1512695734712375 0.066667 0.070588 0.078431
v 0.2252479099834945 -0.08802195442319837 1.1659484326178054 0.156863 0.164706 0.168627
v 0.235405246900573 -0.09772978041947063 1.1544289008931812 0.141176 0.141176 0.141176
v 0.23890275799628567 -0.12401859170566053 1.1347189316326412 0.133333 0.137255 0.137255
v 0.23399745192305186 -0.11226650464621874 1.14296682751142 0.188235 0.192157 0.207843
v 0.17373481879415113 -0.14791632640443298 1.3357280412248767 0.286275 0.294118 0.305882
v 0.14527722821648987 -0.16628789954429119 1.3746231733229895 0.286275 0.294118 0.301961
v 0.14967675983441149 -0.1748944704681978 1.3683880073442499 0.270588 0.282353 0.290196
v 0.1559468211358573 -0.1718972930641406 1.175684708223022 0.215686 0.219608 0.219608
v 0.1429911979186899 -0.16608780062280127 1.1949212521370778 0.141176 0.141176 0.141176
v 0.13424068755100808 -0.15659160362532033 1.2150115813127192 0.12549 0.141176 0.152941
v 0.13534843252486243 -0.15576067787200136 1.199740441151061 0.101961 0.105882 0.113725
v 0.14894441142303717 -0.17561623884222894 1.2137123287012395 0.094118 0.094118 0.094118
v 0.16559374946942286 -0.16795783030284185 1.1669242629213262 0.176471 0.180392 0.180392
v 0.19308471822186408 -0.06435972749776822 1.228684974693972 0.160784 0.160784 0.164706
v 0.20274306668937384 -0.07669772642854074 1.2397617069778156 0.262745 0.270588 0.266667
v 0.20811502085990664 -0.07748766731088588 1.2235953998346694 0.254902 0.258824 0.266667
v 0.2394826080174771 -0.09646167538370812 1.1652691693497528 0.215686 0.215686 0.223529
v 0.23206419665609016 -0.11164985266871558 1.1325624802782757 0.215686 0.223529 0.235294
v 0.24061159968697105 -0.10690251338925269 1.1239777218311023 0.294118 0.305882 0.313726
v 0.17410677789654048 -0.0476138265971372 1.1650023936869039 0.054902 0.058824 0.062745
v 0.21402618264099358 -0.06142226568054494 1.1717062042857878 0.243137 0.25098 0.254902
v 0.20667931457675507 -0.10265758335911554 1.2432301691307162 0.25098 0.254902 0.254902
v 0.21721058734615365 -0.11227144081935121 1.2388949381309323 0.301961 0.309804 0.317647
v 0.1769154904826788 -0.03524872553166723 1.1591309723442816 0.113725 0.113725 0.121569
v 0.21692319355607793 -0.09814737184355883 1.2320623016763044 0.270588 0.278431 0.286275
v 0.16587333298302943 -0.03273863103360079 1.1636630860230198 0.066667 0.07451 0.078431
v 0.16736621467291258 -0.04980381185753433 1.1607857447475155 0.019608 0.019608 0.023529
v 0.14202842422013854 -0.03426209837343874 1.1670739934467396 0.113725 0.129412 0.141176
v 0.184450945739225 -0.06810031069433985 1.2338986780887927 0.137255 0.137255 0.145098
v 0.17946376322061553 -0.05901780494347947 1.2443494360229222 0.239216 0.247059 0.254902
v 0.1971946873331071 -0.09801020520873488 1.244666419674649 0.211765 0.215686 0.227451
v 0.1998397255649132 -0.05947258405811438 1.2078941668761128 0.223529 0.227451 0.235294
v 0.18986435597126956 -0.04818826635377038 1.1924329748893413 0.129412 0.129412 0.129412
v 0.20172754249978493 -0.05994971491576842 1.197520492735713 0.211765 0.215686 0.219608
v 0.19287474359690028 -0.04796763649420627 1.177805113383402 0.168627 0.168627 0.172549
v 0.2296509755308532 -0.08079309935385014 1.1754668441602064 0.25098 0.254902 0.258824
v 0.21879938929589225 -0.08842488301458208 1.2129870181092129 0.25098 0.258824 0.266667
v 0.21976476405619656 -0.09560703335111524 1.1979391167087086 0.184314 0.184314 0.192157
v 0.23079931772532837 -0.10796471456039364 1.1889659955452832 0.243137 0.25098 0.258824
v 0.21916979211973373 -0.07677767442761631 1.1922317625742638 0.290196 0.298039 0.301961
v 0.22984587409627905 -0.10869043460341582 1.183776109829762 0.243137 0.247059 0.25098
v 0.16500130591912075 -0.06201972668940874 1.256063104717672 0.129412 0.129412 0.133333
v 0.1432494363222846 -0.052660672377258518 1.2504809361624266 0.031373 0.031373 0.031373
v 0.15495213086339297 -0.053622462891946959 1.2643283657020828 0.070588 0.070588 0.070588
v 0.18495915236137928 -0.05189437970573096 1.2018985465776829 0.156863 0.156863 0.164706
v 0.17067343636019087 -0.0572451173015552 1.252606714978931 0.133333 0.133333 0.133333
v 0.19379435862163314 -0.056220763558882638 1.1713644244335416 0.090196 0.090196 0.094118
v 0.1995026373108604 -0.14361025436761838 1.257619414383354 0.254902 0.258824 0.262745
v 0.21191488504664666 -0.12475288781699338 1.2554684474137053 0.176471 0.180392 0.188235
v 0.15448614179733265 -0.05336162322408573 1.1604309728222202 0.062745 0.062745 0.066667
v 0.14173738701713663 -0.047662781198433108 1.1752363034657676 0.031373 0.035294 0.043137
v 0.1604313078144094 -0.05099940219933331 1.2427831403989443 0.145098 0.145098 0.14902
v 0.14697416232890835 -0.04951684958118556 1.2394957530556217 0.094118 0.094118 0.098039
v 0.14240359369240108 -0.051895932471066299 1.2314695196303778 0.015686 0.015686 0.015686
v 0.13829467703094265 -0.01980446000563718 1.206303277320306 0.176471 0.184314 0.192157
v 0.13517059859901965 -0.05596462068936402 1.214888714570179 0.141176 0.152941 0.164706
v 0.14820105310325638 -0.0491737987732868 1.2182712638657083 0.129412 0.133333 0.137255
v 0.14046168387471817 -0.042537730001679579 1.1860152952232775 0.137255 0.145098 0.152941
v 0.13253805808290623 -0.008229464024919389 1.2138193031232412 0.211765 0.223529 0.231373
v 0.1288804687203844 0.0017541192632549959 1.2045998015516033 0.145098 0.152941 0.160784
v 0.11767050461097159 0.011550140101457996 1.2123064200483314 0.184314 0.192157 0.2
v 0.1275050168406228 0.0038027470522444325 1.2374055460866474 0.172549 0.180392 0.192157
v 0.14204331459386652 -0.05666817633325072 1.1825529268360129 0.015686 0.019608 0.019608
v 0.14947530243501484 -0.053388168776308229 1.1728054389419498 0.062745 0.062745 0.066667
v 0.11141548884560185 0.013805443572461735 1.1940136333139773 0.2 0.2 0.215686
v 0.1095933590244714 0.011870397570165097 1.1973367637052078 0.117647 0.121569 0.129412
v 0.13367456848736138 -0.036462193005285487 1.1932828804652283 0.141176 0.145098 0.152941
v 0.1346055461315993 -0.061123515181943 1.190340934698246 0.043137 0.043137 0.047059
v 0.11186701238379209 0.05218225668590187 1.2195712752029473 0.145098 0.145098 0.145098
v 0.2238986215763796 -0.1444988711675041 1.1683208427052337 0.282353 0.290196 0.298039
v 0.23152357470470265 -0.12335450776246827 1.1799376557747286 0.305882 0.317647 0.32549
v 0.17458899211690202 -0.052720179617709677 1.2226376770737387 0.176471 0.176471 0.180392
v 0.16095758566832725 -0.058890175743565 1.2280487866538839 0.094118 0.094118 0.098039
v 0.17218763805636995 -0.044283634713784127 1.1796106985299404 0.129412 0.133333 0.133333
v 0.18331268613745139 -0.17750984398765499 1.1667106096403326 0.266667 0.27451 0.27451
v 0.1268125368207177 -0.0006283417191289312 1.257399657262489 0.2 0.207843 0.215686
v 0.1112935486014988 0.011209425063814895 1.2534303195495205 0.211765 0.215686 0.219608
v 0.10354361474592902 0.02315895276190296 1.219963263649075 0.188235 0.192157 0.203922
v 0.17074215265042376 -0.04914857411394942 1.207107093982093 0.113725 0.117647 0.117647
v 0.15830916561123685 -0.04979273375868906 1.1959032592945874 0.090196 0.094118 0.094118
v 0.20641690912053635 -0.16635397849656823 1.2297484908059418 0.282353 0.294118 0.298039
v 0.10750123509367146 0.07921468898864066 1.2374158919203234 0.313726 0.321569 0.317647
v 0.20990063941122545 -0.14511483370352777 1.248658777374085 0.243137 0.247059 0.25098
v 0.1481573687705125 -0.05393789510040768 1.2015155043185227 0.066667 0.066667 0.070588
v 0.1570656081323693 -0.04745390725414344 1.1806796911524638 0.121569 0.121569 0.121569
v 0.1380865517631032 -0.04189261636416778 1.2041234223155988 0.086275 0.098039 0.101961
v 0.20821334266073114 -0.15448705929513383 1.1808918516404137 0.215686 0.219608 0.227451
v 0.20958167981133095 -0.16394811567289578 1.1915824305630308 0.278431 0.286275 0.294118
v 0.193613891667448 -0.1786925693862657 1.173080062895134 0.2 0.203922 0.211765
v 0.21533701657103355 -0.13982209067479699 1.2420858038118894 0.282353 0.290196 0.298039
v 0.22293410388761873 -0.12937606787501189 1.2180903990322943 0.298039 0.309804 0.313726
v 0.2160527504947733 -0.15323043938140208 1.2185444912349979 0.298039 0.309804 0.313726
v 0.20985540076592339 -0.12277395215761582 1.243528119631577 0.196078 0.196078 0.192157
v 0.22923045253343098 -0.13910447971835603 1.1335902551730993 0.266667 0.27451 0.282353
v 0.22920803849801944 -0.11257402419872188 1.1993817338584286 0.294118 0.305882 0.309804
v 0.22246494538839876 -0.13596267624794224 1.1993915387161656 0.266667 0.27451 0.278431
v 0.22102937955421646 -0.12836093712535744 1.1915500057323852 0.286275 0.290196 0.301961
v 0.19635378381439823 -0.17400496872440347 1.160890152891338 0.290196 0.294118 0.301961
v 0.16554848069422069 -0.16562736249715274 1.1427701470703216 0.227451 0.231373 0.235294
v 0.14275597504634603 -0.1540137112151804 1.149233687257761 0.172549 0.172549 0.180392
v 0.15016118641271479 -0.15123192980709769 1.1222842980775599 0.196078 0.2 0.2
v 0.1388217382495982 -0.1442374222028505 1.1402074969446612 0.019608 0.023529 0.019608
v 0.14106093366055393 -0.13800549296919605 1.1216324758268615 0.023529 0.023529 0.023529
v 0.17229718931965763 -0.16944463511253933 1.1512182649784165 0.243137 0.247059 0.25098
v 0.19606164629445275 -0.16340340705976878 1.1272996247569012 0.27451 0.278431 0.282353
v 0.2010804191570263 -0.1644733518696083 1.1414451157233319 0.207843 0.211765 0.215686
v 0.21116262523748198 -0.16027018813078978 1.1463865221004062 0.270588 0.278431 0.282353
v 0.10550558944974248 0.020803869443243387 1.2057037494674943 0.172549 0.180392 0.192157
v 0.1306019444410102 0.08169273514725956 1.1153035766259565 0.188235 0.192157 0.184314
v 0.13007641263090709 0.10390874037832458 1.1323665352114552 0.235294 0.243137 0.235294
v 0.1455567569884764 0.08642808845708865 1.123791092482153 0.235294 0.243137 0.235294
v 0.1696366045898728 0.008452421969179612 1.0708100949365567 0.219608 0.227451 0.223529
v 0.1707136130626998 -0.015241840152875025 1.0506488560798984 0.211765 0.215686 0.207843
v 0.16002150227320248 0.013316327434456288 1.0708117108714322 0.152941 0.156863 0.14902
v 0.1673243291891946 0.058621363123757697 1.1127363701945153 0.254902 0.262745 0.258824
v 0.17265163273617113 -0.0999133675428105 0.9612408787369657 0.313726 0.333333 0.341176
v 0.1667794277228712 -0.0666291137464763 0.9629879998939731 0.278431 0.298039 0.305882
v 0.16330391791646663 -0.08769137955625416 0.9774266412439269 0.290196 0.313726 0.321569
v 0.16430379680927854 -0.10828545403328215 0.9773714197935483 0.27451 0.298039 0.305882
v 0.14185656002149783 -0.01497820254428023 0.9700314325250445 0.254902 0.270588 0.27451
v 0.15024172749536247 -0.040124926757508127 0.9949257334658295 0.301961 0.32549 0.333333
v 0.1530001891100208 -0.05253327872219621 0.9785860527642191 0.235294 0.247059 0.254902
v 0.14655265886408845 -0.0155740645201266 0.9521074508351021 0.223529 0.231373 0.235294
v 0.1417093721045822 -0.01082786792686104 0.9363317079458733 0.168627 0.180392 0.180392
v 0.13519949759153103 -0.010731868414466824 0.9695529183897397 0.172549 0.180392 0.188235
v 0.15842710435687236 -0.042325995499954378 0.9640787065894806 0.266667 0.290196 0.294118
v 0.18423940702667764 0.04155492842200166 1.114070422062318 0.133333 0.137255 0.133333
v 0.138758679136519 -0.0038321378706890017 0.9350700099277824 0.129412 0.129412 0.113725
v 0.2044349984089166 0.016187670234002313 1.1135532838186968 0.27451 0.282353 0.286275
v 0.19812329452913389 0.01617631001555038 1.094592716328445 0.243137 0.25098 0.243137
v 0.1615765831404825 0.048204830406512858 1.0944025634284363 0.254902 0.258824 0.254902
v 0.2143253788565068 -0.006202054543425524 1.0980470951081578 0.066667 0.066667 0.070588
v 0.2045163450483504 -0.006708371836056705 1.0780061568335886 0.243137 0.247059 0.25098
v 0.17397412312043263 -0.054946723298081468 0.9328404444087166 0.243137 0.258824 0.266667
v 0.1793603964450893 0.029452801204245928 1.0888883161510832 0.239216 0.247059 0.239216
v 0.18359439262297568 0.011686599228900627 1.0778406888625423 0.231373 0.239216 0.231373
v 0.15665256394417824 -0.049938585841189406 0.9744760668548257 0.231373 0.247059 0.254902
v 0.1576576970225255 -0.09187689678643482 0.9827576913692748 0.215686 0.227451 0.235294
v 0.15635378298758138 -0.07928174152540388 0.994551574965213 0.243137 0.262745 0.270588
v 0.22748377901254467 -0.10960663186031071 1.0551126640483602 0.25098 0.262745 0.258824
v 0.20397989343015686 -0.1017059644193816 1.0343195785644433 0.243137 0.247059 0.247059
v 0.22192494592656429 -0.09441513128485371 1.0425646396599573 0.207843 0.211765 0.211765
v 0.18018507965056525 -0.08414998381379903 0.9341474467514729 0.247059 0.262745 0.266667
v 0.10463204085162402 -0.20407405557658818 0.9199773756440525 0.254902 0.262745 0.266667
v 0.12217968336387709 -0.19122034106879824 0.9219510801628674 0.243137 0.254902 0.258824
v 0.11949238163831615 -0.19007363949873927 0.9381245697706341 0.32549 0.345098 0.34902
v 0.10857503461547122 -0.20247093416775667 0.9086040917293744 0.254902 0.262745 0.266667
v 0.1437185395589445 0.06263036007045642 1.101967429376172 0.235294 0.247059 0.231373
v 0.12453658290893728 -0.18512455457811118 0.910842447063926 0.192157 0.2 0.203922
v 0.14319792865047066 -0.16781156081572397 0.9092772569033709 0.180392 0.188235 0.184314
v 0.1449792185613546 -0.1732515282513698 0.9215501815711277 0.290196 0.309804 0.313726
v 0.11661564519280966 0.09489859736238715 1.1225427159734465 0.223529 0.231373 0.215686
v 0.17728308670375099 0.03643876841130852 1.0973989958396274 0.231373 0.239216 0.231373
v 0.16460264015106619 0.0297339651091375 1.08414413466739 0.215686 0.219608 0.211765
v 0.1268976859288876 0.024658557813117638 0.887611517256353 0.223529 0.227451 0.231373
v 0.21357603201410578 -0.08970082510698015 1.03530775215078 0.254902 0.262745 0.254902
v 0.1891947285592357 -0.01480473326500823 1.0575853646871783 0.227451 0.235294 0.231373
v 0.11660273870362952 0.03219074797681048 0.9424284340266722 0.258824 0.266667 0.270588
v 0.12887846708429144 0.01246204073596217 0.9213509981667506 0.141176 0.141176 0.145098
v 0.12228320568623256 0.03462679531173056 0.921132324147224 0.262745 0.270588 0.27451
v 0.143586184245084 0.04423775553722734 1.0895608828335675 0.203922 0.211765 0.203922
v 0.13448478385495456 0.012763308644266258 0.8895056826163263 0.180392 0.184314 0.192157
v 0.10900121998175136 0.04336834382614592 0.8882078839749975 0.258824 0.266667 0.270588
v 0.15717011169159179 -0.009663395520050238 1.0566284499494836 0.188235 0.192157 0.180392
v 0.13213642707989874 0.02440105506333394 0.8977731804100182 0.258824 0.266667 0.270588
v 0.12915942788104493 0.00471081458732388 0.949292005254491 0.215686 0.231373 0.227451
v 0.1396558880972401 0.012874835448591837 0.8948602874302157 0.141176 0.141176 0.141176
v 0.10566998162629925 0.05457725212960399 0.8984406751534985 0.247059 0.258824 0.258824
v 0.19414888663791689 -0.09660747062011163 1.0306949102650196 0.113725 0.109804 0.109804
v 0.14047567909433068 0.023055392244511243 1.0793002577245619 0.168627 0.172549 0.164706
v 0.15424984141917354 -0.0968159877207996 1.0056508939311109 0.203922 0.223529 0.231373
v 0.15860551424536455 -0.11032143788630333 0.9871498435627344 0.286275 0.305882 0.313726
v 0.178777378234974 -0.11928434413288361 1.0392266727213846 0.192157 0.192157 0.180392
v 0.2086519419066454 -0.12611371102555925 1.0603823424453039 0.243137 0.247059 0.247059
v 0.14071376982439197 -0.09997587707908735 1.0224053420882656 0.121569 0.133333 0.141176
v 0.1762403578177051 -0.09309605815673142 1.0322994077863326 0.211765 0.215686 0.203922
v 0.16850694050321017 -0.10242458783565886 1.04159455943453 0.035294 0.035294 0.035294
v 0.15350578028625157 -0.07945911777472437 1.043585880356497 0.054902 0.054902 0.05098
v 0.10688815066178063 0.04483799238372685 0.9365596521286458 0.27451 0.282353 0.286275
v 0.12355666127810304 0.03058228915975613 1.0942773613441206 0.180392 0.188235 0.180392
v 0.1480537091767459 0.0005191074331144921 1.0649448096489296 0.156863 0.168627 0.152941
v 0.14222339160164955 -0.030108395814481865 1.0636353575234315 0.129412 0.137255 0.12549
v 0.22611675612616104 -0.028690593045601368 1.0957945596239296 0.294118 0.309804 0.317647
v 0.21873382193874897 -0.01939862640932205 1.0878097794468603 0.262745 0.270588 0.27451
v 0.16925864578383799 -0.12007560745618237 1.0415054769189676 0.145098 0.145098 0.141176
v 0.1450769346980404 -0.12862298284500765 1.032648280687824 0.168627 0.180392 0.180392
v 0.13846213973121197 -0.11459769476395307 1.032305605366022 0.172549 0.188235 0.196078
v 0.13630026290995818 -0.09619361891853505 1.0361762530542232 0.05098 0.054902 0.062745
v 0.2320508933972229 -0.059680500463008708 1.120096983889496 0.247059 0.254902 0.262745
v 0.23731092821693168 -0.05547296977370128 1.095698982271517 0.305882 0.321569 0.329412
v 0.22985411886169725 -0.03723981130311393 1.1135764704285312 0.2 0.203922 0.203922
v 0.1465232413299286 -0.11115182477330867 1.0157981473686888 0.211765 0.223529 0.235294
v 0.1017353411458993 -0.19253201048094938 0.9591652056643912 0.211765 0.219608 0.219608
v 0.1285217055704404 -0.17682769087263398 0.9582721698348107 0.301961 0.321569 0.32549
v 0.12330712542400493 -0.17135566801910413 0.9804620856999948 0.137255 0.145098 0.152941
v 0.09936178180332321 -0.19545974481776963 0.9490486066419919 0.172549 0.176471 0.176471
v 0.12010255854954435 -0.2056871732492241 0.9833251463386596 0.458824 0.392157 0.337255
v 0.12425240021100879 -0.19917619867684686 0.9839793010507355 0.572549 0.541176 0.454902
v 0.12416550054209069 -0.19887246980128166 0.9896124297053116 0.266667 0.278431 0.286275
v 0.10599545459357909 -0.18767258945437299 0.9768314960096154 0.262745 0.278431 0.282353
v 0.13526362561776945 -0.1482713484446783 0.988766437481633 0.176471 0.184314 0.196078
v 0.1459011327343283 -0.14849136409011846 0.9789159453600299 0.239216 0.25098 0.254902
v 0.11449754362166585 -0.19133352226882009 0.9873440621376659 0.423529 0.392157 0.329412
v 0.13348348965218768 -0.0944016333143336 1.0303682286580427 0.101961 0.109804 0.117647
v 0.10567360228446382 -0.18456258360233916 0.9833402918356214 0.113725 0.113725 0.117647
v 0.14529620608055908 -0.07848604298073248 1.030231904084926 0.156863 0.168627 0.176471
v 0.13652354193137446 -0.1265398732106882 1.0284423964424244 0.215686 0.227451 0.235294
v 0.10403409363048122 -0.17849446717845639 0.9909884011224349 0.137255 0.145098 0.152941
v 0.1355888741280551 -0.13687954800366992 1.0198036234224338 0.203922 0.211765 0.223529
v 0.1420051540952956 -0.13749432074907495 0.9890693054915729 0.254902 0.266667 0.270588
v 0.15966658713608312 -0.12686035099596502 0.9757208159753991 0.254902 0.266667 0.27451
v 0.12343347984141087 -0.15234161804181965 1.0196523431986342 0.121569 0.12549 0.133333
v 0.12827696231331205 -0.19296221229219433 0.9950371530673119 0.164706 0.172549 0.176471
v 0.13944578017551277 -0.17988875738125849 1.0213669677708804 0.231373 0.243137 0.25098
v 0.16068728899699273 -0.1148435887287254 0.9869105654580234 0.262745 0.278431 0.286275
v 0.14948713659164263 -0.12592379942380228 1.0038490196291974 0.247059 0.258824 0.266667
v 0.1113345198720202 -0.18142368516546435 1.017770463240352 0.235294 0.247059 0.247059
v 0.21723046833303503 -0.011132709874554637 1.092359216760409 0.117647 0.117647 0.117647
v 0.11329154446200497 -0.1712026118484565 0.9963844346355522 0.172549 0.172549 0.172549
v 0.14318263483417582 -0.17439591556630869 1.0219959176749958 0.141176 0.145098 0.14902
v 0.23032089030845846 -0.06404379760305279 1.1173818359256365 0.07451 0.078431 0.086275
v 0.2309069995379309 -0.0673146719191234 1.120039716451559 0.113725 0.117647 0.117647
v 0.22571173059447639 -0.036078705855878408 1.074747388024052 0.254902 0.262745 0.262745
v 0.2399224600415358 -0.08011556540790259 1.096996508556863 0.235294 0.243137 0.25098
v 0.2468253197188025 -0.08950709513690165 1.1089396695312342 0.294118 0.309804 0.317647
v 0.20259197613328307 -0.0146763235455472 1.079734192943372 0.086275 0.086275 0.086275
v 0.14563376483555988 -0.1577148698273403 1.0309497259857413 0.152941 0.156863 0.156863
v 0.13796757836022387 -0.12705133947893022 1.0498948486032383 0.2 0.207843 0.215686
v 0.20888136136881858 -0.02635731879257048 1.0605844746175622 0.215686 0.219608 0.219608
v 0.23836881684087522 -0.0650689406455579 1.0714651779441336 0.286275 0.305882 0.305882
v 0.23237982864397373 -0.04120101005821738 1.089985284907753 0.239216 0.25098 0.25098
v 0.13066511788675529 -0.16553412740308239 1.0378500812839369 0.243137 0.25098 0.258824
v 0.09518185517264946 -0.1933353830482155 1.123685194872788 0.235294 0.239216 0.243137
v 0.11066870868540797 -0.17816135135470627 1.107280414079909 0.254902 0.262745 0.266667
v 0.11673482378935564 -0.18445781960342742 1.12701173005688 0.247059 0.25098 0.254902
v 0.16137011746886135 -0.14177603939922837 0.9447884350691724 0.27451 0.294118 0.298039
v 0.17907531679717196 -0.11802988684807159 0.9215057112235531 0.262745 0.282353 0.290196
v 0.16653334819334027 -0.12364522876484613 0.9561206952775666 0.27451 0.290196 0.298039
v 0.12509449985134386 0.018380994991307976 0.9440141893505212 0.219608 0.231373 0.239216
v 0.2273692836971919 -0.05486949486452625 1.0641116714078947 0.262745 0.27451 0.270588
v 0.21449728413726328 -0.05553871359737701 1.0506425464462739 0.25098 0.258824 0.254902
v 0.19297876219064093 -0.022672591809079779 1.0512714684286005 0.239216 0.247059 0.239216
v 0.1299872531722752 -0.15174560404279378 1.007540663625199 0.164706 0.172549 0.180392
v 0.12324555958216344 -0.01081368777012646 1.0188383620517539 0.192157 0.196078 0.207843
v 0.12616470372544048 -0.005588507268617924 1.005300571090131 0.223529 0.235294 0.243137
v 0.13692651533246806 -0.017562740347189726 1.011426362065773 0.152941 0.160784 0.160784
v 0.12148597614386748 -0.030234712382941978 1.063439552520074 0.054902 0.058824 0.05098
v 0.13580304891620816 -0.05887589194512306 1.0451644558793437 0.133333 0.137255 0.133333
v 0.13343836924556808 -0.0461593433047604 1.037352344453261 0.090196 0.098039 0.101961
v 0.11763382982891935 -0.012749115166687217 1.0380324566298536 0.12549 0.129412 0.137255
v 0.12698801184932669 -0.017083186939049125 1.0315034407218443 0.156863 0.168627 0.176471
v 0.16773274293548183 -0.0276654504317734 0.9098950135720574 0.243137 0.258824 0.262745
v 0.1787085690541127 -0.06381792316153204 0.9185279392295657 0.25098 0.266667 0.27451
v 0.14082352791465867 -0.05181969757994283 1.0294612375072679 0.141176 0.152941 0.160784
v 0.13875975327622792 -0.035678609157435359 1.0269214700326082 0.152941 0.160784 0.168627
v 0.10839055895713173 -0.001002985030830958 1.0530092534322427 0.117647 0.117647 0.113725
v 0.11024181298916762 -0.012275373290953485 1.0339728540598739 0.062745 0.062745 0.062745
v 0.1735269021057529 -0.04506175469940773 0.9077174536892614 0.247059 0.262745 0.266667
v 0.16808768713565823 -0.11321931845916006 0.9558441147980193 0.254902 0.278431 0.282353
v 0.10544963534797011 -0.14351736526881948 1.0609578338842536 0.058824 0.062745 0.054902
v 0.100370555334526 -0.15319217362346206 1.0512967075031972 0.105882 0.113725 0.109804
v 0.1111603315172824 -0.13120617170042893 1.071607577305554 0.05098 0.058824 0.062745
v 0.2351237304657873 -0.07743058013809638 1.0763001481716824 0.062745 0.066667 0.07451
v 0.13257596731859618 -0.1418736949946977 1.0537876894025749 0.168627 0.172549 0.184314
v 0.11551516800192155 -0.14846051934664004 1.0774209817008016 0.203922 0.211765 0.215686
v 0.11762613641557254 -0.15218157715096096 1.0943032507102713 0.137255 0.137255 0.137255
v 0.10640897633398998 -0.16336786825820547 1.0800857990247455 0.227451 0.235294 0.235294
v 0.09836825316579802 -0.174528815639679 1.0860973358181679 0.121569 0.12549 0.12549
v 0.12781947322401214 -0.159338394849016 1.1088785135230382 0.243137 0.254902 0.254902
v 0.22755275247848034 -0.08524154624265516 1.0528577855843209 0.282353 0.294118 0.294118
v 0.12790491119553308 -0.13106094755619736 1.0775000227277443 0.180392 0.184314 0.188235
v 0.11121522119296001 -0.137761284467493 1.0748683465581204 0.015686 0.015686 0.015686
v 0.24786565019710214 -0.09736012558358308 1.0831325410870943 0.290196 0.301961 0.309804
v 0.12494222073646189 -0.1428357508619311 1.0829667787200373 0.215686 0.223529 0.227451
v 0.137654474504457 -0.12491738671944337 1.1065827161621585 0.062745 0.062745 0.062745
v 0.12864992486868644 -0.09518634275796215 1.0849589671619589 0.105882 0.086275 0.05098
v 0.13220592814863175 -0.09904460104913178 1.051563276454374 0.109804 0.113725 0.113725
v 0.1356981656984687 -0.09299878150577459 1.0490277632730032 0.152941 0.133333 0.105882
v 0.1392596784030785 -0.11973795407753243 1.1021239473008007 0.07451 0.07451 0.07451
v 0.13476038888233458 -0.11454611098945368 1.0910011521835777 0.105882 0.105882 0.105882
v 0.12356013104145286 -0.11882473222196363 1.075627538179701 0.031373 0.031373 0.031373
v 0.12456671436613721 -0.10852108176092659 1.0813955774308282 0.054902 0.066667 0.070588
v 0.24611004440011437 -0.0994946450565732 1.0688658498469986 0.105882 0.113725 0.113725
v 0.23967568068873808 -0.09009493207723649 1.0850275643736392 0.07451 0.078431 0.086275
v 0.13208479254955847 -0.10917764219298583 1.0682337976011858 0.078431 0.082353 0.086275
v 0.13940065195022664 -0.038534782862538429 1.0629815419171969 0.090196 0.101961 0.090196
v 0.12134454897564277 -0.018663045441234036 1.0755032781199324 0.066667 0.082353 0.062745
v 0.12859285352298822 -0.0007922589924513463 1.0796434452699735 0.133333 0.141176 0.129412
v 0.11342938071236665 -0.01665797366054023 1.0766880363426288 0.070588 0.070588 0.066667
v 0.11487221597826789 -0.02722177089227506 1.0984049312379869 0.078431 0.090196 0.070588
v 0.13934837721499747 -0.13598469293124586 1.1133583226419957 0.184314 0.188235 0.188235
v 0.10830176260190756 -0.0037156486482542835 1.072427279094883 0.094118 0.094118 0.090196
v 0.16976663699087919 -0.053227699550831977 0.9019421793529773 0.184314 0.196078 0.203922
v 0.17016663186253998 -0.027092410444522289 0.8888724834292405 0.254902 0.266667 0.270588
v 0.2258867647291057 -0.07054524498392168 1.049894057441229 0.243137 0.25098 0.247059
v 0.2429719352895307 -0.08890647508761882 1.0715605644034195 0.192157 0.2 0.207843
v 0.1735622748902123 -0.02695463989606808 1.0451077019821505 0.231373 0.239216 0.227451
v 0.15842635857521734 -0.03729626420030327 1.0475301609040902 0.145098 0.14902 0.145098
v 0.16167761184080346 -0.051605923627157167 1.0387825352252176 0.211765 0.215686 0.203922
v 0.1366224164499298 -0.07555500363909966 1.0418594412202309 0.113725 0.117647 0.113725
v 0.15584945685426805 -0.09868044815605663 1.0531244013136665 0.023529 0.023529 0.023529
v 0.1507873603343741 -0.09358826854585246 1.0560786799154012 0.039216 0.039216 0.039216
v 0.23259358794762073 -0.12727484329531153 1.1068666147119859 0.270588 0.282353 0.286275
v 0.22496294425222325 -0.12997034038472658 1.115360461216934 0.156863 0.160784 0.168627
v 0.21004448464100745 -0.15310969933763017 1.1035955117891865 0.262745 0.270588 0.27451
v 0.21177389834077127 -0.14126084253867286 1.0828566849121888 0.270588 0.278431 0.282353
v 0.2216230974693233 -0.1367650771615216 1.0904481538212947 0.266667 0.278431 0.286275
v 0.13410823916063606 -0.00590456690406032 0.9187927121479157 0.588235 0.505882 0.360784
v 0.1312723666441193 -0.004084888218587693 0.9414733021801763 0.070588 0.066667 0.058824
v 0.12800790394243703 0.004051623910492413 0.9375071302738796 0.407843 0.360784 0.266667
v 0.12307335570487121 0.008785779438899782 0.9550257920913983 0.258824 0.27451 0.278431
v 0.1053640242874151 0.0370707915998683 0.9529328683043756 0.239216 0.247059 0.25098
v 0.1058974116160306 0.02436720892061665 0.9653978173167462 0.192157 0.2 0.2
v 0.11767441041497419 0.02323855186035096 0.9581877816816342 0.235294 0.247059 0.25098
v 0.12264803105910911 0.010819127948171545 0.9658606505822699 0.219608 0.223529 0.231373
v 0.12441923572206283 -0.0014638908956049336 0.9774612380878659 0.168627 0.137255 0.090196
v 0.12230988955499682 -0.0001937086793565424 1.0035939987117806 0.376471 0.415686 0.427451
v 0.12146651380631958 -0.005077187425589989 1.0042652528130798 0.321569 0.301961 0.258824
v 0.22669862958678395 -0.13578918165066906 1.1181950694103993 0.258824 0.270588 0.27451
v 0.12106244388610253 0.015127163528740235 0.9744931895836794 0.180392 0.192157 0.2
v 0.21431226932999454 -0.14225548195146285 1.1053278967282075 0.243137 0.247059 0.254902
v 0.11165373554459608 0.0043275447934949359 1.0186719218611194 0.152941 0.160784 0.172549
v 0.1998155137156342 -0.15150245265817739 1.0971646061357048 0.258824 0.270588 0.270588
v 0.1090556823553758 0.012155201946104056 1.0207105205533105 0.223529 0.231373 0.239216
v 0.11125312356770594 0.020926323326374405 0.9928277401733298 0.243137 0.25098 0.254902
v 0.10572680739598139 -0.000833596120582205 1.038807346786582 0.117647 0.121569 0.121569
v 0.15404337162148516 -0.1336622493191965 0.972124729170345 0.266667 0.282353 0.290196
v 0.10725094281305392 0.025499652351992278 1.1139275280600692 0.058824 0.070588 0.058824
v 0.12394589350852045 0.0153041151639744 1.0858875885056534 0.14902 0.156863 0.14902
v 0.11005094935785422 -0.011520047741911852 1.1098201695553188 0.043137 0.054902 0.043137
v 0.11000851050086733 0.03788839109760569 1.1107640990951618 0.113725 0.121569 0.113725
v 0.11586613823541954 0.047058826099840887 1.104488208293776 0.090196 0.098039 0.090196
v 0.187921286536401 -0.13285185056734909 1.0606635890205969 0.25098 0.254902 0.258824
v 0.17726726345981284 -0.14425685846181073 1.0815448315668537 0.254902 0.266667 0.270588
v 0.10447855637532147 0.08932001475292906 1.1244299478436846 0.2 0.211765 0.211765
v 0.1454931239613326 -0.0012860636897078916 0.9111356466074297 0.431373 0.478431 0.490196
v 0.15581018155002664 -0.15859205676404157 0.9327332804324739 0.301961 0.32549 0.32549
v 0.1421876996892364 -0.11686457378525279 1.0935697594559182 0.039216 0.039216 0.039216
v 0.142753086346019 -0.105050262633637 1.0756799060131615 0.043137 0.043137 0.043137
v 0.10935447375972458 0.05704593965372232 1.1125807375587454 0.192157 0.203922 0.192157
v 0.1769163011285486 -0.15687173446917394 1.1079740291642269 0.266667 0.278431 0.278431
v 0.17704636614944709 -0.14748634727403726 1.0996780458578109 0.243137 0.25098 0.254902
v 0.1496481185575589 -0.14170011637136843 1.1057644052396876 0.098039 0.098039 0.098039
v 0.1527007991038733 -0.114701967976953 1.059728148309719 0.101961 0.105882 0.105882
v 0.14965497298710976 0.0035166557399813169 0.8855037627083479 0.752941 0.596078 0.458824
v 0.14849662163684355 -0.11986034573723473 1.0966621545942775 0.066667 0.070588 0.070588
v 0.16473834587594883 -0.14711927604354267 1.1010616546048878 0.054902 0.054902 0.054902
v 0.1637487380300582 -0.12872927768598137 1.0614128842154916 0.141176 0.141176 0.14902
v 0.14833157602652215 -0.12851503226910725 1.086946723973318 0.094118 0.094118 0.098039
v 0.14686068586026738 -0.11786278242946036 1.0789411749408509 0.07451 0.07451 0.07451
v 0.1526832194447107 -0.12308986605458353 1.0667386266247346 0.137255 0.137255 0.141176
v 0.16221960384716897 -0.14267053669672984 1.0875605198067003 0.211765 0.219608 0.223529
v 0.1367003836425235 -0.08404624965332645 1.038244903353443 0.086275 0.090196 0.090196
v 0.14917949974618997 -0.052238469758994137 1.0148009995552732 0.2 0.215686 0.227451
v 0.19346025647523677 -0.06119949073340667 1.0369819251735229 0.219608 0.223529 0.211765
v 0.15187107604087778 -0.0045963608750573159 0.8921533503601162 0.152941 0.152941 0.152941
v 0.15683467626594853 -0.007266155054011911 0.8961272203195316 0.215686 0.223529 0.223529
v 0.15960055993384512 -0.009306443689756509 0.8837325482819194 0.145098 0.14902 0.14902
v 0.1584476331363675 -0.02298121886127456 0.8965955089155165 0.14902 0.152941 0.156863
v 0.20129043789889235 -0.07495363320201186 1.0326198035415045 0.235294 0.239216 0.231373
v 0.14618976770572859 -0.17314191564909413 0.9032588142259054 0.27451 0.294118 0.294118
v 0.16404960600099448 -0.14753652080661629 0.9065661309414798 0.309804 0.329412 0.329412
v 0.17145824142035039 -0.1350507617103042 0.9094628857331875 0.184314 0.188235 0.192157
v 0.1803380320814047 -0.1286733913100917 0.9143513761108912 0.266667 0.286275 0.286275
v 0.18752047214051713 -0.11295148390094583 0.8970937307445396 0.290196 0.309804 0.313726
v 0.18077870782509726 -0.1212418325025058 0.9022308403570116 0.262745 0.278431 0.286275
v 0.17934555870969286 -0.09512318092689728 0.9029757440104171 0.247059 0.262745 0.266667
v 0.1835286806439054 -0.1029197954308577 0.9133248295667129 0.305882 0.333333 0.333333
v 0.1794801168883422 -0.07460456751471427 1.0315561082118319 0.262745 0.266667 0.254902
v 0.1795212764134215 -0.06943283565483545 0.9099953672515374 0.254902 0.27451 0.27451
v 0.15624896897491714 -0.018352000476444639 0.9326492631007165 0.266667 0.286275 0.290196
v 0.1562186716619759 -0.017665426458452064 0.9229834808570452 0.203922 0.207843 0.211765
v 0.10808173813261181 -0.009586272561193019 1.0901771940994803 0.086275 0.086275 0.086275
v -0.07791510071901935 0.04545753238862879 1.1073806360178733 0.203922 0.211765 0.211765
v -0.0706378522771423 0.03418896533335558 1.0961501793974276 0.105882 0.113725 0.105882
v -0.09110668679968399 0.03997979005712756 1.0973715209657125 0.082353 0.086275 0.082353
v -0.06412146655347656 0.06277644282089992 1.012067699457512 0.258824 0.270588 0.278431
v -0.050740818412511597 0.06150260601463757 1.0269611090471998 0.235294 0.243137 0.25098
v -0.035905400812587816 0.07381311362284207 1.0063724513053874 0.27451 0.282353 0.290196
v -0.06764802948763778 0.03685569387074227 1.0441359178281904 0.211765 0.215686 0.223529
v -0.10758220853669896 0.017770740421796297 1.0457074460414105 0.192157 0.2 0.211765
v -0.06986160745348417 0.030201556069739279 1.055903452700257 0.243137 0.254902 0.262745
v -0.09788956498103185 0.01535775987638578 1.0602076969754948 0.254902 0.266667 0.278431
v -0.07253642907581094 0.02906535177526946 1.0733478276419846 0.282353 0.301961 0.309804
v -0.08629180990843404 0.024027022845974617 1.0897387235244987 0.282353 0.301961 0.305882
v -0.09582134939309056 0.016695819034726078 1.0743768305925766 0.254902 0.266667 0.278431
v -0.11823398933089956 0.023801388169039533 1.0977903238724983 0.262745 0.278431 0.290196
v -0.10012713288205558 0.029803930314649397 1.0923881567503009 0.164706 0.172549 0.168627
v -0.10743215513814145 0.008604713871213884 1.09309371349643 0.058824 0.062745 0.054902
v -0.07826221578995073 0.045920225705481928 1.0351784060843604 0.286275 0.298039 0.305882
v -0.074225399871759 0.05740043821550325 1.005683589494297 0.270588 0.282353 0.286275
v -0.09466293845870519 0.05030680192911255 1.0107846897188476 0.254902 0.266667 0.27451
v 0.10081129272661614 0.03249311041400256 1.1246291060294427 0.066667 0.078431 0.07451
v 0.09083096866964763 0.04706481630204359 1.1518894116892116 0.098039 0.109804 0.109804
v 0.09140658468225754 0.06941535436756577 1.133737760514577 0.164706 0.172549 0.176471
v 0.09812423960389849 0.04909539949284423 1.1277139496880649 0.109804 0.117647 0.113725
v 0.08360466076408318 0.08401081881900217 1.1447064905962084 0.145098 0.160784 0.152941
v 0.10735420022323442 0.09912362102737139 1.1284041354648334 0.227451 0.243137 0.235294
v 0.10004356232171281 -0.0013288173782698193 1.1290058694717995 0.047059 0.047059 0.047059
v 0.08609708939425934 0.026513203498491124 1.145428699295194 0.086275 0.086275 0.086275
v 0.09177192360229626 0.07802624003278122 1.140373740265102 0.078431 0.086275 0.082353
v 0.07837161311164734 0.025635411384641025 1.1257424613943053 0.137255 0.145098 0.137255
v 0.08339677150307329 0.017982064004908119 1.125020804331876 0.039216 0.043137 0.035294
v 0.07500578699674143 0.015414145675606605 1.0945904308066024 0.113725 0.113725 0.117647
v 0.08003146772310567 0.02075178004075808 1.0399401240163944 0.235294 0.247059 0.247059
v 0.09496183455140212 0.011922676758297689 1.0664169793101104 0.211765 0.215686 0.219608
v -0.0009604602489979119 0.052614549552852319 1.0368629497001525 0.117647 0.121569 0.121569
v 0.004385113373265429 0.06914186202016481 1.005920346046457 0.207843 0.215686 0.227451
v -0.002909742384136837 0.06537788151341403 1.010191657949803 0.180392 0.184314 0.184314
v -0.11641884263338041 0.024621110782334689 1.1086386412523335 0.25098 0.262745 0.270588
v 0.10383472758773296 0.021600886697751118 1.0104616442754342 0.188235 0.196078 0.203922
v 0.09268081044456717 0.010936855381898486 1.038056326648908 0.231373 0.239216 0.247059
v 0.06113277152277276 0.03163345193571669 1.1008830791719036 0.192157 0.2 0.2
v 0.07111785351724512 0.020598918518236515 1.0906147423641884 0.058824 0.062745 0.066667
v 0.06021938928338892 0.03722259839703198 1.089510960037935 0.133333 0.141176 0.141176
v 0.086211598061395 0.01579710197815366 1.090455490680061 0.12549 0.129412 0.12549
v 0.07154839536824542 0.0277902470415713 1.0705304935428735 0.219608 0.231373 0.231373
v -0.03224247155777013 0.048647155094454618 1.0431035174405179 0.305882 0.301961 0.282353
v -0.014436522330756298 0.05724770914737816 1.0358288938845562 0.188235 0.152941 0.117647
v -0.026576465305084047 0.06051536188271401 1.034223445923946 0.196078 0.2 0.203922
v 0.07720684657417323 0.031216470183701177 1.1354088289899809 0.164706 0.168627 0.160784
v 0.055179019648831897 0.04017910868460311 1.1447918496297807 0.160784 0.160784 0.156863
v 0.05906993573716852 0.029218126369822719 1.1261801543965773 0.164706 0.168627 0.168627
v 0.07468511075708429 0.027892234112228559 1.1135215627124678 0.129412 0.129412 0.129412
v -0.000628033752592417 0.07681800353575788 0.9620155015519437 0.121569 0.121569 0.117647
v 0.004242411922643976 0.07823629176078735 0.9731643355802281 0.215686 0.219608 0.227451
v 0.10144585758108978 -0.000911064680474444 1.1185331697822894 0.082353 0.086275 0.082353
v 0.08762549497620623 0.013633028041295558 1.100399446461376 0.078431 0.078431 0.078431
v 0.10044233641677436 -0.00894596038200366 1.0952801622693398 0.035294 0.039216 0.039216
v 0.08689589541918572 0.029247119145283337 1.0207299037863025 0.231373 0.235294 0.243137
v 0.08259128419162228 0.028127889611421265 1.1519596364890608 0.105882 0.109804 0.105882
v 0.005177155344994047 0.055449749158740107 1.041266486253238 0.898039 0.827451 0.690196
v -0.007858091883438768 0.054528700603808707 1.0456793274192798 0.894118 0.819608 0.666667
v 0.03859318716052303 0.03952814002480067 1.1172583285520646 0.160784 0.164706 0.164706
v 0.03846679618428238 0.04108289556203883 1.1063467900953506 0.184314 0.192157 0.188235
v 0.0167769234970429 0.05039747451092615 1.1708344687463158 0.180392 0.184314 0.180392
v 0.024074990943479058 0.049558789138438658 1.146913304686602 0.176471 0.180392 0.176471
v 0.013165212733108115 0.04885471781747872 1.1324473192006329 0.196078 0.203922 0.2
v 0.035493962236716389 0.04262899636336074 1.134835995803972 0.172549 0.176471 0.168627
v 0.02977784923158207 0.038091191634226317 1.124960317027387 0.152941 0.156863 0.152941
v 0.0883133161686664 0.04243600574435016 0.9745176238431234 0.247059 0.254902 0.258824
v 0.06483829048605019 0.030475888709173766 1.03879804213219 0.231373 0.243137 0.247059
v 0.008653309075469282 0.04525182014090133 1.1259175665005384 0.141176 0.145098 0.145098
v 0.008682940388041266 0.047511182554103009 1.1475878673801734 0.090196 0.094118 0.090196
v 0.02443218315601835 0.040594089163612439 1.0980877540451369 0.2 0.207843 0.207843
v 0.007172658093260729 0.03442232950593925 1.0974540407577103 0.156863 0.168627 0.164706
v -0.0012485807897247197 0.035520526757850136 1.0966410527118958 0.066667 0.066667 0.062745
v 0.02167089161119897 0.04919803787804377 1.0923832045326326 0.203922 0.211765 0.215686
v 0.04148161302708934 0.0408047322391651 1.0688598305998496 0.235294 0.243137 0.247059
v 0.022922071560335649 0.052234583503488637 1.0421259013305123 0.321569 0.329412 0.313726
v 0.014983662933840798 0.05324316343575968 1.0772882389392063 0.223529 0.231373 0.235294
v 0.02215988072581851 0.035600061749353848 1.0912918429276735 0.043137 0.047059 0.05098
v 0.008605110968646584 0.06707234131754693 1.0090806360407852 0.160784 0.160784 0.164706
v 0.009341419127405427 0.0508950036801128 1.035506464668419 0.129412 0.133333 0.133333
v -0.13476928642559533 0.03891939238498836 0.9018470619935574 0.109804 0.113725 0.105882
v -0.12907953379667065 0.034326113251708919 0.9302353073120491 0.188235 0.184314 0.164706
v -0.1261994475918733 0.03876082566185653 0.9141215600711569 0.203922 0.207843 0.207843
v -0.13766128686713367 0.0223758294010543 0.9309548710029555 0.156863 0.156863 0.14902
v -0.11493978910032679 0.05053288033687488 0.8943725395817574 0.188235 0.192157 0.192157
v -0.13151216357686497 0.04191076825501358 0.8798045124613854 0.207843 0.211765 0.219608
v -0.12459062754807905 0.05277952845448243 0.903395461502054 0.247059 0.258824 0.262745
v -0.1474494753356908 0.01808408953854671 0.9168723450650202 0.184314 0.188235 0.196078
v -0.11676158422320741 0.05689381807179661 0.8840541438486745 0.235294 0.243137 0.25098
v -0.1389299261148936 0.02279424416081991 0.9475028524015646 0.152941 0.14902 0.137255
v 0.08710204799030873 0.012693156556609306 1.034702393841982 0.133333 0.133333 0.145098
v -0.11893686279648935 0.0538176930555445 0.9245174790883728 0.262745 0.278431 0.282353
v -0.08890307483133783 0.07242564707986458 0.91876026818949 0.270588 0.282353 0.286275
v -0.0028245011180346149 0.05493977221762694 1.067641857202976 0.243137 0.247059 0.25098
v 0.0010911759069979443 0.04411738031139105 1.0924141684722413 0.843137 0.772549 0.6
v -0.07680708881245992 0.0635304479813218 0.9751441642195977 0.258824 0.270588 0.278431
v -0.10561360898402129 0.05652201583317233 0.8969877634929279 0.180392 0.188235 0.184314
v -0.006821063121922572 0.06473193625886645 1.026103205493819 0.258824 0.266667 0.270588
v -0.07329997747540124 0.06861344888479978 0.8884364013297883 0.176471 0.180392 0.184314
v 0.01432871912779732 0.054697997142389907 1.058058778928998 0.231373 0.239216 0.239216
v -0.1241627441694561 0.044900788042473 0.9352007110592887 0.247059 0.262745 0.266667
v -0.10316898088015683 0.06238397274526982 0.8997299773807023 0.25098 0.266667 0.266667
v -0.00563939972820347 0.07958384236751816 0.9716396618237012 0.247059 0.254902 0.258824
v -0.07349701614149019 0.07827530418240601 0.9078602155344948 0.196078 0.2 0.192157
v -0.04912883492550477 0.07090193825631591 0.8938538921333362 0.243137 0.25098 0.258824
v -0.011527582000991013 0.08160508212092396 0.900674787352424 0.235294 0.247059 0.243137
v -0.027664813626593226 0.08495527723413891 0.9245112123578295 0.266667 0.27451 0.278431
v -0.03022658055841579 0.08133437018314271 0.9531338956402609 0.254902 0.262745 0.270588
v -0.007823139409622813 0.08292953942327995 0.941439346352246 0.286275 0.298039 0.298039
v -0.06970035953049826 0.0729022278511512 0.9399743416625543 0.258824 0.270588 0.27451
v -0.0632400100592759 0.08056733324060732 0.9189789202367324 0.278431 0.294118 0.298039
v -0.07590235366564736 0.06720700055195954 0.9370044289469778 0.262745 0.270588 0.27451
v -0.08774436878689458 0.06818078778736764 0.9392998536963231 0.25098 0.262745 0.262745
v -0.06359594600045243 0.06620922500309345 0.972454549221143 0.207843 0.207843 0.211765
v -0.05630212210624506 0.07769391455374847 0.951096389219523 0.290196 0.301961 0.305882
v -0.0007139434448824518 0.07236993017756054 0.9013755708907092 0.137255 0.145098 0.145098
v 0.07758104494623039 0.023018681795841143 1.0325124379365034 0.168627 0.172549 0.184314
v 0.07970132436691384 0.047183714381759788 0.9887218230261192 0.254902 0.266667 0.266667
v 0.06750643941587774 0.04807925473269766 1.0116073248039795 0.262745 0.27451 0.278431
v -0.03477900650736508 0.07477776674839416 0.9875646761416977 0.243137 0.25098 0.254902
v -0.027519130693259964 0.07267177531659248 0.9708296796789918 0.247059 0.254902 0.258824
v -0.004756869068648947 0.07647004269954207 0.8912093148588939 0.231373 0.239216 0.235294
v 0.08414820906255033 0.03917515325974136 0.9882654948281621 0.211765 0.219608 0.223529
v 0.005785263400721804 0.07522709240071694 0.9030384087731818 0.203922 0.203922 0.203922
v -0.025146733688084699 0.07363704656121736 0.8940720438409039 0.180392 0.184314 0.188235
v -0.020352196258037786 0.07084829873902504 1.0183145198714432 0.266667 0.27451 0.278431
v -0.003983439350772215 0.08035175323398948 0.9307153197271266 0.25098 0.258824 0.258824
v 0.00490809812918999 0.07918923783774175 0.9258091910542728 0.235294 0.215686 0.180392
v 0.01739654601269975 0.07415173774494412 0.9183439346339944 0.12549 0.12549 0.121569
v 0.011727100934372653 0.08011412346067404 0.9248675547379476 0.172549 0.172549 0.180392
v 0.027669157314302745 0.07915123762044954 0.9185540768524185 0.266667 0.27451 0.278431
v 0.018649434340215117 0.07496054039389526 0.9506888907417699 0.219608 0.227451 0.223529
v -0.016988575759506277 0.046939671221819547 1.0556248793580332 0.372549 0.360784 0.341176
v 0.06369380320898559 0.07257169440069172 0.9277048192509284 0.266667 0.27451 0.27451
v 0.038694494266748969 0.07766007314702968 0.8998964600583905 0.270588 0.278431 0.278431
v 0.06133680747820925 0.0735649833842213 0.9095652066595048 0.258824 0.266667 0.262745
v 0.0808185649817627 0.06197547349605902 0.8881615712188172 0.239216 0.243137 0.247059
v 0.08736587404465779 0.06545312795511732 0.9130581495277347 0.254902 0.266667 0.266667
v 0.0856733651626793 0.06455159348001707 0.922116325303214 0.172549 0.172549 0.168627
v 0.09009679118761326 0.049868061084177729 0.9370196183212849 0.215686 0.215686 0.215686
v 0.08766598759937926 0.04770734142931541 0.9662724225789727 0.207843 0.211765 0.223529
v 0.07424271117664518 0.05139271102727508 0.9786977592099678 0.258824 0.270588 0.27451
v 0.07178192099987199 0.04995652774114325 0.9689031405224243 0.2 0.203922 0.203922
v 0.08372634863025977 0.05648255250458061 0.9491581583533419 0.227451 0.235294 0.243137
v 0.04406453739926361 0.053010011838764619 1.0189138169146693 0.203922 0.207843 0.215686
v 0.025256718740423707 0.06029289621153504 1.0252228453692185 0.247059 0.25098 0.254902
v 0.04831392821863983 0.035260336489633118 1.0353259556969099 0.121569 0.12549 0.129412
v 0.030209641690716137 0.0467769702741138 1.0362732220365827 0.070588 0.07451 0.07451
v 0.08832087515662553 0.04107800572940388 0.9674666060013639 0.156863 0.160784 0.160784
v 0.07014274121508867 0.06246506844336758 0.9516056014083594 0.219608 0.223529 0.227451
v 0.04249629701074697 0.06257634135201006 0.967358461284976 0.239216 0.247059 0.247059
v 0.02029241201201415 0.0753851379706833 0.9714631656661886 0.286275 0.294118 0.298039
v 0.015624584376221022 0.06441327951270018 1.0088444967782265 0.180392 0.180392 0.180392
v 0.027588151302303345 0.06914317681998114 1.0022237469097873 0.258824 0.266667 0.27451
v -0.06635797628939572 0.06737031407047266 0.9863666785569513 0.27451 0.290196 0.294118
v 0.048610867440134489 0.0628494493588058 0.9898240054777713 0.278431 0.290196 0.290196
v 0.015593923785129102 0.07327988256475746 0.9731998069197065 0.105882 0.109804 0.109804
v -0.055853179349661077 0.05142678778967024 1.037726215169821 0.243137 0.25098 0.258824
v -0.0012825799020461308 0.050994118763702429 1.130813776274259 0.168627 0.176471 0.176471
v -0.007681050734593567 0.04347950105265749 1.1192808108740647 0.12549 0.12549 0.12549
v 0.04967258306376964 0.07135182769638689 0.9500380028278743 0.27451 0.286275 0.290196
v -0.0870549379949384 0.04493059874510886 1.1493932785215178 0.243137 0.254902 0.258824
v -0.10629055172616668 0.038442470955550079 1.1208405105535038 0.239216 0.254902 0.258824
v -0.1275122936670577 0.02091572522629692 1.1141780753453486 0.188235 0.2 0.2
v 0.01106398346639723 0.07706246168853139 0.9725632399091874 0.192157 0.192157 0.188235
v -0.15633713225821239 -0.007140986878494657 0.986588453467315 0.203922 0.215686 0.223529
v -0.14385412622037953 0.010321248738178352 0.975391018621952 0.215686 0.219608 0.231373
v 0.028004601247806975 0.076349584566515 0.9510982501680436 0.262745 0.278431 0.278431
v -0.01097331084231593 0.03561461230040672 1.1018306243119529 0.070588 0.070588 0.070588
v -0.010405457198549639 0.042507940884821907 1.0973240090648176 0.156863 0.156863 0.145098
v -0.012948760124497229 0.04820260915816016 1.1030360746716413 0.098039 0.101961 0.105882
v -0.15084524960707597 -0.04243291818046912 1.0443202491598423 0.129412 0.133333 0.137255
v -0.15167876560178279 -0.0037525631894035399 1.011065654268879 0.215686 0.223529 0.235294
v -0.14485641625416086 -0.010442410460474878 1.0409868953397672 0.247059 0.254902 0.262745
v -0.14027161470572203 -0.021361394986012886 1.0490293326669263 0.086275 0.090196 0.098039
v -0.08622826970201227 0.047517007035464447 1.1194272390542329 0.298039 0.313726 0.321569
v -0.12865439065013974 0.012345797841156914 1.03622208453896 0.227451 0.235294 0.243137
v -0.07215573745451649 0.04839512536001835 1.0295479779309547 0.156863 0.152941 0.152941
v -0.14429576941443116 -0.04983676107731436 1.0767137612313192 0.098039 0.098039 0.101961
v -0.0091731158595242 0.04361014854070571 1.085740524800462 0.188235 0.152941 0.109804
v -0.018654687112277 0.039054144976274119 1.0915440286290579 0.137255 0.141176 0.133333
v -0.013866683983352118 0.05214163885599304 1.1635816534779602 0.07451 0.078431 0.07451
v -0.016931726432859764 0.057496882582291419 1.1332555350845806 0.176471 0.180392 0.176471
v -0.02802418220031533 0.05737009761148851 1.1530320002302579 0.2 0.207843 0.203922
v -0.004501209024008012 0.051496404199889437 1.17430657385928 0.32549 0.341176 0.34902
v 0.003030660202675685 0.05265897912266574 1.144299189601629 0.376471 0.32549 0.25098
v -0.007629399129544294 0.05085456132046578 1.1401554790958384 0.121569 0.12549 0.121569
v -0.04108506545418063 0.04939924607385044 1.0965622646041056 0.090196 0.090196 0.086275
v -0.017094537129182905 0.05276454647474331 1.1119767792339195 0.180392 0.184314 0.184314
v -0.055357580854088189 0.05852743132158565 1.1441843617242345 0.247059 0.254902 0.258824
v -0.04332956807819876 0.0589341858487429 1.1616085793738059 0.247059 0.254902 0.25098
v -0.044495241398362497 0.05574504733381112 1.1308982543588673 0.243137 0.25098 0.25098
v -0.0451101968177664 0.047588426211786449 1.1210636588813088 0.235294 0.243137 0.243137
v -0.011597765650393949 0.05042580432796452 1.0673272627429913 0.996078 0.960784 0.870588
v -0.052932257964998587 0.051225469231512919 1.101537053795151 0.219608 0.227451 0.227451
v -0.14053041452053184 -0.08841242699595904 1.0680247079938548 0.066667 0.054902 0.047059
v -0.14867576201049227 -0.06940803740728237 1.0459175494061078 0.141176 0.152941 0.133333
v -0.14149056999692187 -0.08866053855775795 1.0430651370632918 0.066667 0.066667 0.066667
v -0.13593588014595527 -0.03087475913654949 1.080798479847304 0.031373 0.031373 0.031373
v -0.1457124808571505 -0.04799513338679407 1.0593388880641042 0.082353 0.082353 0.086275
v -0.1556588619398833 -0.039760730979758279 1.0876688654589518 0.113725 0.117647 0.121569
v -0.14093924083072024 -0.0015462903323771429 1.0983158845048818 0.219608 0.231373 0.235294
v -0.15131207633639302 -0.014425109744152525 1.1063983183263147 0.137255 0.141176 0.145098
v -0.07786280348100457 0.04978090616927988 1.1189700665174547 0.231373 0.239216 0.247059
v -0.13311250008629625 0.00000869895721371907 1.0869041685491614 0.129412 0.133333 0.137255
v -0.14414529690132728 -0.026238547620215378 1.0834212962680999 0.098039 0.101961 0.105882
v -0.13322148581945895 -0.019533475075453795 1.061093095728636 0.180392 0.180392 0.192157
v -0.11822376605771459 0.008179124649756033 1.0474703176865206 0.258824 0.270588 0.278431
v -0.12220861228176586 -0.006505831801847129 1.0838649534107406 0.117647 0.121569 0.129412
v -0.11633265762921663 0.003712998730218023 1.0587627833289677 0.278431 0.290196 0.298039
v -0.15744118210207604 -0.032544436218323629 1.134710252561853 0.117647 0.12549 0.133333
v -0.15235384597286096 -0.016381342100700654 1.1182381589504882 0.180392 0.188235 0.196078
v -0.11884021346884689 0.001236005038304711 1.0906130581345684 0.043137 0.05098 0.043137
v -0.15125803184066123 -0.005912307135804645 1.124986874983433 0.180392 0.196078 0.2
v -0.03302945247574957 0.04062098447252182 1.0699035178026808 0.27451 0.25098 0.223529
v -0.049435796007260477 0.03937636789510591 1.0921083863321393 0.223529 0.231373 0.239216
v -0.13700284940857133 0.008178728706533698 1.1100540121944929 0.176471 0.184314 0.192157
v -0.14729591907277959 -0.06642244244806267 1.070369469828649 0.415686 0.368627 0.278431
v -0.15336358067310683 -0.022661579571983758 1.1415125064230476 0.141176 0.145098 0.156863
v -0.15569295748148102 -0.015267847922699626 1.1590061817320346 0.137255 0.14902 0.156863
v -0.14496029890832816 0.009893176816813756 1.1528313235754933 0.215686 0.227451 0.235294
v -0.1497625277364227 -0.00037080825758599 1.1390296496659829 0.2 0.215686 0.223529
v -0.06388968032462682 0.04745277358787355 1.1011236132479459 0.203922 0.207843 0.211765
v -0.071223652664091 0.05505404835847364 1.1615507906107004 0.254902 0.266667 0.270588
v -0.14175795760559813 0.007032960806251172 1.125161864736478 0.219608 0.227451 0.235294
v -0.14232290873976176 0.016415206520184999 0.9517548178164781 0.223529 0.235294 0.239216
v -0.15180750053236975 0.008431332482804512 0.9605996677543164 0.207843 0.211765 0.219608
v -0.13580554623869824 0.01800633683097807 0.9719649071701426 0.231373 0.243137 0.254902
v -0.12063418873317865 0.03322004359960242 0.9704075270770769 0.184314 0.196078 0.196078
v -0.1186280644951974 0.03668373420327505 0.9732058396336686 0.254902 0.270588 0.278431
v -0.13092687607842705 0.02160876769441629 0.9480952731356307 0.192157 0.192157 0.203922
v -0.12754142775124137 0.028215542046126486 0.9365609535001394 0.411765 0.352941 0.239216
v -0.1264748472548202 0.020412284576344108 1.015432385267442 0.278431 0.294118 0.298039
v -0.12825382883832094 0.019879398146859154 0.9850842098919312 0.6 0.521569 0.384314
v -0.1281413277226346 0.03334818279400838 0.9496700469538046 0.470588 0.419608 0.32549
v -0.12645317689408012 0.025919412958538697 0.9593664496738845 0.337255 0.313726 0.239216
v -0.11161186919890343 0.04164179394773491 0.994003847860217 0.258824 0.270588 0.278431
v -0.10789691362811198 0.04840134345710898 0.9625692723797052 0.25098 0.258824 0.266667
v -0.104186669502567 0.04593244124121956 1.1517288665308132 0.176471 0.180392 0.180392
v -0.09093585885068439 0.05257611076264913 1.1629846277437075 0.176471 0.180392 0.176471
v -0.12412044303492585 0.026478402954441005 1.009678409066565 0.235294 0.243137 0.247059
v -0.14098780383286867 0.007231149941922435 1.0098864587204995 0.266667 0.278431 0.290196
v -0.09569633210059321 0.04832543169904393 0.9719882798729848 0.235294 0.243137 0.25098
v -0.09821850133074853 0.05070539496482632 0.9859497228235579 0.243137 0.254902 0.258824
v -0.1149571085774776 0.0296116637443735 1.023727298377059 0.27451 0.290196 0.298039
v -0.1272139645517029 0.014725203387044722 1.0313036656788382 0.215686 0.223529 0.235294
v -0.10941616111397944 0.02746107080779761 1.0380774408638256 0.282353 0.294118 0.301961
v -0.1262272914122894 0.013786717716854405 1.093596494746274 0.176471 0.184314 0.192157
v -0.13193447807689188 0.01628993769442293 1.141666278197776 0.231373 0.243137 0.254902
v -0.13467597544107097 0.0233299572265818 1.1544899824748794 0.180392 0.192157 0.2
v -0.12506772370182843 0.026874304497407656 1.1309449657343003 0.25098 0.266667 0.27451
v -0.12548758806766689 0.03341253751356621 1.1550514070968579 0.223529 0.231373 0.239216
v -0.08587418456135417 0.06205677945786054 0.9501014067921572 0.270588 0.282353 0.290196
v -0.07797251322650163 0.06552411473467795 0.9605517182842593 0.290196 0.305882 0.309804
v -0.156305776243477 -0.047496617851006239 1.1600331977677859 0.094118 0.098039 0.105882
v -0.15481983837411943 -0.08865482292600949 1.0400040076404283 0.066667 0.066667 0.07451
v 0.08181056033935727 0.06086679759869831 1.16550157222196 0.047059 0.05098 0.054902
v 0.07875493535432464 -0.1906853981746303 0.9882955470093681 0.2 0.2 0.2
v 0.08293567334479336 -0.2001397227732048 0.9554828920110906 0.211765 0.219608 0.223529
v 0.04416312971114216 -0.20114379884353957 0.9828810029434764 0.262745 0.27451 0.278431
v 0.057455282037979487 -0.20409650061746208 0.9729181160935335 0.239216 0.25098 0.254902
v 0.08573765090490505 -0.19533738792079395 0.9825483270169869 0.262745 0.270588 0.27451
v -0.15006425325754819 -0.17631806258722985 0.8959561547109398 0.32549 0.345098 0.34902
v 0.07603046731338666 -0.20791337444004544 0.9497163339202729 0.243137 0.25098 0.254902
v 0.03489492130057414 -0.19480959555507799 0.9871614837020477 0.25098 0.262745 0.262745
v 0.03867587542445461 -0.1791105995266866 1.0310860517801533 0.227451 0.235294 0.243137
v 0.05004704520551391 -0.19025890849266065 1.0153005658885533 0.258824 0.270588 0.278431
v 0.07036927433036783 -0.17164057410214285 1.0297149732745746 0.137255 0.137255 0.141176
v -0.006708001777273327 -0.21105911605997866 1.1077215744111189 0.227451 0.235294 0.239216
v -0.012557152279124417 -0.21467756438066483 1.1372009495616969 0.211765 0.219608 0.231373
v -0.02091307491761676 -0.21203531969494628 1.1253976545632965 0.235294 0.243137 0.243137
v -0.02109818890221486 -0.2134123033609626 1.1467467991865657 0.235294 0.247059 0.247059
v -0.019509158267308446 -0.2060705594118373 1.1415761617154515 0.156863 0.160784 0.172549
v -0.011813159220628492 -0.21190110876230096 1.141495499763979 0.109804 0.113725 0.117647
v 0.02196952332414798 -0.18205509286984607 1.0291452834563544 0.180392 0.188235 0.196078
v 0.0056816062657217589 -0.19510245586258166 1.008042721630433 0.278431 0.290196 0.294118
v -0.13205650338531825 -0.1882562240696643 0.9119498623103589 0.298039 0.313726 0.317647
v -0.13810016612484553 -0.1908924944584546 0.9001315128182879 0.282353 0.294118 0.298039
v -0.124209800858488 -0.19216441453581269 0.906102740636553 0.25098 0.262745 0.262745
v 0.07263817989812696 -0.19205638200423914 0.9959787373210094 0.886275 0.815686 0.67451
v -0.12427264201579316 -0.18513353939067637 0.9311734501078012 0.258824 0.266667 0.270588
v -0.14722352444853735 -0.16539341431969382 0.938135383041068 0.223529 0.235294 0.243137
v 0.022636767152237688 -0.15848320800103997 1.0520056926266897 0.231373 0.243137 0.254902
v 0.05022307355745277 -0.15465654086325657 1.0366867481296412 0.094118 0.094118 0.098039
v 0.04279016868809635 -0.15951549270806976 1.0716251576424927 0.109804 0.113725 0.117647
v 0.07577338252755139 -0.15015843274711677 1.0624007088367247 0.192157 0.203922 0.211765
v 0.06535659937063912 -0.15188056722316238 1.0351104922630197 0.039216 0.047059 0.047059
v 0.08419598425625388 -0.16678057565717448 1.0793509116069 0.031373 0.031373 0.027451
v 0.08058736388726586 -0.17822046394619374 1.0799652168912924 0.164706 0.164706 0.168627
v 0.06924010607493383 -0.16114240558521715 1.0300391290609246 0.054902 0.054902 0.054902
v 0.06175417371975879 -0.16238356743339378 1.0367008945636896 0.109804 0.113725 0.121569
v 0.020095482290471625 -0.16176838006702394 1.0685751535203066 0.227451 0.235294 0.243137
v 0.10796912602706337 -0.12783910896976703 1.0676437159031023 0.023529 0.023529 0.023529
v 0.08774558437759338 -0.14759166900129595 1.0839800124207968 0.015686 0.015686 0.015686
v 0.10504780218217189 -0.14886130286019914 1.0722251751821733 0.082353 0.086275 0.082353
v 0.08926549887224046 -0.14173254584007403 1.0538780958450343 0.027451 0.027451 0.027451
v 0.10507213750839646 -0.12905114212783673 1.048035883769861 0.039216 0.039216 0.039216
v -0.04101019442117398 -0.16679538529058295 1.0322535422759085 0.168627 0.172549 0.176471
v -0.013160199406507258 -0.16840402100784056 1.033119889514532 0.14902 0.152941 0.156863
v -0.028574894847151336 -0.15701938193831894 1.0353133486556059 0.109804 0.117647 0.121569
v 0.0956366744153421 -0.13807038661119906 1.0724595961358335 0.188235 0.196078 0.207843
v -0.10088021736683207 -0.20215942678187003 0.9082152825119625 0.207843 0.215686 0.215686
v 0.08128052241852689 -0.1468321083740509 1.0379594670279553 0.117647 0.121569 0.129412
v 0.08557702570531474 -0.15360031827956689 1.0253698895684363 0.058824 0.058824 0.058824
v -0.09721255217870319 -0.2056384089842094 0.9173789286605785 0.262745 0.270588 0.278431
v 0.10700986759522206 -0.12949770623241978 1.038430370508826 0.023529 0.027451 0.027451
v 0.06679014604652337 -0.17258857718169016 1.07763542014199 0.05098 0.05098 0.05098
v 0.0689738547083565 -0.15392284912691699 1.076859307460156 0.160784 0.160784 0.168627
v 0.07529905882445628 -0.1594775655140106 1.080931344576854 0.090196 0.094118 0.094118
v 0.061332771021154027 -0.17605227512860745 1.07277873216702 0.129412 0.129412 0.129412
v 0.02197380246276512 -0.17139630109886029 1.035405778670775 0.129412 0.133333 0.145098
v 0.033305334461823498 -0.1963915304645705 1.0006420816426798 0.25098 0.258824 0.262745
v -0.010383634434129494 -0.19654372889901795 0.9955508872440277 0.254902 0.262745 0.266667
v 0.018935273102274574 -0.1731940502536113 1.068232044807496 0.039216 0.035294 0.039216
v 0.09476390490685628 -0.15069928876011144 1.0375709094682127 0.066667 0.07451 0.078431
v 0.08867156263905778 -0.1663299415960683 1.0139702633447628 0.101961 0.101961 0.113725
v 0.0912508932675757 -0.1591181819085666 1.031904898212629 0.090196 0.090196 0.094118
v 0.09185287208915953 -0.16900748555323706 1.034487806083708 0.27451 0.286275 0.294118
v -0.014387162011692554 -0.1578364789930092 1.0517409239860137 0.239216 0.247059 0.254902
v 0.07856368992532884 -0.18865597857308975 1.0052357985152423 0.2 0.176471 0.156863
v -0.00817887304754878 -0.17566125584879303 1.0739304389527329 0.05098 0.054902 0.047059
v -0.0069600729701867979 -0.16103171968136305 1.07717370342211 0.2 0.207843 0.215686
v 0.0022102829940569884 -0.15928401751318106 1.0363185243997762 0.047059 0.05098 0.05098
v -0.09658897768778065 -0.13342844975073599 1.0513226048116955 0.231373 0.243137 0.254902
v -0.0580517334440311 -0.14844350052807066 1.0371746166854375 0.235294 0.243137 0.254902
v -0.08232117891680138 -0.1428745420622834 1.068307122383435 0.215686 0.219608 0.227451
v 0.0828489274482262 -0.17529410077866543 1.0161430654407864 0.082353 0.082353 0.086275
v -0.043175240498733728 -0.15593041626705624 1.0706349351483862 0.196078 0.2 0.211765
v 0.0705746974331181 -0.17979097677669957 1.0184704546438488 0.211765 0.219608 0.219608
v -0.062103655493867798 -0.17523305868874074 1.0736829139146798 0.129412 0.133333 0.12549
v -0.034880959812863928 -0.19385189677506568 1.0772586371501454 0.231373 0.239216 0.243137
v -0.08359273004916822 -0.17845154122232546 1.075071848815683 0.101961 0.101961 0.101961
v -0.08110582612735258 -0.16049337770118145 1.0637973665071339 0.043137 0.043137 0.043137
v -0.09276220931571765 -0.16397404391205196 1.0717527381299859 0.07451 0.078431 0.070588
v -0.09442533939876675 -0.15493493087515945 1.066002266887537 0.035294 0.039216 0.035294
v -0.03316889050436167 -0.17654696615196448 1.0701529403184489 0.101961 0.101961 0.101961
v -0.05236388384196135 -0.1723972094594413 1.0673000335449677 0.047059 0.05098 0.047059
v -0.09939529777858357 -0.17268383655501938 0.9970945984510934 0.27451 0.282353 0.290196
v -0.11198901404453218 -0.1626048507401191 0.9986164337042237 0.27451 0.286275 0.290196
v -0.11163552436582858 -0.16700311315104048 0.9824661702236652 0.203922 0.207843 0.211765
v -0.07365747703907297 -0.2170309957517145 0.9018375869813065 0.254902 0.262745 0.266667
v -0.06116434101524299 -0.22397056102568617 0.8990182977538336 0.247059 0.254902 0.258824
v -0.05827037929514477 -0.1524675511794948 1.0687652557568524 0.223529 0.231373 0.239216
v -0.034198807658795588 -0.22950801174644623 0.8995987925605078 0.258824 0.270588 0.278431
v -0.08544802998981534 -0.20631454072000214 0.9314843505811785 0.294118 0.301961 0.305882
v -0.043201015683365529 -0.22065397549074018 0.9209743146710916 0.254902 0.270588 0.270588
v -0.0648490958958386 -0.21183194739607187 0.909664681828131 0.203922 0.207843 0.215686
v -0.0669605691755631 -0.16223810772016709 1.0676289638789923 0.043137 0.043137 0.039216
v -0.011702764134238354 -0.1592282903829737 1.0356485766157393 0.164706 0.176471 0.184314
v 0.042611528493430399 -0.21436982129048488 0.9528365052642717 0.278431 0.290196 0.294118
v 0.02065412398093372 -0.21073698537994357 0.9656701800000145 0.270588 0.282353 0.286275
v -0.032020777183099837 -0.22042884767515592 0.9107484904690014 0.239216 0.247059 0.25098
v -0.1031478690876499 -0.13191119894026474 1.0711150602891995 0.047059 0.043137 0.043137
v -0.11767309046945482 -0.147314205985039 1.067325153014196 0.117647 0.117647 0.113725
v 0.0003521815209807687 -0.1813771796176968 1.026850635986621 0.270588 0.278431 0.286275
v -0.050739898559986538 -0.19844566643269377 1.1413270141097523 0.176471 0.188235 0.196078
v -0.06479810216144648 -0.19324661377212178 1.0879615706542978 0.231373 0.239216 0.239216
v -0.012445570255675033 -0.18863893674586464 1.0123158522582272 0.2 0.203922 0.211765
v 0.09346062694519958 -0.20367679726380404 1.1390234242875495 0.227451 0.235294 0.243137
v -0.025706747726859069 -0.17874978842160325 1.0248311846023222 0.266667 0.278431 0.282353
v -0.018388548067379736 -0.21673457791838347 0.9107199277136509 0.160784 0.164706 0.168627
v -0.009831434014290973 -0.21169215190677907 0.9595523749882055 0.254902 0.266667 0.266667
v -0.0018456310673447296 -0.2241674009497172 0.9041737625700287 0.192157 0.196078 0.196078
v -0.007413929106282497 -0.2226995969555436 0.9229944963148604 0.270588 0.282353 0.286275
v 0.007772888015991181 -0.21958250948732098 0.911530007519879 0.321569 0.329412 0.333333
v -0.11560561444484223 -0.15719858431471177 1.0704063120137433 0.180392 0.180392 0.184314
v 0.031176419086387253 -0.22215574874748288 0.9233745494866182 0.239216 0.25098 0.254902
v -0.00875577161316523 -0.21385907242826103 0.9488721738588198 0.262745 0.270588 0.27451
v 0.06287470551156166 -0.21692755986345545 0.934205810804079 0.254902 0.266667 0.27451
v 0.023671961148602068 -0.22494038907334566 0.9039738697764674 0.219608 0.223529 0.227451
v 0.03332246224076456 -0.2172298558445289 0.9117456105329379 0.203922 0.207843 0.211765
v 0.05672326577273294 -0.2234050450850696 0.9028207524135655 0.25098 0.258824 0.266667
v 0.05738512429326603 -0.21880228502699468 0.9197507445506508 0.231373 0.243137 0.247059
v 0.07182524923784235 -0.21183766230810997 0.912513307984983 0.219608 0.223529 0.231373
v -0.09809675844081205 -0.1316809015091104 1.0361627807262906 0.239216 0.254902 0.266667
v -0.10279700812353682 -0.1299619973711943 1.0383169435060649 0.039216 0.039216 0.039216
v -0.06032545296836665 -0.16046090772581643 1.019448066970481 0.180392 0.180392 0.188235
v -0.045887924184535019 -0.17439868231291837 1.0205869878029903 0.258824 0.266667 0.27451
v -0.06115634245730935 -0.14933410560618 1.0295307837001249 0.180392 0.180392 0.192157
v -0.07180226030379072 -0.16381558666440652 1.0298355172285488 0.164706 0.168627 0.176471
v -0.08137643368539403 -0.17603256418118558 1.0147844824508677 0.192157 0.2 0.203922
v -0.08759784903053394 -0.15248565922922806 1.0332930334993367 0.137255 0.137255 0.141176
v -0.06247452831663297 -0.18164552895695225 1.0101049668261076 0.243137 0.25098 0.262745
v 0.012433828517170977 -0.2082197571774491 1.1439351261568583 0.117647 0.117647 0.121569
v 0.01792940767782546 -0.21377322341892122 1.1358388806374078 0.254902 0.262745 0.27451
v 0.08836085947170124 -0.21774157132679673 0.8913432292174298 0.262745 0.27451 0.278431
v 0.08673105861863752 -0.211930781248375 0.9135239725329541 0.298039 0.313726 0.313726
v 0.08744328410403206 -0.21155648624067775 0.9255864863465679 0.254902 0.262745 0.266667
v 0.0946606644745197 -0.21251830442758555 0.9040096209421912 0.317647 0.333333 0.337255
v -0.11522818588456785 -0.14053922347692675 1.032196896340235 0.211765 0.219608 0.223529
v -0.10608628845253425 -0.14816667136537066 1.0229704176444963 0.196078 0.2 0.203922
v 0.02603997739618317 -0.21450493036833744 1.121994006834646 0.270588 0.282353 0.286275
v 0.09348383839483966 -0.2024478806455848 1.1530830130430232 0.266667 0.278431 0.286275
v 0.07400839081415989 -0.2068328276427273 1.1334357602886279 0.270588 0.278431 0.282353
v -0.09556235565498313 -0.15874171835134913 1.0250731229626403 0.231373 0.239216 0.243137
v 0.00043274673812363184 -0.20319488222490363 0.9796537796563491 0.286275 0.294118 0.298039
v -0.12213013393248759 -0.1770216814964051 0.9550121465836421 0.25098 0.258824 0.258824
v 0.06177253670680635 -0.20267194969310343 1.147963973142827 0.211765 0.215686 0.215686
v -0.0924412581214399 -0.17744210459693866 0.9804907977046544 0.231373 0.239216 0.247059
v -0.15269622685435817 -0.17425147668168057 1.1299752491222766 0.2 0.203922 0.211765
v -0.15083593783498529 -0.17025134016528305 1.126456356660701 0.090196 0.098039 0.101961
v -0.13687571988298073 -0.17733904646657509 1.1307211446939645 0.176471 0.184314 0.180392
v -0.1312442248636148 -0.19090269334336733 1.1364739635456105 0.243137 0.25098 0.258824
v -0.12007527188939266 -0.18228502840182127 1.1247660686838852 0.184314 0.184314 0.188235
v -0.11769209199085179 -0.18684689204169778 1.1348480188868043 0.145098 0.145098 0.145098
v -0.1517018372035377 -0.19141385199778133 1.1563138311117199 0.2 0.2 0.207843
v -0.12690189916845055 -0.20342876970829464 1.157074529266895 0.247059 0.254902 0.258824
v -0.11654584743900273 -0.17176323238299147 1.1171861987000389 0.196078 0.2 0.2
v -0.09965063323208959 -0.1776946162024721 1.1200308774152377 0.215686 0.223529 0.231373
v -0.10568132860907048 -0.20179753175536817 1.1461960751237835 0.207843 0.211765 0.207843
v -0.011117646713484505 -0.21879983056520628 1.145680572779778 0.184314 0.188235 0.188235
v -0.1011449329947006 -0.18752425994469125 1.1382182607907586 0.172549 0.176471 0.172549
v 0.01757832161570151 -0.2101231493083146 1.1009903615156416 0.262745 0.27451 0.278431
v -0.14072218215880467 -0.15540393807602638 0.971226398306567 0.207843 0.215686 0.219608
v -0.014399089808329042 -0.20160929232736383 1.082584119122486 0.219608 0.227451 0.227451
v -0.04285285107328313 -0.22005423847790457 1.1614749720582074 0.25098 0.262745 0.262745
v -0.15000957029571602 -0.1242676334658838 0.9849361888665953 0.164706 0.164706 0.168627
v -0.10087159366425674 -0.18647232996409467 0.9585088252404925 0.258824 0.270588 0.27451
v -0.1195973380357863 -0.16883412494175346 0.9765401301774078 0.231373 0.239216 0.243137
v 0.08039673620497025 -0.18743412809300059 1.0872471780677702 0.294118 0.305882 0.309804
v 0.09157048350652475 -0.20939330831118595 1.1568021927227275 0.25098 0.258824 0.258824
v -0.052800999207809309 -0.20348285799870498 1.134310041843934 0.254902 0.262745 0.266667
v 0.056584879653464859 -0.20885807524767084 1.1381477594865027 0.258824 0.266667 0.270588
v 0.07626242442424217 -0.19834511177806547 1.109403644842072 0.25098 0.258824 0.262745
v -0.04619931355443515 -0.2013735850668315 1.0989905524046809 0.254902 0.266667 0.270588
v 0.03864993514332936 -0.20935144608604235 1.107072128173863 0.247059 0.254902 0.258824
v 0.04922171782140073 -0.21323196156414529 1.1551458516130427 0.262745 0.266667 0.266667
v -0.1518878272561873 -0.12385997592886705 0.9988368458334832 0.152941 0.152941 0.156863
v 0.018627523525230794 -0.18146516708086775 1.0712292894775675 0.207843 0.211765 0.215686
v -0.011672334166653739 -0.18426949685870828 1.0762581387787543 0.192157 0.2 0.196078
v -0.017530696019803787 -0.18705553771941678 1.080907547076006 0.203922 0.207843 0.207843
v 0.06679431977450415 -0.18431235963301133 1.0851221047730473 0.101961 0.098039 0.101961
v 0.00028986620657206133 -0.19413291185445467 1.0790770606759026 0.137255 0.137255 0.137255
v -0.13189242373917374 -0.16572224848962917 0.9679641417607948 0.243137 0.25098 0.262745
v -0.12036390144772948 -0.163396795047391 0.9949390336722687 0.196078 0.2 0.203922
v -0.14097927415352697 -0.13630610622813267 1.0076731457785143 0.192157 0.2 0.207843
v -0.13026303092656578 -0.1381058763604836 1.024219288184284 0.192157 0.196078 0.203922
v -0.1493110933230293 -0.10708336055286681 1.0241837263851886 0.109804 0.109804 0.113725
v -0.15688713579890838 -0.09062416415610734 1.0326900476742867 0.078431 0.086275 0.098039
v -0.14060417372120399 -0.1193974583379803 1.0308994700444665 0.184314 0.188235 0.192157
v 0.050955793040267007 -0.1958908882748229 1.0864208541334562 0.247059 0.254902 0.254902
v -0.1416832869075909 -0.10303765964598862 1.0395155987101994 0.058824 0.058824 0.058824
v -0.12848233099521323 -0.10441751547378669 1.0446490086917928 0.086275 0.090196 0.094118
v -0.08232276304407996 -0.19174458747633328 1.1402671183091109 0.105882 0.105882 0.101961
v -0.06381553969015264 -0.206036742661448 1.1458960488238859 0.2 0.211765 0.203922
v -0.09096481879875479 -0.19103583843108858 1.1320358153991537 0.196078 0.2 0.2
v -0.06806573070610893 -0.1979232814098735 1.1360463638695527 0.223529 0.231373 0.239216
v 0.03602613788766368 -0.18701721290108068 1.0818354966685582 0.196078 0.2 0.203922
v -0.06777012574337992 -0.2004401355129962 1.1216510687508217 0.266667 0.278431 0.286275
v -0.1430943615614005 -0.1333466165129721 1.0771229378887877 0.113725 0.117647 0.117647
v -0.1349406209193908 -0.15677508310030517 1.0923480160150139 0.215686 0.219608 0.223529
v -0.1563907304432651 -0.14510576166743242 1.1020748012354927 0.156863 0.156863 0.156863
v -0.15056049902022293 -0.15819955762045685 1.1156292027180002 0.207843 0.211765 0.215686
v -0.13405904874730396 -0.12433835993435698 1.0701230947819452 0.031373 0.031373 0.031373
v -0.10865759376979788 -0.1719378889629773 1.087019621498689 0.235294 0.239216 0.247059
v -0.10820718074258075 -0.12651431419435439 1.0742511199889633 0.023529 0.023529 0.023529
v -0.11450291139458745 -0.12082776492166678 1.0672611831391117 0.05098 0.05098 0.05098
v -0.14774103859611024 -0.11005213208036191 1.072913517602676 0.05098 0.047059 0.043137
v -0.13362840755103623 -0.16378129017485602 1.108540752146382 0.247059 0.258824 0.262745
v -0.1156983002546017 -0.1744125922137626 1.1036681419605812 0.239216 0.25098 0.258824
v -0.12377118734665271 -0.1109281056039702 1.0690270716387265 0.031373 0.031373 0.027451
v -0.14622849610737052 -0.15887516793254848 1.1225429178817142 0.203922 0.211765 0.219608
v -0.08178498682634032 -0.18849797885137718 1.12459446129136 0.192157 0.2 0.207843
v 0.09966054906967378 -0.18912822073642986 0.9985525241338878 0.243137 0.254902 0.258824
v 0.07665379892518708 -0.1963443607965898 0.9984452286500155 0.313726 0.278431 0.25098
v -0.0951194550853576 -0.1861446686428101 1.1041439769601529 0.247059 0.254902 0.258824
v 0.09954565824967195 -0.1978542134686032 0.9903901302565329 0.603922 0.447059 0.282353
v 0.0889560716215604 -0.18774746346656766 0.9905745243517091 0.14902 0.152941 0.152941
v -0.055023860917475447 -0.2096164942356236 0.9412413857977142 0.313726 0.329412 0.329412
v -0.09183438855025654 -0.18351827502009625 0.9779411878736674 0.262745 0.27451 0.278431
v -0.07258129462148579 -0.1953974223547331 0.9695814553214552 0.27451 0.290196 0.290196
v -0.05352908121703873 -0.1949814349573098 0.9789301422402799 0.203922 0.207843 0.211765
v -0.050141375142529937 -0.18870810839199055 0.9824029063335927 0.223529 0.235294 0.243137
v -0.07513693149620847 -0.18301818447965638 1.0013869910403087 0.262745 0.27451 0.282353
v -0.08954625446708133 -0.2094266799927539 1.1533366654158573 0.235294 0.239216 0.239216
v -0.04162216038775678 -0.20452707471853086 0.9599508643335453 0.337255 0.356863 0.364706
v -0.04211823470032795 -0.19415076474070373 0.9968969665337287 0.262745 0.27451 0.278431
v -0.02755430980450639 -0.2139207795628768 0.9453328367379374 0.278431 0.286275 0.290196
v -0.024067800524773868 -0.20107764803632717 0.9818520502484441 0.133333 0.137255 0.137255
v -0.03213717666906226 -0.20483384434097783 0.9720368449386666 0.27451 0.282353 0.286275
v -0.03327911402999019 -0.19687269138201378 0.995581176620075 0.235294 0.243137 0.247059
v -0.00977119570344015 -0.1956474296703341 0.9843126968783303 0.2 0.203922 0.207843
v -0.09816980089764667 -0.2145777528082353 1.165019194408251 0.262745 0.270588 0.270588
v 0.06876393880434008 -0.22588669178972382 1.289502238949767 0.254902 0.262745 0.262745
v 0.05119950595536193 -0.22707815879538147 1.2908165154956116 0.239216 0.243137 0.247059
v 0.07633449306400901 -0.2301800219762514 1.28132699058219 0.286275 0.294118 0.298039
v 0.09624191733279312 -0.22645682714726587 1.2791270562882844 0.27451 0.282353 0.286275
v 0.07370984049872982 -0.18058955689096749 1.3815330253136243 0.141176 0.14902 0.160784
v 0.04242776838948097 -0.20903801387284319 1.3705273653634787 0.172549 0.180392 0.188235
v 0.05322324830890764 -0.1980129622924595 1.3725431775211792 0.196078 0.2 0.211765
v 0.04984673163163673 -0.23530780709935307 1.2708864609111104 0.25098 0.258824 0.262745
v 0.051295118903456237 -0.22141412655948579 1.3852169017175014 0.235294 0.243137 0.254902
v 0.07125782185503095 -0.18512124223502372 1.3895316411974448 0.109804 0.117647 0.12549
v 0.015036266130888135 -0.2170507819540622 1.3620124902721505 0.211765 0.219608 0.227451
v 0.0355525742752783 -0.21458109769294068 1.354667099542501 0.262745 0.270588 0.27451
v 0.07817603141293533 -0.21917274344214347 1.3283714174435635 0.282353 0.294118 0.298039
v 0.07902230366277224 -0.20696759742708277 1.3520168078906479 0.262745 0.270588 0.278431
v 0.07996842086593605 -0.19014256513126169 1.3713924813574683 0.211765 0.219608 0.223529
v 0.01098904514104447 -0.22365471383969033 1.3644905430068784 0.164706 0.168627 0.176471
v 0.021092375056288388 -0.22558851226392505 1.337503461416572 0.266667 0.27451 0.27451
v 0.03261702394814684 -0.22996434795989346 1.3060951553236902 0.25098 0.258824 0.262745
v 0.0259330364862591 -0.22703975505944216 1.3320428033187724 0.270588 0.278431 0.282353
v 0.05771479112047085 -0.23463511051095449 1.2425857815138997 0.270588 0.278431 0.282353
v 0.023763880997261727 -0.2330280508579239 1.2245857837273413 0.231373 0.239216 0.243137
v 0.07087765997167255 -0.22819252552091014 1.2251196840201082 0.266667 0.278431 0.278431
v 0.056930537058372778 -0.22649933065781853 1.3079640147485184 0.243137 0.25098 0.254902
v -0.018793594997476624 -0.22993668862212253 1.339060031168861 0.27451 0.282353 0.286275
v -0.009862981579939515 -0.2293175895898626 1.3643569956273086 0.239216 0.243137 0.247059
v -0.13265167210350158 -0.20742351167135474 1.175975708347983 0.235294 0.247059 0.25098
v -0.12330962504262036 -0.21076295661446904 1.1879371053564212 0.235294 0.243137 0.25098
v -0.12192354748044979 -0.2054765051304312 1.1944933109663288 0.160784 0.164706 0.160784
v -0.1245737065717422 -0.22327093765834658 1.2264748272167055 0.258824 0.270588 0.278431
v -0.12525371428958208 -0.21335536198585454 1.2016109288837427 0.243137 0.25098 0.254902
v -0.09985041509932095 -0.23002382376912856 1.2531803745586665 0.27451 0.286275 0.290196
v -0.0857426851135611 -0.23028159912487226 1.2278424073949204 0.270588 0.278431 0.282353
v -0.09835601163667067 -0.2166771633908052 1.1925869010185013 0.254902 0.262745 0.266667
v -0.09653708971595435 -0.21221286915803509 1.198346669017709 0.141176 0.145098 0.14902
v -0.1321013351664882 -0.22263591594089733 1.2426705687844986 0.243137 0.254902 0.254902
v -0.12330249188550713 -0.2222208200428498 1.2614223014068443 0.25098 0.258824 0.262745
v -0.11864822196973993 -0.21616753701083864 1.2680655828775796 0.219608 0.231373 0.235294
v -0.09239692626264558 -0.21913802074187739 1.2718082204383814 0.207843 0.211765 0.215686
v -0.11678276767256535 -0.22050810501568064 1.2781831361302306 0.243137 0.254902 0.258824
v -0.13591942735154104 -0.21399419400972878 1.2831552242055282 0.247059 0.258824 0.262745
v -0.11901959971506422 -0.22042288485255297 1.2954752624287254 0.270588 0.282353 0.286275
v -0.12678434843342685 -0.21255358990094246 1.3090214324071437 0.298039 0.305882 0.313726
v -0.11494950747020781 -0.20851145365367258 1.3334447374016386 0.294118 0.301961 0.309804
v -0.12412819944214274 -0.1912629179029355 1.3457565607228018 0.047059 0.054902 0.062745
v -0.1341899899505457 -0.1978715453720128 1.3538487027941589 0.219608 0.227451 0.227451
v -0.0896356461041929 -0.22748438381458384 1.3000184365239352 0.298039 0.309804 0.313726
v -0.12208781733647763 -0.2092222618239995 1.36499624813575 0.290196 0.305882 0.309804
v -0.09496244019311587 -0.21966014388977013 1.349143313143649 0.25098 0.262745 0.262745
v -0.0766619987014973 -0.22682523468251085 1.322664609222374 0.282353 0.290196 0.294118
v -0.09897809128544957 -0.20785862672057765 1.3435740091794526 0.054902 0.062745 0.066667
v 0.03228989411132913 -0.23496025783762307 1.2744507838112145 0.27451 0.282353 0.290196
v 0.018755102668081188 -0.22704484960350947 1.2857199494593628 0.254902 0.258824 0.262745
v 0.08529511872380195 -0.21765901246167652 1.1693149427631929 0.266667 0.278431 0.278431
v 0.0034107557963686974 -0.2335198248996325 1.3143673461295067 0.25098 0.254902 0.258824
v 0.07609653329851973 -0.23364441420724309 1.2591498149965144 0.258824 0.266667 0.270588
v 0.08932324981546326 -0.22832029639954805 1.2350443022244955 0.243137 0.247059 0.25098
v 0.09719054146823694 -0.23000548120655762 1.2529030390438135 0.278431 0.286275 0.290196
v 0.0846529596667016 -0.2205158202351919 1.2184381140620063 0.243137 0.247059 0.254902
v 0.09430225638264875 -0.2025663316859923 1.3576341789099958 0.254902 0.258824 0.266667
v 0.09736703470334274 -0.20771085323858369 1.3404438939608235 0.262745 0.270588 0.27451
v 0.08340492980039938 -0.16614859986667128 1.3888532069783393 0.152941 0.156863 0.156863
v 0.10205260687661069 -0.2196158978820589 1.205012583362742 0.278431 0.286275 0.290196
v 0.07685847146442614 -0.22430099500753804 1.1962232503045252 0.278431 0.286275 0.290196
v 0.0995571774998719 -0.21159324930861807 1.165371256655892 0.215686 0.219608 0.219608
v 0.07216001212269779 -0.22366876948255239 1.216687238896957 0.254902 0.258824 0.266667
v -0.06156932546535602 -0.2188119580523445 1.1649559970238679 0.254902 0.262745 0.266667
v 0.0012719590764534615 -0.22834433152906753 1.1749546235734694 0.258824 0.270588 0.270588
v 0.02551631031989211 -0.22386091608437035 1.1612007911335967 0.254902 0.258824 0.262745
v 0.008994276273101022 -0.2339155148576854 1.2765893412020486 0.258824 0.262745 0.266667
v 0.009364540754145286 -0.23645447884021515 1.2598832536506282 0.266667 0.27451 0.278431
v 0.014315884215243338 -0.2378985258918317 1.2472642754112285 0.262745 0.270588 0.27451
v -0.03926595686551572 -0.22755707500093889 1.186363346804027 0.266667 0.278431 0.282353
v -0.05028508096004975 -0.2263963608870781 1.198182371906345 0.25098 0.258824 0.266667
v -0.08803640249568716 -0.22041919694836738 1.1846988726056962 0.270588 0.282353 0.282353
v -0.07794374082038874 -0.22425404789227394 1.2117298437468143 0.254902 0.262745 0.266667
v -0.029213636041001174 -0.22502159379822124 1.208226002817683 0.188235 0.192157 0.2
v -0.05206807092348042 -0.22989173778057146 1.2155249161664217 0.254902 0.266667 0.270588
v -0.08145350850736086 -0.22815610444322319 1.268266066288055 0.262745 0.27451 0.278431
v -0.062236955893209777 -0.23296892504867645 1.2619863712078679 0.278431 0.290196 0.294118
v -0.06369136342134965 -0.23371602902626113 1.2442667199335236 0.270588 0.282353 0.286275
v -0.07456303491500079 -0.22340672563988407 1.2740112799182684 0.184314 0.184314 0.188235
v -0.0430313884579619 -0.23343244978922179 1.2393332457286093 0.239216 0.247059 0.25098
v -0.02592120776219341 -0.22900891214733433 1.1943133193688212 0.254902 0.262745 0.266667
v -0.015893923179316213 -0.2315783167418766 1.2032090646646548 0.254902 0.262745 0.266667
v -0.016129144845193224 -0.23129014782728234 1.1900235865474387 0.227451 0.231373 0.231373
v -0.029960773836614157 -0.23029885441431564 1.2182563669865847 0.247059 0.254902 0.258824
v -0.020298398269664586 -0.23324195646725696 1.2139010288938673 0.25098 0.258824 0.262745
v -0.013906147050254637 -0.22842931781435597 1.2105732787285045 0.235294 0.239216 0.243137
v 0.017958179777577768 -0.22530650937463407 1.2122840073281587 0.25098 0.254902 0.258824
v -0.033834110933325337 -0.23140271895387383 1.260127251081123 0.278431 0.290196 0.294118
v -0.03579213588217764 -0.22743608118362766 1.2776556753850135 0.270588 0.278431 0.282353
v -0.008581043507223198 -0.23805725254928396 1.2567996406330653 0.270588 0.282353 0.286275
v -0.027045781036222767 -0.22959786056504168 1.2779884606029566 0.286275 0.294118 0.298039
v 0.007081106519764872 -0.23551825359887683 1.2284095467128602 0.254902 0.262745 0.266667
v -0.0835964440320178 -0.22829847082951144 1.2857390447248967 0.286275 0.298039 0.298039
v -0.059559501194704208 -0.2322710426436717 1.2950365251723533 0.305882 0.317647 0.317647
v -0.03741273584932772 -0.23456541055917067 1.3175742686274279 0.270588 0.27451 0.278431
v -0.03464407361384828 -0.2275271526685544 1.3445343316712817 0.243137 0.247059 0.25098
v -0.06395248926572939 -0.21399692786662098 1.3503418137790713 0.05098 0.054902 0.058824
v -0.020927998326085118 -0.22022966672742018 1.3530150211506887 0.054902 0.054902 0.054902
v -0.07710705977416166 -0.22605494878973465 1.3553067369835668 0.301961 0.317647 0.321569
v -0.08109159337353693 -0.21481617755325869 1.3476597311584558 0.05098 0.054902 0.058824
v -0.04051290479368611 -0.2177739996580273 1.3510808862032078 0.043137 0.043137 0.05098
v -0.03331594238614058 -0.2279427601067321 1.2881457491434046 0.25098 0.254902 0.258824
v -0.02411226051368499 -0.23383544390387946 1.2962832905237572 0.262745 0.270588 0.270588
v 0.0031249690235806636 -0.23064151346838894 1.291122719640464 0.235294 0.239216 0.243137
v -0.0019397148093959669 -0.2136213105513249 1.3607116872579457 0.082353 0.086275 0.094118
v 0.0354341180065012 -0.2251036286638489 1.1702425084647988 0.247059 0.25098 0.25098
v 0.03476301747051811 -0.22874088194331719 1.1849274849050074 0.266667 0.27451 0.278431
v 0.02797417137238981 -0.2284944391649779 1.2025325103214373 0.262745 0.266667 0.270588
v -0.13015530142385282 0.021168178619601489 1.3232952218254337 0.137255 0.137255 0.12549
v -0.12284348926423619 0.021893553937343107 1.3130300525420547 0.203922 0.207843 0.207843
v -0.11654198911013852 0.00962825185615176 1.31444960062796 0.14902 0.137255 0.113725
v -0.13733559817539724 0.004607726103911273 1.324819898403103 0.2 0.184314 0.14902
v -0.1399322290263392 0.003958483390586263 1.291337243923256 0.117647 0.121569 0.129412
v -0.12842646288798005 -0.006302020213012702 1.295388183332499 0.129412 0.141176 0.152941
v -0.11402553783507014 0.004580179561459103 1.2968901361903543 0.14902 0.152941 0.160784
v -0.11115454821269776 0.03444714235346751 1.3022706617656737 0.243137 0.247059 0.239216
v -0.10147746416753534 0.03530347337660132 1.296532809884146 0.137255 0.137255 0.121569
v -0.10364922804425948 0.02434375726212571 1.3095744115452939 0.086275 0.082353 0.078431
v -0.12322496513410734 0.03301997838918467 1.3083976524660002 0.32549 0.305882 0.301961
v -0.13653615571668988 0.021015128053859516 1.334493342979581 0.219608 0.203922 0.192157
v -0.11253139145155899 0.01200955230558105 1.3326571359001578 0.176471 0.156863 0.141176
v -0.12020221501983138 0.011653182871133464 1.3284564910115047 0.227451 0.223529 0.219608
v -0.14823649357256447 0.03119373589055728 1.3263396200714779 0.4 0.392157 0.376471
v -0.1210295926752998 0.027112642533481586 1.3148911142964162 0.129412 0.129412 0.129412
v -0.12750159952952373 0.02333268383744863 1.3204247707523096 0.152941 0.14902 0.145098
v -0.14558976047113954 0.02647693790282841 1.3268490301347258 0.141176 0.145098 0.14902
v -0.12206079571890026 0.03356363740158544 1.3197925476135295 0.337255 0.290196 0.25098
v -0.11660825762065694 0.021067692307623885 1.2812599493346944 0.25098 0.258824 0.262745
v -0.11575622486946646 0.0018769311803596434 1.3158007802360326 0.101961 0.109804 0.113725
v -0.12563914444090625 -0.0010420988338083586 1.323202909998457 0.090196 0.098039 0.094118
v -0.1336952466237269 0.01096938764839609 1.3342305515583384 0.054902 0.058824 0.062745
v -0.13395262323524805 0.021201790145245794 1.2696818764217773 0.262745 0.270588 0.27451
v -0.14259497937549696 0.02167447193195649 1.3401740305366628 0.188235 0.184314 0.188235
v -0.08868906117305751 0.018865266223583686 1.2920416937946866 0.137255 0.145098 0.152941
v -0.08665120605419136 0.028890231256884569 1.271400715764751 0.203922 0.207843 0.215686
v -0.10503082428615272 0.025451866656423597 1.2661103023589194 0.196078 0.196078 0.203922
v -0.10521365381046039 0.006251605539133102 1.3235136372596997 0.137255 0.129412 0.117647
v -0.13738078282377279 0.030015473221434716 1.1897336894177205 0.247059 0.262745 0.270588
v -0.12956456416230034 0.033462374871943308 1.1773979679954323 0.14902 0.152941 0.156863
v -0.13214348285936265 0.0273907811256863 1.1766750424699884 0.184314 0.196078 0.196078
v -0.11405603450265256 0.030843636515110189 1.2539698545511727 0.243137 0.25098 0.254902
v -0.087837001297976 0.028651485382152475 1.2505053873519619 0.203922 0.207843 0.211765
v -0.11224139746155575 0.02984240962438271 1.2464537512369177 0.258824 0.266667 0.27451
v -0.15737884707357034 0.01838569410087273 1.2234125351336838 0.254902 0.262745 0.270588
v -0.14606879354649614 0.029275312712798448 1.228184917716544 0.278431 0.294118 0.301961
v -0.1364989045997093 0.04255068801069421 1.220610590893397 0.278431 0.286275 0.286275
v -0.11456067642780672 0.02038854769829972 1.322876535779122 0.164706 0.164706 0.168627
v -0.1250098659371509 0.024978150834708364 1.2401137109181076 0.141176 0.14902 0.152941
v -0.11588106054754548 0.0386784420466607 1.236912513114589 0.262745 0.270588 0.278431
v -0.08526556936892294 0.044363827243685798 1.2399761720486216 0.2 0.207843 0.207843
v 0.0665335624998036 0.024221782627596675 1.2734869140549173 0.117647 0.113725 0.105882
v 0.05692825741121232 0.02373624782254691 1.2788388226605006 0.196078 0.203922 0.196078
v 0.06745116822172447 0.02106513089004087 1.2850925811894374 0.289346 0.268577 0.2496
v 0.020554662805419137 0.022355827348241914 1.3011697088338328 0.458824 0.372549 0.290196
v 0.014172522066237557 0.028217665856177244 1.2885976760714433 0.223529 0.188235 0.141176
v 0.010100688564125578 0.025051543939545837 1.3006234420980625 0.568627 0.466667 0.372549
v 0.0703587445834862 0.024646954182273977 1.325032494012486 0.533333 0.47451 0.419608
v 0.06658284448684936 0.01780752930786672 1.3125153218853243 0.654135 0.586968 0.527083
v 0.061546490563915489 0.023726349844800617 1.3288582010009045 0.313726 0.247059 0.196078
v 0.06942339490886547 0.020321971638106997 1.2992661846109548 0.415686 0.329412 0.270588
v -0.13984341006225863 0.021203569680948898 1.234275923395839 0.160784 0.168627 0.172549
v 0.06329560067112059 0.004187763933955733 1.3332539171886174 0.203922 0.168627 0.141176
v 0.05664510425350595 0.007590828717268158 1.3295578221058458 0.572549 0.490196 0.411765
v 0.0592293328883624 0.016413807696103047 1.3379888782310648 0.4 0.333333 0.270588
v 0.09081071134024747 0.003039768122182781 1.282477732157812 0.184314 0.184314 0.188235
v 0.07040693946382738 0.0007882460040934072 1.3020790705820589 0.203922 0.203922 0.207843
v 0.09000813562773649 -0.00612207102135961 1.2984532466724788 0.188235 0.192157 0.192157
v 0.048840606351046398 0.007696674001981128 1.3485525961595213 0.443137 0.368627 0.301961
v 0.06312944375226405 0.02635292307260525 1.2960203861828786 0.113725 0.113725 0.113725
v 0.05921980958047478 0.023135946619439467 1.3081843697854403 0.184314 0.168627 0.152941
v 0.06155135862448547 0.018761984455836535 1.306668548792481 0.309804 0.27451 0.239216
v 0.057342757871617629 -0.003279252173744386 1.3417038903019457 0.215686 0.180392 0.14902
v -0.14215059066619135 0.007409377805254062 1.1643835196029982 0.184314 0.2 0.207843
v -0.13493196935077668 0.009090519150453626 1.1612960717109334 0.082353 0.090196 0.098039
v 0.05865956208581715 -0.00004570121977601883 1.345197156743049 0.396078 0.321569 0.247059
v 0.07081227240791294 0.017982886911639938 1.3236666967729499 0.537255 0.498039 0.439216
v 0.07206261123731019 0.013521773590640978 1.3068008177173334 0.160784 0.152941 0.145098
v -0.14623270879479867 -0.009676993116237513 1.1655608271094798 0.184314 0.192157 0.203922
v 0.07126086436654666 0.01626757638944189 1.2961115388942568 0.176471 0.168627 0.152941
v 0.04558728987767278 -0.0038273693764444645 1.3489455669068967 0.309804 0.25098 0.192157
v 0.048479288013565619 0.01654555392381754 1.3520824462450812 0.290196 0.239216 0.180392
v 0.057095233902659147 0.027195415612394599 1.2935607703973196 0.223529 0.184314 0.152941
v 0.05502023545963636 0.006109189156982265 1.321120824431451 0.070588 0.07451 0.078431
v 0.06226942634121129 0.00861780432254921 1.292433317105544 0.180392 0.180392 0.160784
v 0.07099412198524236 0.006536309086488994 1.304222583209326 0.164706 0.164706 0.176471
v 0.05015304811985492 0.005370318924250332 1.304945005893908 0.219608 0.223529 0.227451
v 0.028035038367398039 0.014345582607647404 1.3661550104692116 0.509804 0.431373 0.356863
v 0.023930393296468973 0.004092710305036354 1.3756840555175627 0.270588 0.207843 0.156863
v -0.15464048358774735 0.01937131696848318 1.2459411945579456 0.243137 0.25098 0.254902
v 0.041038123430453269 0.013699447109040733 1.3673601669826772 0.380392 0.301961 0.231373
v 0.053188554438328258 0.016985896740124269 1.2789402515206235 0.184314 0.184314 0.192157
v 0.06840591945448413 0.009829353617772938 1.2776264891948433 0.2 0.203922 0.215686
v 0.04148603494387341 0.0014748669477966743 1.3684227328079258 0.301961 0.243137 0.184314
v 0.054564214068953707 0.02051172481006478 1.3497567183237667 0.431373 0.345098 0.27451
v 0.040465868602616649 0.024508526784627478 1.3590082438503005 0.34902 0.278431 0.227451
v 0.05312612971265284 0.030107580048800089 1.3423093561516302 0.619608 0.537255 0.45098
v -0.14467860010961343 0.011680082726823896 1.218056918871889 0.062745 0.070588 0.066667
v 0.044611997603908628 0.029049905777278376 1.3347177478626338 0.745098 0.670588 0.556863
v 0.030512789540144169 0.01973018416801752 1.3593090869886487 0.611765 0.552941 0.478431
v 0.010441576426029421 0.006701409701315594 1.3164303012792549 0.505882 0.419608 0.333333
v 0.010679331610305654 -0.002107266221458279 1.342903604204548 0.627451 0.54902 0.45098
v 0.012489427191198647 0.0031946486938214575 1.349337331445476 0.411765 0.305882 0.223529
v 0.015957883217837325 0.01697784848185946 1.3271150032211133 0.333333 0.262745 0.196078
v 0.03801355752513809 -0.0019938793655539155 1.360261634627589 0.415686 0.333333 0.270588
v 0.04157450519924167 0.007447006335096225 1.3566406403414973 0.298039 0.239216 0.188235
v 0.04097364473477256 0.005348171409763661 1.3493132898878535 0.407843 0.337255 0.286275
v 0.0402150061989084 0.005879461253527613 1.3428412415219098 0.321569 0.282353 0.239216
v 0.04545576123381434 0.01316194999180733 1.3245131849136414 0.47451 0.396078 0.317647
v 0.0405402917428894 -0.008026492762646552 1.3382531933735709 0.341176 0.27451 0.203922
v 0.039911645751891638 -0.006715070553915081 1.340871505614789 0.113725 0.105882 0.090196
v 0.03073083627036146 -0.004912738865937259 1.3587202661443956 0.392157 0.32549 0.262745
v 0.02832216270576578 0.0021511637929169699 1.345363961575514 0.321569 0.247059 0.176471
v 0.024982536198652817 0.01605296164743534 1.324453744511502 0.478431 0.4 0.309804
v -0.159476715945068 -0.024074612662787155 1.1757827535600356 0.196078 0.207843 0.215686
v 0.05805119015452157 0.031508356016563068 1.32857796646709 0.513726 0.431373 0.356863
v 0.055076121652027559 -0.004437111709542798 1.32608747998608 0.082353 0.090196 0.094118
v 0.03873974513104657 0.009625020393182022 1.3120338381306725 0.047059 0.054902 0.058824
v 0.05275076417421873 0.029612485163756014 1.3180263395402455 0.541176 0.466667 0.396078
v 0.04909645725064111 0.015060627744559397 1.311324434231913 0.086275 0.090196 0.090196
v -0.15388869767208752 0.004846814821394906 1.2005556359783379 0.219608 0.231373 0.247059
v -0.14928724065094629 0.010076719928845584 1.1777627520891195 0.113725 0.121569 0.121569
v 0.04376097105550984 0.01835281871273853 1.3126116949546023 0.160784 0.137255 0.101961
v 0.017531691675747375 0.00913335834532612 1.3431198560387153 0.239216 0.180392 0.12549
v -0.15986701342434485 -0.016393485662563734 1.195988509373407 0.247059 0.262745 0.27451
v -0.1549487055822578 -0.015218760429001896 1.2085124054903805 0.160784 0.172549 0.176471
v 0.03521397192424818 0.007923227931508927 1.324739616930209 0.192157 0.141176 0.105882
v 0.044783868546062779 0.030345443674550614 1.2932629151145319 0.396078 0.333333 0.286275
v -0.14380152773648245 -0.0008093459864442915 1.214348760186751 0.082353 0.090196 0.101961
v 0.04376097105550984 0.01835281871273853 1.3126116949546023 0.160784 0.137255 0.101961
v 0.0421886946494358 0.030036256016208554 1.3073243365413739 0.47451 0.4 0.329412
v 0.03278782796674431 0.029474779669237139 1.2984963334945512 0.47451 0.376471 0.282353
v 0.0431300244386041 0.01810220420604111 1.285377547202125 0.188235 0.188235 0.184314
v 0.07363669256649198 0.03281194318935923 1.234220704148247 0.231373 0.235294 0.243137
v 0.08728645945629667 0.015620297562282315 1.258553418790091 0.243137 0.247059 0.243137
v 0.02775771029451995 0.045380186263830338 1.2831090108905937 0.698039 0.615686 0.505882
v 0.03930336988142342 0.0370642110551675 1.2927303604365419 0.584314 0.478431 0.380392
v 0.04499848901002542 0.019362924335044573 1.2788743935073988 0.14902 0.14902 0.152941
v 0.023351703163937349 0.030377352951946478 1.3047252999510564 0.431373 0.329412 0.243137
v 0.020533552681060199 0.014520169900723437 1.3198704553072816 0.282353 0.215686 0.156863
v 0.03762058649050739 0.00787881793571769 1.3059558126534488 0.070588 0.078431 0.086275
v 0.040588935034626589 -0.0024590313724795846 1.3122834028745157 0.07451 0.086275 0.086275
v 0.03219865845671269 0.038113220671654467 1.2788456528939865 0.145098 0.14902 0.113725
v 0.04768476882419649 0.0344516870342392 1.2827057318751077 0.545098 0.513726 0.466667
v 0.03577642837868888 0.02261976561787642 1.2740733524884936 0.176471 0.172549 0.164706
v 0.05591104541066237 0.03288865985686225 1.2457682150957828 0.239216 0.243137 0.243137
v 0.02505537811038321 0.036021911152315077 1.2942325465820415 0.247059 0.223529 0.211765
v 0.02383579107663567 0.026507047299865119 1.2933082570086896 0.078431 0.07451 0.066667
v 0.011358342394157759 0.02144958004640265 1.287074896875622 0.352941 0.294118 0.219608
v 0.020574234394103383 -0.018154236980068188 1.2886760179651438 0.619608 0.603922 0.545098
v 0.007234969679416674 0.013427091256296759 1.3022540390065865 0.431373 0.384314 0.309804
v 0.02161051106365692 -0.007389091558147781 1.2707819232178169 0.745098 0.745098 0.713726
v 0.00951723291948348 -0.021608331369205828 1.2983494185817846 0.243137 0.227451 0.172549
v -0.003510633342644381 -0.0011000212822514908 1.3133028047563596 0.25098 0.211765 0.133333
v 0.027237568315024196 0.02537906771234771 1.280948972054821 0.27451 0.247059 0.215686
v 0.0007776200932813302 0.0138229941691651 1.3087779477935198 0.407843 0.317647 0.243137
v 0.0067104663393556108 0.03369606480235499 1.2666877393566854 0.235294 0.211765 0.180392
v -0.0010150268230718354 0.0027706517797626225 1.3291723202280137 0.407843 0.313726 0.235294
v 0.11094058928225062 0.100736552915715 1.2350883610793687 0.427451 0.298039 0.223529
v 0.10220038698683419 0.09973313839610697 1.2407701249696924 0.870588 0.713726 0.611765
v 0.10016137127401159 0.08863702944658793 1.2403440959926413 0.12549 0.105882 0.101961
v 0.06381891660607302 0.013697879389631185 1.2682490917553358 0.223529 0.227451 0.231373
v 0.059119916756958688 0.012443022786585488 1.2761962393254685 0.227451 0.227451 0.227451
v 0.07944808704914662 0.09471443287672053 1.2400481873072447 0.839216 0.713726 0.627451
v 0.0814103327818165 0.07518756857565867 1.2266358635366186 0.196078 0.2 0.196078
v 0.08181777446272097 0.08276677290084864 1.224655315605415 0.180392 0.184314 0.188235
v 0.0801285784144467 0.08693118435601183 1.2093732704426288 0.729412 0.596078 0.501961
v 0.06719158606490301 0.08467048138601165 1.2063247998793035 0.192157 0.184314 0.184314
v 0.07285011297219153 0.08034222724380276 1.2194885486071079 0.27451 0.294118 0.301961
v 0.09713796615693637 0.050753970407661917 1.2044805966475174 0.137255 0.137255 0.137255
v 0.0829026224954731 0.05850835253698896 1.1945542182177159 0.078431 0.078431 0.086275
v 0.07193110986304514 0.09364680914618347 1.224872161549859 0.678431 0.537255 0.45098
v 0.06536099011942018 0.10146471413354066 1.1791322106393499 0.168627 0.176471 0.176471
v 0.0689541902488282 0.08886992153269909 1.1762829058583658 0.133333 0.137255 0.145098
v -0.1432494104236681 0.019376898179518377 1.1802891171489865 0.227451 0.239216 0.247059
v 0.07717134363388054 0.10095720940760401 1.2091710949835406 0.772549 0.623529 0.552941
v 0.06628002103753568 0.10107414391950705 1.1840003326479929 0.745098 0.560784 0.501961
v 0.0855771242701962 0.006581403671152717 1.2670216841045754 0.172549 0.176471 0.180392
v -0.11503746313240299 0.03429999605779303 1.1773607775567284 0.172549 0.180392 0.188235
v -0.1097047785188629 0.04441362577270786 1.167316857734264 0.235294 0.247059 0.254902
v 0.01299131541600187 0.031337942494132197 1.264832339744456 0.196078 0.176471 0.152941
v 0.009084524588045484 0.03766969455953079 1.2643084817291313 0.188235 0.184314 0.168627
v 0.09302465026124814 0.028167085723897368 1.2226432181045868 0.180392 0.184314 0.196078
v 0.06979661965314652 0.035376661431631099 1.2187928273994147 0.196078 0.203922 0.203922
v -0.11351709325316509 0.04993170469226756 1.2154547620289276 0.227451 0.235294 0.239216
v -0.10534679270066132 0.04708985060561167 1.187418658170385 0.176471 0.180392 0.180392
v -0.12120913360580618 0.04252314355997619 1.1905179004874858 0.239216 0.25098 0.262745
v 0.08990250478481427 0.046374413275019139 1.1853097007102489 0.094118 0.098039 0.098039
v 0.07584838277474758 0.06720903374035897 1.18213407531033 0.133333 0.141176 0.145098
v 0.09113018971358807 0.03991308369808747 1.167583348655372 0.05098 0.058824 0.054902
v 0.08454034787106189 0.04092797718078432 1.1839554623832299 0.066667 0.07451 0.070588
v 0.08946484164128235 0.040107625204373349 1.2084267273572982 0.14902 0.152941 0.156863
v 0.07708655368819575 0.040242762097981197 1.1996639944091093 0.101961 0.113725 0.101961
v 0.06343698532086138 0.03950811778544077 1.1774578008724835 0.160784 0.168627 0.160784
v 0.0960809483748987 0.04576498928465634 1.1984420728176335 0.443137 0.380392 0.317647
v 0.046047139451442457 0.03822839781979799 1.195569147028404 0.168627 0.176471 0.172549
v 0.10254504344122822 0.04978519542140442 1.2114934064926617 0.129412 0.129412 0.12549
v 0.10005212470810342 0.032973133871145299 1.2147021992683363 0.101961 0.101961 0.105882
v 0.025233342089390793 0.042456779836343137 1.230261877251438 0.223529 0.235294 0.231373
v 0.017029634458617303 0.042789101781495888 1.2085644195414876 0.180392 0.164706 0.145098
v 0.010963025154828624 0.04102263943945569 1.2303965395685164 0.247059 0.223529 0.207843
v -0.13728814014114294 0.013539027709924358 1.1735669701648826 0.145098 0.156863 0.152941
v 0.007885827149782579 0.03581720313231329 1.2454853012620942 0.133333 0.133333 0.137255
v 0.005714764433796769 0.047850390268514269 1.228436520426297 0.196078 0.207843 0.215686
v 0.03625805411908758 0.02103505098453129 1.2656041490569355 0.196078 0.196078 0.192157
v -0.07687467803029369 0.010806533133464868 1.3171684826002273 0.180392 0.152941 0.137255
v -0.07115221268754603 0.012767311452426298 1.3250549406191326 0.427451 0.388235 0.341176
v -0.06837407905391145 0.017153949874966817 1.3123389110482205 0.513726 0.458824 0.4
v 0.019088342693597817 0.03716652298340952 1.2502680066799126 0.145098 0.145098 0.145098
v 0.01873241395229195 0.031547998038646048 1.2616817125821649 0.215686 0.223529 0.227451
v 0.010765324683665851 0.03278677282021972 1.253240924968286 0.105882 0.101961 0.098039
v 0.003183028935905363 0.041837058557420547 1.2410695728947017 0.376471 0.309804 0.184314
v -0.03153975442878392 0.00875534940567389 1.2805655587077492 0.376471 0.298039 0.219608
v -0.04478222893546443 0.01481661204028151 1.2854309096736037 0.090196 0.086275 0.086275
v -0.04565870187468888 0.008738925588605663 1.28903374638394 0.368627 0.294118 0.231373
v -0.06890413636387388 0.023911010402216876 1.3112514166194876 0.247059 0.258824 0.262745
v -0.06159510129660844 0.03311300810562809 1.3003891733278668 0.282353 0.294118 0.301961
v -0.08376709684985438 0.021611357773682586 1.317028664477857 0.156863 0.152941 0.145098
v -0.06036733392071933 0.006464446535359005 1.3166952245554387 0.639216 0.529412 0.435294
v -0.06711388170407737 0.0055427426741106598 1.3326656664812989 0.356863 0.290196 0.239216
v 0.010765324683665851 0.03278677282021972 1.253240924968286 0.105882 0.101961 0.098039
v 0.011315336313434994 0.011443479689118824 1.2474615420600058 0.211765 0.219608 0.152941
v 0.007885827149782579 0.03581720313231329 1.2454853012620942 0.133333 0.133333 0.137255
v 0.0037709800633657934 0.020187744009343764 1.2330712745466952 0.454902 0.45098 0.403922
v -0.0009408044475154402 -0.009380014398870237 1.3199853776523756 0.403922 0.32549 0.258824
v -0.07383281934686688 0.01396901546860187 1.2987660918189697 0.082353 0.082353 0.082353
v -0.07659603363586591 0.0061282421499353379 1.303359407611151 0.066667 0.082353 0.086275
v -0.08233297624483523 0.015112438986738508 1.315336060324543 0.113725 0.113725 0.113725
v -0.12639258690108755 0.03592598763092608 1.2037110118077237 0.235294 0.247059 0.247059
v 0.0073145003210133749 0.045586896369768457 1.1786365153108794 0.109804 0.113725 0.109804
v 0.0028157646968669316 0.05071219041653661 1.197211894992584 0.741176 0.678431 0.529412
v 0.01199371798508038 0.04417030729248531 1.1976627932898852 0.141176 0.14902 0.141176
v 0.0006750717099287795 0.05010399114009587 1.1745433506238308 0.176471 0.184314 0.184314
v -0.08409077477752818 0.01130932938997686 1.3438783415898175 0.305882 0.254902 0.211765
v -0.07994231341288631 0.0025765350723438407 1.3316268288055069 0.262745 0.227451 0.2
v -0.07418270312018244 0.0038184923616774119 1.3447101373684074 0.564706 0.478431 0.392157
v -0.07889323838052782 -0.004592343722301387 1.3186463108655724 0.145098 0.145098 0.145098
v -0.07811254396182908 -0.01294911992297139 1.3254563144357286 0.129412 0.101961 0.082353
v 0.0012351628582510399 0.04369825796201301 1.2199126313878539 0.188235 0.172549 0.156863
v 0.04274751790623853 0.04680222303893792 1.1621453640709936 0.188235 0.196078 0.192157
v -0.1470184551673511 -0.012514565199320156 1.2981594529721968 0.101961 0.113725 0.121569
v -0.07979587287209562 0.035826166404144519 1.2989083493659633 0.219608 0.223529 0.223529
v -0.057422650016505479 0.038859377135115839 1.2896786446818718 0.235294 0.247059 0.25098
v -0.055949588854217479 0.04503984892442032 1.275524574081859 0.160784 0.172549 0.164706
v -0.09360187782001828 0.028136864382839034 1.3104176234527319 0.27451 0.278431 0.282353
v -0.12843581631150517 -0.014121639448764757 1.3004070420827383 0.090196 0.098039 0.101961
v -0.15215779864104793 -0.017376190247937265 1.3265858677757215 0.05098 0.054902 0.058824
v -0.14845566597790933 -0.02258915327228446 1.3169606058644988 0.133333 0.145098 0.152941
v -0.12474047337814053 -0.014421545665695396 1.312074811089799 0.133333 0.141176 0.145098
v -0.14267346971600299 -0.008103573699974609 1.3236938634900826 0.113725 0.117647 0.12549
v -0.0859614593280786 0.012286535460333759 1.3526531068285713 0.286275 0.235294 0.192157
v -0.07541422310928586 -0.004106573365407271 1.3576788542950838 0.388235 0.32549 0.270588
v -0.1381713191087833 -0.0029474396088146265 1.3307754522920095 0.066667 0.070588 0.066667
v -0.03270287903837332 0.04172543421415218 1.2731173897469155 0.262745 0.262745 0.262745
v -0.09192507846542002 0.022053908844241779 1.3576500182516119 0.341176 0.298039 0.270588
v -0.13958862404697373 -0.0003446315230820929 1.369877017245175 0.133333 0.117647 0.098039
v -0.08990275045616172 0.01188740413595768 1.3695038622784606 0.278431 0.247059 0.219608
v -0.10100219727661142 0.029612154792146084 1.348773112560819 0.611765 0.517647 0.419608
v -0.0991562198471964 -0.008935683118300807 1.3085047315432937 0.058824 0.058824 0.062745
v -0.09749160135104833 0.02954939819756949 1.3617556350564136 0.439216 0.364706 0.290196
v -0.05323431677414818 0.024547178998355874 1.3005540993025103 0.137255 0.137255 0.137255
v -0.05694560591554129 0.004970937969251299 1.3068770778220865 0.090196 0.078431 0.070588
v -0.110449795935379 0.03695376581659326 1.3786569823077597 0.345098 0.278431 0.235294
v -0.008402814940623043 -0.011653654695495114 1.2775879223358129 0.756863 0.74902 0.686275
v -0.0007989371056714917 -0.005459967396254689 1.2671364749838777 0.709804 0.690196 0.603922
v -0.031434005608542429 -0.005007358530922299 1.2676258079160603 0.717647 0.67451 0.572549
v -0.04637531352595728 0.0028408995953271528 1.3012874682505805 0.34902 0.27451 0.211765
v -0.08233297624483523 0.015112438986738508 1.315336060324543 0.113725 0.113725 0.113725
v -0.08346520641574745 0.0062946423354928999 1.318960598678525 0.160784 0.160784 0.152941
v -0.08910839310496394 0.00490504927028918 1.3106283213835138 0.031373 0.047059 0.054902
v -0.08157341536995558 -0.007541336300252798 1.305048357293245 0.082353 0.090196 0.098039
v -0.044265528816932759 -0.006442733222730382 1.2918307741686042 0.129412 0.098039 0.070588
v -0.033219804637028189 0.025990075476127647 1.2787778859925674 0.219608 0.223529 0.239216
v -0.03653771034997602 0.011851921312905979 1.2744436456389015 0.133333 0.133333 0.129412
v -0.09365423857761046 0.013690897959933252 1.3102648360010175 0.082353 0.094118 0.094118
v -0.06360749475006221 0.002024286252729192 1.321184684452883 0.313726 0.243137 0.188235
v -0.09323839726204178 -0.002479716848400281 1.3308370559778849 0.239216 0.196078 0.160784
v -0.10392755415249905 0.02162471191514044 1.3443796569611544 0.356863 0.290196 0.231373
v -0.08478843531695254 -0.0017786824780176867 1.3006704586017868 0.07451 0.082353 0.090196
v -0.09520608362938264 -0.011604169129874024 1.3009662972248549 0.07451 0.082353 0.086275
v -0.10406855007061752 0.003409640796635075 1.335738911913792 0.215686 0.168627 0.121569
v -0.08663917303523379 -0.01405450020089346 1.329579846611049 0.105882 0.082353 0.062745
v -0.07125096442338291 -0.025697934122082285 1.331613097558877 0.129412 0.098039 0.082353
v -0.0647952705818412 -0.032265836746606258 1.334935474565843 0.090196 0.07451 0.05098
v -0.061411672314708298 -0.03715879369860075 1.3309295626298344 0.113725 0.101961 0.070588
v -0.06384738248439496 -0.05187943883069793 1.354439563238063 0.176471 0.164706 0.12549
v -0.034863451554569057 -0.031166123462922164 1.328073901831964 0.227451 0.227451 0.160784
v -0.09353512694090108 0.005687363979273449 1.323304619747483 0.203922 0.192157 0.184314
v -0.09362825259867805 0.01519357364951984 1.2980211414482386 0.141176 0.14902 0.160784
v -0.054418041291235948 -0.016238021949644668 1.315236282139052 0.152941 0.094118 0.054902
v -0.04929838851401787 -0.018297317572276613 1.2996175518122635 0.141176 0.129412 0.098039
v -0.04894651397450874 -0.022248901744482725 1.3104532192479566 0.231373 0.227451 0.156863
v -0.06758019156506935 -0.012132467854948167 1.3423467014172792 0.133333 0.101961 0.082353
v -0.0674456930555642 -0.019219392560293884 1.3221220565565824 0.164706 0.117647 0.078431
v -0.06497097905779964 -0.004616782418028584 1.3330362165353827 0.380392 0.309804 0.247059
v -0.03882164492709054 0.003947043382906031 1.2560586020275174 0.576471 0.552941 0.47451
v -0.043139330923401209 0.0004520719749688359 1.2639310281884538 0.490196 0.470588 0.419608
v -0.08507258386898696 -0.060670843946116399 1.3611685703139856 0.101961 0.105882 0.086275
v -0.07526203038661136 -0.04267519986824896 1.3660345405700528 0.090196 0.094118 0.07451
v -0.06698589247126473 -0.06270881897119636 1.3689033712461603 0.12549 0.121569 0.086275
v -0.0360479494778031 -0.0404504042546273 1.3386256934521713 0.235294 0.235294 0.172549
v -0.04807473386838856 -0.05187100948210203 1.3551847158579756 0.176471 0.172549 0.12549
v -0.0600388298784252 -0.009418409994885828 1.3161348621583158 0.317647 0.247059 0.184314
v -0.048171067296873728 -0.001674603720994045 1.3063910748283115 0.352941 0.27451 0.207843
v -0.05273432009738505 -0.060324792118415387 1.3784767800592115 0.243137 0.235294 0.184314
v -0.08721619044311289 -0.07298931228862751 1.3787918384616216 0.098039 0.098039 0.078431
v -0.07769452441893048 -0.04828055946129117 1.3427888479959318 0.121569 0.121569 0.090196
v -0.07429440313253237 -0.03497017387390747 1.3476806169897842 0.105882 0.086275 0.070588
v -0.0421191864106349 -0.05859477750112299 1.3662850180513476 0.117647 0.109804 0.078431
v -0.07110101204945317 -0.011626169477584594 1.3533833762725103 0.345098 0.278431 0.219608
v -0.07544008121323175 -0.03029187877101171 1.3656242153842496 0.219608 0.192157 0.164706
v -0.07062695818589353 -0.029192624723980447 1.3536850016733087 0.141176 0.109804 0.094118
v -0.044254013540492378 -0.012143354499234606 1.2871786001226074 0.294118 0.270588 0.211765
v -0.06887456937797146 -0.03887797136767655 1.3809737707051304 0.098039 0.090196 0.07451
v -0.07241391151521497 -0.015432352233619055 1.3741638548864057 0.270588 0.219608 0.188235
v -0.07794793392776259 -0.03854676020255117 1.3848494969847465 0.129412 0.109804 0.098039
v -0.035442413505618917 -0.023397979867071995 1.335394022342885 0.231373 0.223529 0.164706
v -0.058628795765349479 0.03141298439720943 1.275992200567105 0.184314 0.188235 0.192157
v -0.07457440305784204 0.026459947111289837 1.287294406793151 0.196078 0.211765 0.215686
v -0.031805434011094178 -0.01907974581802597 1.3032365102324289 0.262745 0.25098 0.176471
v -0.013369336201224096 -0.025618556973285645 1.3124390974737573 0.180392 0.184314 0.133333
v -0.07269382732053567 -0.021713723136418916 1.3859097125346838 0.203922 0.172549 0.152941
v -0.027483663520359915 -0.011093576408239933 1.3059946005588313 0.278431 0.239216 0.176471
v -0.02623189207914491 -0.011706268264601177 1.3393311888224465 0.372549 0.317647 0.247059
v -0.029623767484751555 -0.007760379404213362 1.3283155165463768 0.164706 0.133333 0.094118
v -0.023295521557245716 -0.010549000816470963 1.3212463540485254 0.329412 0.278431 0.211765
v -0.03158041387782758 -0.026061570318868696 1.318618021782466 0.243137 0.239216 0.176471
v -0.0033715158071488985 -0.02548729700760619 1.3093069357791476 0.384314 0.403922 0.317647
v -0.012940614465494436 -0.01502536579890897 1.3193620399573803 0.180392 0.152941 0.113725
v -0.004640712784389257 -0.010479605506323068 1.3173706653427116 0.133333 0.113725 0.086275
v -0.004178109952431552 -0.02889344190962329 1.347405442462499 0.309804 0.258824 0.203922
v -0.0014638959162856815 -0.01643704438604621 1.3492747582829277 0.368627 0.305882 0.247059
v -0.0017004358728243258 -0.008370270995362145 1.344577528670121 0.541176 0.466667 0.376471
v -0.011993762079269607 -0.02404958020602345 1.340583762566935 0.176471 0.145098 0.105882
v -0.005462162103331047 -0.020906059729498408 1.3355861188180099 0.156863 0.12549 0.094118
v -0.010783150602739466 -0.018288157861277463 1.3283896455618636 0.254902 0.203922 0.14902
v 0.005448614717648904 -0.0031140577197312799 1.3404363950988432 0.431373 0.352941 0.282353
v -0.015874069906206078 -0.040729845122883048 1.3698090215611785 0.090196 0.082353 0.054902
v -0.0022727724484276998 -0.04892734917618348 1.380398170154897 0.082353 0.058824 0.047059
v 0.005864345193076182 -0.029202866714800145 1.3728573174124997 0.184314 0.133333 0.094118
v -0.03035681994455072 -0.050336502687671227 1.3728199539286386 0.078431 0.066667 0.047059
v -0.036950866744133458 -0.038934406321737887 1.3590890890964325 0.239216 0.207843 0.152941
v -0.019682423938918979 -0.04225810522655038 1.3734514933801992 0.137255 0.109804 0.066667
v -0.013504841682840201 -0.04645121848836898 1.3903756459612973 0.168627 0.129412 0.094118
v -0.04152959301754155 -0.05134080683277715 1.3748057172714044 0.133333 0.117647 0.082353
v -0.037806347479071859 -0.05947126912229106 1.3810962368569802 0.14902 0.133333 0.101961
v 0.012558299348729624 -0.033425313130894997 1.3752717605889425 0.270588 0.196078 0.164706
v -0.024556033334864673 -0.03254627956305351 1.3709301753815982 0.313726 0.235294 0.168627
v -0.025576914675985 -0.05063327872173507 1.3771908212089923 0.141176 0.12549 0.098039
v -0.034475052956768479 -0.04480397218040464 1.3847211210231075 0.160784 0.137255 0.113725
v -0.01434220714173869 -0.038589704879079107 1.3886046856196486 0.207843 0.172549 0.137255
v -0.027456410194659606 -0.040928418157521618 1.3845791871299776 0.105882 0.094118 0.07451
v -0.03222234971958927 -0.024973820718286113 1.3579590852571518 0.392157 0.317647 0.239216
v -0.01637641980378783 -0.017767199193807857 1.3468017193351914 0.568627 0.482353 0.384314
v -0.007022615604113889 -0.03527462644281307 1.3917196546959115 0.247059 0.203922 0.172549
v -0.005604241030864486 -0.017008118412149787 1.353704899274663 0.105882 0.078431 0.054902
v 0.003220620018517574 -0.020414746152166518 1.3616797225971603 0.262745 0.188235 0.12549
v 0.006374913197171586 -0.01310315268723395 1.3572783558267159 0.227451 0.156863 0.098039
v -0.010650739344166693 -0.025805707695246668 1.3616308757128402 0.290196 0.235294 0.188235
v -0.02254793526019734 -0.03381572755447382 1.3642024167346965 0.129412 0.117647 0.082353
v -0.0051615130285941799 -0.0213776828141148 1.3742965236004417 0.206788 0.161827 0.120399
v -0.0017824570979680084 -0.015210055778469904 1.3777735865833357 0.427451 0.34902 0.278431
v -0.0051687250431186339 -0.026894505868961559 1.3918280975472628 0.078431 0.043137 0.023529
v -0.07889501692158739 0.05396734843648855 1.1943715859698963 0.227451 0.239216 0.239216
v 0.01867089608007816 -0.04590637069747263 1.3859289723845663 0.164706 0.121569 0.094118
v 0.020472962752046673 -0.04171328546193045 1.3901215105328054 0.156863 0.129412 0.101961
v 0.01817830403510377 -0.03630276967898173 1.3697529510705405 0.133333 0.094118 0.066667
v 0.04416692606325576 -0.005141805576505087 1.3193105782637958 0.07451 0.082353 0.090196
v 0.043205353821427868 -0.02790640612351696 1.3213451324704327 0.047059 0.054902 0.058824
v 0.05620403774032012 -0.023937959901285858 1.3148718441866317 0.05098 0.05098 0.05098
v 0.03483291706994806 -0.019521157366837698 1.3167657949565064 0.054902 0.062745 0.062745
v 0.0608699946676043 -0.011910835808090888 1.310554072068104 0.113725 0.113725 0.117647
v -0.06317419004328234 0.027789594109797364 1.2710317424124485 0.172549 0.172549 0.176471
v 0.07133299684356222 -0.022643364985623476 1.333049220385428 0.062745 0.066667 0.07451
v 0.021269974653259459 -0.02411144362891798 1.3627819463241509 0.192157 0.12549 0.066667
v 0.06591366137162508 -0.033021251556137099 1.3321450237780273 0.007843 0.007843 0.007843
v 0.012431866367449959 -0.006594216522030858 1.3551187851086826 0.458824 0.360784 0.266667
v 0.0725629009531112 -0.0343360418055654 1.3222068570645838 0.098039 0.101961 0.113725
v 0.024288123059693475 -0.010678149252799469 1.350605189546232 0.317647 0.239216 0.172549
v 0.02924949011833504 -0.014377301015886459 1.3615102050331927 0.184314 0.133333 0.090196
v 0.03348598646061609 -0.03999775393013763 1.3830596894872863 0.203922 0.152941 0.113725
v 0.03533217533411086 -0.010572481396308892 1.3513653686110059 0.32549 0.270588 0.223529
v 0.05651523018987002 -0.023987046459564403 1.3522564495143848 0.035294 0.035294 0.027451
v 0.059532894802497137 -0.02850780948142932 1.3534013956297757 0.039216 0.039216 0.039216
v 0.06004221223183187 -0.022995372429115994 1.3490788645675096 0.094118 0.094118 0.094118
v 0.030167751026690893 -0.021745997431319436 1.3795697972606574 0.192157 0.152941 0.117647
v 0.046719078934561678 -0.02213057712719871 1.344744845947167 0.05098 0.047059 0.039216
v 0.02525298251233421 -0.02938668730597285 1.3690822651551114 0.184314 0.145098 0.113725
v -0.08357695539261895 0.013106234250375146 1.2990932493841279 0.019608 0.027451 0.027451
v 0.04486829465553394 -0.009721193505998654 1.3504886889484822 0.243137 0.188235 0.145098
v 0.0405402917428894 -0.008026492762646552 1.3382531933735709 0.341176 0.27451 0.203922
v 0.039911645751891638 -0.006715070553915081 1.340871505614789 0.113725 0.105882 0.090196
v 0.04046159369848356 -0.027178539141839897 1.3557465946762558 0.14902 0.113725 0.090196
v 0.06307670305933758 -0.008067572571530246 1.3393391248278004 0.113725 0.101961 0.086275
v 0.04898143438003368 -0.03293925481313515 1.3592252339670324 0.054902 0.047059 0.039216
v 0.04108401831524608 -0.015919066065210324 1.365707091058473 0.211765 0.168627 0.14902
v 0.04881984561912223 -0.02637746206751437 1.3711507812912523 0.07451 0.062745 0.054902
v 0.052065249240372 -0.032991388920551329 1.3780308230217145 0.031373 0.031373 0.027451
v 0.04394878003975991 -0.005464448371490933 1.372906564244821 0.333333 0.282353 0.231373
v 0.08235229170034013 -0.04546744085186348 1.338176247696006 0.05098 0.054902 0.058824
v 0.09422548176259228 -0.043510809880780199 1.322093714853958 0.133333 0.133333 0.137255
v 0.09197473681552627 -0.059247002951584918 1.3404129712187605 0.047059 0.05098 0.05098
v 0.07141470245426233 -0.017602193358118434 1.3157421207089493 0.121569 0.12549 0.12549
v 0.08571972878211308 -0.01887478525085377 1.3126150238132768 0.160784 0.164706 0.168627
v 0.08240481389091155 -0.0306077363012341 1.3340681458091317 0.047059 0.054902 0.062745
v 0.07249242593587248 -0.01413578958123801 1.3382525549257632 0.109804 0.113725 0.117647
v 0.09983108845665878 -0.01393787135320872 1.3004988752129723 0.172549 0.176471 0.176471
v 0.08574128779893017 -0.014740467343972197 1.3418200781421497 0.090196 0.090196 0.094118
v 0.08466070829515586 -0.009504498098488093 1.3441308090482547 0.117647 0.113725 0.105882
v 0.09818294983743993 -0.048350527945272069 1.3449080588732146 0.027451 0.031373 0.035294
v -0.15012325511375095 0.016893062927914948 1.2071092589363138 0.270588 0.290196 0.301961
v 0.09907320589062821 -0.031088340363699595 1.3563997298132338 0.047059 0.05098 0.05098
v 0.07149969360661428 -0.019192195119808587 1.3589763038096179 0.082353 0.078431 0.07451
v 0.08558967101928428 -0.026684647463536497 1.3416004220095013 0.094118 0.098039 0.105882
v 0.08154747884859294 -0.016874627559627807 1.3489475578834383 0.137255 0.133333 0.133333
v 0.07948297580714385 -0.018231643510283853 1.3455678387466117 0.070588 0.07451 0.078431
v 0.08850385626682755 -0.023257657662142579 1.3563820530327724 0.082353 0.086275 0.090196
v 0.09337367199654927 -0.020952516120167895 1.3619927407521584 0.121569 0.12549 0.12549
v 0.07761946227041494 -0.01642229361258346 1.3686748606292246 0.168627 0.168627 0.156863
v 0.10061162079703476 -0.016724450473457828 1.3624932019045222 0.207843 0.192157 0.168627
v 0.09531178474119929 -0.0208615132593876 1.3714528146078087 0.145098 0.14902 0.14902
v 0.10351610569773147 -0.021651658060838444 1.3660892185767453 0.14902 0.156863 0.168627
v 0.09735119386527946 -0.025520361004261025 1.3703255709325058 0.07451 0.078431 0.082353
v -0.10809745533544933 0.026656492885963977 1.311612118579713 0.239216 0.243137 0.25098
v -0.12617443877909835 0.0325098087288526 1.3797463059922744 0.490196 0.431373 0.380392
v -0.10924415946033694 0.02493531005772468 1.3166193669315334 0.239216 0.243137 0.25098
v -0.04462049182120634 0.032125219538623888 1.2611782899856228 0.168627 0.180392 0.180392
v -0.034031543866948569 0.04046827611259192 1.2435573135189664 0.117647 0.117647 0.12549
v -0.05398987658508681 0.02848609576294652 1.2570077339240007 0.160784 0.164706 0.172549
v -0.020830719403978478 0.014234678739843734 1.2425587573242585 0.607843 0.568627 0.478431
v -0.031011036543063469 0.01057074417202021 1.248000346797045 0.313726 0.298039 0.254902
v -0.006505941392027467 0.04294007420443831 1.2374753454435009 0.286275 0.294118 0.239216
v -0.006379277774027176 0.04049372761956859 1.227175668910628 0.439216 0.380392 0.286275
v -0.03621222493765607 0.0310145281956098 1.2671117653293845 0.52549 0.494118 0.478431
v -0.03888033531680581 0.019590803249747915 1.2637421817680588 0.458824 0.419608 0.364706
v -0.014524849299757802 0.03777476649903896 1.2559884153700545 0.184314 0.184314 0.176471
v -0.019651651418412579 0.046995663702445757 1.2516091488129174 0.164706 0.176471 0.176471
v -0.0363420446199291 0.04690241665807609 1.2647968064164137 0.164706 0.164706 0.164706
v -0.06059192549186716 0.05844557617815122 1.1737058659014066 0.2 0.211765 0.207843
v -0.08407362646403655 0.0499975647977609 1.1865995957269889 0.145098 0.14902 0.14902
v -0.028268947508248295 0.03965729334320961 1.257328018721369 0.117647 0.117647 0.109804
v -0.03621222493765607 0.0310145281956098 1.2671117653293845 0.52549 0.494118 0.478431
v -0.04795387828194694 0.03301840808891418 1.276597166618326 0.07451 0.086275 0.070588
v -0.012256511656003576 0.04921346372560879 1.2161229376414043 0.188235 0.168627 0.137255
v -0.1332990103998155 0.02189094806299724 1.348191678088772 0.282353 0.243137 0.196078
v -0.13973841172580638 0.0073090967742846959 1.3524550001564045 0.117647 0.109804 0.098039
v -0.026334642465565999 0.03139752562088632 1.2679158428187248 0.690196 0.690196 0.65098
v -0.1380870582864113 -0.0023619647923434499 1.3638612411924878 0.278431 0.282353 0.25098
v -0.026202067563022105 0.03697031500428121 1.2440657235200617 0.101961 0.105882 0.101961
v -0.02341406326969514 0.04283144317693254 1.226420052282896 0.321569 0.282353 0.235294
v -0.05412705782352654 0.04340948786016859 1.2421005764633087 0.231373 0.239216 0.243137
v -0.004904702347834583 0.016556152640531068 1.2409570254279905 0.494118 0.482353 0.407843
v -0.11831468788790786 0.035286121410083959 1.3623045035207473 0.415686 0.345098 0.301961
v -0.13146852528071743 0.028639614825371169 1.355675796420898 0.627451 0.533333 0.423529
v -0.055884973165859389 0.04861999102752511 1.2323840072551158 0.247059 0.25098 0.25098
v -0.010921866793470478 0.027611137229528999 1.2437303847858546 0.568627 0.545098 0.478431
v -0.02527299563692003 0.0535551388827174 1.1831616290886856 0.207843 0.211765 0.211765
v -0.15711548539808266 0.009324356489741564 1.3727926083758158 0.137255 0.133333 0.133333
v -0.011907936659312793 0.04591179943097093 1.1985135693183429 0.215686 0.223529 0.219608
v -0.07739305912875022 0.04881457173960239 1.1868415945730196 0.223529 0.227451 0.231373
v -0.03395087492738706 0.046567499902373337 1.1922359628500963 0.180392 0.184314 0.180392
v -0.007110772742622961 0.05168751705750383 1.1960654193624716 0.282353 0.266667 0.239216
v -0.05428731058503165 0.03647283837191839 1.2522320920278166 0.2 0.203922 0.207843
v -0.05533510000143351 0.05210773597735402 1.2162828506802475 0.262745 0.27451 0.27451
v -0.08928015139285801 0.053806528274300529 1.2120473270787649 0.262745 0.27451 0.27451
v 0.1277489149715002 0.1280555400914787 1.1619211567016199 0.231373 0.239216 0.231373
v 0.09580774678520573 0.10378661316186992 1.1627279719385704 0.105882 0.109804 0.090196
v 0.0855761439687766 0.1217299127085873 1.1579117139324685 0.027451 0.027451 0.031373
v 0.08148336458921746 0.10001275719206464 1.168374268137297 0.039216 0.039216 0.043137
v 0.13254422754128057 0.12669399450594408 1.1932084359498228 0.247059 0.254902 0.262745
v 0.11772844332221133 0.10918167812305371 1.134282334487656 0.180392 0.184314 0.172549
v 0.0928414055991156 0.1099470416641376 1.138446909056017 0.215686 0.231373 0.219608
v 0.09910336379792952 0.12947565435189427 1.14689068184034 0.070588 0.070588 0.070588
v 0.09955451807602682 0.13382223470763017 1.1390731235590915 0.27451 0.290196 0.27451
v 0.102240414018287 0.1048780747225452 1.1549847396770219 0.039216 0.039216 0.039216
v 0.10307911884305739 0.12013866342820541 1.1525431677546075 0.054902 0.054902 0.054902
v 0.0735891735081035 0.11377401682654002 1.1641275309788264 0.188235 0.192157 0.188235
v 0.07482058498862736 0.19581883032331838 1.2327280603531766 0.823529 0.6 0.521569
v 0.08923513160488234 0.17310838734549323 1.2340213627029238 0.854902 0.698039 0.627451
v 0.08462614658926637 0.16991144648248986 1.225117865911711 0.819608 0.658824 0.576471
v 0.058156597932606478 0.23967914340675518 1.2836991643012377 0.65098 0.580392 0.462745
v 0.08921718818553358 0.21555900292425524 1.2730357416772605 0.8 0.733333 0.619608
v 0.062474007402984168 0.2206366200775366 1.2705155512922258 0.658824 0.647059 0.572549
v 0.1132755905737374 0.1069309796382601 1.1583296008843805 0.039216 0.039216 0.039216
v 0.08229607765556479 0.18539249675634446 1.2546480253853452 0.764706 0.647059 0.509804
v 0.08001612565730285 0.17544678578182935 1.2447086101260106 0.784314 0.584314 0.482353
v 0.06924448102284679 0.19399105759184799 1.2517680961313172 0.788235 0.705882 0.596078
v 0.005911463808796528 0.19689614288880137 1.2491613737846775 0.788235 0.713726 0.611765
v 0.004671280747742979 0.20112635134568439 1.2425110005646154 0.917647 0.6 0.52549
v 0.015558556040751942 0.1849756896609323 1.2375306940343658 0.6 0.556863 0.490196
v 0.05103063988447974 0.22476069618740714 1.2477393176195713 0.811765 0.564706 0.509804
v 0.049322007183540957 0.22301811812827677 1.2555023483635806 0.85098 0.635294 0.596078
v 0.07725935128126085 0.1964676078119742 1.2428813855214669 0.878431 0.717647 0.643137
v 0.05311180883875405 0.22899801565847334 1.2881485190490965 0.392157 0.403922 0.396078
v 0.04088525390924165 0.2417670839393635 1.2910553191780279 0.741176 0.694118 0.572549
v 0.039534395008427088 0.21742482770788197 1.285018718866111 0.498039 0.521569 0.533333
v 0.05953695333789892 0.22337935076509025 1.2811131983524445 0.52549 0.552941 0.560784
v 0.02372792557758664 0.2427397581818934 1.289007912024326 0.427451 0.360784 0.309804
v 0.021754829727386524 0.2302927952510354 1.2821541517888065 0.529412 0.529412 0.52549
v 0.060868957033739397 0.20706031801345044 1.253254963687819 0.678431 0.478431 0.4
v 0.09171361058981109 0.22827967448686538 1.2824743884720083 0.717647 0.607843 0.498039
v 0.01676161665215446 0.23550670515831033 1.2781569959644057 0.835294 0.792157 0.701961
v 0.026313385410088147 0.24792443492442685 1.287693992116262 0.388235 0.309804 0.270588
v 0.08446066939636213 0.22857227317422719 1.2909561659326166 0.411765 0.439216 0.431373
v 0.09261605304832313 0.2167698122553527 1.2846684608676853 0.878431 0.839216 0.756863
v 0.07729188005680285 0.2147411883591052 1.2779068419791593 0.505882 0.541176 0.552941
v 0.035375195055413307 0.21134094232918666 1.2719789891996863 0.615686 0.643137 0.647059
v 0.08555012959141231 0.1995680615062563 1.2730520866091924 0.607843 0.54902 0.466667
v 0.036602479207650789 0.18874532074266138 1.2225007163008653 0.85098 0.705882 0.596078
v 0.004808512954203755 0.20373132395065148 1.2360173512772546 0.85098 0.643137 0.54902
v 0.03737601883735249 0.1914447299305994 1.2300875784081765 0.807843 0.643137 0.560784
v 0.032149785286316529 0.24722580604186063 1.2838806305349149 0.639216 0.486275 0.356863
v 0.05747314691258178 0.209944993865789 1.2630371274243493 0.498039 0.447059 0.403922
v 0.03806992035205988 0.22493846557745493 1.2685458121842155 0.8 0.717647 0.619608
v 0.043769162586671798 0.17964501537978246 1.2383034505872866 0.447059 0.466667 0.47451
v 0.05728168543828753 0.1789845320556629 1.2274456359570545 0.819608 0.639216 0.556863
v 0.08649981079214493 0.20173641349847544 1.2648959813446919 0.756863 0.643137 0.517647
v 0.07391783113480753 0.21289358205950693 1.2686802638908255 0.670588 0.701961 0.713726
v 0.04632162525460996 0.21248233646907928 1.2528326046752938 0.776471 0.482353 0.396078
v 0.03858405433958138 0.20884649368824205 1.2584217720878946 0.772549 0.686275 0.572549
v 0.06834287360511757 0.19412962078059793 1.2574317283351735 0.74902 0.776471 0.780392
v 0.04193472135455336 0.2225252924146576 1.245323178408676 0.862745 0.580392 0.521569
v 0.05965576203389775 0.1994789940703533 1.2348966669099205 0.603922 0.352941 0.286275
v -0.00037638412833739036 0.19957697343240617 1.2337748797538604 0.913726 0.619608 0.576471
v 0.03712026319774954 0.1806944290714567 1.2178125677638799 0.823529 0.611765 0.501961
v 0.043274024424748477 0.20135731939452213 1.2615093037835295 0.454902 0.494118 0.501961
v 0.05793624755102213 0.19491600439900548 1.253875781868459 0.611765 0.631373 0.639216
v 0.04563144435001979 0.195866043513463 1.2498559672686347 0.741176 0.572549 0.396078
v 0.01848802998854421 0.18229883340673704 1.22975234551595 0.819608 0.545098 0.482353
v 0.07784921085914333 0.17845627283069444 1.2558833173581035 0.482353 0.4 0.329412
v 0.06983296713186277 0.18883342471168186 1.229941216857259 0.796079 0.576471 0.470588
v 0.015634793059881605 0.21290340010544343 1.2585738655580326 0.737255 0.643137 0.509804
v 0.05104850351702381 0.18885756324649378 1.2436492477287649 0.682353 0.517647 0.352941
v 0.03430195452655729 0.18899538283941187 1.240969564274385 0.678431 0.494118 0.329412
v 0.04091490680256623 0.18503615592607842 1.2467812810360575 0.478431 0.517647 0.521569
v 0.07490163032850673 0.16666613270601364 1.244762980042296 0.894118 0.733333 0.627451
v 0.06003286713173803 0.18743259591242207 1.2487111783714176 0.584314 0.611765 0.615686
v 0.07614332218438193 0.146768364663808 1.2368188030146193 0.807843 0.584314 0.501961
v 0.06986356708969138 0.13359382931231113 1.2412127311071524 0.647059 0.482353 0.419608
v 0.08673929212584344 0.1271210396290402 1.2475980975654955 0.847059 0.678431 0.576471
v 0.021758642714710977 0.1938285998916432 1.2424155384484082 0.682353 0.505882 0.388235
v 0.0728093907188691 0.1471160626269638 1.217087544333031 0.298039 0.180392 0.14902
v 0.06555436279262107 0.16155895803769863 1.2265473854341798 0.780392 0.827451 0.827451
v 0.02592317389713489 0.17362092966736562 1.240484556540835 0.454902 0.447059 0.443137
v 0.019121429148715589 0.17402466157026959 1.22917525690886 0.521569 0.32549 0.235294
v 0.03460515085694469 0.18209877972019984 1.2457001560276895 0.552941 0.584314 0.588235
v 0.06956338247824785 0.17228217676718703 1.2389170989572045 0.568627 0.462745 0.435294
v 0.11312369547633501 0.1167401661975701 1.2076396638274075 0.839216 0.686275 0.596078
v 0.09649535854048105 0.13983509243252827 1.197041699492748 0.709804 0.545098 0.47451
v 0.09704261693854871 0.1614287885970247 1.2247637512326946 0.847059 0.639216 0.541176
v 0.034867752417249219 0.17182288206768757 1.2255612347939589 0.615686 0.337255 0.258824
v 0.07309652196467885 0.13921872499441033 1.2242736061121125 0.682353 0.482353 0.415686
v 0.0779079096809045 0.12772822239662613 1.2193213132892485 0.772549 0.623529 0.564706
v 0.0664365071601186 0.1663261669426279 1.2082613645402929 0.831373 0.701961 0.619608
v 0.09047094594606403 0.16199880307117169 1.216161890403917 0.843137 0.686275 0.6
v 0.09013480023112999 0.15084773345938835 1.243061826124132 0.901961 0.733333 0.627451
v 0.10002484747609415 0.1380008737900118 1.2400336127628875 0.890196 0.752941 0.654902
v 0.06855792104667522 0.1691473326100918 1.2266958751912718 0.780392 0.529412 0.423529
v 0.07929251696684223 0.15390610164372912 1.2411845963064686 0.858824 0.627451 0.529412
v 0.0983443176584744 0.15851234517822652 1.2327036584466418 0.909804 0.74902 0.662745
v 0.11547123226288447 0.11206710049055423 1.2227286771748427 0.870588 0.737255 0.647059
v 0.07678825102558248 0.12230292136801045 1.2552899856458014 0.882353 0.737255 0.635294
v 0.044911836417175127 0.13372450460453873 1.2543498960649753 0.909804 0.737255 0.639216
v 0.041434714030329829 0.14107176886474988 1.2431674023892459 0.882353 0.721569 0.623529
v 0.02343523938089783 0.13562647577291016 1.240540412492705 0.92549 0.733333 0.65098
v 0.0314833829341154 0.1587250364306845 1.2369015296754498 0.482353 0.517647 0.529412
v 0.05212962711577866 0.17265652188727519 1.225648448053162 0.454902 0.505882 0.52549
v 0.1226813229290078 0.12102328479959541 1.2154328425562196 0.235294 0.239216 0.239216
v 0.06922941241703852 0.13157910060078399 1.2462193666644826 0.85098 0.65098 0.580392
v 0.059553431147662077 0.1318800212483076 1.2420475393167763 0.717647 0.435294 0.360784
v 0.07264160193864806 0.11272055091160072 1.256223345642569 0.862745 0.72549 0.635294
v 0.09490449741644376 0.12576654113711709 1.1845251678362888 0.768628 0.607843 0.533333
v 0.09794356554265973 0.09826877592868885 1.1762965062300917 0.576471 0.435294 0.360784
v 0.06975739614383628 0.14543513274044915 1.1749499053576609 0.733333 0.584314 0.501961
v 0.08787236015126501 0.16601089855662366 1.2081552697852858 0.886275 0.698039 0.603922
v 0.0711020618613913 0.17186965638249267 1.2145711709684129 0.862745 0.690196 0.615686
v 0.08395897665685423 0.16011971533694395 1.1983082936363754 0.847059 0.631373 0.521569
v 0.05241402768359823 0.15853395935350299 1.209020906865695 0.752941 0.560784 0.454902
v 0.06103954372826931 0.11795183809780727 1.2379415208438998 0.552941 0.380392 0.290196
v 0.029189946655286356 0.14356700517344679 1.239675630264534 0.788235 0.643137 0.47451
v 0.0817528957388474 0.1586112956384278 1.1884956459205672 0.882353 0.713726 0.635294
v 0.07289228331257577 0.1260079866706571 1.2014826983037517 0.321569 0.215686 0.184314
v 0.05390722290278564 0.14411091164420046 1.1970388346344195 0.603334 0.652466 0.653502
v 0.019575420874861986 0.16248299180015825 1.221772190853282 0.690196 0.533333 0.423529
v 0.024871938673729757 0.14313002068918163 1.237209385312327 0.847059 0.572549 0.482353
v 0.011709941211505386 0.17445792494527119 1.2294988191263379 0.733333 0.564706 0.407843
v 0.08041883658712459 0.113690793274515 1.171089988868098 0.662745 0.52549 0.439216
v 0.10978193578604423 0.11241759916892291 1.1929676264133647 0.678431 0.494118 0.419608
v 0.03982642364604985 0.12100844664465196 1.243579388901244 0.65098 0.462745 0.423529
v -0.006031773871594412 0.17021432515223013 1.2135414044949547 0.890196 0.54902 0.486275
v 0.011835696827271337 0.16670538235796887 1.2145021499393894 0.917647 0.576471 0.505882
v 0.04156017768364878 0.15706150998052974 1.1964039643080958 0.831373 0.670588 0.576471
v 0.06201735838386119 0.15723367180710696 1.1941453049632754 0.847059 0.698039 0.611765
v 0.05740533294212867 0.14877623889654036 1.191150890565619 0.784314 0.615686 0.513726
v -0.008313105961576313 0.16559861961254583 1.2092264918852438 0.866667 0.666667 0.615686
v 0.023720808024361406 0.1517406926342466 1.201247542846444 0.803922 0.596078 0.486275
v 0.04584677987309916 0.13644412278335475 1.1881000052860012 0.427451 0.333333 0.278431
v 0.07922344312360678 0.14718829668651105 1.1822533039092116 0.792157 0.588235 0.482353
v 0.053062415553704157 0.16065941355175027 1.2135086750510605 0.537255 0.541176 0.52549
v 0.10676289428279971 0.13371380200345082 1.1508267816266034 0.239216 0.243137 0.247059
v 0.1269472530832666 0.13404551410489833 1.1808081334272723 0.203922 0.207843 0.2
v 0.11692328127595428 0.12751760529983603 1.1891919635927666 0.164706 0.141176 0.113725
v 0.12526643387428608 0.13284743781803269 1.1861844391326773 0.196078 0.2 0.192157
v 0.1181849476301359 0.11520231525476561 1.1765499714615149 0.098039 0.101961 0.094118
v 0.11275923322827306 0.12494974877744349 1.1649972066517683 0.2 0.2 0.196078
v 0.10913774361937388 0.11935224922840335 1.154733796619299 0.062745 0.062745 0.070588
v 0.0054164796832545688 0.16526671963648466 1.229093804466822 0.537255 0.470588 0.458824
v 0.00659040417840896 0.16235134206645467 1.2193311499451219 0.537255 0.298039 0.203922
v 0.11007163949594529 0.10624593032417551 1.18673932364118 0.329412 0.247059 0.196078
v 0.05881676207683677 0.130490067277757 1.174128312629115 0.866667 0.701961 0.623529
v 0.10205097803060839 0.10704181802183564 1.172175792032935 0.286275 0.227451 0.168627
v -0.0043526473315264589 0.1778998755406543 1.2365247063487162 0.588235 0.607843 0.611765
v -0.0057312925370899829 0.16197683422337245 1.2215504999382286 0.501961 0.494118 0.478431
v 0.0768008677744567 0.1119284097784947 1.168408177411272 0.494118 0.423529 0.368627
v 0.0726549686570503 0.11744293670036722 1.2021899745113114 0.666667 0.470588 0.403922
v 0.11699840765327814 0.10378053580541955 1.1712484788546358 0.066667 0.078431 0.054902
v 0.029189946655286356 0.14356700517344679 1.239675630264534 0.788235 0.643137 0.47451
v 0.024871938673729757 0.14313002068918163 1.237209385312327 0.847059 0.572549 0.482353
v 0.041321659891568159 0.12502913149467918 1.2544420789166123 0.898039 0.682353 0.568627
v 0.05259495035018857 0.11575040054964572 1.2497235043434528 0.737255 0.564706 0.478431
v 0.057056436667851029 0.12408536329505853 1.2549829576044987 0.870588 0.733333 0.647059
v 0.062490350842588898 0.11018026666486663 1.2400590868498412 0.741176 0.556863 0.494118
v 0.025918501297581148 0.12929255015763395 1.2357722574971238 0.752941 0.560784 0.494118
v 0.04921852642926037 0.1419952938620068 1.1812541767237952 0.811765 0.666667 0.572549
v 0.03511485932813398 0.16004083441972723 1.2135833068891513 0.764706 0.509804 0.419608
v 0.051915242621704309 0.14741739585257325 1.1872563894399824 0.858824 0.694118 0.607843
v 0.0191288800162196 0.14651763692880979 1.1939437796106538 0.843137 0.639216 0.533333
v 0.034476348848721829 0.13787377483624448 1.1884599876977069 0.690196 0.596078 0.478431
v 0.006074729694568109 0.14165323246685716 1.1980987414385156 0.835294 0.596078 0.545098
v 0.00659040417840896 0.16235134206645467 1.2193311499451219 0.537255 0.298039 0.203922
v -0.011000043062657927 0.15078823009688428 1.2134217080825936 0.588235 0.470588 0.352941
v 0.0033296663557198546 0.144929364052905 1.2046306954680022 0.505882 0.321569 0.235294
v 0.0033568326016813548 0.15422981530986616 1.2056758311874414 0.921569 0.682353 0.65098
v 0.058970232442522359 0.12379426978108776 1.1873584199485364 0.643137 0.466667 0.407843
v -0.0057312925370899829 0.16197683422337245 1.2215504999382286 0.501961 0.494118 0.478431
v 0.0033296663557198546 0.144929364052905 1.2046306954680022 0.505882 0.321569 0.235294
v 0.005768863051016041 0.1355567062550317 1.2001386572427866 0.831373 0.768628 0.65098
v -0.01688764098265521 0.12608291984507417 1.1920073676042864 0.447059 0.329412 0.286275
v 0.011019208026314679 0.1184118625791181 1.1900121831509772 0.72549 0.721569 0.635294
v -0.003142703739975599 0.13286580469076354 1.2028239451030789 0.372549 0.4 0.415686
v -0.011000043062657927 0.15078823009688428 1.2134217080825936 0.588235 0.470588 0.352941
v -0.017790389568786963 0.12188230932219359 1.19806761137591 0.4 0.329412 0.282353
v -0.018601615748860359 0.13458682544719287 1.2064851441062028 0.376471 0.384314 0.384314
vt 0.58316 0.085781
vt 0.580009 0.093468
vt 0.580187 0.080241
vt 0.576506 0.08176
vt 0.571961 0.090879
vt 0.581708 0.097534
vt 0.570435 0.072716
vt 0.52252 0.079679
vt 0.514595 0.081378
vt 0.514986 0.077252
vt 0.507771 0.074035
vt 0.520407 0.072017
vt 0.514342 0.06655
vt 0.503901 0.056272
vt 0.499816 0.067487
vt 0.495658 0.059255
vt 0.507386 0.060469
vt 0.497367 0.076168
vt 0.513504 0.060678
vt 0.530573 0.076614
vt 0.506303 0.082397
vt 0.489655 0.071516
vt 0.484009 0.069131
vt 0.839776 0.020953
vt 0.849273 0.009201
vt 0.849542 0.026798
vt 0.817876 0.031174
vt 0.805454 0.028193
vt 0.813754 0.022034
vt 0.841145 0.016887
vt 0.824057 0.023044
vt 0.816245 0.017374
vt 0.863627 0.010486
vt 0.871446 0.010341
vt 0.872177 0.026824
vt 0.856048 0.000459
vt 0.869081 0.00254
vt 0.850041 0.003661
vt 0.852375 0.032963
vt 0.808609 0.044222
vt 0.812658 0.042456
vt 0.818197 0.052791
vt 0.82684 0.047257
vt 0.829913 0.05386
vt 0.847265 0.0319
vt 0.866994 0.035361
vt 0.854339 0.041256
vt 0.868568 0.040697
vt 0.871147 0.034835
vt 0.831534 0.035011
vt 0.825746 0.031691
vt 0.807878 0.050838
vt 0.799455 0.048903
vt 0.804275 0.055371
vt 0.797974 0.053516
vt 0.801095 0.058242
vt 0.805262 0.054635
vt 0.811923 0.057795
vt 0.817563 0.05896
vt 0.832508 0.04137
vt 0.814836 0.024345
vt 0.835233 0.047624
vt 0.841148 0.055686
vt 0.839288 0.02854
vt 0.818436 0.030609
vt 0.866032 0.047002
vt 0.849971 0.052433
vt 0.862229 0.045902
vt 0.849738 0.044392
vt 0.846483 0.035859
vt 0.836177 0.039522
vt 0.837077 0.033134
vt 0.844861 0.053456
vt 0.839429 0.046812
vt 0.192443 0.020004
vt 0.186496 0.028198
vt 0.185669 0.019422
vt 0.207967 0.013006
vt 0.198611 0.016096
vt 0.19961 0.003009
vt 0.20958 0.00025
vt 0.192247 0.009536
vt 0.2204 0.014303
vt 0.213847 0.01207
vt 0.216779 0.007852
vt 0.213758 0.002229
vt 0.794848 0.051306
vt 0.787224 0.060425
vt 0.784302 0.050345
vt 0.797588 0.042262
vt 0.938631 0.058045
vt 0.945953 0.053279
vt 0.942196 0.064331
vt 0.937622 0.063756
vt 0.949016 0.039129
vt 0.957786 0.044169
vt 0.949517 0.054321
vt 0.95354 0.032756
vt 0.91224 0.012613
vt 0.917001 0.007819
vt 0.923124 0.012081
vt 0.947265 0.02786
vt 0.935341 0.037893
vt 0.938771 0.046434
vt 0.944772 0.051581
vt 0.937636 0.025843
vt 0.9348 0.0114
vt 0.921755 0.019716
vt 0.92634 0.009068
vt 0.940158 0.019057
vt 0.922494 0.028568
vt 0.914657 0.024122
vt 0.907331 0.019823
vt 0.923253 0.032024
vt 0.929294 0.000162
vt 0.919613 0.000308
vt 0.9137 0.03274
vt 0.898071 0.013848
vt 0.901404 0.010427
vt 0.899745 0.019808
vt 0.899225 0.027692
vt 0.899487 0.025517
vt 0.93327 0.000982
vt 0.940721 0.007033
vt 0.955177 0.052127
vt 0.955471 0.059699
vt 0.95335 0.065308
vt 0.085529 0.021867
vt 0.090731 0.017828
vt 0.089297 0.028585
vt 0.076916 0.013895
vt 0.100987 0.000391
vt 0.103522 0.015538
vt 0.093534 0.007265
vt 0.098656 0.029377
vt 0.094963 0.018316
vt 0.148435 0.056059
vt 0.138984 0.050065
vt 0.143316 0.047649
vt 0.136587 0.045262
vt 0.142633 0.076593
vt 0.141869 0.062129
vt 0.147335 0.084794
vt 0.093027 0.065671
vt 0.114662 0.065266
vt 0.095407 0.078559
vt 0.146178 0.058668
vt 0.131788 0.067099
vt 0.120327 0.080124
vt 0.094452 0.050405
vt 0.11419 0.043843
vt 0.119627 0.081638
vt 0.122153 0.052811
vt 0.116398 0.016261
vt 0.124011 0.027506
vt 0.130748 0.038366
vt 0.135786 0.037441
vt 0.115489 0.043196
vt 0.124743 0.035082
vt 0.131986 0.02246
vt 0.097946 0.041637
vt 0.093653 0.04684
vt 0.091203 0.037199
vt 0.121063 0.016831
vt 0.097985 0.022017
vt 0.100843 0.034186
vt 0.087972 0.049826
vt 0.091307 0.054264
vt 0.133473 0.090352
vt 0.135149 0.08127
vt 0.147019 0.097401
vt 0.133321 0.091261
vt 0.128557 0.08629
vt 0.127691 0.095664
vt 0.138526 0.104285
vt 0.139569 0.108858
vt 0.123116 0.090295
vt 0.125703 0.095792
vt 0.119983 0.097544
vt 0.125213 0.103742
vt 0.120189 0.123818
vt 0.123557 0.107313
vt 0.132575 0.115484
vt 0.114304 0.110918
vt 0.128395 0.100905
vt 0.113259 0.113664
vt 0.084221 0.092528
vt 0.093368 0.11638
vt 0.110264 0.121878
vt 0.111022 0.006387
vt 0.047847 0.122401
vt 0.0359 0.122817
vt 0.03735 0.119707
vt 0.026 0.130472
vt 0.044086 0.136878
vt 0.028007 0.13794
vt 0.021349 0.118497
vt 0.025238 0.110813
vt 0.027446 0.118443
vt 0.0353 0.109638
vt 0.029818 0.103234
vt 0.022471 0.106608
vt 0.040597 0.118004
vt 0.026446 0.12285
vt 0.019086 0.122411
vt 0.018529 0.128669
vt 0.009545 0.13204
vt 0.011252 0.139959
vt 0.012505 0.124834
vt 0.020375 0.152798
vt 0.007444 0.128659
vt 0.000122 0.130729
vt 0.039309 0.125878
vt 0.039019 0.10874
vt 0.047805 0.10688
vt 0.03524 0.155722
vt 0.049719 0.148596
vt 0.062603 0.156819
vt 0.051326 0.155389
vt 0.054471 0.132526
vt 0.022815 0.157104
vt 0.099996 0.116718
vt 0.101785 0.133633
vt 0.094067 0.130268
vt 0.1022 0.138737
vt 0.112164 0.136576
vt 0.069111 0.139883
vt 0.090793 0.143923
vt 0.076518 0.147268
vt 0.068919 0.09866
vt 0.070034 0.108542
vt 0.063732 0.102475
vt 0.060252 0.151875
vt 0.08694 0.119279
vt 0.065244 0.130907
vt 0.074172 0.118596
vt 0.059779 0.121686
vt 0.056861 0.106587
vt 0.071175 0.120391
vt 0.078163 0.098484
vt 0.383258 0.000161
vt 0.384634 0.006879
vt 0.380231 0.011574
vt 0.335619 0.012139
vt 0.349366 0.015191
vt 0.343229 0.018964
vt 0.35032 0.009149
vt 0.360084 0.016392
vt 0.365713 0.022669
vt 0.357207 0.022598
vt 0.357333 0.033342
vt 0.355769 0.030448
vt 0.359903 0.031704
vt 0.36726 0.025863
vt 0.365382 0.032139
vt 0.344012 0.058169
vt 0.353653 0.060871
vt 0.345961 0.0615
vt 0.355234 0.064425
vt 0.382666 0.056853
vt 0.371361 0.045101
vt 0.381586 0.043965
vt 0.358013 0.068433
vt 0.35504 0.073251
vt 0.349435 0.068197
vt 0.37115 0.039471
vt 0.377422 0.041352
vt 0.345206 0.075106
vt 0.358945 0.07858
vt 0.362886 0.040841
vt 0.367951 0.036646
vt 0.356598 0.041457
vt 0.370187 0.032713
vt 0.351906 0.055043
vt 0.342793 0.053641
vt 0.34624 0.069932
vt 0.336526 0.066568
vt 0.351287 0.04607
vt 0.356286 0.051192
vt 0.361061 0.024818
vt 0.341497 0.04377
vt 0.351282 0.041588
vt 0.341185 0.049633
vt 0.350824 0.022417
vt 0.358952 0.050213
vt 0.343898 0.026065
vt 0.345092 0.033096
vt 0.337682 0.0261
vt 0.340534 0.038402
vt 0.351675 0.038771
vt 0.338651 0.033686
vt 0.372313 0.06093
vt 0.370995 0.056579
vt 0.378454 0.028121
vt 0.383622 0.028699
vt 0.381545 0.025134
vt 0.386137 0.019931
vt 0.3753 0.027105
vt 0.376564 0.019532
vt 0.382737 0.015494
vt 0.379265 0.032558
vt 0.368677 0.048478
vt 0.364232 0.045757
vt 0.366186 0.076826
vt 0.363308 0.069736
vt 0.369367 0.071763
vt 0.367959 0.052853
vt 0.359917 0.057719
vt 0.371812 0.073551
vt 0.371561 0.066586
vt 0.381187 0.070822
vt 0.368694 0.06571
vt 0.363879 0.062329
vt 0.379902 0.066037
vt 0.377897 0.076778
vt 0.281654 0.047061
vt 0.277096 0.043558
vt 0.284981 0.040686
vt 0.258976 0.049983
vt 0.256958 0.0368
vt 0.260217 0.042192
vt 0.334088 0.019849
vt 0.32612 0.019023
vt 0.315852 0.030725
vt 0.316904 0.016063
vt 0.328958 0.030074
vt 0.305966 0.030287
vt 0.305467 0.02208
vt 0.279717 0.034102
vt 0.321891 0.009296
vt 0.305677 0.013788
vt 0.264259 0.037064
vt 0.267941 0.042284
vt 0.264432 0.04522
vt 0.25894 0.054212
vt 0.267987 0.053177
vt 0.29343 0.020616
vt 0.262883 0.058311
vt 0.277927 0.051068
vt 0.276019 0.061703
vt 0.276979 0.025883
vt 0.337901 0.054941
vt 0.333129 0.060929
vt 0.334663 0.04578
vt 0.331733 0.053203
vt 0.288923 0.046404
vt 0.290233 0.033112
vt 0.280514 0.025814
vt 0.260233 0.066473
vt 0.273979 0.065223
vt 0.282002 0.078938
vt 0.271562 0.075579
vt 0.286066 0.072225
vt 0.329302 0.037049
vt 0.291569 0.049785
vt 0.33898 0.06971
vt 0.338579 0.076487
vt 0.330791 0.074935
vt 0.327864 0.070617
vt 0.324943 0.0743
vt 0.333493 0.082178
vt 0.285492 0.062133
vt 0.294941 0.070137
vt 0.298567 0.083758
vt 0.321919 0.050066
vt 0.32247 0.060525
vt 0.320131 0.070378
vt 0.314026 0.062756
vt 0.305619 0.038778
vt 0.311342 0.040378
vt 0.30437 0.050075
vt 0.301416 0.045642
vt 0.306039 0.05569
vt 0.291871 0.056741
vt 0.319229 0.036211
vt 0.292381 0.041239
vt 0.309303 0.07443
vt 0.304071 0.068942
vt 0.292814 0.062879
vt 0.281569 0.055771
vt 0.276844 0.007702
vt 0.285559 0.003126
vt 0.27986 0.013232
vt 0.296298 0.006206
vt 0.289058 0.015222
vt 0.265897 0.026571
vt 0.265961 0.017055
vt 0.259784 0.024175
vt 0.297509 0.088257
vt 0.277986 0.082629
vt 0.946411 0.018438
vt 0.955463 0.019929
vt 0.95367 0.026245
vt 0.960925 0.018909
vt 0.957902 0.015355
vt 0.021398 0.066584
vt 0.024289 0.07536
vt 0.019058 0.070403
vt 0.009982 0.061292
vt 0.013075 0.056698
vt 0.00061 0.057305
vt 0.01936 0.091389
vt 0.007806 0.096069
vt 0.01865 0.084006
vt 0.736466 0.08458
vt 0.73768 0.075499
vt 0.740299 0.07968
vt 0.733929 0.08074
vt 0.723267 0.081258
vt 0.735285 0.073619
vt 0.733712 0.091988
vt 0.726036 0.085728
vt 0.744474 0.070569
vt 0.729918 0.096906
vt 0.737013 0.105347
vt 0.743245 0.093283
vt 0.630493 0.035034
vt 0.63804 0.02623
vt 0.635659 0.031957
vt 0.601258 0.000257
vt 0.602227 0.001559
vt 0.595337 0.002808
vt 0.250496 0.010605
vt 0.245728 0.008224
vt 0.247324 0.004898
vt 0.252788 0.005854
vt 0.264311 0.01355
vt 0.000122 0.020386
vt 0.003701 0.012729
vt 0.003449 0.020166
vt 0.044224 0.074705
vt 0.036762 0.089233
vt 0.035644 0.068735
vt 0.032498 0.079307
vt 0.047173 0.081127
vt 0.045814 0.086838
vt 0.026001 0.065242
vt 0.027034 0.077045
vt 0.158517 0.074097
vt 0.153783 0.066461
vt 0.156575 0.063449
vt 0.149048 0.054543
vt 0.188911 0.012987
vt 0.182636 0.013061
vt 0.180298 0.007895
vt 0.789411 0.000412
vt 0.790171 0.004281
vt 0.780617 0.002575
vt 0.797467 0.024067
vt 0.802259 0.013938
vt 0.800241 0.024952
vt 0.793754 0.010132
vt 0.747901 0.050028
vt 0.748641 0.038982
vt 0.751467 0.044378
vt 0.750394 0.030309
vt 0.75382 0.030368
vt 0.74485 0.053614
vt 0.744092 0.060289
vt 0.756609 0.04324
vt 0.756952 0.034049
vt 0.759128 0.041881
vt 0.75003 0.055111
vt 0.757386 0.055418
vt 0.764953 0.05235
vt 0.764615 0.037999
vt 0.77111 0.034116
vt 0.770676 0.045797
vt 0.767234 0.032167
vt 0.759191 0.028129
vt 0.761781 0.024416
vt 0.778819 0.007797
vt 0.766142 0.002852
vt 0.781939 0.013316
vt 0.789941 0.017532
vt 0.794937 0.034981
vt 0.804702 0.031263
vt 0.781962 0.017151
vt 0.793009 0.018451
vt 0.795601 0.026998
vt 0.791971 0.029237
vt 0.777022 0.012914
vt 0.77378 0.016864
vt 0.776524 0.027489
vt 0.781666 0.027669
vt 0.770766 0.022416
vt 0.786809 0.032407
vt 0.78905 0.038343
vt 0.780354 0.03464
vt 0.775537 0.035318
vt 0.778699 0.04477
vt 0.768911 0.011826
vt 0.760606 0.009646
vt 0.760318 0.016102
vt 0.758309 0.02163
vt 0.753179 0.023654
vt 0.747053 0.0626
vt 0.739254 0.065882
vt 0.739007 0.060336
vt 0.735474 0.068725
vt 0.631313 0.010065
vt 0.62859 0.015303
vt 0.622742 0.009363
vt 0.636642 0.017944
vt 0.620239 0.015575
vt 0.210083 0.022472
vt 0.221607 0.014854
vt 0.217342 0.02478
vt 0.028931 0.034191
vt 0.034148 0.042762
vt 0.032505 0.044311
vt 0.47048 0.001103
vt 0.470287 0.009059
vt 0.465006 0.000444
vt 0.463505 0.008522
vt 0.456922 0.002156
vt 0.464127 0.005501
vt 0.468408 0.016897
vt 0.473455 0.015068
vt 0.472499 0.027346
vt 0.474054 0.011223
vt 0.480853 0.025924
vt 0.477259 0.0215
vt 0.460943 0.013725
vt 0.466435 0.024534
vt 0.458361 0.016665
vt 0.452316 0.004908
vt 0.461619 0.02188
vt 0.460062 0.027321
vt 0.452437 0.016773
vt 0.446523 0.007224
vt 0.446883 0.014884
vt 0.442775 0.022697
vt 0.438272 0.016692
vt 0.439424 0.011578
vt 0.43128 0.014403
vt 0.433828 0.023301
vt 0.430057 0.023223
vt 0.42261 0.019038
vt 0.424258 0.026342
vt 0.451971 0.022747
vt 0.476098 0.072485
vt 0.470093 0.065245
vt 0.483856 0.068113
vt 0.482132 0.055866
vt 0.433863 0.071122
vt 0.425381 0.073877
vt 0.423481 0.061439
vt 0.459389 0.079675
vt 0.458443 0.067631
vt 0.464695 0.075983
vt 0.468518 0.084699
vt 0.461069 0.088493
vt 0.453936 0.086298
vt 0.469215 0.095581
vt 0.443542 0.078021
vt 0.447152 0.067031
vt 0.450529 0.061562
vt 0.401969 0.057627
vt 0.406446 0.069867
vt 0.400418 0.066156
vt 0.416034 0.064016
vt 0.424084 0.082481
vt 0.435219 0.081491
vt 0.439551 0.060432
vt 0.456309 0.097046
vt 0.441893 0.085866
vt 0.40705 0.064481
vt 0.410688 0.065644
vt 0.413068 0.074941
vt 0.40161 0.040276
vt 0.408809 0.035521
vt 0.411668 0.043451
vt 0.397697 0.047076
vt 0.394659 0.039898
vt 0.390799 0.061593
vt 0.389661 0.053483
vt 0.396116 0.060199
vt 0.397161 0.051973
vt 0.406272 0.052619
vt 0.406181 0.05911
vt 0.411412 0.0551
vt 0.417685 0.053102
vt 0.486055 0.044639
vt 0.479055 0.039652
vt 0.395412 0.06698
vt 0.386638 0.055955
vt 0.471489 0.051893
vt 0.475785 0.030919
vt 0.47095 0.033586
vt 0.466626 0.032472
vt 0.420443 0.054143
vt 0.460137 0.037988
vt 0.45994 0.032896
vt 0.453906 0.029544
vt 0.450599 0.032063
vt 0.45349 0.041923
vt 0.445768 0.030347
vt 0.439136 0.030043
vt 0.44499 0.039798
vt 0.4379 0.033161
vt 0.442577 0.043576
vt 0.435308 0.027868
vt 0.463387 0.046631
vt 0.457403 0.0549
vt 0.450299 0.04778
vt 0.434766 0.038663
vt 0.441223 0.050209
vt 0.430517 0.055702
vt 0.436289 0.049312
vt 0.430378 0.035006
vt 0.432468 0.043511
vt 0.392785 0.050573
vt 0.395899 0.033628
vt 0.405524 0.029243
vt 0.416043 0.047763
vt 0.389724 0.050228
vt 0.42666 0.036929
vt 0.421696 0.037735
vt 0.415458 0.023176
vt 0.415893 0.032656
vt 0.420073 0.040768
vt 0.413605 0.026802
vt 0.392413 0.042056
vt 0.389767 0.03683
vt 0.427274 0.04916
vt 0.383383 0.040331
vt 0.387404 0.044308
vt 0.382935 0.045172
vt 0.646806 0.021301
vt 0.648856 0.013421
vt 0.652085 0.015016
vt 0.65433 0.008835
vt 0.663769 0.01086
vt 0.662414 0.005183
vt 0.701319 0.004784
vt 0.693753 0.004932
vt 0.696726 0.00081
vt 0.688056 0.000593
vt 0.64073 0.026409
vt 0.646518 0.026708
vt 0.64047 0.020132
vt 0.654004 0.017852
vt 0.669655 0.008492
vt 0.66702 0.004293
vt 0.672813 0.003125
vt 0.680007 0.006403
vt 0.679912 0.000568
vt 0.638439 0.036454
vt 0.638306 0.029603
vt 0.723232 0.011109
vt 0.729569 0.00989
vt 0.729501 0.015747
vt 0.703878 0.000559
vt 0.711653 0.006394
vt 0.719452 0.007474
vt 0.713812 0.002058
vt 0.723437 0.00561
vt 0.735953 0.01738
vt 0.739663 0.040031
vt 0.741936 0.048239
vt 0.738664 0.048043
vt 0.74314 0.039894
vt 0.736068 0.053905
vt 0.739405 0.05896
vt 0.741987 0.031024
vt 0.734998 0.023549
vt 0.754249 0.000404
vt 0.762205 0.006117
vt 0.752084 0.005586
vt 0.74824 0.001369
vt 0.741807 0.006714
vt 0.735962 0.001903
vt 0.816457 0.016479
vt 0.812622 0.015864
vt 0.816859 0.010516
vt 0.821976 0.014211
vt 0.390016 0.078979
vt 0.386741 0.070629
vt 0.388782 0.068261
vt 0.382446 0.062577
vt 0.936722 0.054969
vt 0.930763 0.062378
vt 0.929969 0.05113
vt 0.932938 0.045888
vt 0.924438 0.044008
vt 0.866651 0.064504
vt 0.864839 0.051218
vt 0.87208 0.052604
vt 0.879118 0.053421
vt 0.872619 0.065301
vt 0.872824 0.014904
vt 0.881324 0.012508
vt 0.878568 0.021698
vt 0.88794 0.016163
vt 0.880837 0.00049
vt 0.888963 0.004685
vt 0.872723 0.047497
vt 0.875297 0.04332
vt 0.881375 0.042695
vt 0.88399 0.03627
vt 0.887857 0.024489
vt 0.875551 0.03335
vt 0.875476 0.025986
vt 0.895044 0.006742
vt 0.897747 0.018367
vt 0.892986 0.033581
vt 0.856899 0.064822
vt 0.861715 0.07083
vt 0.851196 0.078408
vt 0.863243 0.080413
vt 0.856974 0.083862
vt 0.86937 0.070948
vt 0.413563 0.001821
vt 0.401683 0.005669
vt 0.398931 0.000422
vt 0.390259 0.000528
vt 0.390957 0.005737
vt 0.92158 0.079642
vt 0.913696 0.077647
vt 0.915664 0.07234
vt 0.921294 0.089722
vt 0.918084 0.08327
vt 0.311157 0.008485
vt 0.3128 0.008314
vt 0.317203 0.014526
vt 0.410683 0.019591
vt 0.403442 0.024292
vt 0.409359 0.01699
vt 0.044798 0.004336
vt 0.046244 0.009643
vt 0.041138 0.006937
vt 0.997071 0.08722
vt 0.986667 0.10144
vt 0.987191 0.085884
vt 0.983032 0.07654
vt 0.993054 0.077364
vt 0.986354 0.073154
vt 0.999643 0.077865
vt 0.994716 0.099653
vt 0.425479 0.009832
vt 0.422113 0.015991
vt 0.421021 0.007797
vt 0.736421 0.046296
vt 0.724431 0.046328
vt 0.733876 0.042032
vt 0.736406 0.051147
vt 0.731667 0.049568
vt 0.724243 0.039947
vt 0.675607 0.032773
vt 0.666515 0.040893
vt 0.666687 0.03636
vt 0.665161 0.030749
vt 0.016525 0.009349
vt 0.018143 0.014774
vt 0.014282 0.016479
vt 0.732554 0.025628
vt 0.731857 0.032599
vt 0.729232 0.027204
vt 0.7251 0.030289
vt 0.715942 0.024345
vt 0.722532 0.022047
vt 0.725584 0.038863
vt 0.720735 0.039429
vt 0.870239 0.005249
vt 0.875962 0.000198
vt 0.880129 0.004732
vt 0.248169 0.000333
vt 0.254883 0.000335
vt 0.249097 0.004272
vt 0.255522 0.003796
vt 0.882988 0.046847
vt 0.878309 0.065711
vt 0.873205 0.070205
vt 0.877865 0.07984
vt 0.872584 0.078557
vt 0.877933 0.075376
vt 0.879743 0.086977
vt 0.871216 0.087587
vt 0.884672 0.089427
vt 0.886915 0.096558
vt 0.881192 0.090264
vt 0.092878 0.007175
vt 0.092289 0.010919
vt 0.080688 0.010341
vt 0.085152 0.014526
vt 0.487138 0.087088
vt 0.484076 0.096558
vt 0.479126 0.084368
vt 0.488491 0.080272
vt 0.481336 0.071611
vt 0.179085 0.033934
vt 0.169539 0.036452
vt 0.177423 0.029354
vt 0.182466 0.03894
vt 0.182343 0.029027
vt 0.162231 0.028282
vt 0.173243 0.02794
vt 0.169687 0.019365
vt 0.185133 0.025823
vt 0.837496 0.005507
vt 0.846526 0.005683
vt 0.840709 0.009882
vt 0.832732 0.008353
vt 0.82719 0.010869
vt 0.829144 0.00544
vt 0.822283 0.010076
vt 0.832196 0.011597
vt 0.805786 0.000408
vt 0.819079 0.006659
vt 0.68441 0.035926
vt 0.686413 0.047241
vt 0.6789 0.041129
vt 0.675415 0.045981
vt 0.67624 0.036866
vt 0.640243 0.048265
vt 0.638306 0.03695
vt 0.645058 0.051474
vt 0.651233 0.034389
vt 0.652159 0.034296
vt 0.661337 0.040273
vt 0.649134 0.059418
vt 0.675544 0.048134
vt 0.668116 0.047265
vt 0.667418 0.042229
vt 0.679469 0.052605
vt 0.673385 0.061714
vt 0.677612 0.063783
vt 0.655734 0.054732
vt 0.651147 0.069302
vt 0.66265 0.066877
vt 0.650329 0.073681
vt 0.660404 0.075471
vt 0.672562 0.068949
vt 0.66937 0.076325
vt 0.666448 0.083862
vt 0.999774 0.03136
vt 0.993059 0.042358
vt 0.992798 0.030607
vt 0.600854 0.005081
vt 0.591189 0.005737
vt 0.588097 0.002403
vt 0.574829 0.000491
vt 0.902962 0.085661
vt 0.899219 0.091791
vt 0.899048 0.084504
vt 0.902881 0.078563
vt 0.910628 0.083203
vt 0.910644 0.074912
vt 0.903158 0.091971
vt 0.906306 0.071722
vt 0.912863 0.091129
vt 0.912532 0.099594
vt 0.916873 0.099181
vt 0.902118 0.102417
vt 0.61438 0.003947
vt 0.621666 0.002846
vt 0.616241 0.007202
vt 0.408325 0.01579
vt 0.417503 0.014117
vt 0.421557 0.018921
vt 0.418429 0.010408
vt 0.806771 0.001993
vt 0.803559 0.007202
vt 0.803345 0.003741
vt 0.151489 0.037689
vt 0.162019 0.032277
vt 0.164721 0.045288
vt 0.126587 0.004272
vt 0.129727 0.000529
vt 0.131516 0.003783
vt 0.260651 0.013357
vt 0.260099 0.019174
vt 0.250122 0.02185
vt 0.003831 0.05936
vt 0.001251 0.076538
vt 0.000122 0.059453
vt 0.748321 0.029175
vt 0.741821 0.020182
vt 0.747822 0.022466
vt 0.752567 0.023474
vt 0.344044 0.00769
vt 0.34966 0.00078
vt 0.35798 0.000354
vt 0.341114 0.00416
vt 0.33313 0.003905
vt 0.401047 0.019559
vt 0.392054 0.028686
vt 0.388306 0.019831
vt 0.40563 0.011018
vt 0.071345 0.04651
vt 0.066338 0.04163
vt 0.078089 0.038059
vt 0.076116 0.049213
vt 0.065552 0.049683
vt 0.197019 0.020593
vt 0.198927 0.024404
vt 0.193481 0.024566
vt 0.193687 0.029175
vt 0.008036 0.0233
vt 0.011434 0.032001
vt 0.004062 0.026195
vt 0.00657 0.031017
vt 0.000122 0.031765
vt 0.00208 0.027589
vt 0.007094 0.039625
vt 0.014556 0.041382
vt 0.016393 0.037003
vt 0.003118 0.039753
vt 0.012644 0.027119
vt 0.791626 0.000354
vt 0.805378 0.000587
vt 0.797546 0.003296
vt 0.443469 0.000564
vt 0.451529 0.003157
vt 0.442505 0.004761
vt 0.963165 0.004845
vt 0.98337 0.009725
vt 0.970799 0.00971
vt 0.989946 0.011143
vt 0.98313 0.012573
vt 0.957153 0.000448
vt 0.980887 0.003505
vt 0.993475 0.008984
vt 0.986633 0.006477
vt 0.999416 0.012276
vt 0.046769 0.046273
vt 0.053609 0.054505
vt 0.045798 0.055238
vt 0.043091 0.063481
vt 0.054484 0.061198
vt 0.051152 0.065796
vt 0.058532 0.039225
vt 0.065321 0.057786
vt 0.052851 0.046109
vt 0.063233 0.046639
vt 0.076747 0.027117
vt 0.08578 0.023631
vt 0.084625 0.029592
vt 0.084119 0.035301
vt 0.077228 0.037475
vt 0.070435 0.033619
vt 0.950686 0.017456
vt 0.941528 0.013641
vt 0.945986 0.011288
vt 0.206458 0.043335
vt 0.198364 0.038677
vt 0.199923 0.032931
vt 0.045258 0.022289
vt 0.054282 0.021119
vt 0.05044 0.030151
vt 0.044556 0.028407
vt 0.802856 0.014526
vt 0.803119 0.007635
vt 0.818288 0.006994
vt 0.821899 0.000379
vt 0.836594 0.000447
vt 0.836354 0.003296
vt 0.478987 0.013354
vt 0.483141 0.01031
vt 0.488669 0.015991
vt 0.491455 0.013236
vt 0.476685 0.007747
vt 0.00436 0.01512
vt 0.013289 0.022339
vt 0.004028 0.021185
vt 0.01383 0.016026
vt 0.107668 0.005737
vt 0.102173 0.003293
vt 0.111434 0.000129
vt 0.429489 0.006701
vt 0.435373 0.008374
vt 0.425903 0.012573
vt 0.879517 0.072589
vt 0.885895 0.06588
vt 0.887364 0.075561
vt 0.8804 0.062423
vt 0.11628 0.004467
vt 0.119786 0.000939
vt 0.119147 0.002915
vt 0.111938 0.000456
vt 0.126694 0.006225
vt 0.896118 0.006536
vt 0.900058 0.003056
vt 0.899979 0.008667
vt 0.370312 0.011749
vt 0.372399 0.019409
vt 0.363403 0.017036
vt 0.375442 0.01547
vt 0.963782 0.025206
vt 0.960027 0.033569
vt 0.955688 0.030312
vt 0.897583 0.071655
vt 0.899018 0.056961
vt 0.90133 0.059084
vt 0.310181 0.098999
vt 0.314518 0.075265
vt 0.312623 0.086033
vt 0.58207 0.008667
vt 0.570923 0.008473
vt 0.582902 0.003872
vt 0.33606 0.000124
vt 0.339871 0.001901
vt 0.341853 0.003296
vt 0.170044 0.003784
vt 0.171926 0.000139
vt 0.174783 0.002205
vt 0.678618 0.014038
vt 0.674438 0.012274
vt 0.686328 0.008136
vt 0.972571 0.010434
vt 0.977304 0.017944
vt 0.964966 0.011783
vt 0.686157 0.06959
vt 0.693047 0.064677
vt 0.693111 0.077026
vt 0.067017 0.039917
vt 0.068518 0.027567
vt 0.069819 0.028114
vt 0.759191 0.020386
vt 0.75061 0.014836
vt 0.759337 0.014739
vt 0.487209 0.058213
vt 0.484009 0.055387
vt 0.489494 0.051455
vt 0.485319 0.063843
vt 0.572889 0.022698
vt 0.571899 0.01722
vt 0.576599 0.025268
vt 0.165148 0.080868
vt 0.162599 0.08677
vt 0.158293 0.080432
vt 0.162793 0.066694
vt 0.167312 0.069528
vt 0.168293 0.053827
vt 0.163619 0.059452
vt 0.159407 0.056272
vt 0.170932 0.061187
vt 0.176855 0.055554
vt 0.167612 0.047742
vt 0.159259 0.16029
vt 0.156265 0.165405
vt 0.156753 0.154077
vt 0.166787 0.162158
vt 0.162559 0.155826
vt 0.161935 0.147653
vt 0.156952 0.087059
vt 0.15892 0.123057
vt 0.164285 0.127072
vt 0.15374 0.130305
vt 0.154673 0.139572
vt 0.1427 0.105507
vt 0.147041 0.100696
vt 0.146531 0.116336
vt 0.158331 0.103694
vt 0.154295 0.092145
vt 0.162481 0.092294
vt 0.162813 0.113072
vt 0.147033 0.130697
vt 0.249225 0.108002
vt 0.236996 0.122801
vt 0.242794 0.109223
vt 0.24732 0.099537
vt 0.25167 0.097393
vt 0.244626 0.103204
vt 0.238118 0.105477
vt 0.239263 0.098773
vt 0.172781 0.094928
vt 0.210675 0.147779
vt 0.22671 0.141757
vt 0.214509 0.151489
vt 0.231427 0.125706
vt 0.231077 0.133932
vt 0.217722 0.134739
vt 0.230588 0.119827
vt 0.157505 0.143636
vt 0.167087 0.12813
vt 0.168273 0.135929
vt 0.201507 0.153641
vt 0.200167 0.143455
vt 0.224292 0.122101
vt 0.169717 0.146782
vt 0.186196 0.140621
vt 0.200988 0.122858
vt 0.205306 0.135124
vt 0.183762 0.13211
vt 0.166221 0.156324
vt 0.180927 0.147292
vt 0.173727 0.153502
vt 0.175173 0.157526
vt 0.190084 0.150023
vt 0.18802 0.160595
vt 0.178754 0.100009
vt 0.176353 0.11007
vt 0.192892 0.159476
vt 0.18988 0.100889
vt 0.197354 0.105112
vt 0.188906 0.11777
vt 0.177482 0.122711
vt 0.203219 0.095779
vt 0.210274 0.098595
vt 0.20509 0.107485
vt 0.212415 0.102588
vt 0.222815 0.103585
vt 0.218671 0.102954
vt 0.221102 0.097495
vt 0.220493 0.11598
vt 0.214153 0.110903
vt 0.224743 0.109554
vt 0.210218 0.118084
vt 0.231923 0.100337
vt 0.229173 0.098152
vt 0.23423 0.106107
vt 0.230747 0.112025
vt 0.2333 0.1128
vt 0.236305 0.11824
vt 0.196639 0.056157
vt 0.206755 0.044607
vt 0.201096 0.058165
vt 0.192682 0.050774
vt 0.197969 0.045213
vt 0.256419 0.034018
vt 0.253156 0.040815
vt 0.251118 0.033282
vt 0.19919 0.067182
vt 0.207538 0.070067
vt 0.198822 0.073982
vt 0.248404 0.092054
vt 0.220828 0.027596
vt 0.228534 0.013671
vt 0.232606 0.016776
vt 0.228082 0.028726
vt 0.223304 0.035867
vt 0.215957 0.039793
vt 0.221109 0.044788
vt 0.233971 0.006709
vt 0.242927 0.024235
vt 0.236063 0.027943
vt 0.249532 0.023365
vt 0.24469 0.024225
vt 0.210475 0.037336
vt 0.210942 0.040366
vt 0.211023 0.047824
vt 0.236289 0.037477
vt 0.231236 0.037231
vt 0.243034 0.030319
vt 0.206163 0.056238
vt 0.200743 0.066972
vt 0.243153 0.043645
vt 0.242648 0.000439
vt 0.244639 0.013511
vt 0.206138 0.062244
vt 0.210289 0.056791
vt 0.24954 0.040468
vt 0.223519 0.045945
vt 0.216985 0.062789
vt 0.224338 0.053699
vt 0.212141 0.06636
vt 0.209263 0.070397
vt 0.223339 0.066808
vt 0.220237 0.058865
vt 0.227472 0.050151
vt 0.23158 0.049774
vt 0.228936 0.066561
vt 0.22827 0.06001
vt 0.241097 0.045927
vt 0.240525 0.054154
vt 0.236572 0.047935
vt 0.246085 0.049963
vt 0.244339 0.053715
vt 0.226083 0.058495
vt 0.239535 0.063617
vt 0.23658 0.057418
vt 0.241355 0.071558
vt 0.235655 0.066971
vt 0.244307 0.06005
vt 0.250904 0.063492
vt 0.246443 0.072835
vt 0.202173 0.089299
vt 0.199733 0.083196
vt 0.206533 0.08418
vt 0.202422 0.07426
vt 0.208817 0.076719
vt 0.251751 0.095142
vt 0.247967 0.08142
vt 0.251519 0.078345
vt 0.209852 0.087657
vt 0.242641 0.089271
vt 0.218238 0.074823
vt 0.215334 0.079795
vt 0.211403 0.078054
vt 0.216851 0.085076
vt 0.213992 0.091824
vt 0.219088 0.090536
vt 0.219113 0.079936
vt 0.22424 0.080798
vt 0.223072 0.087018
vt 0.232394 0.083027
vt 0.227821 0.083609
vt 0.225236 0.091887
vt 0.230944 0.091195
vt 0.240066 0.087154
vt 0.23579 0.088916
vt 0.235981 0.076169
vt 0.237586 0.093444
vt 0.243056 0.093691
vt 0.24703 0.054918
vt 0.251437 0.053545
vt 0.251674 0.025353
vt 0.250234 0.068749
vt 0.170023 0.087043
vt 0.180144 0.081077
vt 0.176569 0.088486
vt 0.176687 0.071484
vt 0.181924 0.072083
vt 0.184975 0.067303
vt 0.172387 0.077038
vt 0.191617 0.073895
vt 0.185402 0.077526
vt 0.19128 0.069543
vt 0.195067 0.095549
vt 0.193541 0.090576
vt 0.191595 0.063233
vt 0.192413 0.080882
vt 0.187148 0.088138
vt 0.188913 0.047093
vt 0.178334 0.061675
vt 0.172459 0.063979
vt 0.183039 0.09632
vt 0.182042 0.052065
vt 0.185866 0.060863
vt 0.186146 0.055118
vt 0.176648 0.094107
vt 0.163353 0.08982
vt 0.167946 0.092164
vt 0.188209 0.063369
vt 0.470825 0.002822
vt 0.47158 0.000156
vt 0.472458 0.007202
vt 0.612885 0.017424
vt 0.612068 0.006469
vt 0.619095 0.01632
vt 0.619352 0.025306
vt 0.632909 0.021562
vt 0.615357 0.037507
vt 0.602538 0.015656
vt 0.604433 0.023058
vt 0.610829 0.033801
vt 0.611665 0.022626
vt 0.598058 0.036033
vt 0.620326 0.0412
vt 0.593955 0.025333
vt 0.597342 0.026064
vt 0.593271 0.033742
vt 0.595879 0.015124
vt 0.623546 0.049428
vt 0.612811 0.050982
vt 0.623215 0.06051
vt 0.608738 0.042111
vt 0.597067 0.050687
vt 0.600149 0.045003
vt 0.608807 0.05037
vt 0.606468 0.00773
vt 0.592263 0.039813
vt 0.604665 0.000143
vt 0.593514 0.062477
vt 0.593594 0.022945
vt 0.610019 0.074706
vt 0.608422 0.065538
vt 0.637752 0.078112
vt 0.601677 0.056258
vt 0.606692 0.062584
vt 0.620806 0.085716
vt 0.606687 0.091684
vt 0.604864 0.081301
vt 0.60006 0.075067
vt 0.606247 0.072552
vt 0.596995 0.084139
vt 0.590404 0.075084
vt 0.595913 0.090489
vt 0.588667 0.086541
vt 0.630143 0.098288
vt 0.602125 0.085686
vt 0.592261 0.101304
vt 0.603329 0.094868
vt 0.615232 0.102422
vt 0.586683 0.093167
vt 0.596255 0.107245
vt 0.60022 0.107484
vt 0.622388 0.111893
vt 0.586807 0.114259
vt 0.581177 0.101501
vt 0.626191 0.120195
vt 0.599748 0.122298
vt 0.620782 0.126343
vt 0.595472 0.118036
vt 0.145774 0.000524
vt 0.148452 0.003912
vt 0.141724 0.004272
vt 0.805666 0.040457
vt 0.799927 0.035805
vt 0.802351 0.034258
vt 0.804466 0.044311
vt 0.642872 0.052843
vt 0.647097 0.061715
vt 0.641608 0.061102
vt 0.643512 0.076271
vt 0.642837 0.085439
vt 0.637208 0.083285
vt 0.63823 0.092034
vt 0.639693 0.073317
vt 0.631958 0.096419
vt 0.636194 0.102417
vt 0.495062 0.010267
vt 0.494079 0.017456
vt 0.491821 0.015054
vt 0.498388 0.016062
vt 0.852829 0.069214
vt 0.851196 0.052842
vt 0.854039 0.0677
vt 0.679995 0.035522
vt 0.663696 0.011619
vt 0.687191 0.018488
vt 0.130715 0.015312
vt 0.123169 0.022339
vt 0.123675 0.020511
vt 0.743286 0.026753
vt 0.745846 0.033649
vt 0.744289 0.038452
vt 0.672296 0.002808
vt 0.661743 0.002035
vt 0.670997 0.000552
vt 0.587826 0.060447
vt 0.585645 0.070063
vt 0.585571 0.061095
vt 0.586269 0.08435
vt 0.376099 0.011709
vt 0.378041 0.00628
vt 0.377684 0.014526
vt 0.316472 0.084913
vt 0.3224 0.077553
vt 0.318626 0.089722
vt 0.315063 0.073364
vt 0.133753 0.049438
vt 0.129155 0.060425
vt 0.128052 0.050679
vt 0.25454 0.067261
vt 0.251587 0.058993
vt 0.259311 0.056114
vt 0.970073 0.056518
vt 0.961187 0.054731
vt 0.965172 0.049553
vt 0.958618 0.048678
vt 0.960661 0.043898
vt 0.474434 0.000514
vt 0.484731 0.002795
vt 0.483687 0.006521
vt 0.472778 0.002897
vt 0.497995 0.00769
vt 0.491238 0.044361
vt 0.496488 0.057495
vt 0.48645 0.046875
vt 0.29895 0.096404
vt 0.303092 0.093568
vt 0.301332 0.099975
vt 0.305687 0.083924
vt 0.302608 0.083015
vt 0.305441 0.073933
vt 0.172485 0.043695
vt 0.17561 0.039445
vt 0.177598 0.04445
vt 0.183318 0.040877
vt 0.173034 0.050659
vt 0.993414 0.020653
vt 0.999807 0.012965
vt 0.997664 0.022339
vt 0.98645 0.020285
vt 0.085154 0.060252
vt 0.086864 0.073608
vt 0.079712 0.064699
vt 0.041138 0.010983
vt 0.050047 0.014297
vt 0.043838 0.016479
vt 0.012075 0.084839
vt 0.010864 0.083325
vt 0.0172 0.0703
vt 0.086919 0.047898
vt 0.079042 0.060514
vt 0.085428 0.038716
vt 0.072757 0.060275
vt 0.066508 0.071066
vt 0.060181 0.071167
vt 0.063098 0.09314
vt 0.047974 0.076383
vt 0.050427 0.07158
vt 0.9751 0.05896
vt 0.970337 0.055235
vt 0.97454 0.047482
vt 0.607544 0.005249
vt 0.611592 0.000309
vt 0.618083 0.000202
vt 0.566762 0.057769
vt 0.566098 0.065552
vt 0.559075 0.056429
vt 0.581502 0.070025
vt 0.57784 0.071461
vt 0.577275 0.064972
vt 0.569083 0.051135
vt 0.568889 0.066856
vt 0.57881 0.041851
vt 0.581148 0.049997
vt 0.571184 0.038582
vt 0.584802 0.063494
vt 0.587797 0.058342
vt 0.578648 0.057201
vt 0.588052 0.046081
vt 0.591604 0.05018
vt 0.57161 0.028669
vt 0.576529 0.034061
vt 0.586536 0.037089
vt 0.578378 0.028933
vt 0.506894 0.023636
vt 0.511936 0.037079
vt 0.503821 0.030903
vt 0.546868 0.04123
vt 0.545057 0.03296
vt 0.557299 0.042048
vt 0.536516 0.044683
vt 0.530671 0.043674
vt 0.54063 0.041434
vt 0.51548 0.019472
vt 0.48645 0.016955
vt 0.496603 0.020578
vt 0.489476 0.021055
vt 0.519982 0.030706
vt 0.532985 0.032004
vt 0.528234 0.036824
vt 0.522826 0.009651
vt 0.524014 0.018337
vt 0.515524 0.013214
vt 0.523985 0.026058
vt 0.533914 0.017556
vt 0.556234 0.048042
vt 0.536442 0.027825
vt 0.542678 0.018845
vt 0.553482 0.055993
vt 0.546691 0.051517
vt 0.501624 0.014201
vt 0.498141 0.008483
vt 0.503147 0.002963
vt 0.504853 0.007719
vt 0.498917 0.028934
vt 0.536269 0.051609
vt 0.509175 0.001987
vt 0.515797 0.002327
vt 0.526813 0.002143
vt 0.535976 0.009904
vt 0.545931 0.006449
vt 0.559038 0.005097
vt 0.552091 0.009205
vt 0.544622 0.000334
vt 0.522529 0.043317
vt 0.548144 0.013632
vt 0.554208 0.017044
vt 0.556041 0.063661
vt 0.571197 0.016044
vt 0.567951 0.013056
vt 0.571944 0.008924
vt 0.565949 0.020673
vt 0.519003 0.047505
vt 0.506294 0.051637
vt 0.509507 0.040149
vt 0.486865 0.032686
vt 0.4982 0.03797
vt 0.490182 0.040974
vt 0.494264 0.035288
vt 0.491536 0.028515
vt 0.49829 0.044198
vt 0.551169 0.065685
vt 0.540842 0.066648
vt 0.541314 0.060083
vt 0.535536 0.058541
vt 0.543177 0.056564
vt 0.527378 0.057135
vt 0.527362 0.049195
vt 0.519284 0.05592
vt 0.529552 0.063954
vt 0.517352 0.063402
vt 0.488359 0.025565
vt 0.542555 0.070921
vt 0.570335 0.071977
vt 0.563134 0.074097
vt 0.678345 0.076538
vt 0.681385 0.067383
vt 0.686761 0.062826
vt 0.58614 0.023328
vt 0.592804 0.031616
vt 0.582642 0.023397
vt 0.565063 0.074818
vt 0.569214 0.087619
vt 0.566406 0.090265
vt 0.571014 0.097534
vt 0.009956 0.074049
vt 0.00434 0.077691
vt 0.011444 0.063748
vt 0.000122 0.091186
vt 0.1398 0.026296
vt 0.139323 0.033556
vt 0.135864 0.036011
vt 0.652954 0.026171
vt 0.655611 0.02048
vt 0.661258 0.023248
vt 0.662012 0.027464
vt 0.66114 0.03064
vt 0.668682 0.029289
vt 0.850853 0.07299
vt 0.848785 0.086228
vt 0.843872 0.093628
vt 0.718261 0.02118
vt 0.706302 0.017557
vt 0.713094 0.017659
vt 0.712817 0.021657
vt 0.70157 0.019595
vt 0.707531 0.012468
vt 0.702467 0.006735
vt 0.698053 0.010775
vt 0.708105 0.007425
vt 0.711875 0.041576
vt 0.718512 0.0448
vt 0.711971 0.046431
vt 0.704105 0.041272
vt 0.715428 0.052429
vt 0.70789 0.050953
vt 0.722392 0.05224
vt 0.716348 0.066392
vt 0.713804 0.0574
vt 0.704295 0.054062
vt 0.694421 0.040724
vt 0.694544 0.044655
vt 0.700856 0.048074
vt 0.687333 0.04769
vt 0.708484 0.063199
vt 0.696787 0.026949
vt 0.698952 0.033657
vt 0.689453 0.028624
vt 0.692332 0.034946
vt 0.704973 0.026362
vt 0.705138 0.03536
vt 0.710925 0.033288
vt 0.687571 0.03697
vt 0.702819 0.060794
vt 0.698094 0.05928
vt 0.69573 0.051212
vt 0.694369 0.055095
vt 0.695915 0.061399
vt 0.705217 0.067749
vt 0.685343 0.057443
vt 0.686134 0.050418
vt 0.690418 0.063429
vt 0.681106 0.051452
vt 0.67981 0.060099
vt 0.712183 0.026167
vt 0.724174 0.064005
vt 0.694281 0.023733
vt 0.68915 0.019755
vt 0.686843 0.00611
vt 0.695742 0.014065
vt 0.691684 0.006401
vt 0.067616 0.078357
vt 0.061872 0.081806
vt 0.060181 0.076615
vt 0.067278 0.085327
vt 0.064203 0.071572
vt 0.00795 0.043447
vt 0.008907 0.048572
vt 0.002563 0.041787
vt 0.014582 0.049165
vt 0.012719 0.055542
vt 0.253052 0.043951
vt 0.257224 0.052495
vt 0.253726 0.05603
vt 0.144153 0.042615
vt 0.138306 0.040973
vt 0.143065 0.033581
vt 0.151212 0.0448
vt 0.132446 0.000272
vt 0.151564 0.009994
vt 0.141609 0.010792
vt 0.153777 0.017944
vt 0.157725 0.014397
vt 0.39673 0.013061
vt 0.393664 0.006019
vt 0.400724 0.006802
vt 0.387817 0.008266
vt 0.44104 0.006714
vt 0.435669 0.002241
vt 0.442203 0.003744
vt 0.076782 0.004185
vt 0.093471 0.002871
vt 0.083022 0.006714
vt 0.085834 0.000182
vt 0.322602 0.002325
vt 0.332572 0.005306
vt 0.325857 0.006018
vt 0.316682 0.004883
vt 0.312705 0.00769
vt 0.309204 0.000201
vt 0.574117 0.000655
vt 0.569097 0.003784
vt 0.56694 0.000237
vt 0.560669 0.000362
vt 0.219849 0.000633
vt 0.226571 0.000516
vt 0.225495 0.003051
vt 0.234961 0.005249
vt 0.999739 0.02295
vt 0.992339 0.029937
vt 0.988403 0.031616
vt 0.910278 0.064331
vt 0.916106 0.053198
vt 0.917911 0.056793
vt 0.1487 0.068895
vt 0.147658 0.063867
vt 0.151825 0.070094
vt 0.146118 0.078491
vt 0.147583 0.089722
vt 0.150844 0.082818
vt 0.153489 0.084997
vt 0.156321 0.072245
vt 0.759496 0.012665
vt 0.753477 0.013784
vt 0.749809 0.010287
vt 0.749046 0.017447
vt 0.743716 0.019897
vt 0.743964 0.014269
vt 0.737427 0.014459
vt 0.742327 0.007214
vt 0.73708 0.004948
vt 0.731201 0.008667
vt 0.729614 0.003685
vt 0.900513 0.003849
vt 0.91371 0.010132
vt 0.903315 0.008348
vt 0.631757 0.000507
vt 0.638784 0.001231
vt 0.630981 0.003296
vt 0.161932 0.018899
vt 0.152466 0.028686
vt 0.160682 0.016711
vt 0.179917 0.00284
vt 0.185287 0.000316
vt 0.183159 0.006667
vt 0.174292 0.007597
vt 0.167731 0.006232
vt 0.165506 0.012518
vt 0.158579 0.012127
vt 0.089666 0.076922
vt 0.0802 0.079468
vt 0.087469 0.074266
vt 0.090523 0.061783
vt 0.09238 0.060034
vt 0.005324 0.014526
vt 0.010599 0.004846
vt 0.017807 0.005807
vt 0.000122 0.00458
vt 0.025665 0.022832
vt 0.023425 0.016286
vt 0.030148 0.022125
vt 0.040049 0.014871
vt 0.044257 0.02771
vt 0.031409 0.020453
vt 0.020064 0.01696
vt 0.017732 0.001216
vt 0.021266 0.027082
vt 0.014282 0.020413
vt 0.040633 0.006951
vt 0.028495 0.005327
vt 0.037644 0.003571
vt 0.022873 0.010367
vt 0.020221 0.000233
vt 0.189575 0.039429
vt 0.203241 0.02532
vt 0.204941 0.026581
vt 0.920188 0.053589
vt 0.912579 0.046716
vt 0.915658 0.042628
vt 0.903301 0.042536
vt 0.903045 0.035094
vt 0.912956 0.03334
vt 0.903905 0.040247
vt 0.902466 0.041035
vt 0.922595 0.03703
vt 0.924727 0.041613
vt 0.581154 0.020542
vt 0.592889 0.016354
vt 0.576782 0.026245
vt 0.024536 0.025955
vt 0.03627 0.030143
vt 0.039037 0.036499
vt 0.948853 0.002427
vt 0.956985 0.004006
vt 0.955403 0.006714
vt 0.71925 0.071388
vt 0.735039 0.060956
vt 0.733751 0.06544
vt 0.724733 0.06469
vt 0.731553 0.056557
vt 0.705791 0.073498
vt 0.717645 0.07768
vt 0.70522 0.084112
vt 0.689134 0.086304
vt 0.694829 0.077413
vt 0.677856 0.081008
vt 0.185129 0.015591
vt 0.183261 0.019897
vt 0.171021 0.010006
vt 0.136841 0.024331
vt 0.14393 0.020778
vt 0.143238 0.026882
vt 0.140556 0.021397
vt 0.150468 0.033081
vt 0.140393 0.032962
vt 0.152105 0.025619
vt 0.151797 0.021643
vt 0.863993 0.053028
vt 0.855103 0.063354
vt 0.857595 0.051789
vt 0.662864 0.02185
vt 0.65979 0.016118
vt 0.66484 0.014756
vt 0.270086 0.01192
vt 0.263794 0.012573
vt 0.2645 0.006217
vt 0.842357 0.073569
vt 0.83001 0.078812
vt 0.829725 0.074821
vt 0.843497 0.063453
vt 0.842125 0.061225
vt 0.835399 0.063942
vt 0.850471 0.058528
vt 0.84861 0.067018
vt 0.803503 0.0759
vt 0.812215 0.070838
vt 0.825067 0.062363
vt 0.809547 0.085949
vt 0.794377 0.074611
vt 0.817018 0.060859
vt 0.813313 0.066812
vt 0.752165 0.061048
vt 0.764111 0.075027
vt 0.745705 0.064079
vt 0.751444 0.088913
vt 0.744751 0.085113
vt 0.761731 0.09021
vt 0.777106 0.088881
vt 0.766752 0.062375
vt 0.771139 0.068115
vt 0.758237 0.063354
vt 0.773473 0.063906
vt 0.783763 0.062889
vt 0.780564 0.079622
vt 0.787469 0.06502
vt 0.798142 0.061246
vt 0.812568 0.068793
vt 0.802862 0.061119
vt 0.79298 0.088992
vt 0.260892 0.095796
vt 0.252075 0.096069
vt 0.253469 0.089627
vt 0.257573 0.07291
vt 0.260007 0.072131
vt 0.259422 0.078969
vt 0.262037 0.084739
vt 0.266306 0.087112
vt 0.254876 0.083487
vt 0.902545 0.062964
vt 0.921487 0.068604
vt 0.914325 0.070791
vt 0.901978 0.065672
vt 0.934787 0.07312
vt 0.932449 0.068855
vt 0.984676 0.055391
vt 0.994793 0.049668
vt 0.999584 0.05383
vt 0.992891 0.05671
vt 0.982603 0.061572
vt 0.972846 0.06076
vt 0.967228 0.068557
vt 0.951355 0.071091
vt 0.958644 0.065101
vt 0.949422 0.066033
vt 0.158235 0.044107
vt 0.161781 0.055054
vt 0.151978 0.051694
vt 0.548838 0.083583
vt 0.540173 0.085274
vt 0.541949 0.081485
vt 0.548322 0.075999
vt 0.55566 0.073267
vt 0.555635 0.081505
vt 0.535577 0.081744
vt 0.530238 0.082086
vt 0.536407 0.077056
vt 0.552012 0.070589
vt 0.54188 0.075702
vt 0.53574 0.071511
vt 0.520166 0.08479
vt 0.532606 0.087231
vt 0.515259 0.08351
vt 0.533495 0.078328
vt 0.520036 0.080798
vt 0.528331 0.091186
vt 0.538185 0.088304
vt 0.548102 0.085541
vt 0.561563 0.071012
vt 0.710083 0.012144
vt 0.717329 0.008139
vt 0.7189 0.01355
vt 0.896169 0.080623
vt 0.898286 0.088879
vt 0.894165 0.074294
vt 0.898533 0.076339
vt 0.898696 0.095093
vt 0.220575 0.034546
vt 0.206803 0.026721
vt 0.199829 0.016583
vt 0.05188 0.003659
vt 0.060596 0.000323
vt 0.05548 0.004761
vt 0.946271 0.083341
vt 0.947824 0.078934
vt 0.956344 0.079203
vt 0.954619 0.083862
vt 0.995485 0.062471
vt 0.989722 0.062468
vt 0.998832 0.054976
vt 0.96654 0.075649
vt 0.96532 0.080423
vt 0.97349 0.072191
vt 0.979475 0.074178
vt 0.980652 0.068166
vt 0.987147 0.069716
vt 0.938676 0.077003
vt 0.935291 0.080015
vt 0.925415 0.075732
vt 0.932947 0.073984
vt 0.048899 0.032658
vt 0.052406 0.03487
vt 0.042603 0.042847
vt 0.895601 0.045766
vt 0.895195 0.04074
vt 0.900495 0.044328
vt 0.897342 0.056045
vt 0.891765 0.076103
vt 0.886162 0.092163
vt 0.888297 0.072342
vt 0.896019 0.070992
vt 0.896816 0.067279
vt 0.892711 0.062058
vt 0.888781 0.057527
vt 0.884815 0.047724
vt 0.890329 0.044502
vt 0.882935 0.040014
vt 0.891031 0.034837
vt 0.958308 0.011594
vt 0.962421 0.010261
vt 0.964207 0.017944
vt 0.955452 0.007301
vt 0.941528 0.009299
vt 0.963724 0.006055
vt 0.052992 0.014664
vt 0.054897 0.007303
vt 0.057978 0.016881
vt 0.05645 0.026088
vt 0.063702 0.02097
vt 0.065796 0.028009
vt 0.059291 0.025486
vt 0.062639 0.031652
vt 0.060933 0.037953
vt 0.053275 0.03894
vt 0.054795 0.032486
vt 0.072789 0.016797
vt 0.069867 0.023959
vt 0.071139 0.009104
vt 0.076214 0.007196
vt 0.044556 0.000294
vt 0.052416 0.006065
vt 0.068678 0.008125
vt 0.251884 0.011836
vt 0.250951 0.019409
vt 0.248169 0.011553
vt 0.900024 0.055456
vt 0.903789 0.047883
vt 0.909626 0.059448
vt 0.189307 0.031037
vt 0.186513 0.039429
vt 0.183228 0.029102
vt 0.218626 0.000376
vt 0.219588 0.004989
vt 0.216431 0.006225
vt 0.766164 0.002319
vt 0.758911 0.002045
vt 0.763323 0.000137
vt 0.639282 0.000294
vt 0.653652 0.001559
vt 0.650095 0.004272
vt 0.665076 0.003965
vt 0.306658 0.01062
vt 0.297974 0.006797
vt 0.304372 0.00504
vt 0.310826 0.007013
vt 0.020653 0.028352
vt 0.021262 0.037475
vt 0.017212 0.035728
vt 0.026386 0.031626
vt 0.725877 0.019409
vt 0.716919 0.01604
vt 0.718915 0.013818
vt 0.916471 0.006466
vt 0.908813 0.007202
vt 0.911738 0.002669
vt 0.268522 0.005397
vt 0.266402 0.000578
vt 0.272462 0.000718
vt 0.255981 0.001365
vt 0.274735 0.006225
vt 0.278231 0.000377
vt 0.473871 0.094116
vt 0.470825 0.080657
vt 0.478402 0.073318
vt 0.559695 0.087298
vt 0.556763 0.084041
vt 0.562741 0.073839
vt 0.557184 0.09021
vt 0.811474 0.021362
vt 0.80481 0.015514
vt 0.811971 0.014546
vt 0.901436 0.029187
vt 0.900933 0.038452
vt 0.894165 0.030086
vt 0.21936 0.011108
vt 0.221817 0.004704
vt 0.22239 0.010032
vt 0.229849 0.005666
vt 0.635786 0.04835
vt 0.638436 0.059179
vt 0.62854 0.052313
vt 0.631456 0.061865
vt 0.639328 0.064819
vt 0.329722 0.003296
vt 0.329712 0.001459
vt 0.335805 0.000536
vt 0.152766 0.001503
vt 0.161109 0.000467
vt 0.156313 0.005249
vt 0.14856 0.004981
vt 0.169422 0.002127
vt 0.637795 0.035667
vt 0.627094 0.049194
vt 0.624634 0.044282
vt 0.026233 0.038691
vt 0.029335 0.046633
vt 0.025454 0.056473
vt 0.022981 0.042614
vt 0.042568 0.02776
vt 0.041651 0.046796
vt 0.038098 0.044533
vt 0.034932 0.046386
vt 0.032405 0.060129
vt 0.018136 0.046185
vt 0.015259 0.050222
vt 0.039566 0.064819
vt 0.880552 0.007785
vt 0.872681 0.012085
vt 0.875253 0.005916
vt 0.999705 0.002808
vt 0.981079 0.001325
vt 0.997852 0.000198
vt 0.372108 0.02771
vt 0.368774 0.020062
vt 0.3738 0.021684
vt 0.389467 0.000124
vt 0.389751 0.004272
vt 0.384399 0.001183
vt 0.185783 0.000297
vt 0.190624 0.000981
vt 0.185669 0.004446
vt 0.189421 0.005249
vt 0.195756 0.003297
vt 0.956658 0.000425
vt 0.937622 0.003784
vt 0.947105 0.000997
vt 0.9826 0.039321
vt 0.987296 0.030672
vt 0.993533 0.047451
vt 0.988163 0.049683
vt 0.975976 0.046773
vt 0.980466 0.012865
vt 0.983916 0.021713
vt 0.973715 0.025975
vt 0.974717 0.033753
vt 0.969787 0.032376
vt 0.964478 0.031586
vt 0.971299 0.01904
vt 0.965758 0.02207
vt 0.966825 0.041224
vt 0.360021 0.006978
vt 0.357758 0.012573
vt 0.352661 0.01178
vt 0.366624 0.009894
vt 0.366602 0.00425
vt 0.375411 0.006423
vt 0.378985 0.000587
vt 0.123657 0.010522
vt 0.132641 0.012608
vt 0.140113 0.020386
vt 0.973755 0.00208
vt 0.978596 0.000483
vt 0.980359 0.002319
vt 0.070959 0.079135
vt 0.072559 0.076645
vt 0.076586 0.084584
vt 0.067531 0.087409
vt 0.074016 0.07155
vt 0.07929 0.077376
vt 0.068967 0.095061
vt 0.061646 0.096558
vt 0.190063 0.025267
vt 0.193084 0.024432
vt 0.192241 0.034546
vt 0.652081 0.091038
vt 0.646118 0.093628
vt 0.647294 0.087374
vt 0.650035 0.079138
vt 0.651495 0.085526
vt 0.646528 0.074544
vt 0.676585 0.08254
vt 0.671101 0.084605
vt 0.673005 0.080028
vt 0.671021 0.091186
vt 0.677415 0.073723
vt 0.48593 0.022402
vt 0.480591 0.023315
vt 0.483679 0.015821
vt 0.920044 0.061878
vt 0.92537 0.054027
vt 0.929154 0.067749
vt 0.134201 0.003699
vt 0.131177 0.008277
vt 0.11438 0.011597
vt 0.175474 0.017916
vt 0.179689 0.022971
vt 0.173462 0.026733
vt 0.423547 0.002625
vt 0.439995 0.000366
vt 0.4304 0.003113
vt 0.42518 0.000331
vt 0.434485 0.006217
vt 0.425142 0.005956
vt 0.415377 0.003091
vt 0.415195 0.008834
vt 0.402466 0.01062
vt 0.408942 0.007882
vt 0.639915 0.018921
vt 0.637329 0.017645
vt 0.646751 0.011972
vt 0.837036 0.002319
vt 0.846234 0.000163
vt 0.855059 0.001743
vt 0.783607 0.060913
vt 0.774536 0.056636
vt 0.776947 0.047811
vt 0.486417 0.024305
vt 0.485034 0.031616
vt 0.481567 0.023746
vt 0.07395 0.016513
vt 0.078966 0.023804
vt 0.073364 0.022025
vt 0.489957 0.081464
vt 0.49434 0.080189
vt 0.492459 0.087899
vt 0.488892 0.096069
vt 0.490613 0.074988
vt 0.388006 0.033569
vt 0.384888 0.030357
vt 0.389754 0.025921
vt 0.297197 0.014526
vt 0.295044 0.0085
vt 0.300316 0.011315
vt 0.565552 0.004314
vt 0.57062 0.007782
vt 0.566213 0.009155
vt 0.713013 0.028749
vt 0.721109 0.032432
vt 0.717383 0.036987
vt 0.802472 0.003609
vt 0.79687 0.008667
vt 0.796509 0.004471
vt 0.581941 0.009962
vt 0.59444 0.006029
vt 0.581588 0.013895
vt 0.572876 0.016968
vt 0.735442 0.000463
vt 0.728716 0.003296
vt 0.718384 0.001749
vt 0.352826 0.085505
vt 0.336548 0.080051
vt 0.344439 0.076057
vt 0.393165 0.080849
vt 0.402387 0.078919
vt 0.404739 0.088133
vt 0.357016 0.079999
vt 0.362791 0.089611
vt 0.367133 0.08123
vt 0.374198 0.090589
vt 0.378963 0.081666
vt 0.415272 0.088722
vt 0.388473 0.090698
vt 0.384399 0.014785
vt 0.385936 0.010508
vt 0.390727 0.017944
vt 0.308933 0.004761
vt 0.292603 0.002497
vt 0.305226 0.000328
vt 0.366899 0.002883
vt 0.361024 0.003784
vt 0.359497 0.000251
vt 0.766724 0.000341
vt 0.77978 0.000904
vt 0.773352 0.002319
vt 0.890259 0.000299
vt 0.906024 0.000608
vt 0.903027 0.003296
vt 0.917419 0.000508
vt 0.490845 0.00021
vt 0.496309 0.000619
vt 0.501144 0.004272
vt 0.993895 0.003474
vt 0.999797 0.004576
vt 0.990845 0.00769
vt 0.066712 0.006714
vt 0.061157 0.004596
vt 0.076521 0.000568
vt 0.649464 0.012085
vt 0.630528 0.00671
vt 0.631273 0.004188
vt 0.618774 0.000255
vt 0.379191 0.002495
vt 0.380109 0.007626
vt 0.37854 0.010132
vt 0.839776 0.020953
vt 0.138984 0.050065
vt 0.136587 0.045262
vt 0.131788 0.067099
vt 0.009545 0.13204
vt 0.099996 0.116718
vt 0.08694 0.119279
vt 0.357333 0.033342
vt 0.371361 0.045101
vt 0.370187 0.032713
vt 0.366186 0.076826
vt 0.281654 0.047061
vt 0.264432 0.04522
vt 0.289058 0.015222
vt 0.794937 0.034981
vt 0.472499 0.027346
vt 0.395899 0.033628
vt 0.162481 0.092294
vt 0.230588 0.119827
vt 0.207538 0.070067
vt 0.249532 0.023365
vt 0.223339 0.066808
vt 0.218238 0.074823
vt 0.251437 0.053545
vt 0.178334 0.061675
vt 0.178334 0.061675
vt 0.602125 0.085686
vt 0.526813 0.002143
vt 0.486865 0.032686
vt 0.68915 0.019755
vt 0.895195 0.04074
vt 0.05645 0.026088
g default
usemtl HSR0015-Body-009_LOD2_u0_v0
f 1/1 2/2 3/3
f 4/8 5/9 6/10
f 7/2151 1/25 8/26
f 9/75 10/76 11/77
f 12/87 13/88 14/89
f 12/4 2/2 13/5
f 7/6 2/2 1/1
f 2/2 12/4 3/3
f 15/78 16/79 17/80
f 18/90 12/87 14/89
f 12/4 18/7 3/3
f 976/91 977/92 19/93
f 20/94 976/91 19/93
f 21/95 22/96 23/97
f 24/128 25/129 26/130
f 24/241 26/242 22/243
f 27/391 20/392 25/393
f 11/396 10/397 28/398
f 29/399 30/400 11/396
f 21/95 24/98 22/96
f 31/405 32/406 28/407
f 33/417 34/418 35/419
f 36/99 978/100 37/101
f 33/102 24/98 21/95
f 38/103 33/102 21/95
f 38/103 21/95 39/104
f 979/420 40/421 41/422
f 39/104 21/95 42/105
f 38/103 43/106 33/102
f 41/107 44/108 980/109
f 34/110 45/111 41/107
f 44/108 41/107 45/111
f 43/106 45/111 34/110
f 35/423 34/424 46/425
f 34/428 41/429 46/430
f 981/431 27/432 982/433
f 27/432 47/434 982/433
f 981/431 976/435 27/432
f 20/436 27/432 976/435
f 44/439 37/440 980/441
f 37/101 44/108 36/99
f 48/112 36/99 44/108
f 48/112 49/113 36/99
f 24/443 33/444 35/445
f 50/408 51/409 52/410
f 43/106 53/114 45/111
f 45/446 53/447 54/448
f 53/114 43/106 38/103
f 35/131 25/129 24/128
f 55/449 38/450 56/451
f 47/426 25/427 35/423
f 57/501 58/502 59/503
f 25/506 47/507 27/508
f 46/425 47/426 35/423
f 37/101 978/100 983/115
f 60/452 38/450 55/449
f 978/100 984/116 983/115
f 43/106 34/110 33/102
f 57/509 59/510 61/511
f 57/501 62/504 58/502
f 57/512 63/513 64/514
f 62/630 57/631 65/632
f 63/668 57/669 61/670
f 65/632 57/631 64/633
f 60/452 53/447 38/450
f 66/674 67/675 68/676
f 69/515 70/516 71/517
f 60/452 54/448 53/447
f 45/111 48/112 44/108
f 48/112 45/111 54/117
f 71/517 70/516 64/514
f 71/517 64/514 63/513
f 72/634 64/633 70/635
f 73/678 58/679 74/680
f 31/682 75/683 50/684
f 29/399 11/396 28/398
f 50/408 75/411 76/412
f 28/407 32/406 29/413
f 77/453 78/454 79/455
f 80/456 81/457 78/454
f 18/687 14/688 82/689
f 32/685 31/682 50/684
f 83/244 73/245 84/246
f 18/687 82/689 85/690
f 86/518 87/519 88/2166
f 89/458 77/453 90/459
f 18/687 85/690 89/691
f 89/714 85/715 78/716
f 87/671 63/668 61/670
f 14/719 91/720 92/721
f 73/505 59/503 58/502
f 61/521 83/522 93/523
f 93/672 87/671 61/670
f 32/685 50/684 52/686
f 94/460 95/461 96/462
f 76/412 51/409 50/408
f 86/518 97/524 69/515
f 61/724 59/725 73/726
f 73/245 83/244 61/247
f 63/513 69/515 71/517
f 86/518 63/513 87/519
f 69/515 63/513 86/518
f 89/458 78/454 77/453
f 97/524 98/525 99/526
f 79/455 100/463 77/453
f 101/636 102/637 103/638
f 94/460 101/464 100/463
f 100/463 79/455 94/460
f 102/465 101/464 104/466
f 32/692 52/693 29/694
f 102/637 105/639 103/638
f 101/464 94/460 96/462
f 5/9 106/11 6/10
f 99/526 107/527 97/524
f 108/467 102/465 104/466
f 109/528 110/529 99/526
f 99/526 111/530 107/527
f 111/530 99/526 110/529
f 111/530 112/531 107/527
f 113/81 15/78 17/80
f 114/532 112/531 111/530
f 69/515 97/524 70/516
f 70/516 97/524 107/527
f 115/533 116/534 117/535
f 29/694 52/693 118/695
f 117/535 114/532 115/533
f 52/693 51/696 119/697
f 105/536 120/537 121/538
f 122/468 102/465 108/467
f 123/469 124/470 125/471
f 124/470 95/461 81/457
f 103/539 105/536 126/540
f 82/727 14/728 92/729
f 92/730 91/731 82/732
f 85/715 80/717 78/716
f 126/540 105/536 121/538
f 114/532 117/535 112/531
f 127/27 10/28 128/29
f 2/30 129/31 130/32
f 114/532 111/530 131/541
f 15/733 2/734 132/735
f 128/741 10/742 9/743
f 133/744 985/745 986/746
f 2/30 7/24 129/31
f 85/690 91/698 113/699
f 134/750 135/751 136/752
f 130/736 132/735 2/734
f 79/455 95/461 94/460
f 104/466 123/469 108/467
f 85/690 113/699 137/700
f 130/736 138/737 132/735
f 139/754 140/755 136/756
f 78/454 81/457 79/455
f 141/738 138/737 130/736
f 130/757 142/758 141/759
f 143/640 62/630 144/641
f 79/455 81/457 95/461
f 62/630 143/640 74/642
f 80/717 85/715 137/718
f 145/765 136/766 135/767
f 146/768 81/769 147/770
f 142/758 128/760 141/759
f 74/248 143/249 148/250
f 987/772 988/773 149/774
f 150/472 151/473 54/448
f 152/775 153/776 154/777
f 153/776 152/775 155/778
f 137/700 113/699 147/701
f 156/783 155/784 154/785
f 157/787 156/788 154/789
f 158/792 159/793 160/794
f 153/801 161/802 162/803
f 159/811 163/812 133/813
f 163/816 159/817 164/818
f 155/778 161/779 153/776
f 135/702 17/703 118/695
f 989/814 133/813 163/812
f 989/837 163/838 990/839
f 149/774 988/773 154/777
f 165/804 158/805 149/806
f 113/699 17/703 147/701
f 154/840 988/841 991/842
f 166/844 140/845 156/846
f 149/806 158/805 167/807
f 156/856 140/857 139/858
f 159/793 158/792 168/795
f 159/817 168/819 164/818
f 165/804 153/801 162/803
f 162/803 168/808 165/804
f 152/786 154/785 155/784
f 139/780 136/781 145/782
f 54/448 66/474 150/472
f 165/804 168/808 158/805
f 169/859 170/860 162/861
f 80/863 137/864 81/865
f 81/769 137/771 147/770
f 153/801 165/804 149/806
f 17/703 30/704 118/695
f 162/866 145/867 169/868
f 135/702 169/705 145/706
f 23/97 42/105 21/95
f 118/695 169/705 135/702
f 158/792 160/794 167/796
f 159/811 133/813 986/815
f 159/793 986/797 992/798
f 162/861 170/860 168/862
f 155/778 145/782 161/779
f 155/869 156/870 139/871
f 139/780 145/782 155/778
f 989/747 993/748 133/744
f 162/872 161/873 145/874
f 170/820 169/821 164/818
f 170/875 164/876 168/877
f 154/777 153/776 149/774
f 987/809 149/806 994/810
f 144/878 39/879 42/880
f 55/882 171/883 60/884
f 995/790 154/789 991/791
f 55/882 172/885 171/883
f 157/787 154/789 995/790
f 173/643 144/641 62/630
f 60/452 174/475 54/448
f 66/474 54/448 174/475
f 39/887 144/888 173/889
f 62/681 74/680 58/679
f 72/2165 56/451 173/477
f 72/2165 55/449 56/451
f 149/806 167/807 994/810
f 66/474 174/475 67/478
f 171/479 172/480 175/481
f 175/481 174/475 171/479
f 72/634 173/643 65/632
f 72/634 65/632 64/633
f 30/82 9/75 11/77
f 66/674 68/676 150/677
f 68/482 67/478 176/483
f 177/484 67/478 178/485
f 176/483 67/478 177/484
f 72/886 172/885 55/882
f 171/479 174/475 60/452
f 65/632 173/643 62/630
f 38/450 173/477 56/451
f 179/486 176/483 108/467
f 175/481 180/487 174/475
f 180/487 67/478 174/475
f 39/887 173/889 38/890
f 180/487 175/481 181/488
f 181/644 70/635 107/645
f 181/644 72/634 70/635
f 178/485 67/478 180/487
f 181/488 175/481 72/476
f 175/481 172/480 72/476
f 178/485 182/489 177/484
f 178/485 180/487 182/489
f 181/644 107/645 112/646
f 108/467 177/484 183/490
f 182/489 180/487 184/491
f 177/484 182/489 183/490
f 108/467 176/483 177/484
f 185/891 990/892 163/893
f 186/896 185/897 187/898
f 187/900 188/901 186/902
f 189/822 163/816 164/818
f 189/894 185/891 163/893
f 996/895 990/892 185/891
f 125/471 179/486 123/469
f 186/902 188/901 190/903
f 997/904 996/905 191/906
f 180/487 181/488 184/491
f 183/490 182/489 184/491
f 996/905 190/903 191/906
f 119/697 169/705 118/695
f 183/490 122/468 108/467
f 188/901 192/907 191/906
f 193/908 192/907 188/901
f 997/904 191/906 998/909
f 51/823 194/824 119/825
f 189/899 187/898 185/897
f 51/823 76/826 195/827
f 189/910 188/901 187/900
f 76/412 75/411 196/414
f 13/722 197/723 14/719
f 16/761 138/762 128/760
f 196/828 195/827 76/826
f 30/82 16/79 9/75
f 118/695 52/693 119/697
f 141/759 128/760 138/762
f 17/703 135/702 147/701
f 190/903 188/901 191/906
f 198/12 6/10 199/13
f 117/535 116/534 105/536
f 112/646 184/647 181/644
f 117/648 184/647 112/646
f 184/647 117/648 105/639
f 102/637 184/647 105/639
f 122/468 184/491 102/465
f 147/701 135/702 134/707
f 164/818 200/829 189/822
f 16/739 15/733 132/735
f 13/83 15/78 201/84
f 193/908 188/901 189/910
f 189/822 200/829 193/830
f 197/85 13/83 201/84
f 169/821 200/829 164/818
f 119/825 194/824 200/829
f 119/825 200/829 169/821
f 15/733 13/740 2/734
f 124/911 96/912 95/913
f 16/739 132/735 138/737
f 14/719 197/723 91/720
f 183/490 184/491 122/468
f 202/914 203/915 204/916
f 201/84 15/78 113/81
f 201/84 113/81 91/86
f 91/86 197/85 201/84
f 85/690 82/689 91/698
f 202/14 205/15 999/16
f 1000/917 206/918 1001/919
f 206/918 157/920 995/921
f 206/918 1002/922 1003/923
f 1004/927 1005/928 999/929
f 1000/917 1002/922 206/918
f 207/937 203/938 208/939
f 209/924 157/920 210/925
f 30/82 17/80 16/79
f 16/943 128/944 9/945
f 203/118 211/119 208/120
f 202/930 999/929 1005/928
f 202/930 1005/928 211/931
f 106/946 210/947 1003/948
f 204/949 203/950 207/951
f 156/846 209/847 166/844
f 1003/923 210/925 206/918
f 204/949 207/951 212/952
f 198/12 4/8 6/10
f 157/920 209/924 156/926
f 202/930 211/931 203/932
f 54/117 151/121 48/112
f 151/953 213/954 48/955
f 5/848 209/847 214/849
f 1006/956 206/957 995/958
f 207/937 213/940 151/941
f 150/472 215/492 151/473
f 150/472 68/482 215/492
f 5/848 166/844 209/847
f 216/942 207/937 151/941
f 216/493 151/473 215/492
f 176/483 179/486 215/492
f 206/918 210/925 157/920
f 166/844 217/850 140/845
f 214/849 209/847 210/851
f 215/492 179/486 218/494
f 202/14 204/17 205/15
f 106/11 1003/18 205/15
f 211/931 1007/933 36/934
f 30/400 29/399 118/401
f 5/848 217/850 166/844
f 207/937 208/939 213/940
f 199/13 106/11 212/19
f 212/19 106/11 204/17
f 204/17 106/11 205/15
f 4/852 217/850 5/848
f 4/852 219/853 217/850
f 220/959 218/960 221/961
f 199/964 216/965 198/966
f 220/968 198/969 216/970
f 199/964 207/967 216/965
f 212/971 207/972 199/973
f 222/974 220/975 221/976
f 222/854 219/853 4/852
f 198/977 220/975 222/974
f 222/20 4/8 198/12
f 211/931 1005/928 1007/933
f 211/119 36/99 49/113
f 218/960 125/962 221/961
f 125/471 124/470 221/495
f 211/119 49/113 208/120
f 216/963 218/960 220/959
f 213/122 49/113 48/112
f 213/122 208/120 49/113
f 68/482 176/483 215/492
f 219/978 221/979 223/980
f 219/978 222/981 221/979
f 140/983 217/984 136/985
f 219/853 134/855 217/850
f 223/980 134/982 219/978
f 221/979 134/982 223/980
f 221/986 147/987 134/988
f 147/987 221/986 146/989
f 106/990 214/991 210/992
f 106/11 5/9 214/21
f 146/496 221/495 124/470
f 124/470 81/457 146/496
f 125/471 218/494 179/486
f 134/750 136/752 217/753
f 206/993 1006/994 1001/995
f 108/467 123/469 179/486
f 124/470 123/469 104/466
f 216/493 215/492 218/494
f 96/462 104/466 101/464
f 199/13 6/10 106/11
f 124/470 104/466 96/462
f 1003/996 1002/997 1008/998
f 205/15 1003/18 1009/22
f 205/15 1009/22 999/16
f 1009/22 1010/23 999/16
f 1005/928 1011/935 1007/933
f 36/934 1007/933 1012/936
f 36/999 1012/1000 978/1001
f 200/829 195/827 224/831
f 194/824 195/827 200/829
f 51/823 195/827 194/824
f 193/830 200/829 224/831
f 185/1002 186/1003 996/1004
f 996/905 186/902 190/903
f 989/1005 1013/1006 993/1007
f 159/793 992/798 160/794
f 992/798 986/797 1014/799
f 133/744 993/748 985/745
f 1015/749 986/746 985/745
f 160/794 994/800 167/796
f 160/1008 992/1009 994/1010
f 991/842 988/841 1016/843
f 37/440 983/442 980/441
f 984/1011 978/1012 1017/1013
f 979/437 47/434 46/438
f 982/433 47/434 979/437
f 41/107 980/109 1018/123
f 41/1014 40/1015 46/1016
f 979/124 41/107 1018/123
f 46/1017 40/1018 979/1019
f 981/1020 982/1021 1019/1022
f 1020/132 1021/133 977/134
f 25/393 20/392 225/394
f 20/392 19/395 225/394
f 26/130 25/129 226/135
f 23/97 22/96 227/125
f 19/136 977/134 1021/133
f 228/1023 229/1024 230/1025
f 231/2158 232/252 233/253
f 233/1027 234/1028 231/1029
f 235/254 234/255 233/253
f 236/256 237/257 238/258
f 237/257 239/259 238/258
f 240/260 241/2159 242/262
f 243/263 244/264 245/265
f 246/1030 247/1031 248/1032
f 248/1032 249/1033 250/1034
f 241/2159 228/266 251/267
f 248/268 244/264 249/269
f 252/270 231/251 229/271
f 234/255 229/271 231/251
f 252/270 253/272 231/251
f 230/2160 229/271 234/255
f 254/274 237/257 255/275
f 230/2160 234/255 235/254
f 248/268 256/276 244/264
f 238/258 245/265 256/276
f 257/277 238/258 256/276
f 256/276 245/265 244/264
f 239/259 245/265 238/258
f 255/275 258/278 254/274
f 241/1026 229/1024 228/1023
f 245/265 239/259 243/263
f 259/279 254/274 258/278
f 148/250 260/280 232/252
f 232/252 260/280 233/253
f 259/1237 261/1238 254/1239
f 237/257 236/256 255/275
f 262/281 263/282 258/278
f 264/283 262/281 258/278
f 148/250 232/252 265/284
f 264/283 258/278 255/275
f 259/279 258/278 261/285
f 266/1240 1022/1241 1023/1242
f 265/284 232/252 267/286
f 1023/1242 1024/1243 266/1240
f 1025/1244 268/1245 1024/1243
f 269/1246 266/1240 270/1247
f 267/286 84/246 265/284
f 232/252 231/2158 271/287
f 268/1245 272/1248 273/1249
f 274/1250 270/1247 273/1249
f 84/246 267/286 275/288
f 266/1240 273/1249 270/1247
f 263/282 276/289 277/290
f 268/1245 1025/1244 1026/1251
f 1024/1243 268/1245 273/1249
f 274/1250 278/1252 279/1253
f 274/1250 280/1254 278/1252
f 280/137 281/2152 278/139
f 274/1250 279/1253 270/1247
f 279/1253 282/1255 270/1247
f 283/2153 278/139 281/2152
f 279/1297 278/1298 283/1299
f 270/1247 282/1255 269/1246
f 1024/1243 273/1249 266/1240
f 274/1250 273/1249 272/1248
f 1027/1256 268/1245 1026/1251
f 284/1257 1027/1256 1028/1258
f 260/1300 143/1301 235/1302
f 285/1259 268/1245 284/1257
f 286/291 271/287 276/289
f 272/1248 285/1259 274/1250
f 263/282 231/251 253/272
f 285/1304 284/1305 287/1306
f 288/1260 289/1261 285/1259
f 268/1245 285/1259 272/1248
f 274/1314 290/1315 280/1316
f 274/1250 285/1259 289/1261
f 268/1245 1027/1256 284/1257
f 291/141 292/142 293/143
f 242/144 294/145 240/146
f 292/1317 290/1315 274/1314
f 290/147 281/2152 280/137
f 288/1260 285/1259 287/1262
f 266/1240 1029/1263 1022/1241
f 281/2152 290/147 292/142
f 292/142 295/2154 281/2152
f 292/1264 274/1250 289/1261
f 296/1318 294/1319 297/1320
f 233/253 260/280 235/254
f 297/149 294/145 295/148
f 242/144 298/150 299/151
f 294/145 242/144 299/151
f 240/146 294/145 296/152
f 294/145 299/151 300/153
f 300/153 295/148 294/145
f 271/287 267/286 232/252
f 227/125 301/126 23/97
f 302/292 303/293 240/260
f 1030/154 1031/155 1021/133
f 1032/1265 1029/1263 282/1255
f 289/1261 288/1260 292/1264
f 304/294 228/266 230/273
f 305/156 282/157 283/140
f 230/127 23/97 301/126
f 305/156 281/138 306/158
f 292/1264 288/1260 293/1266
f 282/1255 1029/1263 269/1246
f 266/1240 269/1246 1029/1263
f 283/1267 282/1255 279/1253
f 306/158 307/159 305/156
f 295/1321 306/1322 281/1323
f 282/157 305/156 1032/160
f 1031/155 1032/160 305/156
f 308/161 309/162 310/163
f 1023/1324 1022/1325 1033/1326
f 1031/155 1030/154 1034/164
f 305/1327 283/1328 281/1329
f 299/1330 307/1331 306/1332
f 306/1333 300/1334 299/1335
f 225/165 19/136 1021/133
f 271/287 277/290 276/289
f 300/1334 306/1333 295/1336
f 308/161 310/163 226/135
f 305/156 307/159 1031/155
f 277/1337 231/1338 263/1339
f 311/166 1031/155 307/159
f 225/165 1021/133 1031/155
f 311/166 225/165 1031/155
f 226/1340 225/1341 311/1342
f 310/163 26/130 226/135
f 25/1343 225/1341 226/1340
f 299/151 311/166 307/159
f 299/151 308/161 311/166
f 308/161 299/151 298/150
f 226/135 311/166 308/161
f 298/295 309/296 308/297
f 301/298 227/299 310/300
f 277/290 271/287 231/2158
f 310/300 227/299 22/243
f 148/1303 143/1301 260/1300
f 301/298 304/294 230/273
f 304/294 301/298 310/300
f 303/293 241/2159 240/260
f 304/294 312/301 228/266
f 310/300 22/243 26/242
f 304/167 310/163 309/162
f 309/162 312/168 304/167
f 230/649 235/650 144/641
f 313/302 314/303 252/270
f 23/1344 230/1345 144/1346
f 74/248 265/284 73/245
f 251/267 312/301 298/295
f 74/248 148/250 265/284
f 251/267 228/266 312/301
f 265/284 84/246 73/245
f 242/262 251/267 298/295
f 252/270 241/261 313/302
f 298/295 312/301 309/296
f 144/641 235/650 143/640
f 23/881 144/878 42/880
f 244/1347 315/1348 316/1349
f 316/2161 315/305 317/306
f 318/1350 317/1351 319/1352
f 319/1352 317/1351 320/1353
f 258/278 263/282 253/272
f 321/307 322/308 261/285
f 314/303 253/272 252/270
f 241/261 252/270 229/271
f 253/272 261/285 258/278
f 244/264 316/304 249/269
f 313/302 261/285 314/303
f 314/303 261/285 253/272
f 318/309 319/310 323/311
f 302/292 320/312 303/293
f 324/313 237/257 322/308
f 318/1035 316/1036 317/1037
f 324/313 322/308 303/293
f 325/314 323/311 319/310
f 325/314 302/292 240/260
f 303/293 320/312 324/313
f 302/1354 319/1352 320/1353
f 318/309 323/311 326/315
f 243/263 315/305 244/264
f 302/292 325/314 319/310
f 327/1355 328/1356 329/1357
f 303/293 322/308 321/307
f 324/313 320/312 315/305
f 330/1268 331/1269 284/1257
f 330/1268 1028/1258 1035/1270
f 332/1271 293/1266 288/1260
f 293/1266 332/1271 333/1272
f 330/1268 1035/1270 1036/1273
f 1036/1273 334/1274 330/1268
f 334/1274 335/1275 330/1268
f 336/1276 293/1266 333/1272
f 331/1307 330/1308 337/1309
f 337/1277 336/1276 333/1272
f 337/1309 330/1308 335/1310
f 338/1278 339/1279 336/1276
f 336/1276 339/1279 293/1266
f 337/1360 340/1361 336/1362
f 341/1280 339/1279 338/1278
f 342/1281 339/1279 341/1280
f 287/1306 284/1305 331/1307
f 343/1363 344/1364 327/1365
f 284/1257 1028/1258 330/1268
f 331/1307 333/1311 287/1306
f 287/1262 332/1271 288/1260
f 287/1262 333/1272 332/1271
f 291/141 295/2154 292/142
f 345/169 295/2154 346/170
f 346/170 295/2154 291/141
f 339/171 291/141 293/143
f 339/171 346/170 291/141
f 339/171 347/172 346/170
f 348/173 345/169 349/174
f 350/175 339/171 342/176
f 347/1366 345/1367 346/1368
f 350/175 347/172 339/171
f 351/1369 349/1370 352/1371
f 351/1374 348/1375 349/1376
f 351/1374 353/1377 348/1375
f 296/152 348/173 354/177
f 348/1378 353/1379 354/1380
f 355/1372 352/1371 349/1370
f 354/177 352/178 355/179
f 354/177 355/179 296/152
f 354/1381 353/1382 352/1383
f 1036/1273 1037/1282 334/1274
f 353/1373 351/1369 352/1371
f 348/173 295/2154 345/169
f 296/152 295/2154 348/173
f 296/1384 297/1385 295/1386
f 331/1307 337/1309 333/1311
f 343/180 355/179 349/174
f 356/181 327/182 357/183
f 345/1367 344/1364 343/1363
f 329/184 355/179 343/180
f 347/1366 344/1364 345/1367
f 321/307 261/285 313/302
f 337/1309 335/1310 340/1312
f 350/175 344/185 347/172
f 358/1387 359/1388 340/1389
f 340/2177 341/1280 338/1278
f 336/1276 340/2177 338/1278
f 360/1393 341/1394 340/1395
f 342/1281 341/1280 361/1284
f 349/174 345/169 343/180
f 343/1358 327/1355 329/1357
f 358/1285 334/1274 1038/1286
f 327/182 356/181 328/186
f 334/1274 1037/1282 1038/1286
f 325/314 240/260 323/311
f 323/187 240/146 355/179
f 355/179 240/146 296/152
f 335/1310 334/1313 340/1312
f 254/274 322/308 237/257
f 358/1285 340/1283 334/1274
f 322/308 254/274 261/285
f 241/261 321/307 313/302
f 251/267 242/262 241/2159
f 357/1287 342/1281 361/1284
f 357/183 350/175 342/176
f 317/306 315/305 320/312
f 341/1280 360/1288 361/1284
f 324/313 239/259 237/257
f 303/1396 321/1397 241/1398
f 243/263 239/259 324/313
f 360/1390 340/1389 359/1388
f 327/182 350/175 357/183
f 327/182 344/185 350/175
f 315/305 243/263 324/313
f 355/179 362/188 323/187
f 328/186 356/181 363/189
f 329/184 362/188 355/179
f 318/1035 364/1038 316/1036
f 318/1035 365/1039 364/1038
f 326/1040 365/1039 318/1035
f 1021/133 1039/190 1030/154
f 1031/1399 1040/1400 1032/1401
f 263/282 262/281 276/289
f 366/1402 367/1403 368/1404
f 369/1405 370/1406 371/1407
f 372/2162 373/317 374/318
f 375/319 376/320 377/321
f 366/1402 368/1404 378/1408
f 379/322 84/246 275/288
f 380/1409 367/1403 371/1407
f 375/1410 381/1411 382/1412
f 371/1407 383/1413 369/1405
f 381/1411 384/1414 385/1415
f 366/1402 385/1415 367/1403
f 380/1409 371/1407 370/1406
f 379/322 83/244 84/246
f 367/1403 385/1415 371/1407
f 379/322 386/323 83/244
f 385/1415 366/1402 378/1408
f 384/1414 387/1416 388/1417
f 389/324 390/325 386/323
f 383/1041 384/1042 391/1043
f 392/326 386/323 379/322
f 371/1044 384/1042 383/1041
f 390/325 389/324 393/327
f 393/327 394/328 390/325
f 378/1408 382/1412 381/1411
f 373/317 395/329 374/318
f 381/1411 385/1415 378/1408
f 384/1414 381/1411 387/1416
f 390/325 396/330 386/323
f 375/1410 387/1416 381/1411
f 397/1493 373/1494 372/1495
f 371/1407 385/1415 384/1414
f 382/1412 376/1418 375/1410
f 390/325 394/328 398/331
f 377/1419 399/1420 375/1410
f 400/332 397/333 399/2163
f 387/335 399/334 401/336
f 387/1416 375/1410 399/1420
f 394/328 402/337 398/331
f 399/1420 377/1419 400/1421
f 387/335 401/336 388/338
f 403/339 399/2163 397/333
f 388/338 401/336 404/340
f 395/329 397/333 405/341
f 403/339 397/333 372/316
f 255/275 236/256 406/342
f 257/277 407/343 406/342
f 406/342 238/258 257/277
f 408/344 406/342 409/345
f 372/2162 374/318 410/346
f 406/342 407/343 409/345
f 402/337 411/347 412/348
f 400/332 405/341 397/333
f 369/1045 391/1043 413/1046
f 412/1496 395/1497 405/1498
f 369/1045 383/1041 391/1043
f 373/317 397/333 395/329
f 384/349 388/338 414/350
f 286/291 275/288 271/287
f 415/351 391/352 416/353
f 391/352 384/349 414/350
f 276/289 262/281 408/344
f 286/291 417/354 275/288
f 392/326 275/288 417/354
f 411/347 374/318 395/329
f 408/344 286/291 276/289
f 418/1499 419/1500 410/1501
f 408/344 417/354 286/291
f 271/287 275/288 267/286
f 420/1503 403/1504 421/1505
f 264/283 406/342 408/344
f 262/281 264/283 408/344
f 403/339 372/316 419/355
f 255/275 406/342 264/283
f 388/338 404/340 414/350
f 392/326 379/322 275/288
f 414/350 416/353 391/352
f 256/276 248/268 422/356
f 423/357 422/356 248/268
f 410/1501 419/1500 372/1502
f 256/1507 422/1508 257/1509
f 406/342 236/256 238/258
f 424/358 425/359 257/277
f 423/357 257/277 422/356
f 425/359 407/343 257/277
f 426/360 424/358 427/361
f 248/1032 247/1031 423/1047
f 427/361 424/358 423/357
f 427/1510 423/1511 247/1512
f 411/347 395/329 412/348
f 414/350 404/340 428/362
f 429/363 416/353 428/362
f 430/1048 431/1049 432/1050
f 424/358 257/277 423/357
f 416/353 431/364 415/351
f 433/365 408/344 409/345
f 433/365 409/345 434/366
f 435/367 434/366 407/343
f 434/366 409/345 407/343
f 436/368 434/366 435/367
f 432/1050 431/1049 416/1051
f 434/366 436/368 433/365
f 437/369 438/370 418/371
f 437/369 418/371 439/372
f 433/365 418/371 438/370
f 440/373 418/371 433/365
f 436/368 440/373 433/365
f 440/373 436/368 421/374
f 439/372 418/371 410/346
f 392/326 417/354 441/375
f 392/326 441/375 389/324
f 433/365 417/354 408/344
f 438/370 441/375 433/365
f 389/324 386/323 392/326
f 389/324 438/370 393/327
f 437/369 411/347 393/327
f 437/369 393/327 438/370
f 417/354 433/365 441/375
f 442/376 437/369 439/372
f 438/370 389/324 441/375
f 393/327 411/347 394/328
f 426/360 435/367 425/359
f 426/360 425/359 424/358
f 443/377 436/368 435/367
f 435/1052 426/1053 443/1054
f 426/1053 444/1055 443/1054
f 428/362 416/353 414/350
f 427/1056 445/2168 444/1055
f 435/367 407/343 425/359
f 426/1053 427/1056 444/1055
f 421/374 403/339 419/355
f 443/1054 444/1055 446/1058
f 443/377 447/378 436/368
f 402/337 394/328 411/347
f 429/363 428/362 448/379
f 436/368 447/378 448/379
f 443/1054 446/1058 430/1048
f 443/377 429/363 447/378
f 430/1048 432/1050 443/1054
f 432/1050 429/1059 443/1054
f 429/363 448/379 447/378
f 420/380 401/336 399/334
f 429/1059 432/1050 416/1051
f 399/1506 403/1504 420/1503
f 418/371 421/374 419/355
f 421/374 418/371 440/373
f 428/362 421/374 448/379
f 420/380 404/340 401/336
f 448/379 421/374 436/368
f 428/362 404/340 420/380
f 442/376 439/372 410/346
f 411/347 437/369 374/318
f 437/1516 442/1517 374/1518
f 420/380 421/374 428/362
f 442/376 410/346 374/318
f 449/1519 450/1520 451/1521
f 452/1422 453/1423 454/1424
f 455/1425 456/1426 457/1427
f 458/1428 459/1429 460/1430
f 452/1422 461/1431 453/1423
f 462/1569 451/1570 463/1571
f 462/1569 449/1572 451/1570
f 450/1432 449/1433 464/1434
f 465/1574 462/1575 466/1576
f 467/1435 468/1436 469/1437
f 470/542 471/543 402/544
f 398/545 402/544 471/543
f 472/546 473/547 474/548
f 460/1430 459/1429 469/1437
f 456/1426 382/1412 457/1427
f 452/1422 454/1424 449/1433
f 475/1438 476/1439 477/1440
f 453/1423 461/1431 467/1435
f 461/1431 477/1440 476/1439
f 478/1441 476/1439 479/1442
f 480/1443 460/1430 455/1425
f 452/1422 477/1440 461/1431
f 478/1441 468/1436 467/1435
f 457/1427 480/1443 455/1425
f 481/1444 456/1426 460/1430
f 482/1445 456/1426 481/1444
f 483/1446 480/1443 368/1404
f 469/1437 468/1436 460/1430
f 478/1441 479/1442 481/1444
f 480/1443 483/1446 484/1447
f 485/1448 477/1440 452/1422
f 465/1449 486/1450 487/1451
f 449/1433 454/1424 488/1452
f 468/1436 481/1444 460/1430
f 481/1444 468/1436 478/1441
f 489/381 490/382 491/383
f 471/384 470/2164 491/383
f 481/1444 479/1442 482/1445
f 490/382 471/384 491/383
f 492/549 493/550 490/551
f 490/551 489/552 492/549
f 494/553 492/549 489/552
f 490/551 493/550 471/543
f 495/554 492/549 494/553
f 489/552 496/555 494/553
f 492/549 497/556 498/557
f 449/1433 488/1452 464/1434
f 485/1577 449/1578 462/1575
f 485/1448 452/1422 449/1433
f 492/549 498/557 493/550
f 487/1451 485/1448 465/1449
f 493/550 498/557 499/558
f 487/1451 477/1440 485/1448
f 460/1430 484/1447 500/1453
f 477/1440 487/1451 501/1454
f 462/1575 465/1574 485/1577
f 502/559 501/560 486/561
f 473/547 503/562 474/548
f 470/1579 412/1580 405/1581
f 475/1438 477/1440 504/1455
f 505/2178 506/1457 475/1438
f 460/1430 500/1453 458/1428
f 460/1430 480/1443 484/1447
f 507/386 405/341 400/332
f 475/1438 504/1455 505/2178
f 460/1430 456/1426 455/1425
f 405/341 507/386 491/383
f 505/563 473/547 508/564
f 489/381 491/383 507/386
f 496/387 489/381 507/386
f 509/1582 510/1583 494/1584
f 480/1443 457/1427 378/1408
f 470/385 402/337 412/348
f 511/565 498/557 472/546
f 510/566 495/554 494/553
f 498/557 497/556 472/546
f 470/2164 405/341 491/383
f 508/564 473/547 472/546
f 472/546 497/556 508/564
f 497/556 492/549 495/554
f 494/1584 496/1585 509/1582
f 512/567 497/556 495/554
f 513/1458 510/1459 514/1460
f 510/1459 513/1458 512/1461
f 508/564 497/556 512/567
f 495/554 510/566 512/567
f 505/563 508/564 512/567
f 505/1586 513/1587 506/1588
f 476/1439 475/1438 479/1442
f 505/1456 512/1461 513/1458
f 461/1431 476/1439 478/1441
f 515/1462 469/1437 459/1429
f 461/1431 478/1441 467/1435
f 506/1457 479/1442 475/1438
f 469/1437 515/1462 467/1435
f 501/1454 504/1455 477/1440
f 516/568 501/560 502/559
f 517/1463 514/1460 518/1464
f 519/569 501/560 516/568
f 519/569 504/570 501/560
f 487/1451 486/1450 501/1454
f 504/570 519/569 503/562
f 507/386 376/320 520/388
f 507/386 400/332 376/320
f 482/1445 479/1442 506/1457
f 400/332 377/321 376/320
f 504/570 473/547 505/563
f 504/570 503/562 473/547
f 480/1443 378/1408 368/1404
f 506/1588 513/1587 517/1589
f 517/1463 482/1445 506/1457
f 521/1591 509/1592 496/1593
f 522/1465 483/1446 368/1404
f 520/388 496/387 507/386
f 520/1466 521/1467 496/1468
f 520/1466 376/1418 523/1469
f 520/1466 523/1469 521/1467
f 521/1591 510/1594 509/1592
f 521/1467 523/1469 510/1459
f 382/1412 523/1469 376/1418
f 523/1469 518/1464 514/1460
f 514/1460 510/1459 523/1469
f 518/1464 482/1445 517/1463
f 518/1464 523/1469 482/1445
f 456/1426 523/1469 382/1412
f 482/1445 523/1469 456/1426
f 517/1589 513/1587 514/1590
f 457/1427 382/1412 378/1408
f 464/1522 524/1523 450/1520
f 525/571 526/572 527/573
f 528/574 529/575 525/571
f 450/1520 463/1524 451/1521
f 466/576 530/577 531/578
f 502/559 532/579 533/580
f 516/1595 534/1596 519/1597
f 534/581 502/559 533/580
f 535/582 536/583 503/562
f 537/1525 463/1524 538/1526
f 390/584 398/545 396/585
f 535/582 503/562 534/581
f 396/330 83/244 386/323
f 466/1573 462/1569 463/1571
f 537/1525 466/1527 463/1524
f 503/562 519/569 534/581
f 465/586 466/576 531/578
f 88/673 87/671 93/672
f 530/577 466/576 537/587
f 465/586 531/578 486/561
f 539/588 398/545 471/543
f 534/581 533/580 535/582
f 98/525 97/524 86/518
f 98/525 109/528 99/526
f 503/562 536/583 474/548
f 540/589 88/520 93/523
f 541/1598 86/1599 88/1600
f 540/589 396/585 541/590
f 527/573 535/582 533/580
f 88/520 540/589 541/590
f 83/522 540/589 93/523
f 396/585 540/589 83/522
f 98/1601 86/1599 541/1598
f 542/591 98/525 541/590
f 98/525 542/591 110/529
f 98/525 110/529 109/528
f 539/588 542/591 541/590
f 474/548 536/583 543/592
f 111/530 110/529 131/541
f 542/591 544/593 545/594
f 546/1602 531/1603 530/1604
f 131/541 115/533 114/532
f 547/1605 546/1602 530/1604
f 105/536 116/534 120/537
f 131/541 110/529 545/594
f 116/534 115/533 120/537
f 545/594 548/595 131/541
f 131/541 548/595 549/596
f 549/596 548/595 544/593
f 549/596 544/593 550/597
f 549/596 115/533 131/541
f 551/598 115/533 549/596
f 552/599 115/533 551/598
f 110/529 542/591 545/594
f 120/537 115/533 552/599
f 550/597 551/598 549/596
f 544/593 548/595 545/594
f 552/599 553/600 554/601
f 553/600 551/598 550/597
f 553/600 552/599 551/598
f 554/601 553/600 555/602
f 556/603 120/537 552/599
f 398/545 539/588 396/585
f 396/585 539/588 541/590
f 542/591 539/588 557/604
f 552/599 554/601 556/603
f 557/604 544/593 542/591
f 558/605 557/604 539/588
f 558/605 539/588 471/543
f 493/550 558/605 471/543
f 559/33 560/34 561/35
f 558/605 562/606 557/604
f 550/597 544/593 557/604
f 550/597 562/606 553/600
f 553/600 562/606 555/602
f 554/601 555/602 563/607
f 562/606 564/608 555/602
f 564/608 562/606 558/605
f 563/607 555/602 564/608
f 564/608 558/605 499/558
f 564/608 511/565 565/609
f 564/608 565/609 566/610
f 499/558 558/605 493/550
f 528/1608 567/1609 529/1610
f 472/546 565/609 511/565
f 543/592 565/609 474/548
f 474/548 565/609 472/546
f 499/558 511/565 564/608
f 562/606 550/597 557/604
f 559/33 8/26 1/25
f 528/574 525/571 527/573
f 568/36 569/37 559/33
f 3/708 568/709 559/710
f 560/34 559/33 569/37
f 570/711 569/712 568/709
f 570/651 571/652 569/653
f 559/33 1/25 3/38
f 511/565 499/558 498/557
f 527/573 533/580 528/574
f 556/603 554/601 121/538
f 563/607 572/611 554/601
f 572/611 121/538 554/601
f 564/608 566/610 573/612
f 486/561 531/578 502/559
f 572/611 563/607 573/612
f 563/607 564/608 573/612
f 502/559 531/578 574/613
f 575/2167 576/615 525/571
f 577/654 101/636 103/638
f 502/559 534/581 516/568
f 578/616 536/583 535/582
f 531/578 546/617 574/613
f 126/540 121/538 572/611
f 556/603 121/538 120/537
f 579/618 126/540 572/611
f 527/573 578/616 535/582
f 580/619 126/540 579/618
f 126/540 580/619 577/620
f 126/540 577/620 103/539
f 581/621 580/619 582/622
f 580/619 583/623 577/620
f 583/623 580/619 581/621
f 579/618 572/611 573/612
f 577/620 583/623 576/615
f 527/573 581/621 582/622
f 526/572 583/623 581/621
f 581/621 527/573 526/572
f 90/459 77/453 100/463
f 574/613 528/574 532/579
f 101/636 577/654 584/655
f 528/574 574/613 567/624
f 574/613 532/579 502/559
f 90/459 100/463 584/497
f 584/497 100/463 101/464
f 89/691 585/713 568/709
f 90/459 586/498 89/458
f 89/1612 587/1613 585/1614
f 528/574 533/580 532/579
f 18/687 89/691 568/709
f 583/623 526/572 576/615
f 18/687 568/709 3/708
f 586/498 90/459 584/497
f 586/656 584/655 576/657
f 576/657 575/658 586/656
f 587/499 89/458 586/498
f 526/572 525/571 576/615
f 587/1613 570/1615 585/1614
f 525/571 529/575 575/2167
f 570/651 586/656 575/658
f 587/499 586/498 570/500
f 568/709 585/713 570/711
f 571/625 575/614 567/624
f 571/652 570/651 575/658
f 567/1609 575/1611 529/1610
f 588/626 573/612 566/610
f 576/657 584/655 577/654
f 573/612 580/619 579/618
f 580/619 573/612 588/626
f 566/610 565/609 588/626
f 543/592 588/626 565/609
f 527/573 582/622 578/616
f 588/626 578/616 582/622
f 578/616 588/626 543/592
f 582/622 580/619 588/626
f 536/583 578/616 543/592
f 571/652 589/659 569/653
f 590/1470 591/1471 592/1472
f 593/1528 594/1529 595/1530
f 596/2179 597/1474 593/1475
f 598/1476 596/1473 599/1477
f 596/1616 598/1617 597/1618
f 600/1531 593/1528 595/1530
f 597/1474 454/1424 592/1472
f 595/1530 594/1529 601/1532
f 594/1478 597/1474 592/1472
f 601/1532 602/1533 595/1530
f 597/1474 594/1478 593/1475
f 594/1529 591/1534 601/1532
f 591/1534 603/1535 604/1536
f 601/1619 605/1620 602/1621
f 594/1478 592/1472 591/1471
f 601/1532 604/1536 605/1537
f 606/1538 600/1531 607/1539
f 608/1540 609/1541 607/1539
f 610/1542 604/1536 603/1535
f 604/1536 601/1532 591/1534
f 607/1539 600/1531 608/1540
f 611/1543 612/1544 613/1545
f 614/1546 613/1545 612/1544
f 615/1547 616/1548 611/1543
f 612/1544 611/1543 616/1548
f 616/1548 615/1547 596/1549
f 617/1479 618/1480 619/1481
f 596/1549 593/1528 616/1548
f 600/1531 616/1548 593/1528
f 616/1548 600/1531 612/1544
f 619/1481 620/1482 621/1483
f 612/1544 600/1531 614/1546
f 600/1531 606/1538 614/1546
f 622/1622 623/1623 609/1624
f 614/1546 624/1550 613/1545
f 609/1624 625/1625 622/1622
f 500/1453 621/1483 620/1482
f 626/1626 627/1627 628/1628
f 483/1446 619/1481 621/1483
f 607/1539 609/1541 624/1550
f 606/1538 607/1539 624/1550
f 624/1550 614/1546 606/1538
f 368/1404 367/1403 522/1465
f 621/1483 484/1447 483/1446
f 561/660 624/661 629/662
f 624/661 561/660 613/663
f 630/664 629/662 624/661
f 609/665 630/664 624/661
f 631/1484 500/1453 620/1482
f 617/1479 619/1481 483/1446
f 626/1551 628/1552 605/1537
f 500/1453 632/1485 459/1429
f 483/1446 522/1465 617/1479
f 608/1540 602/1533 625/1553
f 625/1553 609/1541 608/1540
f 591/1471 590/1470 633/1486
f 605/1537 628/1552 634/1554
f 602/1533 605/1537 625/1553
f 605/1537 634/1554 625/1553
f 626/1551 605/1537 604/1536
f 627/1555 610/1542 635/1556
f 634/1554 636/1557 622/1558
f 604/1536 610/1542 626/1551
f 610/1542 627/1555 626/1551
f 595/1530 608/1540 600/1531
f 637/1060 635/1061 638/1062
f 637/1060 638/1062 639/1063
f 635/1556 637/1559 627/1555
f 595/1530 602/1533 608/1540
f 631/1484 640/1487 633/1486
f 632/1485 500/1453 631/1484
f 613/663 561/660 641/666
f 634/1554 622/1558 625/1553
f 634/1554 628/1552 636/1557
f 633/1486 640/1487 642/1488
f 637/1559 636/1557 627/1555
f 636/1557 623/1560 622/1558
f 636/1629 628/1628 627/1627
f 643/1489 599/1477 596/1473
f 591/1471 633/1486 642/1488
f 644/1561 636/1557 637/1559
f 639/1063 644/1064 637/1060
f 638/1630 645/1631 639/1632
f 590/1470 632/1485 633/1486
f 645/1065 646/1066 647/1067
f 599/1477 488/1452 598/1476
f 599/1477 643/1489 464/1434
f 488/1452 599/1477 464/1434
f 648/1068 446/1058 444/1055
f 633/1486 632/1485 631/1484
f 640/1487 631/1484 620/1482
f 649/1069 642/1070 640/1071
f 467/1435 515/1462 453/1423
f 592/1472 453/1423 515/1462
f 650/1072 635/1061 603/1073
f 651/1490 640/1487 618/1480
f 652/1074 642/1070 649/1069
f 603/1073 642/1070 652/1074
f 454/1424 453/1423 592/1472
f 597/1474 488/1452 454/1424
f 598/1476 488/1452 597/1474
f 652/1074 650/1072 603/1073
f 524/1523 464/1522 643/1562
f 650/1072 652/1074 653/2169
f 642/1563 603/1535 591/1534
f 643/1562 615/1547 524/1523
f 415/1076 654/1077 655/1078
f 654/389 415/351 431/364
f 649/1069 651/1079 656/1080
f 653/2169 652/1074 657/1081
f 415/1076 655/1078 413/1046
f 524/1523 615/1547 658/1564
f 641/2180 611/1543 613/1545
f 640/1071 651/1079 649/1069
f 618/1480 640/1487 620/1482
f 620/1482 619/1481 618/1480
f 658/1564 615/1547 611/1543
f 413/390 391/352 415/351
f 643/1562 596/1549 615/1547
f 655/1078 659/1082 413/1046
f 660/1083 661/1084 662/1085
f 649/1069 656/1080 652/1074
f 661/1084 660/1083 663/1086
f 413/1046 370/1087 369/1045
f 664/1088 665/1089 659/1082
f 665/1491 664/1492 380/1409
f 665/1491 380/1409 370/1406
f 380/1090 664/1088 666/1091
f 515/1462 632/1485 590/1470
f 380/1409 522/1465 367/1403
f 650/1638 653/1639 667/1640
f 592/1472 515/1462 590/1470
f 380/1090 666/1091 522/1092
f 652/1074 656/1080 662/1085
f 515/1462 459/1429 632/1485
f 651/1490 618/1480 617/1479
f 666/1091 656/1080 651/1079
f 668/1093 669/1094 648/1068
f 648/1068 669/1094 446/1058
f 666/1091 651/1079 617/1095
f 659/1082 665/1089 370/1087
f 413/1046 659/1082 370/1087
f 669/1094 670/1096 671/1097
f 617/1095 522/1092 666/1091
f 430/1048 446/1058 431/1049
f 446/1058 669/1094 431/1049
f 670/1096 669/1094 668/1093
f 669/1094 672/1098 673/1099
f 431/1641 673/1642 654/1643
f 672/1098 663/1086 673/1099
f 669/1094 671/1097 672/1098
f 663/1086 655/1078 673/1099
f 669/1094 673/1099 431/1049
f 663/1086 660/1083 659/1082
f 673/1099 655/1078 654/1077
f 663/1086 659/1082 655/1078
f 660/1083 666/1091 664/1088
f 674/1100 675/1101 671/1097
f 671/1097 675/1101 676/1102
f 677/1103 676/1102 675/1101
f 660/1083 664/1088 659/1082
f 678/1104 679/1105 680/1106
f 681/1107 682/1108 683/1109
f 682/1108 677/1103 679/1105
f 672/1098 676/1102 661/1084
f 676/1102 672/1098 671/1097
f 678/1104 682/1108 679/1105
f 661/1084 682/1108 684/1110
f 672/1098 661/1084 663/1086
f 682/1108 661/1084 676/1102
f 677/1103 682/1108 676/1102
f 684/1110 682/1108 681/1107
f 657/1081 662/1085 684/1110
f 682/1108 678/1104 683/1109
f 657/1081 684/1110 681/1107
f 685/1111 683/1109 686/1112
f 683/1109 678/1104 686/1112
f 683/1109 685/1111 687/1113
f 687/1113 685/1111 647/1067
f 662/1085 657/1081 652/1074
f 683/1109 687/1113 688/1114
f 646/1066 689/1115 687/1113
f 646/1066 687/1113 647/1067
f 650/1072 667/1116 635/1061
f 681/1107 683/1109 688/1114
f 646/1066 638/1062 689/1115
f 689/1115 688/1114 687/1113
f 638/1062 646/1066 645/1065
f 689/1644 653/1645 688/1646
f 638/1062 635/1061 667/1116
f 657/1081 681/1107 688/1114
f 689/1115 638/1062 667/1116
f 667/1116 653/1075 689/1115
f 635/1556 610/1542 603/1535
f 653/2169 657/1081 688/1114
f 666/1091 662/1085 656/1080
f 660/1083 662/1085 666/1091
f 661/1084 684/1110 662/1085
f 621/1483 500/1453 484/1447
f 500/1453 459/1429 458/1428
f 690/1647 691/1648 692/1649
f 691/1657 690/1658 693/1659
f 693/1662 694/1663 1041/1664
f 695/1666 696/1667 697/1668
f 698/1681 697/1682 699/1683
f 691/1657 693/1659 1041/1660
f 691/1684 700/1685 701/1686
f 691/1657 1041/1660 1042/1661
f 691/1684 1042/1687 700/1685
f 690/1665 694/1663 693/1662
f 702/1669 698/1670 699/1671
f 561/35 8/26 559/33
f 8/26 561/35 703/39
f 704/1694 697/1695 705/1696
f 697/1668 696/1667 699/1671
f 697/1697 704/1698 706/1699
f 696/1667 1043/1672 1044/1673
f 695/1666 1045/1674 1043/1672
f 1045/1700 707/1701 708/1702
f 695/1666 1043/1672 696/1667
f 706/1703 695/1704 697/1705
f 1043/1672 1045/1674 1046/1675
f 695/1704 706/1703 707/1706
f 695/1704 707/1706 1045/1707
f 698/1714 705/1715 697/1716
f 709/1717 1047/1718 710/1719
f 709/1717 1048/1720 1047/1718
f 710/1725 711/1726 709/1727
f 192/1721 712/1722 191/1723
f 192/832 193/830 712/833
f 712/833 193/830 224/831
f 713/834 224/831 195/827
f 713/834 714/835 224/831
f 715/1728 713/1729 196/1730
f 195/827 196/828 713/834
f 705/1731 706/1732 704/1733
f 716/1117 717/1118 718/1119
f 715/415 75/411 719/416
f 716/1117 720/1120 721/1121
f 722/1708 707/1706 706/1703
f 708/1734 723/1735 724/1736
f 1049/1737 724/1736 1050/1738
f 725/1739 1050/1738 724/1736
f 726/1767 727/1768 728/1769
f 707/1776 722/1777 723/1778
f 724/1736 1051/1740 1045/1741
f 7/1792 729/1793 730/1794
f 717/1118 716/1117 721/1121
f 731/1795 732/1796 733/1797
f 715/415 196/414 75/411
f 726/1816 734/1817 727/1818
f 1052/1819 735/1820 1053/1821
f 733/1797 727/1798 731/1795
f 727/1798 736/1799 737/1800
f 708/1779 707/1776 723/1778
f 1045/1741 708/1734 724/1736
f 738/1801 739/1802 740/1803
f 741/40 10/28 742/41
f 724/1824 1049/1825 1051/1826
f 734/1804 736/1799 727/1798
f 743/42 742/41 744/43
f 731/1122 737/1123 745/1124
f 727/1798 737/1800 731/1795
f 746/1827 747/1828 748/1829
f 738/1801 740/1803 728/1805
f 728/1805 740/1803 749/1806
f 750/1830 751/1831 752/1832
f 744/43 753/44 743/42
f 128/760 754/763 127/764
f 755/1847 730/1848 729/1849
f 756/191 757/192 758/193
f 8/26 729/45 7/2151
f 750/1125 747/2170 746/1127
f 644/1064 639/1063 759/1128
f 760/46 761/47 561/35
f 630/48 760/46 629/49
f 710/1719 191/1723 712/1722
f 743/42 741/40 742/41
f 762/1850 763/2181 743/1852
f 764/194 765/195 766/196
f 767/1865 768/1866 769/1867
f 769/197 768/198 770/199
f 561/35 761/47 703/39
f 771/1129 772/1130 773/1131
f 771/1129 773/1131 774/1132
f 728/1805 733/1797 738/1801
f 733/1797 728/1805 727/1798
f 775/1133 771/1129 774/1132
f 776/1871 1054/1872 777/1873
f 709/1889 1055/1890 1048/1891
f 1055/1892 709/1893 711/1894
f 1056/1770 1057/1771 778/1772
f 779/2182 777/1873 780/1875
f 779/2182 776/1871 777/1873
f 712/1895 711/1896 710/1897
f 781/1773 778/1772 1057/1771
f 741/402 715/403 719/404
f 782/50 744/43 783/51
f 784/52 715/53 741/40
f 715/1898 785/1899 786/1900
f 779/1901 780/1902 787/1903
f 786/1876 787/1877 780/1875
f 785/1878 787/1877 786/1876
f 768/198 788/200 770/199
f 789/201 788/200 768/198
f 775/202 789/201 768/198
f 789/1134 775/1133 790/1135
f 1058/1904 776/1905 1057/1906
f 726/1767 781/1773 779/1774
f 771/1868 767/1865 772/1869
f 726/1908 779/1909 791/1910
f 787/1877 785/1878 792/1879
f 781/1773 1057/1771 779/1774
f 793/1880 791/1881 792/1879
f 787/1877 792/1879 791/1881
f 712/833 224/831 714/835
f 713/1912 786/1913 714/1914
f 779/1907 1057/1906 776/1905
f 715/1915 786/1913 713/1912
f 772/1916 1059/1917 1060/1918
f 793/1919 792/1920 784/1921
f 1061/1822 735/1820 1052/1819
f 735/1820 794/1823 1053/1821
f 1060/1136 773/1131 772/1130
f 715/53 792/54 785/55
f 726/1908 791/1910 793/1911
f 784/52 792/54 715/53
f 787/1877 791/1881 779/1874
f 795/1807 739/1802 796/1808
f 735/1922 1056/1923 778/1924
f 773/1131 797/1137 798/1138
f 775/1870 768/1866 771/1868
f 771/1868 768/1866 767/1865
f 738/1801 733/1797 732/1796
f 732/1796 796/1808 738/1801
f 794/1928 1062/1929 1053/1930
f 739/1802 795/1807 1063/1809
f 774/1132 773/1131 798/1138
f 1056/1923 735/1922 1061/1925
f 794/1931 739/1932 1062/1933
f 738/1801 796/1808 739/1802
f 794/1926 778/1924 781/1927
f 794/1935 781/1936 749/1937
f 740/1803 794/1810 749/1806
f 794/1926 735/1922 778/1924
f 1063/1809 1062/1811 739/1802
f 799/2171 745/1124 800/1140
f 711/836 712/833 714/835
f 711/1882 714/1883 780/1875
f 726/1767 728/1769 781/1773
f 717/1118 788/1141 801/1142
f 749/1775 781/1773 728/1769
f 717/1938 802/1939 788/1940
f 788/1941 789/1942 801/1943
f 717/1118 801/1142 803/1143
f 789/1942 803/1944 801/1943
f 802/203 758/193 788/200
f 774/1132 798/1138 804/1144
f 774/1132 804/1144 805/1145
f 798/1138 806/1146 804/1144
f 718/1119 807/1147 751/1148
f 726/1945 808/1946 734/1947
f 806/1146 809/1149 804/1144
f 797/1950 800/1951 806/1952
f 1060/1136 1063/1150 810/1151
f 797/1137 806/1146 798/1138
f 751/1148 807/1147 811/1152
f 803/1143 812/1153 807/1147
f 629/49 760/46 561/35
f 717/1118 803/1143 718/1119
f 780/1875 714/1883 786/1876
f 813/1953 814/1954 815/1955
f 718/1119 803/1143 807/1147
f 745/1124 816/1154 800/1140
f 800/1140 816/1154 806/1146
f 774/1132 817/1155 775/1133
f 811/1152 807/1147 812/1153
f 1064/1884 1055/1885 711/1882
f 777/1958 1065/1959 1064/1960
f 711/1882 780/1875 1064/1884
f 777/1873 1064/1884 780/1875
f 789/1134 818/1156 803/1143
f 815/1157 818/1156 790/1135
f 805/1145 817/1155 774/1132
f 818/1156 819/1158 812/1153
f 747/1833 750/1830 752/1832
f 815/1157 790/1135 817/1155
f 790/1135 818/1156 789/1134
f 752/1159 811/1152 819/1158
f 812/1153 803/1143 818/1156
f 811/1152 812/1153 819/1158
f 815/1955 817/1956 813/1953
f 820/1961 821/1962 822/1963
f 820/1961 822/1963 818/1964
f 815/1157 821/2172 820/1161
f 726/56 793/57 808/58
f 820/1161 818/1156 815/1157
f 743/42 823/59 808/58
f 813/1162 817/1155 805/1145
f 741/40 743/42 784/52
f 788/200 758/193 770/199
f 763/1973 823/1974 743/1975
f 808/58 784/52 743/42
f 793/57 784/52 808/58
f 762/1850 743/1852 753/1853
f 824/1163 813/1162 805/1145
f 805/1145 804/1144 824/1163
f 808/1946 763/1948 734/1947
f 763/1948 808/1946 823/1949
f 825/1976 826/1977 827/1978
f 825/1164 828/1165 824/1163
f 829/1166 830/1167 826/1168
f 806/1146 831/1169 809/1149
f 831/1169 832/1170 809/1149
f 817/1155 790/1135 775/1133
f 829/1166 809/1149 832/1170
f 804/1144 826/1168 824/1163
f 833/1979 763/1980 762/1981
f 834/1982 831/1983 835/1984
f 826/1168 825/1164 824/1163
f 804/1144 829/1166 826/1168
f 829/1166 804/1144 809/1149
f 824/1163 814/1171 813/1162
f 814/1171 824/1163 828/1165
f 816/1154 831/1169 806/1146
f 828/1165 825/1164 814/1171
f 834/1985 836/1986 831/1987
f 832/1988 831/1987 836/1986
f 837/1990 826/1991 838/1992
f 814/1171 825/1164 821/1160
f 821/1957 815/1955 814/1954
f 839/1172 838/1173 830/1167
f 826/1965 837/1966 827/1967
f 839/1172 840/1174 837/1175
f 840/1174 839/1172 841/1176
f 841/1176 839/1172 830/1167
f 841/1989 832/1988 836/1986
f 752/1159 751/1148 811/1152
f 841/1176 842/1177 843/1178
f 825/1968 844/1969 821/1962
f 770/199 757/192 845/204
f 769/197 770/199 845/204
f 846/1993 772/1994 767/1995
f 847/1996 846/1993 767/1995
f 846/1993 847/1996 848/1997
f 847/1650 767/1651 769/1652
f 849/2007 769/2008 845/2009
f 849/205 845/204 850/206
f 851/2010 769/2008 849/2007
f 845/204 764/194 850/206
f 852/1676 853/1677 854/1678
f 851/1653 847/1650 769/1652
f 852/2155 766/196 702/208
f 852/2155 764/194 766/196
f 848/1654 847/1650 851/1653
f 696/1667 1066/1679 699/1671
f 849/205 850/206 855/209
f 855/2011 851/2010 849/2007
f 702/208 766/196 698/210
f 830/1167 838/1173 826/1168
f 839/1172 837/1175 838/1173
f 832/1170 830/1167 829/1166
f 841/1176 830/1167 832/1170
f 854/211 690/212 855/209
f 1066/1679 853/1677 702/1669
f 1067/1998 1059/1999 1068/2000
f 1068/2000 1059/1999 772/1994
f 702/1669 853/1677 852/1676
f 1068/2000 856/2001 857/2002
f 852/2014 850/2015 764/2016
f 857/2002 1069/2003 1070/2004
f 702/1669 699/1671 1066/1679
f 1071/2005 1070/2004 1069/2003
f 810/1812 1063/1809 795/1807
f 810/1151 797/1137 773/1131
f 799/2017 800/2018 797/2019
f 799/1139 797/1137 810/1151
f 810/1812 795/1807 796/1808
f 846/1993 848/1997 856/2001
f 739/1932 794/1931 740/1934
f 848/1997 858/2006 857/2002
f 799/1813 732/1796 745/1814
f 799/1813 810/1812 796/1808
f 857/2002 856/2001 848/1997
f 1072/2020 1044/2021 694/2022
f 694/2022 853/2023 1072/2020
f 852/207 855/209 850/206
f 852/207 854/211 855/209
f 1066/1679 1072/1680 853/1677
f 857/2002 858/2006 1069/2003
f 1068/2000 772/1994 856/2001
f 1073/2024 1041/2025 694/2022
f 690/2026 853/2023 694/2022
f 744/43 782/50 859/60
f 130/32 129/31 142/61
f 772/1994 846/1993 856/2001
f 773/1131 1060/1136 810/1151
f 696/1667 1044/1673 1066/1679
f 857/2002 1070/2004 1068/2000
f 1073/2024 694/2022 1044/2021
f 1074/1688 1069/1689 1075/1690
f 799/1813 796/1808 732/1796
f 1075/1690 1069/1689 700/1685
f 744/43 742/41 783/51
f 855/2011 860/2012 851/2010
f 1069/1689 701/1686 700/1685
f 690/2013 860/2012 855/2011
f 1076/1691 1075/1690 700/1685
f 848/1654 860/1655 858/1656
f 690/1647 692/1649 860/1655
f 1042/2028 1076/2029 700/2030
f 848/1654 851/1653 860/1655
f 692/1649 858/1656 860/1655
f 854/2027 853/2023 690/2026
f 701/1686 858/1692 692/1693
f 691/1684 701/1686 692/1693
f 770/199 758/193 757/192
f 845/204 861/213 764/194
f 757/192 861/213 845/204
f 703/39 729/45 8/26
f 701/1686 1069/1689 858/1692
f 862/62 863/63 744/43
f 864/2031 862/2032 859/2033
f 623/2037 865/2038 866/2039
f 7/24 783/51 129/31
f 867/1179 868/1180 869/1181
f 623/2037 644/2040 865/2038
f 7/24 730/64 783/51
f 869/1181 868/1180 748/1182
f 870/1183 869/1181 748/1182
f 636/1557 644/1561 623/1560
f 644/2042 759/2043 865/2044
f 129/31 783/51 754/65
f 865/1184 871/1185 872/1186
f 127/27 783/51 742/41
f 873/2045 871/2046 865/2047
f 866/2048 865/2049 872/2050
f 128/760 142/758 754/763
f 869/1181 874/1187 867/1179
f 873/1188 843/1178 871/1185
f 875/1854 866/1855 872/1856
f 630/2041 623/2037 866/2039
f 630/2051 609/2052 623/2053
f 759/1834 873/1835 865/1836
f 866/66 875/67 876/68
f 870/1183 747/1126 877/2173
f 878/2054 872/2055 879/2056
f 872/2055 878/2054 880/2057
f 881/2064 870/2065 877/2066
f 752/1832 822/1837 877/1838
f 870/1183 748/1182 747/1126
f 874/1187 869/1181 870/1183
f 877/1838 747/1833 752/1832
f 882/1190 881/1191 877/1189
f 874/1187 882/1190 883/1192
f 674/1100 867/1179 874/1187
f 874/1187 870/1183 881/1191
f 882/1190 874/1187 881/1191
f 884/1193 883/1192 885/1194
f 884/1193 874/1187 883/1192
f 886/1195 883/1192 877/1189
f 887/1196 886/1195 877/1189
f 844/1969 822/1963 821/1962
f 887/1196 888/1197 883/1192
f 877/1189 889/1198 887/1196
f 886/1195 887/1196 883/1192
f 888/1197 887/1196 890/1199
f 891/1200 888/1197 890/1199
f 884/1193 675/1101 674/1100
f 885/1194 680/1106 884/1193
f 874/1187 884/1193 674/1100
f 680/1106 677/1103 675/1101
f 883/1192 888/1197 885/1194
f 142/61 129/31 754/65
f 782/50 783/51 730/64
f 888/1197 891/1200 885/1194
f 680/1106 675/1101 884/1193
f 819/1970 822/1963 752/1971
f 819/1970 818/1964 822/1963
f 883/1192 882/1190 877/1189
f 680/1106 885/1194 891/1200
f 680/1106 679/1105 677/1103
f 686/1112 891/1200 892/1201
f 686/1112 678/1104 680/1106
f 827/1967 844/1969 825/1968
f 891/1200 686/1112 680/1106
f 827/1967 837/1966 893/1972
f 844/1839 877/1838 822/1837
f 889/1840 877/1838 844/1839
f 893/1841 889/1840 844/1839
f 844/1969 827/1967 893/1972
f 894/1842 889/1840 893/1841
f 841/1176 843/1178 840/1174
f 889/1198 894/1202 895/1203
f 837/2067 896/2068 893/2069
f 896/1204 837/1175 840/1174
f 896/1204 840/1174 873/1188
f 840/1174 843/1178 873/1188
f 873/2070 893/2071 896/2072
f 892/1201 890/1199 889/1198
f 890/1199 887/1196 889/1198
f 894/1842 893/1841 873/1835
f 895/1203 892/1201 889/1198
f 894/1202 897/1205 895/1203
f 892/1201 891/1200 890/1199
f 685/1111 686/1112 892/1201
f 647/1067 685/1111 897/1205
f 892/1201 895/1203 897/1205
f 31/405 719/416 75/411
f 742/41 10/28 127/27
f 754/2073 783/2074 127/2075
f 894/1842 873/1835 759/1834
f 647/1633 897/1634 898/1635
f 894/1636 898/1635 897/1634
f 892/1201 897/1205 685/1111
f 630/48 761/47 760/46
f 843/1178 872/1186 871/1185
f 639/1632 645/1631 898/1635
f 898/1635 894/1636 759/1637
f 719/404 10/397 741/402
f 647/1067 898/1206 645/1065
f 872/1856 899/1857 875/1854
f 630/48 866/66 876/68
f 863/1858 899/1857 872/1856
f 863/1858 872/1856 900/1859
f 28/398 10/397 719/404
f 630/48 876/68 761/47
f 842/1177 841/1176 836/1207
f 639/1632 898/1635 759/1637
f 703/39 761/47 901/69
f 875/67 901/69 761/47
f 859/60 782/50 730/64
f 902/70 903/71 755/72
f 875/67 761/47 876/68
f 729/45 902/70 755/72
f 703/39 901/69 729/45
f 902/70 729/45 901/69
f 875/67 899/73 904/74
f 904/74 901/69 875/67
f 904/74 899/73 863/63
f 901/69 903/71 902/70
f 835/2174 842/1177 836/1207
f 745/1124 732/1209 731/1122
f 843/2058 842/2059 879/2056
f 880/1860 900/1859 872/1856
f 753/1853 863/1858 900/1859
f 872/1186 843/1178 879/1210
f 753/1853 900/1859 880/1860
f 737/1123 816/1154 745/1124
f 905/2060 880/2057 878/2054
f 903/2076 904/2077 864/2078
f 880/1860 905/1861 762/1850
f 906/1862 905/1861 907/1863
f 762/1850 753/1853 880/1860
f 835/2061 737/2062 908/2063
f 908/2079 907/2080 905/2081
f 842/2059 878/2054 879/2056
f 901/69 904/74 903/71
f 762/1850 905/1861 906/1862
f 833/2084 906/2085 763/2086
f 744/43 859/60 862/62
f 833/2087 762/2088 906/2089
f 719/416 31/405 28/407
f 755/2034 903/2035 859/2033
f 816/1154 737/1123 835/1208
f 864/2031 859/2033 903/2035
f 835/2061 908/2063 878/2054
f 831/1169 816/1154 835/1208
f 834/2090 835/2091 836/2092
f 878/2082 908/2079 905/2081
f 835/2061 878/2054 842/2059
f 906/1862 907/1863 763/1851
f 736/1864 763/1851 907/1863
f 737/2083 907/2080 908/2079
f 755/2034 859/2033 730/2036
f 736/2093 907/2094 737/2095
f 753/44 744/43 863/63
f 736/1799 734/1804 763/1815
f 904/74 863/63 862/62
f 864/2096 904/2097 862/2098
f 1058/1886 1077/1887 776/1871
f 1054/1872 776/1871 1077/1887
f 777/1873 1054/1872 1065/1888
f 710/1719 998/1724 191/1723
f 1047/1718 998/1724 710/1719
f 751/1831 750/1830 909/1843
f 717/214 721/215 802/203
f 724/1736 723/1735 910/1742
f 764/194 861/213 765/195
f 722/1708 705/1709 911/1710
f 722/1708 706/1703 705/1709
f 911/216 765/195 912/217
f 913/1211 914/1212 915/1213
f 914/1212 916/1214 917/1215
f 723/1778 722/1777 918/1780
f 698/210 766/196 911/216
f 722/1777 919/1781 918/1780
f 916/1214 920/1216 917/1215
f 921/2099 1078/2100 922/2101
f 725/1739 922/1743 1078/1744
f 723/1735 918/1745 910/1742
f 1050/2103 725/2104 1078/2105
f 922/1743 725/1739 724/1736
f 923/1217 914/1212 913/1211
f 923/1217 916/1214 914/1212
f 922/1743 724/1736 910/1742
f 750/1125 746/1127 924/1218
f 925/1746 1079/1747 1080/1748
f 861/213 757/192 756/191
f 926/1219 920/1216 927/1220
f 920/1216 926/1219 917/1215
f 867/1179 674/1100 928/1221
f 914/1212 917/1215 926/1219
f 928/1221 929/1222 867/1179
f 867/1179 929/1222 868/1180
f 911/1710 930/1711 919/1712
f 909/1223 718/1119 751/1148
f 909/1223 716/1117 718/1119
f 750/1830 931/1844 909/1843
f 927/1220 924/1218 926/1219
f 932/1224 933/1225 926/1219
f 1038/1286 359/1289 358/1285
f 932/1224 746/1127 748/1182
f 912/217 934/218 930/219
f 924/1218 927/1220 750/1125
f 359/1289 1038/1286 1081/1290
f 720/1120 935/1226 721/1121
f 716/1117 909/1223 720/1120
f 936/2106 361/2107 360/2108
f 911/216 766/196 765/195
f 937/220 765/195 861/213
f 698/210 911/216 705/221
f 357/1287 361/1284 936/1291
f 932/1224 748/1182 868/1180
f 356/1292 357/1287 936/1291
f 861/213 756/191 937/220
f 362/188 329/184 938/2156
f 911/1710 919/1712 722/1708
f 939/2109 934/2110 940/2111
f 1082/1293 359/1289 1081/1290
f 328/186 363/189 938/222
f 938/1359 329/1357 328/1356
f 941/223 363/189 356/181
f 938/222 363/189 942/224
f 943/1294 359/1289 1082/1293
f 911/216 912/217 930/219
f 1082/1293 1083/1295 943/1294
f 936/2106 360/2108 944/2112
f 945/1391 944/1392 360/1390
f 1084/1749 946/1750 1083/1751
f 945/2119 943/2120 944/2121
f 947/1782 944/1783 943/1784
f 948/1785 947/1782 943/1784
f 359/1289 943/1294 945/1296
f 949/2113 944/2112 947/2114
f 950/1786 947/1782 948/1785
f 946/1750 948/1752 943/1753
f 360/1390 359/1388 945/1391
f 950/1754 946/1750 951/1755
f 952/1787 947/1782 950/1786
f 946/1750 950/1754 948/1752
f 949/225 941/223 356/181
f 356/181 936/226 949/225
f 944/2112 949/2113 936/2106
f 953/227 942/224 941/223
f 941/223 949/225 954/228
f 941/223 942/224 363/189
f 954/228 953/227 941/223
f 954/2115 947/2114 952/2116
f 947/2114 954/2115 949/2113
f 953/227 954/228 955/229
f 1085/1756 956/1757 1086/1758
f 956/1757 946/1750 1086/1758
f 943/1753 1083/1751 946/1750
f 1084/1749 1086/1758 946/1750
f 1085/1756 1087/1759 956/1757
f 1087/1759 1088/1760 956/1757
f 951/1788 952/1787 950/1786
f 1089/2122 956/2123 1088/2124
f 957/1761 946/1750 956/1757
f 912/217 765/195 953/227
f 929/1222 928/1221 670/1096
f 674/1100 671/1097 670/1096
f 674/1100 670/1096 928/1221
f 951/1755 946/1750 957/1761
f 365/230 958/231 959/232
f 912/217 953/227 940/233
f 960/2125 961/2126 364/2127
f 960/2175 364/1038 365/1039
f 250/1034 249/1033 364/1038
f 316/1036 364/1038 249/1033
f 956/1757 925/1746 957/1761
f 961/1228 250/1034 364/1038
f 962/1229 929/1222 670/1096
f 937/220 953/227 765/195
f 929/1222 932/1224 868/1180
f 959/1230 963/1231 365/1039
f 929/1222 962/1229 933/1225
f 924/1218 746/1127 932/1224
f 963/1231 959/1230 964/1232
f 963/1231 960/2175 365/1039
f 929/1222 933/1225 932/1224
f 670/1096 668/1093 962/1229
f 962/1229 668/1093 648/1068
f 965/1233 962/1229 648/1068
f 912/2117 940/2111 934/2110
f 933/1225 965/1233 914/1212
f 966/1513 427/1510 247/1512
f 445/1514 427/1510 966/1513
f 913/1515 445/1514 966/1513
f 940/233 953/227 955/229
f 648/1068 444/1055 445/2168
f 923/1217 250/1034 961/1228
f 246/1030 248/1032 250/1034
f 966/1234 246/1030 913/1211
f 962/1229 965/1233 933/1225
f 246/1030 923/1217 913/1211
f 445/1057 913/1211 967/1235
f 923/1217 246/1030 250/1034
f 915/1213 914/1212 965/1233
f 932/1224 926/1219 924/1218
f 965/1233 648/1068 915/1213
f 942/224 968/2157 938/222
f 938/2128 968/2129 362/2130
f 969/235 968/2157 942/224
f 968/2131 970/2132 971/2133
f 968/234 971/236 362/188
f 972/237 721/215 935/238
f 969/235 970/239 968/2157
f 969/235 942/224 953/227
f 648/1068 913/1211 915/1213
f 445/2135 967/2136 648/2137
f 935/238 958/231 971/236
f 362/188 971/236 323/187
f 971/236 326/240 323/187
f 931/1844 960/1845 963/1846
f 937/220 969/235 953/227
f 958/231 326/240 971/236
f 959/232 958/231 935/238
f 967/1235 913/1211 648/1068
f 964/1232 935/1226 720/1120
f 959/1230 935/1226 964/1232
f 720/1120 963/1231 964/1232
f 931/1236 916/1214 960/1227
f 720/1120 909/1223 963/1231
f 931/1236 920/1216 916/1214
f 931/1844 963/1846 909/1843
f 972/237 969/235 937/220
f 247/2138 246/2139 966/2140
f 802/203 972/237 756/191
f 802/203 756/191 758/193
f 933/1225 914/1212 926/1219
f 802/203 721/215 972/237
f 973/1789 939/1790 951/1788
f 756/191 972/237 937/220
f 750/1125 927/1220 931/1236
f 925/1746 1089/1762 1090/1763
f 925/1746 956/1757 1089/1762
f 951/1788 939/1790 952/1787
f 960/2176 923/1217 961/1228
f 916/2141 923/2142 960/2143
f 925/2144 1080/2145 921/2146
f 910/2102 921/2099 922/2101
f 910/1742 925/1746 921/1764
f 925/1746 1090/1763 1091/1765
f 972/237 970/239 969/235
f 971/2133 970/2132 972/2134
f 951/1755 957/1761 973/1766
f 971/236 972/237 935/238
f 939/2109 940/2111 955/2118
f 927/1220 920/1216 931/1236
f 925/1746 918/1745 973/1766
f 925/1746 910/1742 918/1745
f 934/1791 939/1790 973/1789
f 973/1789 918/1780 934/1791
f 934/1713 919/1712 930/1711
f 1079/1747 925/1746 1091/1765
f 973/1766 957/1761 925/1746
f 1080/2145 1078/2147 921/2146
f 919/1781 934/1791 918/1780
f 952/2116 939/2109 955/2118
f 954/2115 952/2116 955/2118
f 326/240 958/231 365/230
f 641/2148 658/2149 611/2150
f 567/624 574/613 546/617
f 589/1606 571/1607 547/1605
f 571/1607 546/1602 547/1605
f 546/617 571/625 567/624
f 589/627 547/628 974/629
f 547/628 530/577 537/587
f 547/628 537/587 974/629
f 589/1566 538/1526 975/1567
f 589/1566 974/1568 538/1526
f 569/653 589/659 560/667
f 641/666 561/660 560/667
f 560/667 589/659 641/666
f 975/1567 524/1523 641/1565
f 450/1520 975/1567 463/1524
f 538/1526 463/1524 975/1567
f 537/1525 538/1526 974/1568
f 450/1520 524/1523 975/1567
f 589/1566 975/1567 641/1565
f 524/1523 658/1564 641/1565
vt 0.58768 0.34665
vt 0.599649 0.34894
vt 0.586957 0.349315
vt 0.577139 0.35372
vt 0.576877 0.347826
vt 0.603192 0.35443
vt 0.594093 0.358735
vt 0.619087 0.357416
vt 0.617123 0.352805
vt 0.623345 0.355783
vt 0.609911 0.361623
vt 0.597682 0.361769
vt 0.585254 0.360017
vt 0.574829 0.363402
vt 0.618747 0.364624
vt 0.357135 0.324576
vt 0.383289 0.326247
vt 0.351765 0.33704
vt 0.380634 0.303363
vt 0.38223 0.314218
vt 0.347495 0.317333
vt 0.186087 0.31528
vt 0.191112 0.33424
vt 0.179399 0.316049
vt 0.337984 0.346906
vt 0.324927 0.332135
vt 0.307357 0.347538
vt 0.327302 0.355752
vt 0.350682 0.3037
vt 0.329601 0.306613
vt 0.324089 0.320148
vt 0.184056 0.331448
vt 0.17395 0.312972
vt 0.281244 0.345381
vt 0.283073 0.333102
vt 0.300655 0.356256
vt 0.278078 0.355861
vt 0.284766 0.320357
vt 0.239768 0.330545
vt 0.182069 0.31359
vt 0.290635 0.308991
vt 0.326301 0.296647
vt 0.185595 0.347142
vt 0.23437 0.319162
vt 0.223997 0.34333
vt 0.222435 0.351046
vt 0.218771 0.360229
vt 0.284252 0.3008
vt 0.238084 0.311933
vt 0.378811 0.289839
vt 0.354715 0.292839
vt 0.211415 0.337631
vt 0.223481 0.315835
vt 0.203701 0.349397
vt 0.203452 0.35649
vt 0.19115 0.359183
vt 0.189654 0.312861
vt 0.199961 0.340566
vt 0.183946 0.35935
vt 0.183296 0.354201
vt 0.195548 0.312763
vt 0.213152 0.30854
vt 0.205231 0.310876
vt 0.386809 0.347827
vt 0.385811 0.33773
vt 0.652954 0.087054
vt 0.6596 0.084537
vt 0.670403 0.089722
vt 0.905 0.383756
vt 0.888359 0.382353
vt 0.887393 0.370335
vt 0.915608 0.366277
vt 0.913832 0.359068
vt 0.922413 0.358728
vt 0.882144 0.384446
vt 0.881396 0.372845
vt 0.905956 0.345418
vt 0.917591 0.34818
vt 0.902713 0.364045
vt 0.92111 0.373458
vt 0.907299 0.373411
vt 0.923042 0.369452
vt 0.913711 0.369788
vt 0.910097 0.37836
vt 0.884391 0.396007
vt 0.906648 0.378016
vt 0.92055 0.384311
vt 0.920618 0.374574
vt 0.891836 0.353498
vt 0.92275 0.390821
vt 0.9048 0.372943
vt 0.884812 0.352089
vt 0.879978 0.35665
vt 0.928199 0.401881
vt 0.900448 0.408885
vt 0.913526 0.39603
vt 0.916058 0.411588
vt 0.892238 0.418335
vt 0.880102 0.334062
vt 0.921477 0.344889
vt 0.891533 0.328135
vt 0.911279 0.335242
vt 0.893288 0.3114
vt 0.927957 0.334747
vt 0.92277 0.324046
vt 0.924937 0.367011
vt 0.911735 0.312973
vt 0.884009 0.317026
vt 0.903543 0.280981
vt 0.908596 0.284532
vt 0.899034 0.283237
vt 0.885803 0.302422
vt 0.884894 0.290625
vt 0.929739 0.285365
vt 0.925531 0.288186
vt 0.920504 0.297283
vt 0.896579 0.288458
vt 0.916189 0.291958
vt 0.872681 0.286509
vt 0.873582 0.282166
vt 0.877796 0.303099
vt 0.873593 0.299013
vt 0.879079 0.313221
vt 0.929615 0.299475
vt 0.926891 0.290434
vt 0.732544 0.033505
vt 0.735695 0.031005
vt 0.736445 0.039917
vt 0.690468 0.09496
vt 0.700979 0.085495
vt 0.70096 0.088123
vt 0.708229 0.101503
vt 0.715919 0.096567
vt 0.729095 0.098217
vt 0.723622 0.103766
vt 0.716558 0.101898
vt 0.721791 0.08866
vt 0.710711 0.090504
vt 0.714439 0.105662
vt 0.754704 0.150745
vt 0.73997 0.130399
vt 0.732073 0.103625
vt 0.724801 0.123582
vt 0.741744 0.153175
vt 0.722743 0.147097
vt 0.74417 0.172662
vt 0.697186 0.16606
vt 0.679815 0.119892
vt 0.691336 0.130898
vt 0.712798 0.085406
vt 0.702655 0.106958
vt 0.700498 0.127273
vt 0.69195 0.107972
vt 0.702377 0.153799
vt 0.718325 0.16306
vt 0.689716 0.172444
vt 0.712295 0.171343
vt 0.71251 0.211006
vt 0.702263 0.208109
vt 0.724276 0.206895
vt 0.732783 0.258403
vt 0.709998 0.236523
vt 0.718126 0.26062
vt 0.678345 0.10529
vt 0.689945 0.087039
vt 0.742106 0.243235
vt 0.748057 0.227298
vt 0.760728 0.250085
vt 0.77078 0.235701
vt 0.767124 0.246764
vt 0.780135 0.214776
vt 0.771599 0.216224
vt 0.767147 0.255115
vt 0.746708 0.25629
vt 0.738821 0.204831
vt 0.785057 0.213178
vt 0.788995 0.233197
vt 0.796484 0.232081
vt 0.262754 0.004551
vt 0.258423 0.009155
vt 0.259603 0.004082
vt 0.763621 0.104221
vt 0.766749 0.100203
vt 0.779778 0.10437
vt 0.784861 0.099308
vt 0.800241 0.106696
vt 0.802034 0.090644
vt 0.787631 0.090898
vt 0.762329 0.107788
vt 0.766479 0.097533
vt 0.059572 0.069067
vt 0.054322 0.070679
vt 0.052455 0.066271
vt 0.039185 0.067702
vt 0.017378 0.004272
vt 0.00354 0.002757
vt 0.010186 0.000515
vt 0.265345 0.096917
vt 0.272538 0.099943
vt 0.252075 0.103393
vt 0.276656 0.093859
vt 0.291793 0.100862
vt 0.274786 0.096844
vt 0.29226 0.105273
vt 0.298482 0.111694
vt 0.262817 0.094368
vt 0.885137 0.077463
vt 0.884945 0.086792
vt 0.880981 0.075567
vt 0.440063 0.100952
vt 0.444705 0.09012
vt 0.446317 0.095219
vt 0.892727 0.099487
vt 0.888306 0.098996
vt 0.896807 0.088474
vt 0.311179 0.106606
vt 0.307943 0.110007
vt 0.29895 0.106752
vt 0.318041 0.111337
vt 0.317472 0.115112
vt 0.131867 0.184747
vt 0.15173 0.184175
vt 0.19885 0.194727
vt 0.128339 0.190556
vt 0.19848 0.201751
vt 0.197779 0.213297
vt 0.20871 0.200456
vt 0.204258 0.191943
vt 0.213815 0.188533
vt 0.19871 0.185524
vt 0.172076 0.184602
vt 0.133144 0.205983
vt 0.092707 0.191228
vt 0.140085 0.198468
vt 0.17712 0.225772
vt 0.135129 0.215508
vt 0.181363 0.215936
vt 0.090694 0.201506
vt 0.08658 0.213924
vt 0.126131 0.222724
vt 0.03582 0.215838
vt 0.026472 0.222196
vt 0.024146 0.212543
vt 0.082664 0.200379
vt 0.081076 0.213272
vt 0.077408 0.228392
vt 0.059777 0.223709
vt 0.046399 0.213526
vt 0.063084 0.209735
vt 0.085066 0.224285
vt 0.08152 0.233091
vt 0.200415 0.228551
vt 0.197185 0.224961
vt 0.203507 0.211523
vt 0.206522 0.217831
vt 0.212485 0.198369
vt 0.204388 0.23801
vt 0.209177 0.215929
vt 0.195121 0.238742
vt 0.196989 0.242663
vt 0.18069 0.23023
vt 0.17915 0.228385
vt 0.171743 0.239353
vt 0.197354 0.244252
vt 0.174839 0.242346
vt 0.191348 0.245972
vt 0.128354 0.229535
vt 0.084366 0.181236
vt 0.089297 0.170354
vt 0.07453 0.185144
vt 0.040125 0.156313
vt 0.037173 0.163519
vt 0.029247 0.164623
vt 0.018677 0.163965
vt 0.028641 0.158387
vt 0.045657 0.181081
vt 0.028935 0.186596
vt 0.019488 0.189851
vt 0.044382 0.197758
vt 0.059928 0.169986
vt 0.069759 0.175634
vt 0.06532 0.188749
vt 0.054778 0.199083
vt 0.031925 0.200902
vt 0.022212 0.200112
vt 0.070394 0.166604
vt 0.46174 0.110878
vt 0.445923 0.116577
vt 0.458151 0.108185
vt 0.84132 0.133501
vt 0.846052 0.12721
vt 0.84305 0.14113
vt 0.853245 0.125092
vt 0.838013 0.151061
vt 0.841832 0.160522
vt 0.850258 0.139703
vt 0.76464 0.091658
vt 0.743774 0.101929
vt 0.756311 0.090462
vt 0.001002 0.056518
vt 0.000122 0.045798
vt 0.005157 0.053007
vt 0.619235 0.263615
vt 0.614906 0.275175
vt 0.610424 0.261568
vt 0.620002 0.252013
vt 0.611176 0.24954
vt 0.608983 0.238684
vt 0.620759 0.235818
vt 0.591101 0.294504
vt 0.587243 0.302033
vt 0.579901 0.295188
vt 0.58844 0.290203
vt 0.597496 0.283148
vt 0.599531 0.289678
vt 0.573323 0.302692
vt 0.594407 0.297503
vt 0.511668 0.299543
vt 0.503572 0.300112
vt 0.497149 0.28847
vt 0.518166 0.28886
vt 0.502174 0.277078
vt 0.489851 0.281591
vt 0.600929 0.22516
vt 0.62189 0.213231
vt 0.567088 0.297931
vt 0.526737 0.292139
vt 0.528528 0.302759
vt 0.604844 0.273051
vt 0.541103 0.296445
vt 0.555524 0.298726
vt 0.541612 0.305673
vt 0.554992 0.309936
vt 0.5637 0.306605
vt 0.534233 0.307948
vt 0.618246 0.165677
vt 0.616346 0.15696
vt 0.620513 0.161335
vt 0.586273 0.212138
vt 0.583896 0.19626
vt 0.616594 0.189399
vt 0.601238 0.16343
vt 0.56236 0.175624
vt 0.620212 0.182267
vt 0.62434 0.19239
vt 0.626397 0.196194
vt 0.616791 0.178181
vt 0.612242 0.155446
vt 0.589713 0.127299
vt 0.573883 0.106317
vt 0.596035 0.126206
vt 0.602077 0.14419
vt 0.601066 0.131629
vt 0.607049 0.138192
vt 0.608235 0.148947
vt 0.578635 0.140955
vt 0.567665 0.15824
vt 0.564992 0.146627
vt 0.572348 0.204338
vt 0.551909 0.193421
vt 0.55635 0.187386
vt 0.441586 0.198512
vt 0.442581 0.208247
vt 0.43537 0.183391
vt 0.455826 0.194888
vt 0.459832 0.203116
vt 0.451138 0.180699
vt 0.448046 0.216551
vt 0.444564 0.221826
vt 0.453711 0.240689
vt 0.471219 0.218848
vt 0.449579 0.233455
vt 0.47722 0.244733
vt 0.459918 0.252691
vt 0.468232 0.260464
vt 0.461828 0.260144
vt 0.482922 0.277427
vt 0.482161 0.254994
vt 0.491904 0.267426
vt 0.557409 0.124704
vt 0.565243 0.095946
vt 0.437661 0.149623
vt 0.435001 0.148233
vt 0.444676 0.142851
vt 0.432251 0.176336
vt 0.436212 0.169675
vt 0.45423 0.14798
vt 0.433936 0.160631
vt 0.438899 0.161802
vt 0.450934 0.159365
vt 0.554373 0.108538
vt 0.478414 0.102718
vt 0.483672 0.113547
vt 0.471556 0.106232
vt 0.499612 0.106638
vt 0.487768 0.102234
vt 0.496853 0.094533
vt 0.498314 0.098984
vt 0.498478 0.091833
vt 0.51051 0.104515
vt 0.51356 0.08914
vt 0.51981 0.092624
vt 0.520198 0.101611
vt 0.532087 0.092087
vt 0.502947 0.090754
vt 0.494093 0.085758
vt 0.458127 0.12183
vt 0.451074 0.128507
vt 0.456256 0.119278
vt 0.461303 0.134035
vt 0.534314 0.103436
vt 0.468496 0.125779
vt 0.551858 0.092917
vt 0.541266 0.088385
vt 0.548181 0.087883
vt 0.542444 0.110531
vt 0.557398 0.091647
vt 0.525512 0.106058
vt 0.822922 0.318972
vt 0.814262 0.334582
vt 0.809796 0.323465
vt 0.796829 0.346874
vt 0.807063 0.307523
vt 0.799913 0.316341
vt 0.793143 0.308151
vt 0.79561 0.338048
vt 0.814227 0.310763
vt 0.723392 0.310055
vt 0.728554 0.31596
vt 0.719082 0.3259
vt 0.716919 0.340035
vt 0.726807 0.340928
vt 0.727249 0.337226
vt 0.783771 0.333811
vt 0.78352 0.308684
vt 0.768356 0.314634
vt 0.774812 0.308
vt 0.731488 0.308935
vt 0.748348 0.308344
vt 0.751435 0.318861
vt 0.739846 0.32994
vt 0.756044 0.317648
vt 0.754053 0.310482
vt 0.731195 0.350288
vt 0.767396 0.335025
vt 0.750596 0.344531
vt 0.763886 0.350464
vt 0.761431 0.308752
vt 0.779378 0.347431
vt 0.02588 0.096523
vt 0.005381 0.10437
vt 0.010505 0.0989
vt 0.002075 0.099372
vt 0.233251 0.281221
vt 0.253524 0.267843
vt 0.244506 0.288262
vt 0.228638 0.2918
vt 0.23249 0.301147
vt 0.248482 0.300603
vt 0.266659 0.250211
vt 0.275399 0.257225
vt 0.263672 0.274126
vt 0.313497 0.284139
vt 0.318756 0.295721
vt 0.310217 0.297565
vt 0.369323 0.098102
vt 0.36925 0.110593
vt 0.351812 0.0935
vt 0.35729 0.181767
vt 0.374402 0.122849
vt 0.377248 0.125723
vt 0.362644 0.185031
vt 0.379408 0.110405
vt 0.332653 0.093649
vt 0.344955 0.094212
vt 0.34119 0.099478
vt 0.321501 0.087569
vt 0.318937 0.094827
vt 0.354151 0.089139
vt 0.340576 0.083414
vt 0.314112 0.097628
vt 0.364388 0.090899
vt 0.306978 0.14847
vt 0.310538 0.14693
vt 0.321309 0.152781
vt 0.32806 0.112629
vt 0.324844 0.102308
vt 0.33879 0.106663
vt 0.330387 0.121023
vt 0.317156 0.120566
vt 0.31864 0.117248
vt 0.316869 0.155876
vt 0.321366 0.123232
vt 0.340828 0.121827
vt 0.342203 0.117563
vt 0.340588 0.112511
vt 0.326348 0.114682
vt 0.327297 0.130265
vt 0.336162 0.131299
vt 0.346777 0.126273
vt 0.321072 0.111319
vt 0.359021 0.135345
vt 0.347367 0.134213
vt 0.321999 0.132499
vt 0.331641 0.136272
vt 0.328174 0.157827
vt 0.33199 0.15279
vt 0.335696 0.157098
vt 0.341969 0.13643
vt 0.34573 0.154331
vt 0.347279 0.163026
vt 0.349045 0.141432
vt 0.343809 0.177427
vt 0.285689 0.199266
vt 0.305753 0.150499
vt 0.295107 0.202336
vt 0.272831 0.246099
vt 0.299373 0.212996
vt 0.336178 0.200527
vt 0.328558 0.178305
vt 0.347715 0.209454
vt 0.307448 0.226486
vt 0.316072 0.238276
vt 0.334638 0.220908
vt 0.335463 0.246406
vt 0.357014 0.207608
vt 0.278475 0.251409
vt 0.286943 0.26028
vt 0.348658 0.234255
vt 0.295605 0.264824
vt 0.257053 0.300001
vt 0.279068 0.281035
vt 0.285841 0.299004
vt 0.307014 0.267189
vt 0.297404 0.298301
vt 0.318872 0.26941
vt 0.327812 0.293761
vt 0.271419 0.29975
vt 0.414673 0.103669
vt 0.428923 0.100848
vt 0.423739 0.110229
vt 0.413306 0.110912
vt 0.399075 0.120105
vt 0.405594 0.108495
vt 0.414411 0.099429
vt 0.401099 0.095414
vt 0.408028 0.094245
vt 0.409967 0.119128
vt 0.415276 0.125472
vt 0.395069 0.105406
vt 0.380005 0.10014
vt 0.401497 0.128784
vt 0.129028 0.119028
vt 0.144081 0.137504
vt 0.140381 0.138013
vt 0.14593 0.153198
vt 0.666863 0.118947
vt 0.665977 0.124395
vt 0.649536 0.136108
vt 0.666302 0.110368
vt 0.670403 0.107865
vt 0.670239 0.119507
vt 0.654393 0.114212
vt 0.654819 0.10788
vt 0.640259 0.106197
vt 0.166138 0.013248
vt 0.173436 0.014331
vt 0.172521 0.018433
vt 0.034302 0.098205
vt 0.046122 0.099258
vt 0.04673 0.101791
vt 0.057155 0.105835
vt 0.839312 0.060913
vt 0.818481 0.057802
vt 0.83032 0.056066
vt 0.277804 0.083302
vt 0.287555 0.085146
vt 0.266724 0.088257
vt 0.834946 0.131672
vt 0.839428 0.140503
vt 0.825317 0.125346
vt 0.80079 0.107092
vt 0.790552 0.114249
vt 0.776978 0.117065
vt 0.268477 0.125149
vt 0.27034 0.115993
vt 0.272699 0.121401
vt 0.267146 0.136734
vt 0.26028 0.135942
vt 0.259888 0.147758
vt 0.277276 0.148704
vt 0.263585 0.150268
vt 0.270923 0.144118
vt 0.486832 0.148367
vt 0.483996 0.150268
vt 0.481567 0.130806
vt 0.527991 0.116677
vt 0.522979 0.128492
vt 0.521582 0.125158
vt 0.528003 0.107216
vt 0.513874 0.13456
vt 0.499634 0.141968
vt 0.512161 0.138014
vt 0.975878 0.10481
vt 0.977073 0.122752
vt 0.973755 0.12439
vt 0.529289 0.131606
vt 0.524352 0.151186
vt 0.520142 0.153686
vt 0.750095 0.127319
vt 0.746535 0.125474
vt 0.743774 0.113025
vt 0.226041 0.070991
vt 0.235052 0.076181
vt 0.224731 0.078003
vt 0.627084 0.15271
vt 0.624146 0.131891
vt 0.628403 0.132761
vt 0.214553 0.016533
vt 0.203735 0.018921
vt 0.207565 0.015224
vt 0.481046 0.142456
vt 0.477457 0.140867
vt 0.468384 0.126755
vt 0.755493 0.109741
vt 0.759268 0.097094
vt 0.761834 0.106497
vt 0.408519 0.078491
vt 0.398192 0.078333
vt 0.390259 0.072692
vt 0.393847 0.072326
vt 0.384423 0.097534
vt 0.369751 0.091301
vt 0.389821 0.095213
vt 0.943481 0.075114
vt 0.960885 0.072513
vt 0.950557 0.077026
vt 0.842458 0.011982
vt 0.833593 0.016479
vt 0.822388 0.015893
vt 0.463989 0.133491
vt 0.468157 0.132374
vt 0.468547 0.141992
vt 0.467813 0.158943
vt 0.470919 0.163452
vt 0.870058 0.276171
vt 0.836348 0.28099
vt 0.840765 0.270262
vt 0.870518 0.304646
vt 0.865697 0.313278
vt 0.833481 0.300196
vt 0.815996 0.306256
vt 0.85225 0.314782
vt 0.803442 0.267174
vt 0.874109 0.263887
vt 0.872772 0.2755
vt 0.87173 0.292885
vt 0.837386 0.259028
vt 0.876065 0.241964
vt 0.848646 0.250841
vt 0.808805 0.252644
vt 0.789237 0.253259
vt 0.790298 0.26335
vt 0.798274 0.289586
vt 0.792741 0.300688
vt 0.772842 0.281339
vt 0.842955 0.290248
vt 0.85046 0.324585
vt 0.861523 0.320948
vt 0.869874 0.310681
vt 0.814837 0.24088
vt 0.83894 0.241446
vt 0.705776 0.299817
vt 0.695185 0.291003
vt 0.710164 0.291162
vt 0.723702 0.267725
vt 0.737938 0.269893
vt 0.710204 0.280992
vt 0.69828 0.30043
vt 0.705865 0.277057
vt 0.762246 0.266252
vt 0.738191 0.27815
vt 0.760104 0.256555
vt 0.696728 0.280599
vt 0.694749 0.281508
vt 0.698462 0.26921
vt 0.768881 0.287759
vt 0.739693 0.299057
vt 0.740407 0.28946
vt 0.758576 0.308203
vt 0.737867 0.306792
vt 0.72296 0.309321
vt 0.714044 0.304371
vt 0.72607 0.299783
vt 0.692396 0.294511
vt 0.686646 0.299441
vt 0.536853 0.153804
vt 0.535179 0.165893
vt 0.533813 0.139698
vt 0.539961 0.152177
vt 0.535772 0.131018
vt 0.030817 0.084303
vt 0.032874 0.089233
vt 0.023071 0.08185
vt 0.604458 0.34807
vt 0.616765 0.34788
vt 0.625445 0.35144
vt 0.630395 0.334399
vt 0.610891 0.322591
vt 0.639204 0.321304
vt 0.605118 0.329483
vt 0.643237 0.338236
vt 0.60439 0.317497
vt 0.613605 0.30921
vt 0.643344 0.345764
vt 0.637923 0.351252
vt 0.634496 0.310799
vt 0.646578 0.315126
vt 0.601837 0.32292
vt 0.595354 0.340238
vt 0.593384 0.346737
vt 0.610692 0.293421
vt 0.602698 0.287237
vt 0.298778 0.092078
vt 0.277318 0.09314
vt 0.2677 0.088889
vt 0.499322 0.143442
vt 0.494751 0.133351
vt 0.498854 0.132368
vt 0.497513 0.164429
vt 0.445418 0.301262
vt 0.4504 0.29253
vt 0.452459 0.328785
vt 0.442215 0.323259
vt 0.41124 0.328143
vt 0.395401 0.328349
vt 0.392532 0.325599
vt 0.380434 0.25646
vt 0.391893 0.322341
vt 0.377165 0.269626
vt 0.3894 0.277153
vt 0.407999 0.333109
vt 0.41849 0.329411
vt 0.401519 0.32326
vt 0.392503 0.263175
vt 0.406066 0.287495
vt 0.399956 0.295955
vt 0.420434 0.257213
vt 0.425709 0.270174
vt 0.412342 0.262154
vt 0.421238 0.301843
vt 0.402548 0.259339
vt 0.43539 0.2673
vt 0.436965 0.33092
vt 0.426284 0.340283
vt 0.404963 0.34208
vt 0.38925 0.342651
vt 0.447334 0.269275
vt 0.448455 0.326946
vt 0.412846 0.193247
vt 0.430233 0.199494
vt 0.417237 0.210433
vt 0.425015 0.233405
vt 0.430674 0.214401
vt 0.434248 0.23511
vt 0.371704 0.151155
vt 0.382439 0.153706
vt 0.374487 0.166167
vt 0.394008 0.174643
vt 0.395172 0.223663
vt 0.398064 0.198957
vt 0.410051 0.223008
vt 0.405054 0.19392
vt 0.402774 0.159488
vt 0.395796 0.163299
vt 0.404261 0.167377
vt 0.39089 0.229957
vt 0.431222 0.190578
vt 0.434056 0.18231
vt 0.428828 0.174814
vt 0.380971 0.170666
vt 0.388348 0.190991
vt 0.376785 0.177826
vt 0.38053 0.19497
vt 0.383979 0.214627
vt 0.382881 0.230195
vt 0.407939 0.175186
vt 0.422738 0.16318
vt 0.693009 0.304044
vt 0.703253 0.300458
vt 0.699249 0.304452
vt 0.647846 0.314131
vt 0.663491 0.3098
vt 0.663224 0.31662
vt 0.636967 0.303094
vt 0.677963 0.312431
vt 0.677078 0.309266
vt 0.687759 0.307309
vt 0.671096 0.327804
vt 0.647109 0.321338
vt 0.655757 0.302516
vt 0.633279 0.289482
vt 0.640044 0.290605
vt 0.709689 0.31026
vt 0.691474 0.316832
vt 0.62131 0.287217
vt 0.627863 0.282764
vt 0.629458 0.307602
vt 0.634461 0.280453
vt 0.652787 0.338899
vt 0.674137 0.346567
vt 0.663854 0.356901
vt 0.677946 0.367554
vt 0.683985 0.324423
vt 0.62458 0.255505
vt 0.61731 0.27256
vt 0.621496 0.263709
vt 0.083175 0.272996
vt 0.075607 0.28184
vt 0.026806 0.266889
vt 0.017091 0.278825
vt 0.021739 0.261145
vt 0.02116 0.276278
vt 0.02376 0.279607
vt 0.022892 0.288842
vt 0.019634 0.287993
vt 0.016884 0.291457
vt 0.002582 0.281077
vt 0.005282 0.262731
vt 0.000122 0.270924
vt 0.04458 0.251161
vt 0.092859 0.259847
vt 0.045216 0.238115
vt 0.09208 0.241992
vt 0.045124 0.231867
vt 0.02873 0.242209
vt 0.031291 0.233803
vt 0.025749 0.257098
vt 0.03544 0.221754
vt 0.061451 0.227728
vt 0.000531 0.245976
vt 0.031989 0.225428
vt 0.005111 0.225287
vt 0.006124 0.214747
vt 0.002338 0.235297
vt 0.186377 0.247358
vt 0.197709 0.257152
vt 0.170889 0.263911
vt 0.189261 0.269698
vt 0.187843 0.280387
vt 0.180065 0.276236
vt 0.179066 0.293785
vt 0.194079 0.29305
vt 0.202104 0.286607
vt 0.118433 0.263348
vt 0.100831 0.274827
vt 0.169258 0.272502
vt 0.150262 0.259304
vt 0.154641 0.255224
vt 0.166779 0.253818
vt 0.152936 0.270767
vt 0.175907 0.244375
vt 0.135144 0.264822
vt 0.136334 0.255018
vt 0.138873 0.258599
vt 0.146584 0.239328
vt 0.141227 0.25809
vt 0.115625 0.252558
vt 0.138817 0.268473
vt 0.156735 0.240888
vt 0.159313 0.241241
vt 0.170166 0.242495
vt 0.155094 0.240899
vt 0.141122 0.240533
vt 0.119281 0.240011
vt 0.174567 0.297626
vt 0.159163 0.291687
vt 0.167407 0.295246
vt 0.149772 0.290332
vt 0.130917 0.283912
vt 0.117115 0.282662
vt 0.150264 0.298706
vt 0.133532 0.283607
vt 0.134153 0.288535
vt 0.130606 0.296162
vt 0.115038 0.290768
vt 0.088773 0.287016
vt 0.959251 0.034282
vt 0.964281 0.036834
vt 0.95813 0.043335
vt 0.844788 0.087571
vt 0.814575 0.087768
vt 0.837054 0.084717
vt 0.925727 0.089722
vt 0.921997 0.082052
vt 0.925705 0.079455
vt 0.932123 0.087938
vt 0.507237 0.363749
vt 0.500118 0.384134
vt 0.488651 0.382583
vt 0.489683 0.374356
vt 0.485962 0.398315
vt 0.488551 0.360167
vt 0.493724 0.358597
vt 0.501159 0.334457
vt 0.512745 0.340241
vt 0.50751 0.349092
vt 0.497674 0.345999
vt 0.493119 0.327447
vt 0.489079 0.338832
vt 0.497595 0.313503
vt 0.512229 0.300498
vt 0.5103 0.314492
vt 0.49781 0.305246
vt 0.503294 0.321137
vt 0.484945 0.372619
vt 0.477318 0.368394
vt 0.487199 0.347763
vt 0.465621 0.352701
vt 0.459806 0.355802
vt 0.474342 0.391379
vt 0.462295 0.372617
vt 0.48399 0.386198
vt 0.485281 0.397827
vt 0.46815 0.389702
vt 0.492318 0.292879
vt 0.491095 0.307224
vt 0.484417 0.304751
vt 0.463265 0.316217
vt 0.462154 0.299253
vt 0.486799 0.312605
vt 0.470933 0.334176
vt 0.487127 0.334047
vt 0.486226 0.340708
vt 0.458348 0.342294
vt 0.477243 0.343527
vt 0.468366 0.325887
vt 0.481887 0.325003
vt 0.448272 0.344514
vt 0.447388 0.34032
vt 0.454041 0.327056
vt 0.481106 0.296282
vt 0.490176 0.28365
vt 0.477374 0.280982
vt 0.461339 0.288089
vt 0.528442 0.123417
vt 0.54683 0.116125
vt 0.534476 0.127609
vt 0.531617 0.137573
vt 0.380493 0.107412
vt 0.392848 0.105338
vt 0.38455 0.113647
vt 0.130005 0.141147
vt 0.13466 0.130208
vt 0.130231 0.147339
vt 0.679321 0.327051
vt 0.713617 0.328002
vt 0.702457 0.332225
vt 0.70904 0.334932
vt 0.716303 0.335236
vt 0.714535 0.347238
vt 0.696486 0.319877
vt 0.680919 0.335795
vt 0.699504 0.356635
vt 0.712362 0.354692
vt 0.681731 0.347884
vt 0.68218 0.359392
vt 0.707096 0.370648
vt 0.692397 0.37146
vt 0.287667 0.135168
vt 0.277201 0.13855
vt 0.272583 0.123177
vt 0.441233 0.086063
vt 0.435982 0.095093
vt 0.428345 0.089444
vt 0.67359 0.111875
vt 0.670496 0.104169
vt 0.677912 0.110077
vt 0.672994 0.097882
vt 0.658081 0.101402
vt 0.654422 0.093966
vt 0.678072 0.119507
vt 0.64136 0.105833
vt 0.641235 0.099273
vt 0.396945 0.115187
vt 0.393836 0.122894
vt 0.390741 0.114996
vt 0.393186 0.130525
vt 0.389964 0.130013
vt 0.388228 0.124771
vt 0.38595 0.129447
vt 0.379517 0.119198
vt 0.389362 0.115914
vt 0.381646 0.137085
vt 0.545272 0.337076
vt 0.547062 0.351991
vt 0.53193 0.346317
vt 0.534786 0.334224
vt 0.540272 0.332752
vt 0.551735 0.335262
vt 0.523431 0.334285
vt 0.52918 0.330334
vt 0.532233 0.358028
vt 0.517368 0.333041
vt 0.534376 0.323652
vt 0.526537 0.320894
vt 0.533904 0.30997
vt 0.544646 0.326443
vt 0.550062 0.31669
vt 0.513346 0.310014
vt 0.519112 0.308816
vt 0.522464 0.326006
vt 0.513306 0.330246
vt 0.523241 0.307719
vt 0.529806 0.304918
vt 0.521199 0.363159
vt 0.515191 0.347674
vt 0.54463 0.315392
vt 0.556064 0.348448
vt 0.541579 0.309578
vt 0.803264 0.100972
vt 0.809467 0.102526
vt 0.809667 0.107911
vt 0.816318 0.104988
vt 0.80838 0.118318
vt 0.842951 0.092225
vt 0.840135 0.104795
vt 0.830398 0.093091
vt 0.843618 0.113185
vt 0.80667 0.129488
vt 0.817707 0.119102
vt 0.801724 0.113386
vt 0.800415 0.130107
vt 0.817977 0.131225
vt 0.825152 0.101895
vt 0.824015 0.094157
vt 0.822714 0.088047
vt 0.820692 0.09464
vt 0.837244 0.114121
vt 0.83515 0.107646
vt 0.810847 0.097381
vt 0.829225 0.117796
vt 0.96088 0.329845
vt 0.946051 0.33024
vt 0.948792 0.321937
vt 0.937267 0.342054
vt 0.928833 0.339595
vt 0.937049 0.335495
vt 0.935983 0.332025
vt 0.928886 0.348246
vt 0.937443 0.354688
vt 0.943522 0.346337
vt 0.948432 0.358251
vt 0.954829 0.346292
vt 0.959483 0.358435
vt 0.971915 0.338621
vt 0.982169 0.353746
vt 0.974862 0.352203
vt 0.988804 0.340356
vt 0.985196 0.331337
vt 0.973275 0.360718
vt 0.970061 0.3594
vt 0.958959 0.321992
vt 0.976253 0.32582
vt 0.111605 0.336494
vt 0.108311 0.343628
vt 0.09508 0.32887
vt 0.127012 0.300089
vt 0.117908 0.307322
vt 0.119167 0.297072
vt 0.130944 0.310346
vt 0.132388 0.31627
vt 0.136229 0.302047
vt 0.111877 0.323618
vt 0.127085 0.325391
vt 0.125732 0.332063
vt 0.130078 0.336043
vt 0.107714 0.305065
vt 0.142686 0.317239
vt 0.143617 0.304233
vt 0.150255 0.309517
vt 0.137579 0.327542
vt 0.149781 0.325519
vt 0.150976 0.336988
vt 0.147225 0.316295
vt 0.132552 0.298639
vt 0.143144 0.298861
vt 0.092896 0.340952
vt 0.820261 0.336691
vt 0.809643 0.342415
vt 0.819834 0.329455
vt 0.841221 0.332041
vt 0.840065 0.325646
vt 0.836082 0.345674
vt 0.831479 0.352176
vt 0.824079 0.34724
vt 0.825592 0.353882
vt 0.838681 0.352018
vt 0.848883 0.343454
vt 0.84877 0.349553
vt 0.872979 0.331345
vt 0.858623 0.33638
vt 0.857494 0.328184
vt 0.855325 0.348733
vt 0.871903 0.344927
vt 0.808228 0.350857
vt 0.844331 0.34106
vt 0.84286 0.321631
vt 0.239845 0.145461
vt 0.235286 0.15271
vt 0.233032 0.14328
vt 0.242522 0.151632
vt 0.234462 0.131085
vt 0.239894 0.133868
vt 0.967406 0.22776
vt 0.961236 0.211433
vt 0.97332 0.180803
vt 0.953118 0.181041
vt 0.953865 0.214669
vt 0.928916 0.208939
vt 0.93044 0.19105
vt 0.927375 0.225964
vt 0.919968 0.230194
vt 0.915097 0.203145
vt 0.962584 0.153972
vt 0.908022 0.223724
vt 0.903526 0.197029
vt 0.895411 0.219021
vt 0.895458 0.281225
vt 0.880493 0.280249
vt 0.88701 0.243124
vt 0.964265 0.267678
vt 0.963333 0.270811
vt 0.948067 0.269982
vt 0.961312 0.266759
vt 0.947261 0.26491
vt 0.955496 0.240414
vt 0.948828 0.266759
vt 0.963 0.276475
vt 0.97176 0.276629
vt 0.95423 0.28803
vt 0.969406 0.290893
vt 0.963983 0.240895
vt 0.9489 0.236772
vt 0.95919 0.237443
vt 0.942804 0.234878
vt 0.921623 0.264783
vt 0.93829 0.286312
vt 0.924391 0.27814
vt 0.923144 0.241308
vt 0.923153 0.255194
vt 0.923543 0.235965
vt 0.905924 0.252889
vt 0.927392 0.283777
vt 0.91239 0.276079
vt 0.917704 0.280164
vt 0.895064 0.193421
vt 0.923102 0.132231
vt 0.910287 0.164288
vt 0.917389 0.127886
vt 0.955336 0.086733
vt 0.961469 0.08263
vt 0.976952 0.084667
vt 0.968759 0.08824
vt 0.966611 0.099821
vt 0.956121 0.090455
vt 0.977187 0.096976
vt 0.983266 0.086507
vt 0.945633 0.089503
vt 0.912881 0.114389
vt 0.930475 0.116736
vt 0.940715 0.084181
vt 0.931282 0.136524
vt 0.917918 0.110049
vt 0.919113 0.100912
vt 0.929075 0.110541
vt 0.935266 0.082901
vt 0.933244 0.086534
vt 0.970631 0.11357
vt 0.97279 0.102718
vt 0.959182 0.123438
vt 0.963374 0.113015
vt 0.969006 0.126299
vt 0.973046 0.116148
vt 0.97002 0.117789
vt 0.952701 0.09618
vt 0.953251 0.099841
vt 0.933223 0.090626
vt 0.946202 0.120026
vt 0.959198 0.126299
vt 0.947601 0.125259
vt 0.946574 0.116512
vt 0.932067 0.105922
vt 0.94981 0.111352
vt 0.929592 0.094354
vt 0.950729 0.105828
vt 0.928312 0.102646
vt 0.951451 0.108515
vt 0.969337 0.131761
vt 0.968664 0.153603
vt 0.956621 0.153608
vt 0.933138 0.114312
vt 0.941493 0.152796
vt 0.922633 0.161427
vt 0.93539 0.168756
vt 0.926451 0.099989
vt 0.819458 0.146686
vt 0.824444 0.14174
vt 0.820872 0.159058
vt 0.82192 0.131176
vt 0.829595 0.133185
vt 0.825801 0.157469
vt 0.043979 0.000321
vt 0.039966 0.003296
vt 0.036743 0.000783
vt 0.925672 0.0902
vt 0.918091 0.099975
vt 0.920527 0.091118
vt 0.908193 0.133406
vt 0.912292 0.148804
vt 0.906002 0.139577
vt 0.906872 0.146523
vt 0.911249 0.136432
vt 0.890708 0.118061
vt 0.884399 0.110938
vt 0.90176 0.121814
vt 0.907573 0.120922
vt 0.499119 0.083862
vt 0.495728 0.077184
vt 0.505402 0.08148
vt 0.802368 0.099293
vt 0.809018 0.088284
vt 0.807555 0.100464
vt 0.159347 0.007681
vt 0.156997 0.011108
vt 0.154419 0.005689
vt 0.289671 0.109112
vt 0.294923 0.127808
vt 0.271118 0.110429
vt 0.785895 0.130395
vt 0.777104 0.145005
vt 0.775401 0.128244
vt 0.784269 0.156616
vt 0.785823 0.145102
vt 0.774048 0.134915
vt 0.967884 0.061294
vt 0.956177 0.06189
vt 0.959585 0.056856
vt 0.866763 0.129126
vt 0.865494 0.119076
vt 0.883606 0.126568
vt 0.883641 0.117918
vt 0.854693 0.130529
vt 0.86018 0.123384
vt 0.857612 0.138061
vt 0.852661 0.116823
vt 0.8566 0.10844
vt 0.865208 0.104152
vt 0.147758 0.357066
vt 0.141393 0.36551
vt 0.14221 0.35061
vt 0.158343 0.34322
vt 0.173572 0.342895
vt 0.163574 0.350451
vt 0.156618 0.353951
vt 0.153455 0.363981
vt 0.164015 0.362639
vt 0.149485 0.347258
vt 0.174123 0.35399
vt 0.137038 0.335233
vt 0.151992 0.338567
vt 0.146677 0.366577
vt 0.162679 0.366438
vt 0.118269 0.348115
vt 0.132245 0.342697
vt 0.125245 0.353112
vt 0.1295 0.35752
vt 0.120026 0.362467
vt 0.115845 0.361505
vt 0.117883 0.339096
vt 0.032055 0.335331
vt 0.029586 0.320378
vt 0.040277 0.32527
vt 0.065741 0.301242
vt 0.066913 0.286438
vt 0.074064 0.282808
vt 0.059988 0.31477
vt 0.074175 0.309849
vt 0.07454 0.317796
vt 0.083113 0.313788
vt 0.087377 0.324452
vt 0.085697 0.338831
vt 0.077879 0.337469
vt 0.072222 0.323575
vt 0.06844 0.331697
vt 0.07193 0.32031
vt 0.092193 0.344149
vt 0.092305 0.357944
vt 0.080441 0.348881
vt 0.083016 0.360718
vt 0.077122 0.358521
vt 0.059081 0.350194
vt 0.070278 0.345975
vt 0.067226 0.353605
vt 0.055626 0.344351
vt 0.082966 0.344839
vt 0.0177 0.301223
vt 0.026644 0.299897
vt 0.043094 0.355324
vt 0.04225 0.338226
vt 0.037939 0.356912
vt 0.030717 0.341682
vt 0.053289 0.32852
vt 0.041426 0.309135
vt 0.054105 0.289897
vt 0.043938 0.292933
vt 0.060506 0.355409
vt 0.886083 0.141479
vt 0.884837 0.132825
vt 0.892444 0.140257
vt 0.88913 0.127424
vt 0.883911 0.120257
vt 0.891596 0.119738
vt 0.791262 0.144801
vt 0.792188 0.142248
vt 0.800067 0.14978
vt 0.788696 0.128542
vt 0.439454 0.352743
vt 0.447422 0.34668
vt 0.448665 0.362939
vt 0.443414 0.338652
vt 0.407558 0.35409
vt 0.403266 0.342655
vt 0.417062 0.348736
vt 0.436758 0.34763
vt 0.421612 0.358068
vt 0.418784 0.365138
vt 0.43122 0.369628
vt 0.403407 0.362799
vt 0.402954 0.372925
vt 0.793091 0.126831
vt 0.797233 0.113005
vt 0.799747 0.117853
vt 0.677048 0.090244
vt 0.68899 0.087034
vt 0.674438 0.095093
vt 0.487999 0.133925
vt 0.500836 0.124948
vt 0.487427 0.139038
vt 0.810312 0.131308
vt 0.81419 0.148258
vt 0.808967 0.138048
vt 0.813593 0.160522
vt 0.809652 0.158567
vt 0.80526 0.131089
vt 0.802856 0.135499
vt 0.443144 0.13269
vt 0.440063 0.125997
vt 0.448567 0.117306
vt 0.880022 0.130858
vt 0.884837 0.150554
vt 0.87561 0.151245
vt 0.426385 0.126308
vt 0.425308 0.137716
vt 0.416138 0.138744
vt 0.438182 0.117202
vt 0.430079 0.108863
vt 0.433908 0.124658
vt 0.442652 0.113243
vt 0.436627 0.134664
vt 0.43286 0.141968
vt 0.94502 0.00769
vt 0.94104 0.004663
vt 0.950393 0.004175
vt 0.818987 0.152222
vt 0.816256 0.146214
vt 0.814575 0.131835
vt 0.316233 0.145341
vt 0.31086 0.13706
vt 0.313928 0.134909
vt 0.320896 0.145386
vt 0.318963 0.136011
vt 0.310669 0.127071
vt 0.990619 0.307612
vt 0.992187 0.317086
vt 0.982412 0.319627
vt 0.977359 0.312102
vt 0.982181 0.328979
vt 0.973475 0.317913
vt 0.961198 0.316684
vt 0.982689 0.301701
vt 0.991583 0.303431
vt 0.946857 0.290719
vt 0.943783 0.308501
vt 0.9383 0.28709
vt 0.935482 0.317961
vt 0.931763 0.316793
vt 0.940568 0.313084
vt 0.949917 0.312486
vt 0.954949 0.31866
vt 0.960246 0.301538
vt 0.957846 0.292693
vt 0.968896 0.292513
vt 0.97398 0.296436
vt 0.979475 0.297254
vt 0.983967 0.279079
vt 0.991012 0.285392
vt 0.981211 0.286925
vt 0.989881 0.278837
vt 0.984276 0.30197
vt 0.980355 0.276468
vt 0.991402 0.268748
vt 0.987378 0.255659
vt 0.309464 0.075073
vt 0.312151 0.078686
vt 0.306274 0.081095
vt 0.308816 0.085327
vt 0.401756 0.143291
vt 0.398805 0.129246
vt 0.40457 0.130331
vt 0.396054 0.142281
vt 0.400458 0.151733
vt 0.394653 0.151656
vt 0.394675 0.133342
vt 0.418329 0.115615
vt 0.416138 0.110951
vt 0.421942 0.111868
vt 0.426091 0.123901
vt 0.529321 0.070679
vt 0.520142 0.064985
vt 0.529078 0.066698
vt 0.754272 0.359944
vt 0.751318 0.359416
vt 0.766756 0.349836
vt 0.746216 0.370483
vt 0.768323 0.352456
vt 0.79396 0.345596
vt 0.796509 0.145874
vt 0.796663 0.130786
vt 0.802326 0.132555
vt 0.999805 0.32731
vt 0.991045 0.342398
vt 0.989256 0.341304
vt 0.984985 0.367053
vt 0.988849 0.362901
vt 0.991352 0.386108
vt 0.7414 0.344996
vt 0.737337 0.354714
vt 0.741495 0.333929
vt 0.732544 0.349234
vt 0.736821 0.365685
vt 0.735287 0.392944
vt 0.734492 0.369737
vt 0.899048 0.139785
vt 0.900881 0.140078
vt 0.899945 0.150757
vt 0.905312 0.130068
vt 0.84436 0.107788
vt 0.854651 0.098735
vt 0.860746 0.099619
vt 0.883583 0.094339
vt 0.902466 0.111694
vt 0.915039 0.102819
vt 0.91132 0.106698
vt 0.639525 0.110718
vt 0.636556 0.106267
vt 0.639654 0.103567
vt 0.632419 0.105929
vt 0.622192 0.105147
vt 0.632198 0.102888
vt 0.869751 0.098643
vt 0.895108 0.104804
vt 0.901704 0.110229
vt 0.21476 0.036499
vt 0.202759 0.035647
vt 0.209447 0.032052
vt 0.841443 0.078306
vt 0.846757 0.082391
vt 0.832642 0.082886
vt 0.221378 0.067733
vt 0.235169 0.06831
vt 0.215454 0.072632
vt 0.644314 0.130328
vt 0.637312 0.12084
vt 0.648745 0.117526
vt 0.629439 0.133
vt 0.633445 0.111838
vt 0.626587 0.113286
vt 0.644452 0.146362
vt 0.392146 0.14685
vt 0.388306 0.144298
vt 0.393993 0.131253
vt 0.759399 0.139595
vt 0.761082 0.126419
vt 0.772932 0.143433
vt 0.288208 0.142957
vt 0.297345 0.130999
vt 0.292044 0.143567
vt 0.290496 0.133097
vt 0.288951 0.152222
vt 0.747681 0.131524
vt 0.764695 0.118455
vt 0.751333 0.135132
vt 0.755981 0.057123
vt 0.773949 0.058474
vt 0.760773 0.060913
vt 0.591618 0.032738
vt 0.591191 0.042847
vt 0.588013 0.031402
vt 0.072189 0.050153
vt 0.074574 0.056518
vt 0.065552 0.055437
vt 0.614868 0.126946
vt 0.621551 0.13271
vt 0.62263 0.140991
vt 0.627421 0.128462
vt 0.185181 0.009643
vt 0.186133 0.005702
vt 0.191542 0.006979
vt 0.996658 0.116492
vt 0.995718 0.130283
vt 0.980916 0.122048
vt 0.981917 0.139579
vt 0.978149 0.132275
vt 0.978219 0.117911
vt 0.993504 0.154175
vt 0.99951 0.136207
vt 0.983107 0.144903
vt 0.988005 0.150814
vt 0.50462 0.129105
vt 0.498169 0.120052
vt 0.507339 0.12295
vt 0.514891 0.131714
vt 0.130681 0.127983
vt 0.123657 0.13855
vt 0.12423 0.12272
vt 0.628832 0.02185
vt 0.619751 0.018566
vt 0.630022 0.016527
vt 0.657837 0.160522
vt 0.658607 0.148258
vt 0.664612 0.150525
vt 0.668038 0.132828
vt 0.667545 0.140665
vt 0.663548 0.138325
vt 0.663245 0.15979
vt 0.661474 0.131308
vt 0.999666 0.10234
vt 0.99474 0.111359
vt 0.993292 0.106586
vt 0.990137 0.116089
vt 0.985272 0.107002
vt 0.973755 0.103031
vt 0.89857 0.025395
vt 0.8927 0.029175
vt 0.894828 0.022327
vt 0.552961 0.156128
vt 0.552368 0.140399
vt 0.558965 0.13824
vt 0.556079 0.131844
vt 0.080105 0.010587
vt 0.076782 0.012573
vt 0.078447 0.006177
vt 0.522565 0.120483
vt 0.499146 0.117316
vt 0.509611 0.114779
vt 0.501757 0.112391
vt 0.503827 0.107662
vt 0.520083 0.110229
vt 0.521407 0.116251
vt 0.002047 0.156154
vt 0.008126 0.151601
vt 0.002578 0.165893
vt 0.00061 0.143353
vt 0.005058 0.135345
vt 0.002371 0.131349
vt 0.660278 0.03894
vt 0.664576 0.031302
vt 0.663706 0.038248
vt 0.258843 0.131227
vt 0.245982 0.124454
vt 0.259412 0.122141
vt 0.242798 0.136597
vt 0.001587 0.117065
vt 0.02094 0.110072
vt 0.013057 0.114495
vt 0.013032 0.104617
vt 0.326782 0.088745
vt 0.340179 0.082832
vt 0.340147 0.086138
vt 0.542776 0.147827
vt 0.540161 0.126936
vt 0.55541 0.124022
vt 0.256762 0.06793
vt 0.254408 0.080933
vt 0.252075 0.069976
vt 0.765017 0.113883
vt 0.759205 0.114811
vt 0.750396 0.108419
vt 0.744263 0.111075
vt 0.769161 0.119995
vt 0.469357 0.105785
vt 0.451892 0.100078
vt 0.466776 0.097736
vt 0.454414 0.107788
vt 0.444458 0.102481
vt 0.488288 0.123266
vt 0.493737 0.116134
vt 0.498656 0.117379
vt 0.481567 0.130249
vt 0.252075 0.12146
vt 0.261275 0.110071
vt 0.265029 0.11152
vt 0.282773 0.101546
vt 0.997484 0.037657
vt 0.999685 0.047151
vt 0.996704 0.050659
vt 0.769653 0.107097
vt 0.78166 0.125944
vt 0.773851 0.127357
vt 0.799721 0.128296
vt 0.654412 0.033569
vt 0.646606 0.032513
vt 0.648727 0.027827
vt 0.035184 0.354767
vt 0.044851 0.367065
vt 0.037045 0.359609
vt 0.012768 0.348311
vt 0.000122 0.346089
vt 0.012045 0.343858
vt 0.05878 0.091378
vt 0.044034 0.097534
vt 0.055118 0.089963
vt 0.044383 0.094072
vt 0.024048 0.093038
vt 0.571958 0.345142
vt 0.553833 0.35144
vt 0.557214 0.348422
vt 0.575622 0.348401
vt 0.589068 0.329177
vt 0.586054 0.329264
vt 0.591021 0.306913
vt 0.592814 0.31396
vt 0.608521 0.148315
vt 0.609059 0.128258
vt 0.613537 0.132428
vt 0.614878 0.143385
vt 0.198948 0.0448
vt 0.184204 0.043069
vt 0.193607 0.039714
vt 0.870544 0.090824
vt 0.868741 0.094116
vt 0.848755 0.087082
vt 0.309665 0.08879
vt 0.306417 0.102905
vt 0.30481 0.094902
vt 0.992798 0.069066
vt 0.99482 0.066007
vt 0.999518 0.07605
vt 0.296021 0.124428
vt 0.301622 0.114385
vt 0.298328 0.131474
vt 0.305917 0.143921
vt 0.302544 0.14177
vt 0.305245 0.126311
vt 0.305714 0.115862
vt 0.309442 0.116169
vt 0.308072 0.123863
vt 0.315077 0.118532
vt 0.309335 0.128034
vt 0.136841 0.126831
vt 0.143327 0.112081
vt 0.14401 0.122377
vt 0.119263 0.142276
vt 0.121049 0.127058
vt 0.123772 0.141808
vt 0.121655 0.161499
vt 0.132836 0.159765
vt 0.124947 0.160042
vt 0.671028 0.135094
vt 0.665649 0.125601
vt 0.679746 0.141479
vt 0.64563 0.145053
vt 0.647699 0.150054
vt 0.646753 0.159546
vt 0.648907 0.127702
vt 0.85181 0.117307
vt 0.833618 0.124878
vt 0.844641 0.115814
vt 0.852096 0.120681
vt 0.415887 0.145386
vt 0.403931 0.12698
vt 0.406957 0.12697
vt 0.429486 0.096198
vt 0.41605 0.093666
vt 0.416422 0.089461
vt 0.403442 0.090758
vt 0.433549 0.102411
vt 0.444706 0.109253
vt 0.972453 0.133623
vt 0.970337 0.118488
vt 0.977625 0.13855
vt 0.899798 0.121859
vt 0.897385 0.140644
vt 0.893495 0.140948
vt 0.884399 0.153198
vt 0.997681 0.13269
vt 0.999876 0.107173
vt 0.999797 0.117556
vt 0.646406 0.004632
vt 0.654221 0.008179
vt 0.641235 0.005253
vt 0.191112 0.33424
vt 0.913711 0.369788
vt 0.729095 0.098217
vt 0.433936 0.160631
vt 0.655757 0.302516
vt 0.130606 0.296162
vt 0.9489 0.236772
vt 0.95919 0.237443
vt 0.917918 0.110049
vt 0.151992 0.338567
f 1092/2183 1093/2184 1094/2185
f 1095/2198 1096/2199 1097/2200
f 1098/2248 1092/2249 1099/2250
f 1100/2251 1101/2252 1102/2253
f 1859/2254 1103/2255 1860/2256
f 1101/2252 1104/2257 1105/2258
f 1106/2259 1107/2260 1108/2261
f 1861/2262 1109/2263 1862/2264
f 1862/2264 1109/2263 1110/3896
f 1109/2308 1111/2309 1110/2310
f 1112/2266 1109/2263 1861/2262
f 1101/2252 1105/2258 1102/2253
f 1113/2186 1099/2187 1094/2185
f 1106/2259 1108/2261 1102/2253
f 1104/2257 1101/2252 1114/2267
f 1115/2311 1116/2312 1117/2313
f 1112/2266 1100/2251 1118/2268
f 1107/2260 1103/2255 1108/2261
f 1112/2266 1118/2268 1109/2263
f 1109/2361 1118/2362 1111/2363
f 1863/2269 1112/2266 1864/2270
f 1119/2271 1106/2259 1102/2253
f 1112/2266 1863/2269 1865/2272
f 1099/2187 1092/2183 1094/2185
f 1120/2364 1121/2365 1098/2366
f 1111/2273 1108/2261 1110/2265
f 1866/2373 1122/2374 1867/2375
f 1123/2201 1124/2202 1125/2203
f 1101/2252 1100/2251 1114/2267
f 1098/2366 1126/2367 1867/2368
f 1127/2377 1092/2378 1098/2379
f 1868/2369 1126/2367 1869/2370
f 1127/2380 1098/2381 1867/2382
f 1127/2383 1122/2384 1093/2385
f 1122/2384 1128/2386 1093/2385
f 1859/2389 1870/2390 1110/2391
f 1871/2392 1122/2393 1866/2394
f 1102/2253 1111/2273 1100/2251
f 1122/2374 1127/2376 1867/2375
f 1120/2204 1129/3895 1872/2206
f 1126/2367 1868/2369 1867/2368
f 1102/2253 1108/2261 1111/2273
f 1861/2395 1864/2396 1112/2397
f 1130/2398 1131/2399 1132/2400
f 1093/2184 1133/2188 1134/2189
f 1135/2190 1133/2188 1128/2191
f 1136/2314 1137/2315 1138/3897
f 1139/2317 1140/2318 1138/2316
f 1141/2403 1142/2404 1143/2405
f 1871/2387 1128/2386 1122/2384
f 1144/2406 1145/2407 1146/2408
f 1147/2409 1138/2410 1131/2411
f 1145/2407 1144/2406 1143/2405
f 1145/2407 1143/2405 1138/2410
f 1138/3897 1137/2315 1131/2319
f 1134/2469 1130/2470 1132/2471
f 1871/2192 1135/2190 1128/2191
f 1148/2401 1131/2399 1130/2398
f 1137/2315 1149/2320 1131/2319
f 1143/2405 1144/2406 1141/2403
f 1128/2191 1133/2188 1093/2184
f 1139/2412 1143/2405 1150/2413
f 1138/2410 1143/2405 1139/2412
f 1148/2401 1147/2402 1131/2399
f 1151/2321 1140/2318 1139/2317
f 1148/2472 1130/2473 1152/2474
f 1133/2475 1152/2474 1130/2473
f 1136/2479 1138/2480 1140/2481
f 1097/2200 1153/2207 1154/2208
f 1093/2385 1092/2388 1127/2383
f 1142/2322 1150/2323 1143/2324
f 1110/2265 1108/2261 1103/2255
f 1155/2325 1151/2321 1139/2317
f 1133/2188 1130/2193 1134/2189
f 1155/2325 1139/2317 1150/2323
f 1156/2414 1157/2415 1158/2416
f 1159/2417 1160/2418 1161/2419
f 1162/2420 1156/2414 1160/2418
f 1156/2414 1161/2419 1160/2418
f 1162/2420 1160/2418 1163/2421
f 1156/2414 1158/2416 1161/2419
f 1110/2482 1103/2483 1859/2484
f 1111/2273 1118/2268 1100/2251
f 1164/2209 1153/2207 1165/2210
f 1154/2208 1125/2203 1095/2198
f 1119/2271 1102/2253 1166/2274
f 1153/2207 1164/2209 1154/2208
f 1096/2199 1095/2198 1124/2202
f 1104/2485 1114/2486 1096/2487
f 1102/2253 1105/2258 1166/2274
f 1104/2485 1096/2487 1105/2488
f 1105/2488 1096/2487 1124/2489
f 1167/2275 1166/2274 1105/2258
f 1123/2201 1125/2203 1168/2211
f 1169/2422 1163/2421 1160/2418
f 1123/2490 1167/2491 1124/2489
f 1167/2491 1105/2488 1124/2489
f 1097/2200 1154/2208 1095/2198
f 1125/2203 1124/2202 1095/2198
f 1170/2212 1125/2203 1171/2213
f 1170/2212 1168/2211 1125/2203
f 1172/2601 1873/2602 1173/2603
f 1144/2406 1146/2408 1158/2416
f 1174/2492 1175/2493 1176/2494
f 1174/2492 1176/2494 1177/2495
f 1873/2602 1874/2604 1173/2603
f 1114/2632 1178/2633 1179/2634
f 1158/2416 1146/2408 1161/2419
f 1155/2325 1150/2323 1180/2326
f 1181/2327 1155/2325 1182/2328
f 1182/2328 1155/2325 1180/2326
f 1175/2605 1183/2606 1184/2607
f 1874/2604 1875/2608 1173/2603
f 1171/2213 1125/2203 1154/2208
f 1177/2495 1185/2496 1179/2497
f 1174/2492 1177/2495 1179/2497
f 1186/2214 1876/2215 1129/2205
f 1099/2371 1120/2364 1098/2366
f 1178/2609 1173/2603 1175/2605
f 1872/2372 1126/2367 1121/2365
f 1875/2608 1183/2606 1173/2603
f 1178/2609 1172/2601 1173/2603
f 1187/2636 1188/2637 1189/2638
f 1178/2633 1174/2635 1179/2634
f 1184/2498 1176/2494 1175/2493
f 1173/2603 1183/2606 1175/2605
f 1174/2492 1178/2499 1175/2493
f 1154/2208 1190/2216 1191/2217
f 1192/2721 1193/2722 1194/2723
f 1195/2724 1877/2725 1192/2726
f 1190/2216 1154/2208 1164/2209
f 1865/2272 1100/2251 1112/2266
f 1192/2726 1194/2727 1195/2724
f 1196/2728 1193/2729 1192/2726
f 1164/2209 1197/2218 1198/2219
f 1876/2735 1186/2736 1878/2737
f 1199/2639 1189/2638 1200/2640
f 1201/2220 1191/2217 1202/2221
f 1120/2204 1872/2206 1121/2222
f 1876/2739 1872/2740 1129/2741
f 1203/2500 1204/2501 1205/2502
f 1199/2423 1200/2424 1206/2425
f 1204/2610 1207/2611 1208/2612
f 1195/2724 1879/2730 1877/2725
f 1194/2742 1205/2743 1204/2744
f 1193/2748 1205/2749 1194/2750
f 1199/2639 1187/2636 1189/2638
f 1189/2638 1209/2641 1200/2640
f 1209/2503 1205/2502 1200/2504
f 1880/2276 1172/2277 1881/2278
f 1880/2276 1873/2279 1172/2277
f 1208/2745 1195/2746 1194/2742
f 1195/2724 1882/2731 1879/2730
f 1205/2502 1193/2505 1200/2504
f 1882/2747 1195/2746 1208/2745
f 1882/2613 1208/2612 1883/2614
f 1209/2503 1203/2500 1205/2502
f 1190/2216 1164/2209 1198/2219
f 1884/2615 1208/2612 1207/2611
f 1114/2267 1172/2277 1178/2280
f 1884/2615 1883/2614 1208/2612
f 1210/2223 1211/2224 1170/2212
f 1129/2205 1885/2225 1186/2214
f 1100/2251 1881/2278 1114/2267
f 1210/2223 1201/2220 1212/2226
f 1170/2212 1171/2213 1201/2220
f 1171/2213 1154/2208 1191/2217
f 1213/2426 1162/2420 1214/2427
f 1215/2227 1191/2217 1190/2216
f 1162/2420 1163/2421 1214/2427
f 1190/2216 1216/2228 1215/2227
f 1190/2216 1198/2219 1216/2228
f 1216/2228 1198/2219 1217/2229
f 1171/2213 1191/2217 1201/2220
f 1218/2428 1188/2429 1214/2427
f 1194/2742 1204/2744 1208/2745
f 1218/2428 1214/2427 1163/2421
f 1188/2429 1187/2430 1219/2431
f 1188/2637 1218/2642 1220/2643
f 1221/2432 1163/2421 1169/2422
f 1222/2329 1223/2330 1224/2331
f 1188/2429 1219/2431 1214/2427
f 1201/2220 1210/2223 1170/2212
f 1189/2638 1188/2637 1225/2644
f 1226/2433 1218/2428 1221/2432
f 1222/2230 1211/2224 1210/2223
f 1227/2645 1177/2646 1176/2647
f 1116/2312 1132/2332 1117/2313
f 1191/2217 1215/2227 1202/2221
f 1140/2318 1151/2321 1228/2333
f 1132/2194 1229/2195 1134/2189
f 1132/2751 1116/2752 1229/2753
f 1163/2421 1221/2432 1218/2428
f 1228/2333 1117/2313 1136/2314
f 1131/2755 1117/2756 1132/2757
f 1149/2758 1117/2759 1131/2760
f 1181/2327 1151/2321 1155/2325
f 1151/2321 1181/2327 1228/2333
f 1117/2313 1149/2320 1136/2314
f 1137/2315 1136/2314 1149/2320
f 1223/2231 1210/2223 1212/2226
f 1136/2314 1140/2318 1228/2333
f 1230/2334 1231/2335 1228/2333
f 1232/2336 1224/2331 1230/2334
f 1233/2648 1234/2649 1235/2650
f 1230/2334 1228/2333 1181/2327
f 1236/2337 1232/2336 1230/2334
f 1224/2331 1232/2336 1222/2329
f 1114/2267 1881/2278 1172/2277
f 1236/2337 1230/2334 1181/2327
f 1222/2329 1210/2338 1223/2330
f 1232/2336 1237/2339 1222/2329
f 1238/2340 1222/2329 1237/2339
f 1865/2272 1881/2278 1100/2251
f 1238/2340 1211/2341 1222/2329
f 1093/2184 1134/2189 1094/2185
f 1237/2339 1239/2342 1238/2340
f 1240/2343 1241/2344 1238/2340
f 1886/2616 1242/2617 1183/2606
f 1238/2340 1241/2344 1211/2341
f 1240/2343 1243/2345 1241/2344
f 1232/2336 1236/2337 1237/2339
f 1123/2201 1168/2211 1243/2232
f 1167/2491 1243/2506 1244/2507
f 1241/2233 1168/2211 1170/2212
f 1167/2491 1123/2490 1243/2506
f 1167/2275 1244/2281 1166/2274
f 1872/2372 1869/2370 1126/2367
f 1168/2211 1241/2233 1243/2232
f 1212/2226 1245/2234 1246/2235
f 1887/2282 1860/2256 1103/2255
f 1887/2282 1103/2255 1107/2260
f 1247/2283 1248/2284 1106/2259
f 1249/2236 1250/2237 1233/2238
f 1184/2498 1251/2508 1176/2494
f 1248/2284 1247/2283 1252/2285
f 1244/2281 1247/2283 1166/2274
f 1875/2608 1886/2616 1183/2606
f 1129/3895 1099/2239 1253/2240
f 1119/2271 1166/2274 1247/2283
f 1248/2284 1888/2286 1887/2282
f 1119/2271 1247/2283 1106/2259
f 1106/2259 1248/2284 1107/2260
f 1241/2233 1170/2212 1211/2224
f 1248/2284 1887/2282 1107/2260
f 1249/2236 1889/2241 1890/2242
f 1245/2234 1212/2226 1202/2221
f 1886/2616 1254/2618 1242/2617
f 1215/2227 1249/2236 1245/2234
f 1245/2234 1202/2221 1215/2227
f 1255/2651 1256/2652 1217/2653
f 1217/2653 1198/2654 1255/2651
f 1215/2227 1216/2228 1249/2236
f 1217/2229 1250/2237 1216/2228
f 1245/2234 1249/2236 1253/2240
f 1233/2238 1889/2241 1249/2236
f 1183/2606 1242/2617 1184/2607
f 1256/2652 1233/2648 1250/2655
f 1217/2653 1256/2652 1250/2655
f 1216/2228 1250/2237 1249/2236
f 1253/2761 1249/2762 1129/2763
f 1186/2736 1885/2738 1878/2737
f 1249/2236 1885/2225 1129/2205
f 1113/2243 1253/2240 1099/2239
f 1115/2244 1245/2234 1257/2245
f 1201/2220 1202/2221 1212/2226
f 1233/2648 1256/2652 1234/2649
f 1223/2231 1212/2226 1246/2235
f 1229/2195 1094/2185 1134/2189
f 1129/3895 1120/2204 1099/2239
f 1231/2335 1224/2331 1223/2330
f 1254/2618 1258/2619 1242/2617
f 1891/2656 1892/2657 1259/2658
f 1115/2311 1117/2313 1231/2335
f 1257/2196 1113/2186 1229/2195
f 1231/2335 1223/2330 1246/2346
f 1115/2244 1246/2235 1245/2234
f 1889/2764 1260/2765 1893/2766
f 1257/2754 1229/2753 1116/2752
f 1245/2234 1253/2240 1257/2245
f 1894/2659 1891/2656 1261/2660
f 1260/2661 1233/2648 1235/2650
f 1234/2649 1892/2657 1235/2650
f 1895/2767 1871/2768 1896/2769
f 1897/2770 1262/2771 1895/2767
f 1263/2476 1148/2472 1152/2474
f 1235/2650 1892/2657 1893/2662
f 1262/2477 1152/2474 1135/2478
f 1231/2335 1117/2313 1228/2333
f 1263/2776 1264/2777 1148/2778
f 1263/2476 1152/2474 1262/2477
f 1265/2434 1266/2435 1146/2408
f 1267/2436 1264/2437 1265/2434
f 1262/2779 1268/2780 1269/2781
f 1148/2438 1264/2437 1147/2409
f 1264/2437 1270/2439 1265/2434
f 1262/2779 1269/2781 1263/2782
f 1263/2786 1269/2787 1271/2788
f 1267/2436 1145/2407 1138/2410
f 1146/2408 1145/2407 1267/2436
f 1270/2439 1264/2437 1263/2440
f 1147/2409 1264/2437 1267/2436
f 1266/2435 1265/2434 1272/2441
f 1273/2783 1269/2781 1268/2780
f 1267/2436 1138/2410 1147/2409
f 1135/2190 1152/2197 1133/2188
f 1263/2789 1271/2790 1270/2791
f 1261/2660 1898/2663 1894/2659
f 1265/2434 1274/2442 1272/2441
f 1268/2772 1262/2771 1897/2770
f 1161/2419 1266/2435 1275/2443
f 1265/2434 1146/2408 1267/2436
f 1891/2656 1259/2658 1261/2660
f 1275/2792 1276/2793 1161/2794
f 1276/2444 1159/2417 1161/2419
f 1260/2661 1889/2664 1233/2648
f 1893/2662 1260/2661 1235/2650
f 1146/2408 1266/2435 1161/2419
f 1266/2435 1272/2441 1275/2443
f 1276/2665 1275/2666 1277/2667
f 1278/2668 1279/2669 1280/2670
f 1281/2795 1279/2796 1278/2797
f 1895/2767 1262/2771 1871/2768
f 1262/2798 1135/2799 1871/2800
f 1282/2445 1159/2417 1276/2444
f 1283/2671 1271/2672 1269/2673
f 1278/2801 1268/2802 1281/2803
f 1277/2667 1282/2674 1276/2665
f 1283/2671 1270/2675 1271/2672
f 1284/2784 1273/2783 1278/2785
f 1285/2676 1283/2671 1286/2677
f 1234/2649 1259/2658 1892/2657
f 1270/2439 1287/2446 1265/2434
f 1284/2678 1278/2668 1280/2670
f 1898/2773 1281/2774 1899/2775
f 1287/2804 1274/2805 1265/2806
f 1234/2649 1280/2670 1259/2658
f 1286/2677 1273/2679 1284/2678
f 1287/2680 1270/2675 1288/2681
f 1288/2681 1283/2671 1289/2682
f 1898/2663 1279/2669 1281/2683
f 1283/2807 1269/2808 1273/2809
f 1897/2770 1281/2774 1268/2772
f 1286/2677 1283/2671 1273/2679
f 1273/2783 1268/2780 1278/2785
f 1899/2775 1281/2774 1897/2770
f 1289/2682 1290/2684 1291/2685
f 1289/2682 1291/2685 1288/2681
f 1259/2658 1280/2670 1279/2669
f 1289/2682 1283/2671 1285/2676
f 1261/2660 1259/2658 1279/2669
f 1272/2441 1277/2447 1275/2443
f 1289/2682 1285/2676 1256/2652
f 1284/2678 1256/2652 1286/2677
f 1292/2810 1293/2811 1274/2812
f 1272/2686 1293/2687 1277/2667
f 1292/2814 1287/2815 1291/2816
f 1289/2682 1256/2652 1290/2684
f 1256/2652 1284/2678 1234/2649
f 1293/2448 1272/2441 1274/2442
f 1261/2660 1279/2669 1898/2663
f 1294/2688 1282/2674 1277/2667
f 1295/2689 1296/2690 1277/2667
f 1296/2690 1294/2688 1277/2667
f 1290/2684 1292/2691 1291/2685
f 1297/2692 1298/2693 1296/2690
f 1299/2694 1295/2689 1293/2687
f 1286/2677 1256/2652 1285/2676
f 1297/2692 1295/2689 1299/2694
f 1299/2817 1293/2818 1292/2819
f 1295/2689 1277/2667 1293/2687
f 1298/2693 1294/2688 1296/2690
f 1292/2810 1274/2812 1287/2813
f 1297/2692 1299/2694 1298/2693
f 1287/2820 1288/2821 1291/2822
f 1292/2691 1290/2684 1299/2694
f 1298/2693 1256/2652 1300/2695
f 1160/2418 1159/2417 1169/2422
f 1288/2681 1270/2675 1283/2671
f 1169/2422 1159/2417 1301/2449
f 1290/2684 1298/2693 1299/2694
f 1234/2649 1284/2678 1280/2670
f 1282/2674 1301/2696 1159/2697
f 1290/2684 1256/2652 1298/2693
f 1296/2690 1295/2689 1297/2692
f 1226/2433 1221/2432 1301/2449
f 1301/2449 1221/2432 1169/2422
f 1282/2674 1294/2688 1302/2698
f 1301/2696 1302/2698 1226/2699
f 1302/2698 1301/2696 1282/2674
f 1302/2698 1294/2688 1303/2700
f 1300/2695 1294/2688 1298/2693
f 1304/2701 1305/2702 1300/2695
f 1256/2652 1255/2651 1300/2695
f 1303/2700 1294/2688 1305/2702
f 1306/2703 1300/2695 1255/2651
f 1300/2695 1306/2703 1304/2701
f 1304/2701 1307/2704 1305/2702
f 1308/2705 1307/2704 1304/2701
f 1306/2703 1309/2706 1304/2701
f 1303/2700 1305/2702 1307/2704
f 1164/2209 1165/2210 1197/2218
f 1300/2695 1305/2702 1294/2688
f 1203/2620 1310/2621 1311/2622
f 1309/2706 1306/2703 1312/2707
f 1203/2620 1207/2611 1204/2610
f 1884/2615 1207/2611 1900/2623
f 1254/2618 1313/2624 1314/2625
f 1884/2615 1900/2623 1901/2626
f 1113/2243 1257/2245 1253/2240
f 1197/2708 1255/2651 1198/2654
f 1315/2509 1203/2500 1209/2503
f 1115/2311 1257/2347 1116/2312
f 1310/2510 1203/2500 1315/2509
f 1316/2709 1218/2642 1226/2699
f 1203/2620 1311/2622 1207/2611
f 1231/2335 1230/2334 1224/2331
f 1098/2366 1121/2365 1126/2367
f 1317/2710 1316/2709 1303/2700
f 1885/2225 1249/2236 1890/2242
f 1218/2642 1316/2709 1220/2643
f 1197/2708 1306/2703 1255/2651
f 1900/2623 1207/2611 1311/2622
f 1165/2711 1306/2703 1197/2708
f 1188/2637 1220/2643 1225/2644
f 1316/2709 1302/2698 1303/2700
f 1317/2710 1303/2700 1307/2704
f 1318/2712 1317/2710 1307/2704
f 1220/2643 1316/2709 1317/2710
f 1315/2713 1189/2638 1225/2644
f 1319/2714 1315/2713 1225/2644
f 1302/2698 1316/2709 1226/2699
f 1318/2712 1319/2714 1317/2710
f 1320/2715 1319/2714 1318/2712
f 1220/2643 1319/2714 1225/2644
f 1317/2710 1319/2714 1220/2643
f 1320/2715 1318/2712 1321/2716
f 1321/2716 1318/2712 1308/2705
f 1320/2715 1321/2716 1251/2717
f 1227/2645 1251/2717 1321/2716
f 1185/2246 1153/2207 1322/2247
f 1114/2486 1179/2497 1322/2511
f 1322/2247 1153/2207 1097/2200
f 1318/2712 1307/2704 1308/2705
f 1179/2497 1185/2496 1322/2511
f 1309/2706 1323/2718 1304/2701
f 1153/2207 1185/2246 1165/2210
f 1306/2703 1165/2711 1312/2707
f 1323/2718 1309/2706 1312/2707
f 1165/2711 1177/2646 1312/2707
f 1323/2718 1177/2646 1227/2645
f 1323/2718 1308/2705 1304/2701
f 1308/2705 1323/2718 1321/2716
f 1227/2645 1321/2716 1323/2718
f 1322/2247 1097/2200 1096/2199
f 1227/2645 1176/2647 1251/2717
f 1177/2646 1165/2711 1185/2719
f 1114/2486 1322/2511 1096/2487
f 1902/2627 1313/2624 1254/2618
f 1324/2512 1320/2513 1325/2514
f 1258/2515 1325/2514 1320/2513
f 1189/2638 1315/2713 1209/2641
f 1324/2720 1315/2713 1319/2714
f 1315/2509 1324/2512 1310/2510
f 1311/2622 1310/2621 1313/2624
f 1320/2715 1324/2720 1319/2714
f 1903/2628 1311/2622 1904/2629
f 1904/2629 1311/2622 1902/2627
f 1242/2516 1251/2508 1184/2498
f 1903/2628 1900/2623 1311/2622
f 1258/2619 1254/2618 1325/2630
f 1311/2622 1313/2624 1902/2627
f 1313/2624 1310/2621 1314/2625
f 1312/2707 1177/2646 1323/2718
f 1325/2514 1314/2517 1310/2510
f 1905/2631 1902/2627 1254/2618
f 1886/2616 1905/2631 1254/2618
f 1324/2512 1325/2514 1310/2510
f 1325/2630 1254/2618 1314/2625
f 1246/2346 1115/2311 1231/2335
f 1229/2195 1113/2186 1094/2185
f 1242/2516 1320/2513 1251/2508
f 1258/2515 1320/2513 1242/2516
f 1906/2287 1888/2286 1248/2284
f 1326/2732 1192/2726 1877/2725
f 1110/3896 1870/2288 1862/2264
f 1327/2823 1328/2824 1329/2825
f 1330/2518 1328/2519 1327/2520
f 1331/2828 1332/2829 1333/2830
f 1248/2284 1252/2285 1334/2289
f 1247/2283 1335/2290 1252/2285
f 1244/2507 1240/2521 1336/2522
f 1337/2291 1338/2292 1339/2293
f 1340/2294 1252/2285 1335/2290
f 1340/2294 1341/2295 1252/2285
f 1338/2292 1907/2296 1908/2297
f 1909/2298 1334/2289 1342/2299
f 1342/2299 1339/2293 1338/2292
f 1909/2298 1342/2299 1910/2300
f 1910/2300 1342/2299 1908/2297
f 1908/2297 1342/2299 1338/2292
f 1339/2293 1330/2301 1327/2302
f 1342/2299 1334/2289 1252/2285
f 1341/2295 1342/2299 1252/2285
f 1327/2823 1329/2825 1339/2826
f 1907/2296 1338/2292 1337/2291
f 1911/2879 1907/2880 1337/2881
f 1244/2281 1335/2290 1247/2283
f 1343/2523 1336/2522 1344/2524
f 1344/2524 1336/2522 1345/2525
f 1329/2825 1337/2827 1339/2826
f 1339/2293 1342/2299 1330/2301
f 1346/2884 1335/2885 1343/2886
f 1343/2523 1347/2526 1346/2527
f 1343/2523 1335/2528 1244/2507
f 1348/2887 1349/2888 1337/2889
f 1350/2890 1351/2891 1912/2892
f 1352/2831 1353/2832 1354/2833
f 1355/2834 1354/2833 1356/2835
f 1341/2295 1347/2303 1330/2301
f 1347/2526 1343/2523 1357/2529
f 1340/2294 1347/2303 1341/2295
f 1240/2343 1238/2340 1239/2342
f 1347/2303 1357/2304 1330/2301
f 1340/2294 1335/2290 1346/2305
f 1347/2303 1340/2294 1346/2305
f 1357/2529 1343/2523 1344/2524
f 1337/2906 1329/2907 1328/2908
f 1350/2890 1358/2893 1351/2891
f 1350/2890 1912/2892 1913/2894
f 1341/2295 1330/2301 1342/2299
f 1357/2529 1359/2530 1330/2518
f 1344/2524 1359/2530 1357/2529
f 1328/2519 1330/2518 1359/2530
f 1244/2507 1336/2522 1343/2523
f 1360/2895 1361/2896 1351/2891
f 1349/2888 1358/2893 1350/2890
f 1349/2888 1914/2897 1915/2898
f 1348/2909 1328/2910 1359/2911
f 1913/2894 1349/2888 1350/2890
f 1337/2881 1915/2882 1911/2879
f 1914/2897 1349/2888 1913/2894
f 1915/2882 1337/2881 1349/2883
f 1349/2888 1348/2887 1358/2893
f 1328/2910 1348/2909 1337/2912
f 1362/2531 1363/2532 1360/2533
f 1912/2892 1364/2899 1916/2900
f 1365/2913 1355/2914 1356/2915
f 1356/2835 1354/2833 1353/2832
f 1366/2971 1356/2972 1367/2973
f 1365/2913 1356/2915 1366/2916
f 1351/2891 1364/2899 1912/2892
f 1368/2917 1369/2918 1370/2919
f 1371/2974 1372/2975 1373/2976
f 1333/2830 1332/2829 1374/2836
f 1371/2974 1375/2977 1372/2975
f 1376/3000 1377/3001 1378/3002
f 1379/2534 1380/2535 1358/2536
f 1381/2978 1382/2979 1383/2980
f 1351/2891 1358/2893 1380/2901
f 1364/2899 1351/2891 1361/2896
f 1384/2920 1385/2921 1377/2922
f 1348/2887 1386/2902 1358/2893
f 1359/2903 1386/2902 1348/2887
f 1387/2923 1385/2921 1384/2920
f 1358/2536 1386/2537 1379/2534
f 1360/2533 1380/2535 1362/2531
f 1362/2531 1380/2535 1388/2538
f 1389/2924 1368/2917 1390/2925
f 1379/2534 1388/2538 1380/2535
f 1331/2828 1333/2830 1391/2837
f 1379/2534 1344/2524 1388/2538
f 1392/2539 1388/2538 1344/2524
f 1392/2539 1344/2524 1345/2525
f 1392/2539 1391/2540 1388/2538
f 1392/2838 1345/2839 1331/2828
f 1373/2976 1381/2978 1393/2981
f 1392/2838 1331/2828 1391/2837
f 1381/2978 1372/2975 1382/2979
f 1333/2830 1394/2840 1391/2837
f 1395/2841 1391/2837 1396/2842
f 1386/2537 1359/2530 1344/2524
f 1386/2537 1344/2524 1379/2534
f 1380/3070 1360/3071 1351/3072
f 1397/3003 1398/3004 1399/3005
f 1387/2923 1400/2926 1385/2921
f 1401/2927 1402/2928 1403/2929
f 1401/2927 1403/2929 1387/2923
f 1404/2930 1405/2931 1406/2932
f 1396/2842 1391/2837 1394/2840
f 1407/2933 1408/2934 1406/2932
f 1407/2933 1402/2928 1408/2934
f 1405/2931 1404/2930 1409/2935
f 1405/2931 1366/2916 1383/2936
f 1383/2936 1406/2932 1405/2931
f 1383/2936 1407/2933 1406/2932
f 1389/2924 1390/2925 1382/2937
f 1373/2976 1372/2975 1381/2978
f 1409/2935 1365/2913 1405/2931
f 1371/2974 1373/2976 1410/2982
f 1411/3899 1382/2979 1372/2975
f 1411/2938 1412/2939 1369/2918
f 1389/2924 1382/2937 1411/2938
f 1401/2927 1408/2934 1402/2928
f 1396/2842 1394/2840 1413/2843
f 1374/2836 1394/2840 1333/2830
f 1414/2844 1413/2843 1415/2845
f 1374/2836 1413/2843 1394/2840
f 1368/2917 1403/2929 1402/2928
f 1368/2917 1400/2926 1403/2929
f 1411/2983 1416/2984 1412/2985
f 1417/3006 1385/3007 1370/3008
f 1390/2925 1402/2928 1407/2933
f 1372/3073 1416/3074 1411/3075
f 1389/2924 1369/2918 1368/2917
f 1418/2348 1419/2349 1420/2350
f 1390/2925 1407/2933 1382/2937
f 1389/2924 1411/2938 1369/2918
f 1421/2846 1355/2834 1422/2847
f 1355/2914 1409/2935 1422/2940
f 1374/2836 1415/2845 1413/2843
f 1332/2829 1421/2846 1423/2848
f 1332/2829 1423/2848 1374/2836
f 1421/2846 1354/2833 1355/2834
f 1365/2913 1409/2935 1355/2914
f 1424/2849 1421/2846 1332/2829
f 1365/2913 1366/2916 1405/2931
f 1425/2351 1426/2352 1419/2349
f 1141/2403 1144/2406 1427/2450
f 1402/2928 1390/2925 1368/2917
f 1141/2403 1428/2451 1142/2404
f 1156/2414 1162/2420 1157/2415
f 1367/2941 1383/2936 1366/2916
f 1157/2415 1427/2450 1144/2406
f 1407/2933 1383/2936 1382/2937
f 1429/2541 1336/2522 1240/2521
f 1430/2353 1431/2354 1150/2323
f 1429/2541 1432/2542 1336/2522
f 1240/2343 1239/2342 1418/2348
f 1352/2543 1336/2522 1432/2542
f 1352/2543 1345/2525 1336/2522
f 1431/2354 1182/2328 1180/2326
f 1420/2350 1432/2355 1429/2356
f 1425/2351 1419/2349 1433/2357
f 1182/2328 1431/2354 1425/2351
f 1418/2348 1420/2350 1429/2356
f 1419/2349 1239/2342 1433/2357
f 1428/2358 1430/2353 1142/2322
f 1426/3076 1353/3077 1432/3078
f 1420/3079 1426/3076 1432/3078
f 1426/2352 1420/2350 1419/2349
f 1182/2328 1425/2351 1181/2327
f 1240/2343 1418/2348 1429/2356
f 1157/2415 1434/2452 1427/2450
f 1370/2919 1385/2921 1400/2926
f 1142/2322 1430/2353 1150/2323
f 1425/2850 1356/2835 1426/2851
f 1433/2357 1181/2327 1425/2351
f 1425/2986 1435/2987 1367/2973
f 1426/2851 1356/2835 1353/2832
f 1425/2986 1367/2973 1356/2972
f 1367/2973 1435/2987 1383/2980
f 1236/2337 1181/2327 1433/2357
f 1399/3005 1369/3009 1397/3003
f 1377/3001 1417/3006 1378/3002
f 1157/2415 1144/2406 1158/2416
f 1385/3007 1417/3006 1377/3001
f 1416/2984 1436/2988 1437/2989
f 1378/3002 1417/3006 1399/3005
f 1419/2349 1418/2348 1239/2342
f 1436/2988 1375/2977 1438/2990
f 1436/3080 1438/3081 1439/3082
f 1440/3098 1441/3099 1442/3100
f 1371/2974 1438/2990 1375/2977
f 1443/3101 1441/3099 1917/3102
f 1239/2342 1236/2337 1433/2357
f 1237/2339 1236/2337 1239/2342
f 1444/2544 1440/2545 1442/2546
f 1370/2919 1400/2926 1368/2917
f 1441/3099 1445/3103 1918/3104
f 1446/2547 1440/2545 1444/2544
f 1446/2547 1439/2548 1440/2545
f 1446/2547 1444/2544 1447/2549
f 1448/2550 1440/2545 1439/2548
f 1918/3104 1917/3102 1441/3099
f 1438/3128 1371/3129 1449/3130
f 1450/2551 1440/2545 1448/2550
f 1441/3099 1440/3098 1450/3105
f 1371/2453 1410/2454 1451/2455
f 1445/3103 1441/3099 1450/3105
f 1387/2923 1403/2929 1400/2926
f 1436/2988 1416/2984 1375/2977
f 1449/3132 1371/3133 1451/3134
f 1445/3135 1452/3136 1919/3137
f 1431/2354 1430/2353 1435/2359
f 1453/2552 1448/2550 1454/2553
f 1445/3103 1450/3105 1452/3106
f 1412/2985 1416/2984 1455/2991
f 1445/3103 1919/3107 1918/3104
f 1452/2554 1450/2551 1448/2550
f 1439/2548 1454/2553 1448/2550
f 1920/3138 1452/3139 1456/3140
f 1446/3083 1436/3080 1439/3082
f 1457/3141 1456/3140 1452/3139
f 1412/3010 1458/3011 1397/3003
f 1454/2456 1449/2457 1451/2455
f 1452/2554 1448/2550 1453/2552
f 1438/3128 1449/3130 1454/3131
f 1457/3141 1453/3142 1459/3143
f 1452/3139 1920/3138 1919/3144
f 1452/3139 1453/3142 1457/3141
f 1460/2555 1453/2552 1454/2553
f 1920/3138 1456/3140 1921/3145
f 1461/2458 1462/2459 1451/2455
f 1451/2455 1410/2454 1461/2458
f 1352/2831 1432/2852 1353/2832
f 1352/2831 1354/2833 1424/2849
f 1451/2455 1462/2459 1454/2456
f 1397/3003 1369/3009 1412/3010
f 1454/2456 1462/2459 1460/2460
f 1438/3081 1454/3084 1439/3082
f 1463/3152 1393/3153 1381/3154
f 1213/2426 1157/2415 1162/2420
f 1428/2451 1141/2403 1427/2450
f 1399/3005 1370/3008 1369/3009
f 1461/2992 1464/2993 1465/2994
f 1461/2458 1466/2461 1462/2459
f 1434/2452 1157/2415 1213/2426
f 1464/2993 1219/2995 1465/2994
f 1393/2462 1467/2463 1464/2464
f 1455/2991 1416/2984 1437/2989
f 1465/2465 1219/2431 1187/2430
f 1435/2987 1381/2978 1383/2980
f 1187/2430 1466/2461 1465/2465
f 1466/2461 1461/2458 1465/2465
f 1213/2426 1214/2427 1219/2431
f 1466/2461 1187/2430 1468/2466
f 1199/2423 1468/2466 1187/2430
f 1458/3011 1412/3010 1455/3012
f 1424/2849 1354/2833 1421/2846
f 1460/2555 1459/2556 1453/2552
f 1417/3006 1370/3008 1399/3005
f 1464/2464 1213/2426 1219/2431
f 1460/2555 1469/2557 1459/2556
f 1469/2557 1470/2558 1459/2556
f 1456/3140 1471/3146 1921/3145
f 1469/2557 1196/2559 1470/2558
f 1472/2560 1469/2557 1460/2555
f 1459/3143 1470/3147 1457/3141
f 1467/2463 1427/2450 1434/2452
f 1469/2557 1472/2560 1196/2559
f 1463/3155 1467/3156 1393/3157
f 1206/2561 1196/2559 1472/2560
f 1410/2982 1393/2981 1461/2992
f 1471/3146 1457/3141 1470/3147
f 1921/3145 1471/3146 1922/3148
f 1923/3149 1922/3148 1471/3146
f 1199/2423 1472/2467 1468/2466
f 1398/3004 1397/3003 1458/3011
f 1471/3146 1456/3140 1457/3141
f 1462/2459 1466/2461 1468/2466
f 1461/2992 1393/2981 1464/2993
f 1326/2732 1470/2733 1196/2728
f 1471/3146 1470/3147 1326/3150
f 1332/2829 1331/2828 1345/2839
f 1326/3150 1877/3151 1471/3146
f 1192/2726 1326/2732 1196/2728
f 1471/3146 1877/3151 1923/3149
f 1427/2450 1467/2463 1428/2451
f 1468/2466 1472/2467 1460/2460
f 1460/2460 1462/2459 1468/2466
f 1463/2360 1435/2359 1430/2353
f 1924/2734 1877/2725 1879/2730
f 1428/2451 1467/2463 1463/2468
f 1425/2351 1431/2354 1435/2359
f 1352/2831 1424/2849 1345/2839
f 1196/2559 1206/2561 1200/2504
f 1372/2975 1375/2977 1416/2984
f 1393/2981 1410/2982 1373/2976
f 1206/2425 1472/2467 1199/2423
f 1381/2978 1435/2987 1463/2996
f 1345/2839 1424/2849 1332/2829
f 1463/2360 1430/2353 1428/2358
f 1467/2463 1434/2452 1464/2464
f 1434/2452 1213/2426 1464/2464
f 1196/2559 1200/2504 1193/2505
f 1446/3083 1447/3085 1473/3086
f 1391/2540 1395/2562 1388/2538
f 1362/2531 1388/2538 1395/2562
f 1244/2507 1243/2506 1240/2521
f 1909/2298 1925/2306 1334/2289
f 1909/2298 1910/2300 1926/2307
f 1334/2289 1925/2306 1906/2287
f 1248/2284 1334/2289 1906/2287
f 1474/3013 1475/3014 1378/3002
f 1476/3158 1477/3159 1478/3160
f 1477/3167 1476/3168 1479/3169
f 1478/3160 1477/3159 1480/3161
f 1481/3177 1482/3178 1483/3179
f 1477/3203 1479/3204 1484/3205
f 1485/3225 1482/3226 1486/3227
f 1487/3162 1488/3163 1480/3161
f 1927/3247 1928/3248 1364/3249
f 1487/3162 1480/3161 1477/3159
f 1489/2853 1490/2854 1413/2843
f 1483/3179 1491/3180 1492/3181
f 1363/2532 1362/2531 1395/2562
f 1493/3250 1494/3251 1495/3252
f 1494/3251 1493/3250 1496/3253
f 1481/3177 1488/3182 1482/3178
f 1497/2904 1361/2896 1360/2895
f 1497/2904 1360/2895 1495/2905
f 1495/2563 1360/2533 1363/2532
f 1498/3183 1499/3184 1483/3179
f 1483/3179 1485/3185 1500/3186
f 1501/3271 1502/3272 1503/3273
f 1504/3187 1491/3180 1499/3184
f 1505/3254 1496/3253 1506/3255
f 1499/3184 1507/3188 1504/3187
f 1483/3179 1492/3181 1481/3177
f 1396/2842 1490/2854 1395/2841
f 1508/3274 1503/3273 1509/3275
f 1510/3015 1511/3016 1475/3014
f 1396/2842 1413/2843 1490/2854
f 1510/3015 1512/3017 1511/3016
f 1513/3276 1514/3277 1515/3278
f 1516/3018 1510/3015 1474/3013
f 1517/3291 1518/3292 1478/3293
f 1512/3297 1519/3298 1511/3299
f 1520/3300 1519/3298 1521/3301
f 1522/3294 1518/3292 1517/3291
f 1523/3389 1524/3390 1525/3391
f 1476/3158 1478/3160 1518/3164
f 1476/3168 1518/3170 1526/3171
f 1522/3395 1526/3396 1518/3397
f 1527/3172 1526/3171 1522/3173
f 1480/3295 1517/3291 1478/3293
f 1517/3291 1480/3295 1528/3296
f 1499/3184 1491/3180 1483/3179
f 1479/3398 1527/3399 1529/3400
f 1476/3168 1527/3172 1479/3169
f 1517/3401 1525/3402 1522/3403
f 1504/3187 1530/3189 1492/3181
f 1526/3171 1527/3172 1476/3168
f 1479/3204 1531/3206 1484/3205
f 1510/3015 1475/3014 1474/3013
f 1525/3402 1532/3404 1522/3403
f 1481/3177 1492/3181 1533/3190
f 1364/3249 1534/3256 1927/3247
f 1531/3206 1535/3207 1484/3205
f 1492/3181 1491/3180 1504/3187
f 1517/3401 1523/3405 1525/3402
f 1536/3257 1929/3258 1534/3256
f 1537/3302 1538/3303 1521/3301
f 1539/3304 1540/3305 1537/3302
f 1538/3303 1537/3302 1541/3306
f 1519/3298 1520/3300 1542/3307
f 1540/3305 1541/3306 1537/3302
f 1539/3304 1537/3302 1521/3301
f 1929/3258 1927/3247 1534/3256
f 1543/3308 1544/3309 1541/3306
f 1544/3309 1543/3308 1489/3310
f 1541/3306 1540/3305 1543/3308
f 1545/3108 1546/3109 1547/3110
f 1930/3111 1931/3112 1548/3113
f 1549/3087 1550/3088 1551/3089
f 1932/3259 1927/3247 1929/3258
f 1552/2564 1548/2565 1546/2566
f 1547/3410 1546/3411 1548/3412
f 1553/3090 1549/3087 1551/3089
f 1442/2546 1554/2567 1555/2568
f 1548/3113 1931/3112 1547/3110
f 1447/2549 1442/2546 1555/2568
f 1488/3182 1533/3190 1480/3191
f 1556/3114 1555/3115 1554/3116
f 1917/3102 1933/3117 1557/3118
f 1558/3119 1555/3115 1556/3114
f 1558/3119 1548/3113 1559/3120
f 1933/3117 1934/3121 1556/3114
f 1560/2569 1552/2564 1546/2566
f 1933/3117 1556/3114 1557/3118
f 1935/3122 1556/3114 1934/3121
f 1559/3898 1561/2571 1555/2568
f 1562/2572 1555/2568 1561/2571
f 1558/3119 1930/3111 1548/3113
f 1548/2565 1552/2564 1559/2570
f 1481/3177 1533/3190 1488/3182
f 1559/3413 1552/3414 1561/3415
f 1936/3123 1558/3119 1935/3122
f 1560/3091 1549/3087 1562/3092
f 1935/3122 1558/3119 1556/3114
f 1553/3090 1473/3086 1562/3092
f 1494/3251 1536/3257 1534/3256
f 1447/2549 1555/2568 1562/2572
f 1563/3416 1532/3417 1525/3418
f 1497/3260 1494/3251 1534/3256
f 1559/3120 1555/3115 1558/3119
f 1533/3406 1492/3407 1528/3408
f 1501/3208 1564/3209 1565/3210
f 1534/3419 1364/3420 1497/3421
f 1505/3254 1506/3255 1566/3261
f 1505/3254 1494/3251 1496/3253
f 1494/3251 1505/3254 1536/3257
f 1937/3422 1938/3423 1536/3424
f 1938/3423 1937/3422 1939/3425
f 1561/2571 1552/2564 1562/2572
f 1503/3192 1567/3193 1568/3194
f 1562/2572 1552/2564 1560/2569
f 1564/3209 1501/3208 1508/3211
f 1496/3428 1569/3429 1506/3430
f 1506/3255 1570/3262 1566/3261
f 1547/3110 1931/3112 1571/3124
f 1568/3194 1509/3195 1503/3192
f 1566/3261 1570/3262 1572/3263
f 1573/3212 1535/3207 1574/3213
f 1575/3431 1576/3432 1577/3433
f 1484/3205 1535/3207 1487/3214
f 1578/3434 1577/3433 1576/3432
f 1536/3257 1505/3254 1937/3264
f 1556/3114 1554/3116 1557/3118
f 1477/3203 1484/3205 1487/3214
f 1579/3165 1580/3166 1487/3162
f 1581/3441 1570/3442 1582/3443
f 1579/3228 1578/3229 1580/3230
f 1573/3212 1487/3214 1535/3207
f 1936/3123 1930/3111 1558/3119
f 1583/3463 1584/3464 1585/3465
f 1586/3500 1587/3501 1588/3502
f 1589/3435 1590/3436 1575/3431
f 1591/3231 1580/3230 1578/3229
f 1580/3230 1591/3231 1486/3227
f 1580/3230 1486/3227 1482/3226
f 1592/3466 1591/3467 1578/3468
f 1553/3090 1562/3092 1549/3087
f 1575/3431 1577/3433 1593/3437
f 1589/3435 1575/3431 1593/3437
f 1594/3438 1590/3436 1589/3435
f 1487/3162 1580/3166 1488/3163
f 1487/3214 1573/3212 1579/3215
f 1595/3311 1395/3312 1490/3313
f 1596/3506 1589/3507 1593/3508
f 1597/3510 1594/3511 1596/3512
f 1596/3506 1594/3509 1589/3507
f 1576/3432 1598/3439 1592/3440
f 1599/3523 1600/3524 1601/3525
f 1602/3469 1598/3470 1601/3471
f 1600/3526 1602/3527 1601/3528
f 1598/3470 1602/3469 1592/3466
f 1599/3529 1601/3530 1597/3531
f 1601/3471 1598/3470 1594/3472
f 1597/3510 1601/3513 1594/3511
f 1603/3444 1940/3445 1604/3446
f 1576/3432 1592/3440 1578/3434
f 1598/3439 1576/3432 1590/3436
f 1590/3436 1594/3438 1598/3439
f 1494/3251 1497/3260 1495/3252
f 1595/3311 1490/3313 1489/3310
f 1605/3532 1606/3533 1607/3534
f 1941/3514 1942/3515 1608/3516
f 1609/3539 1610/3540 1583/3541
f 1603/3444 1604/3446 1609/3447
f 1608/3516 1599/3517 1611/3518
f 1612/3519 1596/3512 1613/3520
f 1599/3542 1608/3543 1614/3544
f 1611/3518 1599/3517 1597/3510
f 1597/3510 1596/3512 1611/3518
f 1613/3545 1615/3546 1612/3547
f 1612/3519 1611/3518 1596/3512
f 1941/3514 1608/3516 1611/3518
f 1590/3436 1576/3432 1575/3431
f 1943/3521 1611/3518 1612/3519
f 1612/3519 1944/3522 1943/3521
f 1599/3473 1616/3474 1617/3475
f 1618/3476 1617/3475 1619/3477
f 1611/3518 1943/3521 1941/3514
f 1599/3473 1617/3475 1600/3478
f 1577/3232 1578/3229 1579/3228
f 1620/3233 1577/3232 1579/3228
f 1618/3476 1600/3478 1617/3475
f 1568/3194 1567/3193 1621/3196
f 1608/3479 1942/3480 1622/3481
f 1622/3481 1945/3482 1946/3483
f 1947/3484 1623/3485 1948/3486
f 1623/3485 1619/3477 1617/3475
f 1624/3487 1619/3477 1623/3485
f 1942/3480 1945/3482 1622/3481
f 1625/3554 1626/3555 1570/3556
f 1622/3481 1948/3486 1623/3485
f 1948/3486 1622/3481 1946/3483
f 1614/3557 1616/3558 1599/3559
f 1609/3447 1627/3448 1581/3441
f 1628/3560 1629/3561 1630/3562
f 1631/3566 1632/3567 1626/3568
f 1633/3449 1627/3448 1609/3447
f 1634/3596 1515/3597 1635/3598
f 1502/3600 1567/3601 1503/3602
f 1582/3443 1610/3450 1581/3441
f 1363/2532 1636/2573 1495/2563
f 1637/3603 1567/3601 1502/3600
f 1587/3501 1638/3503 1588/3502
f 1609/3447 1949/3451 1633/3449
f 1949/3451 1609/3447 1604/3446
f 1514/3277 1639/3279 1515/3278
f 1628/3607 1640/3608 1641/3609
f 1610/3450 1584/3452 1583/3904
f 1631/3566 1626/3568 1642/3569
f 1572/3454 1581/3441 1627/3448
f 1641/3604 1640/3605 1502/3600
f 1502/3600 1640/3605 1637/3603
f 1363/2532 1395/2562 1636/2573
f 1949/3451 1604/3446 1940/3445
f 1626/3568 1632/3567 1570/3570
f 1625/3611 1643/3612 1626/3613
f 1642/3569 1626/3568 1643/3571
f 1644/3572 1642/3569 1643/3571
f 1583/3453 1603/3444 1609/3447
f 1581/3441 1610/3450 1609/3447
f 1633/3449 1645/3455 1627/3448
f 1937/3264 1645/3265 1950/3266
f 1566/3261 1627/3267 1645/3265
f 1646/3093 1647/3094 1648/3095
f 1649/3614 1650/3615 1651/3616
f 1650/3314 1652/3315 1653/3316
f 1649/3317 1654/3318 1655/3319
f 1656/3617 1650/3615 1649/3614
f 1651/3320 1650/3314 1653/3316
f 1657/3620 1647/3621 1652/3622
f 1647/3623 1657/3624 1648/3625
f 1656/3629 1658/3630 1650/3631
f 1652/3315 1647/3321 1653/3316
f 1650/3631 1658/3630 1657/3632
f 1652/3315 1650/3314 1657/3322
f 1654/3618 1649/3614 1651/3616
f 1510/3015 1659/3019 1512/3017
f 1660/3323 1653/3316 1647/3321
f 1661/3096 1647/3094 1646/3093
f 1610/3450 1582/3443 1584/3452
f 1505/3254 1566/3261 1937/3264
f 1516/3018 1474/3013 1662/3020
f 1623/3485 1617/3475 1614/3488
f 1662/3020 1474/3013 1378/3002
f 1622/3481 1623/3485 1614/3488
f 1631/3566 1663/3573 1664/3574
f 1662/3020 1398/3004 1516/3018
f 1512/3017 1665/3021 1519/3022
f 1616/3474 1614/3488 1617/3475
f 1666/3023 1516/3018 1398/3004
f 1614/3488 1608/3479 1622/3481
f 1661/3324 1660/3323 1647/3321
f 1667/3325 1668/3901 1665/3902
f 1659/3019 1665/3021 1512/3017
f 1655/3319 1668/3901 1667/3325
f 1665/3021 1659/3019 1667/3024
f 1656/3025 1667/3024 1659/3019
f 1667/3024 1656/3025 1649/3026
f 1658/3636 1669/3637 1666/3638
f 1665/3640 1668/3641 1670/3642
f 1519/3298 1665/3327 1521/3301
f 1669/3027 1516/3018 1666/3023
f 1671/2574 1660/2575 1672/2576
f 1655/3319 1667/3325 1649/3317
f 1516/3018 1659/3019 1510/3015
f 1673/3097 1646/3093 1648/3095
f 1648/3095 1550/3088 1549/3087
f 1550/3626 1674/3627 1437/3628
f 1648/3625 1674/3627 1550/3626
f 1648/3625 1657/3624 1674/3627
f 1658/3636 1656/3639 1669/3637
f 1458/3011 1455/3012 1666/3023
f 1666/3633 1437/3634 1674/3635
f 1658/3630 1674/3635 1657/3632
f 1666/2997 1455/2991 1437/2989
f 1573/3212 1574/3213 1675/3216
f 1620/3233 1579/3228 1573/3234
f 1573/3234 1676/3235 1620/3233
f 1665/3327 1670/3328 1521/3301
f 1573/3234 1675/3236 1676/3235
f 1677/3237 1676/3235 1675/3236
f 1678/3329 1653/3316 1679/3330
f 1679/2577 1660/2575 1680/2578
f 1681/3644 1596/3645 1682/3646
f 1680/2578 1671/2574 1683/2579
f 1684/3548 1613/3545 1596/3549
f 1684/3548 1685/3550 1613/3545
f 1684/3548 1596/3549 1681/3551
f 1680/2578 1660/2575 1671/2574
f 1686/3647 1683/3648 1684/3649
f 1653/3316 1678/3329 1651/3320
f 1686/2580 1680/2578 1683/2579
f 1679/2577 1680/2578 1686/2580
f 1673/3097 1648/3095 1549/3087
f 1653/3316 1660/3323 1679/3330
f 1620/3575 1687/3576 1577/3577
f 1686/2580 1684/2581 1688/2582
f 1651/3616 1678/3619 1654/3618
f 1688/2582 1689/2583 1644/2584
f 1666/3633 1674/3635 1658/3630
f 1688/2582 1644/2584 1690/2585
f 1690/2585 1644/2584 1643/2586
f 1682/3578 1596/3579 1593/3580
f 1670/3328 1539/3304 1521/3301
f 1577/3577 1687/3576 1593/3580
f 1691/3581 1593/3580 1687/3576
f 1692/3331 1678/3329 1679/3330
f 1689/3582 1682/3578 1593/3580
f 1593/3580 1691/3581 1689/3582
f 1620/3575 1691/3581 1687/3576
f 1693/3653 1668/3654 1655/3655
f 1689/2583 1681/2587 1682/2588
f 1684/2581 1681/2587 1688/2582
f 1694/3583 1620/3575 1676/3584
f 1679/2577 1686/2580 1688/2582
f 1694/3583 1691/3581 1620/3575
f 1695/3332 1654/3318 1696/3333
f 1540/3643 1670/3642 1668/3641
f 1693/3334 1654/3318 1695/3332
f 1676/3584 1677/3585 1694/3583
f 1666/3023 1398/3004 1458/3011
f 1516/3018 1656/3025 1659/3019
f 1694/3583 1644/3572 1691/3581
f 1669/3027 1656/3025 1516/3018
f 1644/3572 1694/3583 1697/3586
f 1644/3572 1689/3582 1691/3581
f 1689/2583 1688/2582 1681/2587
f 1539/3304 1670/3328 1540/3305
f 1693/3334 1540/3305 1668/3326
f 1693/3334 1655/3319 1654/3318
f 1543/3308 1540/3305 1693/3334
f 1678/3329 1696/3333 1654/3318
f 1698/3335 1595/3311 1489/3310
f 1696/3333 1698/3335 1695/3332
f 1698/3335 1489/3310 1543/3308
f 1688/3336 1692/3331 1679/3330
f 1699/3337 1698/3335 1678/3329
f 1700/2589 1545/2590 1701/2591
f 1646/2592 1560/2569 1546/2566
f 1595/3311 1698/3335 1699/3337
f 1545/2590 1646/2592 1546/2566
f 1699/3656 1692/3657 1690/3658
f 1690/2585 1643/2586 1702/2593
f 1699/3659 1690/3660 1702/3661
f 1646/2592 1700/2589 1661/2594
f 1695/3332 1543/3308 1693/3334
f 1690/3338 1692/3331 1688/3336
f 1698/3335 1543/3308 1695/3332
f 1699/3337 1678/3329 1692/3331
f 1628/3560 1630/3562 1640/3563
f 1703/3662 1671/3663 1704/3664
f 1701/3125 1571/3124 1705/3126
f 1705/3665 1706/3666 1701/3667
f 1931/3112 1705/3126 1571/3124
f 1545/2590 1700/2589 1646/2592
f 1700/3672 1701/3673 1672/3674
f 1951/3675 1704/3676 1952/3677
f 1707/3678 1565/3679 1587/3680
f 1952/3683 1704/3684 1953/3685
f 1706/3666 1704/3668 1672/3669
f 1954/3686 1704/3687 1951/3688
f 1633/3689 1949/3690 1645/3691
f 1705/3126 1931/3112 1953/3127
f 1641/3609 1501/3610 1628/3607
f 1661/2594 1700/2589 1672/2576
f 1671/3670 1672/3669 1704/3668
f 1661/2594 1672/2576 1660/2575
f 1482/3178 1485/3185 1483/3179
f 1568/3194 1498/3183 1500/3186
f 1937/3264 1566/3261 1645/3265
f 1570/3692 1581/3693 1572/3694
f 1678/3329 1698/3335 1696/3333
f 1566/3261 1572/3263 1627/3267
f 1569/2595 1625/2596 1506/2597
f 1595/2598 1625/2596 1569/2595
f 1702/2593 1625/2596 1595/2598
f 1501/3695 1629/3696 1628/3697
f 1704/3668 1705/3665 1953/3671
f 1495/2563 1569/2595 1493/2599
f 1495/2563 1636/2573 1569/2595
f 1699/2600 1702/2593 1595/2598
f 1704/3668 1706/3666 1705/3665
f 1708/3280 1709/3281 1710/3282
f 1635/3598 1515/3597 1639/3599
f 1637/3564 1640/3563 1630/3562
f 1595/2598 1636/2573 1395/2562
f 1588/3699 1711/3700 1586/3701
f 1702/2593 1643/2586 1625/2596
f 1712/3456 1713/3457 1714/3458
f 1582/3443 1570/3442 1632/3459
f 1671/3702 1703/3703 1715/3704
f 1492/3407 1716/3409 1528/3408
f 1717/3283 1718/3284 1719/3285
f 1569/2595 1636/2573 1595/2598
f 1493/3250 1569/3268 1496/3253
f 1685/3550 1720/3552 1613/3545
f 1715/3650 1720/3651 1685/3652
f 1673/3097 1560/3091 1646/3093
f 1955/3712 1612/3713 1615/3714
f 1703/3703 1721/3705 1715/3704
f 1631/3460 1664/3461 1714/3458
f 1715/3704 1721/3705 1720/3706
f 1955/3716 1944/3717 1612/3718
f 1673/3097 1549/3087 1560/3091
f 1615/3546 1613/3545 1720/3552
f 1545/3108 1571/3124 1701/3125
f 1701/3667 1706/3666 1672/3669
f 1683/3648 1685/3652 1684/3649
f 1671/3702 1715/3704 1683/3707
f 1720/3552 1721/3553 1615/3546
f 1954/3708 1703/3703 1704/3709
f 1683/3648 1715/3650 1685/3652
f 1714/3458 1582/3443 1632/3459
f 1545/3108 1547/3110 1571/3124
f 1630/3681 1565/3679 1707/3678
f 1956/3719 1955/3720 1721/3721
f 1711/3722 1606/3723 1707/3724
f 1703/3703 1954/3708 1721/3705
f 1708/3280 1513/3276 1709/3281
f 1956/3710 1721/3705 1957/3711
f 1721/3705 1954/3708 1957/3711
f 1714/3458 1664/3461 1712/3456
f 1508/3730 1722/3731 1723/3732
f 1714/3458 1632/3459 1631/3460
f 1955/3712 1615/3714 1721/3715
f 1629/3736 1565/3737 1630/3738
f 1717/3238 1664/3239 1724/3240
f 1717/3238 1712/3241 1664/3239
f 1621/3725 1630/3726 1725/3727
f 1630/3726 1707/3724 1725/3727
f 1726/3286 1718/3284 1724/3287
f 1621/3196 1605/3197 1507/3188
f 1586/3682 1707/3678 1587/3680
f 1606/3533 1711/3535 1588/3536
f 1565/3504 1638/3503 1587/3501
f 1638/3503 1607/3505 1588/3502
f 1727/3217 1728/3218 1565/3210
f 1563/3739 1524/3740 1729/3741
f 1565/3210 1728/3218 1607/3219
f 1729/3220 1728/3218 1727/3217
f 1607/3534 1606/3533 1588/3536
f 1711/3722 1707/3724 1586/3728
f 1605/3729 1621/3725 1725/3727
f 1727/3217 1531/3206 1729/3220
f 1528/3408 1716/3409 1523/3405
f 1378/3002 1475/3014 1376/3000
f 1502/3272 1501/3271 1641/3288
f 1582/3443 1714/3458 1713/3457
f 1728/3743 1729/3744 1530/3745
f 1730/3462 1713/3457 1712/3456
f 1663/3573 1697/3586 1731/3587
f 1732/3588 1726/3589 1733/3590
f 1639/3746 1732/3747 1734/3748
f 1713/3457 1730/3462 1584/3452
f 1584/3452 1582/3443 1713/3457
f 1726/3589 1732/3588 1710/3591
f 1712/3241 1717/3238 1730/3242
f 1530/3537 1605/3532 1607/3534
f 1726/3589 1724/3592 1731/3587
f 1724/3287 1718/3284 1717/3283
f 1584/3464 1730/3489 1735/3490
f 1506/3255 1625/3269 1570/3262
f 1664/3239 1663/3243 1731/3244
f 1731/3244 1724/3240 1664/3239
f 1568/3194 1621/3196 1507/3188
f 1642/3569 1697/3586 1663/3573
f 1644/3572 1697/3586 1642/3569
f 1730/3242 1717/3238 1736/3245
f 1732/3588 1733/3590 1677/3585
f 1734/3748 1732/3747 1737/3749
f 1722/3289 1508/3274 1718/3284
f 1726/3286 1710/3282 1709/3281
f 1694/3583 1677/3585 1697/3586
f 1631/3566 1642/3569 1663/3573
f 1709/3753 1722/3754 1718/3755
f 1413/2843 1414/2844 1489/2853
f 1530/3742 1729/3741 1524/3740
f 1709/3281 1718/3284 1726/3286
f 1637/3603 1621/3606 1567/3601
f 1728/3538 1530/3537 1607/3534
f 1708/3280 1514/3277 1513/3276
f 1509/3275 1718/3284 1508/3274
f 1513/3756 1634/3757 1709/3753
f 1485/3185 1717/3198 1719/3199
f 1565/3504 1607/3505 1638/3503
f 1524/3390 1716/3392 1530/3393
f 1621/3565 1637/3564 1630/3562
f 1709/3753 1634/3757 1722/3754
f 1522/3173 1729/3174 1529/3175
f 1500/3186 1485/3185 1719/3199
f 1508/3211 1723/3221 1564/3209
f 1513/3756 1515/3758 1634/3757
f 1509/3275 1719/3285 1718/3284
f 1489/3310 1414/3339 1544/3309
f 1958/3491 1738/3492 1624/3487
f 1527/3172 1522/3173 1529/3175
f 1723/3221 1739/3222 1564/3209
f 1734/3748 1737/3749 1722/3750
f 1677/3585 1737/3593 1732/3588
f 1509/3195 1568/3194 1500/3186
f 1563/3759 1522/3760 1532/3761
f 1500/3290 1719/3285 1509/3275
f 1727/3217 1564/3209 1739/3222
f 1565/3210 1564/3209 1727/3217
f 1725/3727 1606/3723 1605/3729
f 1733/3590 1726/3589 1731/3587
f 1729/3174 1522/3173 1563/3176
f 1565/3698 1629/3696 1501/3695
f 1940/3493 1603/3494 1738/3492
f 1523/3405 1517/3401 1528/3408
f 1605/3197 1530/3189 1504/3187
f 1708/3280 1639/3279 1514/3277
f 1437/2989 1436/2988 1551/2998
f 1733/3590 1731/3587 1697/3586
f 1525/3391 1524/3390 1563/3394
f 1708/3594 1710/3591 1732/3588
f 1437/2989 1551/2998 1550/2999
f 1524/3390 1523/3389 1716/3392
f 1732/3588 1639/3595 1708/3594
f 1738/3492 1585/3465 1740/3495
f 1442/2546 1447/2549 1444/2544
f 1504/3187 1507/3188 1605/3197
f 1707/3724 1606/3723 1725/3727
f 1554/3116 1442/3100 1441/3099
f 1557/3118 1554/3116 1441/3099
f 1531/3206 1479/3204 1529/3223
f 1697/3586 1677/3585 1733/3590
f 1557/3118 1443/3101 1917/3102
f 1443/3101 1557/3118 1441/3099
f 1722/3750 1634/3751 1734/3748
f 1531/3206 1529/3223 1729/3220
f 1501/3271 1503/3273 1508/3274
f 1723/3221 1574/3213 1739/3222
f 1737/3762 1675/3763 1741/3764
f 1639/3746 1734/3748 1635/3752
f 1722/3731 1737/3733 1723/3732
f 1741/3734 1723/3732 1737/3733
f 1551/3089 1436/3080 1473/3086
f 1603/3494 1583/3463 1738/3492
f 1584/3464 1742/3496 1585/3465
f 1446/3083 1473/3086 1436/3080
f 1535/3207 1531/3206 1574/3213
f 1675/3216 1574/3213 1741/3224
f 1734/3748 1634/3751 1635/3752
f 1675/3763 1737/3762 1677/3765
f 1727/3217 1739/3222 1531/3206
f 1574/3213 1531/3206 1739/3222
f 1591/3467 1592/3466 1486/3497
f 1480/3191 1533/3190 1528/3200
f 1507/3188 1499/3184 1568/3194
f 1602/3469 1740/3495 1585/3465
f 1473/3086 1447/3085 1562/3092
f 1618/3476 1619/3477 1740/3495
f 1574/3735 1723/3732 1741/3734
f 1483/3179 1500/3186 1498/3183
f 1602/3469 1585/3465 1742/3496
f 1482/3178 1488/3182 1580/3201
f 1736/3498 1486/3497 1602/3469
f 1486/3497 1592/3466 1602/3469
f 1948/3486 1959/3499 1947/3484
f 1940/3493 1738/3492 1958/3491
f 1947/3484 1958/3491 1624/3487
f 1730/3242 1736/3245 1735/3246
f 1742/3496 1584/3464 1735/3490
f 1619/3477 1624/3487 1738/3492
f 1662/3020 1399/3005 1398/3004
f 1585/3465 1738/3492 1583/3463
f 1499/3184 1498/3183 1568/3194
f 1623/3485 1947/3484 1624/3487
f 1618/3476 1740/3495 1602/3469
f 1485/3225 1736/3245 1717/3238
f 1740/3495 1619/3477 1738/3492
f 1399/3005 1662/3020 1378/3002
f 1492/3181 1530/3189 1716/3202
f 1473/3086 1553/3090 1551/3089
f 1602/3469 1742/3496 1736/3498
f 1742/3496 1735/3490 1736/3498
f 1602/3469 1600/3478 1618/3476
f 1485/3225 1486/3227 1736/3245
f 1645/3766 1960/3767 1950/3768
f 1949/3769 1960/3767 1645/3766
f 1937/3770 1950/3771 1961/3772
f 1939/3425 1937/3422 1962/3426
f 1929/3427 1536/3424 1938/3423
f 1364/3773 1361/3774 1497/3775
f 1364/3249 1928/3248 1916/3270
f 1743/2855 1744/2856 1745/2857
f 1746/2858 1747/2859 1748/2860
f 1744/2856 1743/2855 1749/2861
f 1750/3340 1751/3341 1746/3342
f 1963/3028 1964/3029 1752/3030
f 1748/2860 1745/2857 1744/2856
f 1965/3031 1752/3030 1964/3029
f 1748/2860 1744/2856 1753/2862
f 1754/2863 1755/2864 1747/2859
f 1756/3343 1966/3344 1967/3345
f 1756/3343 1967/3345 1757/3346
f 1751/2865 1754/2863 1746/2858
f 1754/2863 1747/2859 1746/2858
f 1753/2862 1744/2856 1758/2866
f 1757/3346 1759/3347 1760/3348
f 1761/3776 1762/3777 1763/3778
f 1764/3349 1757/3346 1967/3345
f 1764/3349 1967/3345 1963/3350
f 1759/3347 1757/3346 1764/3349
f 1760/3348 1756/3343 1757/3346
f 1765/3779 1766/3780 1756/3781
f 1966/3784 1968/3785 1969/3786
f 1767/3789 1765/3790 1768/3791
f 1756/3781 1766/3780 1966/3782
f 1756/3343 1760/3348 1768/3351
f 1966/3784 1766/3787 1968/3785
f 1748/3352 1769/3353 1746/3342
f 1180/2326 1150/2323 1431/2354
f 1768/3351 1765/3354 1756/3343
f 1770/3355 1750/3340 1769/3353
f 1758/3793 1771/3794 1772/3795
f 1766/3787 1970/3788 1968/3785
f 1766/3780 1765/3779 1970/3783
f 1761/3797 1744/3798 1762/3799
f 1387/2923 1384/2920 1401/2927
f 1965/3031 1971/3032 1773/3033
f 1752/3030 1965/3031 1773/3033
f 1774/3034 1773/3033 1971/3032
f 1750/3340 1746/3342 1769/3353
f 1775/3800 1776/3801 1777/3802
f 1778/2942 1779/2943 1780/2944
f 1758/2866 1744/2856 1761/2867
f 1781/2945 1782/2946 1783/2947
f 1784/3804 1761/3805 1763/3806
f 1758/2866 1761/2867 1771/2868
f 1771/3807 1761/3808 1784/3809
f 1972/2948 1785/2949 1774/2950
f 1973/3813 1974/3814 1972/3815
f 1748/3352 1753/3903 1769/3353
f 1774/3034 1971/3032 1972/3035
f 1423/2848 1421/2846 1786/2869
f 1785/3816 1972/3815 1974/3814
f 1971/3032 1975/3036 1972/3035
f 1780/2944 1782/2946 1781/2945
f 1785/2949 1787/2951 1774/2950
f 1976/3818 1974/3819 1977/3820
f 1753/3356 1758/3357 1788/3358
f 1775/3826 1789/3827 1763/3828
f 1790/2952 1791/2953 1792/2954
f 1792/2954 1793/2955 1780/2944
f 1794/2870 1786/2869 1421/2846
f 1974/3819 1976/3818 1795/3821
f 1796/2956 1797/2957 1785/2949
f 1976/3830 1977/3831 1978/3832
f 1785/3816 1974/3814 1796/3817
f 1794/2870 1421/2846 1422/2847
f 1795/3833 1796/3834 1974/3835
f 1765/3836 1979/3837 1970/3838
f 1767/3839 1798/3840 1979/3841
f 1799/2871 1423/2848 1786/2869
f 1767/3789 1979/3792 1765/3790
f 1979/3842 1798/3843 1800/3844
f 1797/2957 1787/2951 1785/2949
f 1801/3853 1800/3854 1802/3855
f 1767/3359 1768/3351 1798/3360
f 1775/3845 1802/3846 1803/3847
f 1803/3847 1798/3843 1804/3848
f 1805/3822 1806/3823 1979/3824
f 1800/3844 1798/3843 1803/3847
f 1800/3825 1805/3822 1979/3824
f 1803/3847 1807/3849 1789/3850
f 1775/3845 1803/3847 1789/3850
f 1805/3856 1800/3857 1801/3858
f 1802/3846 1800/3844 1803/3847
f 1422/2847 1783/2872 1794/2870
f 1803/3847 1804/3848 1807/3849
f 1796/2956 1777/2958 1797/2957
f 1801/3858 1795/3859 1805/3856
f 1805/3822 1795/3821 1806/3823
f 1980/3862 1806/3863 1976/3864
f 1795/3821 1976/3818 1806/3823
f 1780/2944 1779/2943 1782/2946
f 1808/3037 1809/3038 1475/3014
f 1981/3865 1806/3866 1980/3867
f 1802/3869 1777/3870 1801/3871
f 1979/3868 1806/3866 1981/3865
f 1777/3860 1796/3861 1801/3858
f 1782/2873 1779/2874 1794/2870
f 1795/3859 1801/3858 1796/3861
f 1791/2953 1793/2955 1792/2954
f 1752/3030 1810/3039 1811/3040
f 1751/3341 1544/3309 1414/3339
f 1409/2935 1404/2930 1781/2945
f 1401/2927 1812/2959 1408/2934
f 1374/2836 1755/2864 1415/2845
f 1813/3041 1814/3042 1811/3040
f 1963/3028 1752/3030 1814/3042
f 1374/2836 1423/2848 1755/2864
f 1810/3039 1815/3043 1811/3040
f 1963/3028 1814/3042 1764/3044
f 1754/2863 1414/2844 1415/2845
f 1814/3042 1752/3030 1811/3040
f 1816/3045 1808/3037 1817/3046
f 1816/3045 1817/3046 1818/3047
f 1818/3047 1819/3048 1820/3049
f 1817/3046 1808/3037 1821/3050
f 1754/2863 1415/2845 1755/2864
f 1822/3051 1820/3049 1811/3040
f 1823/3361 1759/3347 1824/3362
f 1759/3347 1764/3349 1824/3362
f 1825/3363 1826/3364 1819/3365
f 1827/3366 1826/3364 1823/3361
f 1813/3041 1811/3040 1827/3052
f 1759/3347 1823/3361 1826/3364
f 1814/3042 1823/3053 1824/3054
f 1811/3873 1828/3874 1827/3875
f 1814/3042 1824/3054 1764/3044
f 1808/3037 1475/3014 1821/3050
f 1828/3367 1819/3365 1826/3364
f 1811/3040 1819/3048 1828/3055
f 1814/3042 1813/3041 1823/3053
f 1829/3368 1798/3360 1768/3351
f 1829/3368 1768/3351 1760/3348
f 1829/3368 1830/3369 1798/3360
f 1779/2874 1831/2875 1832/2876
f 1830/3369 1829/3368 1759/3347
f 1798/3360 1830/3369 1804/3370
f 1829/3368 1760/3348 1759/3347
f 1827/3052 1823/3053 1813/3041
f 1827/3366 1828/3367 1826/3364
f 1833/3371 1834/3372 1835/3373
f 1836/3374 1772/3375 1837/3376
f 1807/3377 1804/3370 1830/3369
f 1833/3371 1835/3373 1769/3353
f 1838/3378 1830/3369 1826/3364
f 1771/3794 1837/3796 1772/3795
f 1771/3379 1839/3380 1837/3376
f 1840/3876 1836/3877 1833/3878
f 1542/3307 1841/3381 1842/3382
f 1830/3369 1759/3347 1826/3364
f 1817/3046 1841/3056 1818/3047
f 1542/3307 1843/3383 1834/3372
f 1834/3372 1825/3363 1841/3381
f 1769/3353 1840/3384 1833/3371
f 1825/3363 1819/3365 1841/3381
f 1819/3048 1811/3040 1820/3049
f 1825/3363 1837/3376 1826/3364
f 1841/3056 1821/3050 1842/3057
f 1841/3381 1542/3307 1834/3372
f 1818/3047 1841/3056 1819/3048
f 1770/3355 1769/3353 1835/3373
f 1841/3056 1817/3046 1821/3050
f 1835/3373 1834/3372 1843/3383
f 1826/3364 1837/3376 1839/3380
f 1838/3810 1826/3811 1839/3812
f 1770/3355 1835/3373 1844/3385
f 1837/3376 1825/3363 1836/3374
f 1750/3340 1770/3355 1845/3386
f 1833/3878 1836/3877 1825/3879
f 1844/3385 1835/3373 1843/3383
f 1834/3372 1833/3371 1825/3363
f 1542/3307 1842/3382 1519/3298
f 1846/3387 1770/3355 1844/3385
f 1845/3386 1751/3341 1750/3340
f 1845/3386 1770/3355 1846/3387
f 1842/3382 1511/3299 1519/3298
f 1542/3307 1520/3300 1843/3383
f 1520/3300 1844/3385 1843/3383
f 1846/3387 1844/3385 1520/3300
f 1521/3301 1846/3387 1520/3300
f 1779/2943 1778/2942 1831/2960
f 1754/2863 1751/2865 1414/2844
f 1423/2848 1799/2871 1755/2864
f 1511/3016 1842/3057 1821/3050
f 1780/2944 1793/2955 1778/2942
f 1807/3377 1838/3378 1784/3388
f 1511/3016 1821/3050 1475/3014
f 1792/2954 1781/2945 1404/2930
f 1775/3872 1777/3870 1802/3869
f 1743/2961 1831/2960 1778/2942
f 1787/2951 1793/2955 1791/2953
f 1778/2942 1749/2962 1743/2961
f 1749/2861 1762/2877 1744/2856
f 1538/3303 1846/3387 1521/3301
f 1409/2935 1783/2947 1422/2940
f 1541/3306 1544/3309 1845/3386
f 1409/2935 1781/2945 1783/2947
f 1792/2954 1780/2944 1781/2945
f 1799/2871 1794/2870 1832/2876
f 1745/2857 1748/2860 1755/2864
f 1845/3386 1544/3309 1751/3341
f 1775/2878 1762/2877 1749/2861
f 1794/2870 1779/2874 1832/2876
f 1404/2930 1406/2932 1792/2954
f 1786/2869 1794/2870 1799/2871
f 1408/2934 1812/2959 1790/2952
f 1777/2958 1778/2942 1793/2955
f 1538/3303 1541/3306 1846/3387
f 1845/3386 1846/3387 1541/3306
f 1774/3034 1847/3058 1773/3033
f 1794/2870 1783/2872 1782/2873
f 1848/3059 1810/3039 1849/3060
f 1743/2855 1832/2876 1831/2875
f 1849/3060 1773/3033 1847/3058
f 1848/3059 1850/3061 1815/3043
f 1752/3030 1773/3033 1810/3039
f 1816/3045 1851/3062 1852/3063
f 1815/3043 1810/3039 1848/3059
f 1853/3882 1822/3883 1854/3884
f 1816/3885 1853/3886 1851/3887
f 1850/3061 1848/3059 1855/3064
f 1816/3045 1818/3047 1853/3065
f 1811/3040 1815/3043 1822/3051
f 1853/3889 1820/3890 1822/3891
f 1853/3065 1818/3047 1820/3049
f 1855/3064 1854/3066 1850/3061
f 1851/3062 1856/3900 1852/3063
f 1855/3064 1848/3059 1849/3060
f 1854/3892 1856/3893 1853/3894
f 1815/3043 1850/3061 1822/3051
f 1847/2963 1857/2964 1849/2965
f 1856/3900 1858/3068 1852/3063
f 1822/3051 1850/3061 1854/3066
f 1856/3067 1854/3066 1855/3064
f 1774/2950 1787/2951 1847/2963
f 1773/3033 1849/3060 1810/3039
f 1849/2965 1857/2964 1855/2966
f 1408/2934 1790/2952 1406/2932
f 1791/2953 1790/2952 1857/2964
f 1847/2963 1787/2951 1857/2964
f 1790/2952 1812/2959 1856/2967
f 1853/3886 1856/3888 1851/3887
f 1855/2966 1857/2964 1856/2967
f 1791/2953 1857/2964 1787/2951
f 1857/2964 1790/2952 1856/2967
f 1856/2967 1812/2959 1858/2968
f 1809/3038 1376/3000 1475/3014
f 1384/3069 1852/3063 1858/3068
f 1401/2927 1384/2920 1858/2968
f 1809/3038 1808/3037 1852/3063
f 1816/3045 1852/3063 1808/3037
f 1753/3903 1840/3384 1769/3353
f 1406/2932 1790/2952 1792/2954
f 1832/2876 1745/2857 1799/2871
f 1384/3069 1809/3038 1852/3063
f 1749/2962 1778/2942 1776/2969
f 1384/3069 1377/3001 1376/3000
f 1776/2969 1775/2970 1749/2962
f 1799/2871 1745/2857 1755/2864
f 1755/2864 1748/2860 1747/2859
f 1836/3877 1840/3876 1788/3880
f 1840/3876 1753/3881 1788/3880
f 1763/3828 1762/3829 1775/3826
f 1771/3807 1838/3810 1839/3812
f 1771/3807 1784/3809 1838/3810
f 1858/2968 1812/2959 1401/2927
f 1807/3849 1784/3851 1789/3850
f 1784/3851 1763/3852 1789/3850
f 1807/3377 1830/3369 1838/3378
f 1809/3038 1384/3069 1376/3000
f 1787/2951 1797/2957 1793/2955
f 1776/3801 1778/3803 1777/3802
f 1788/3358 1758/3357 1772/3375
f 1788/3358 1772/3375 1836/3374
f 1797/2957 1777/2958 1793/2955
f 1745/2857 1832/2876 1743/2855
vt 0.742433 0.414806
vt 0.739762 0.406806
vt 0.74797 0.408561
vt 0.742206 0.398287
vt 0.754271 0.416145
vt 0.755992 0.404462
vt 0.74974 0.430324
vt 0.74251 0.432786
vt 0.740989 0.42368
vt 0.761805 0.413374
vt 0.753473 0.436401
vt 0.755551 0.429946
vt 0.736607 0.405463
vt 0.736039 0.43187
vt 0.731506 0.430463
vt 0.73323 0.42897
vt 0.717077 0.414716
vt 0.709169 0.409262
vt 0.728505 0.406351
vt 0.726623 0.41357
vt 0.723376 0.426146
vt 0.732361 0.418919
vt 0.736527 0.392814
vt 0.730407 0.397434
vt 0.731767 0.400272
vt 0.721741 0.403761
vt 0.708618 0.398167
vt 0.726067 0.394542
vt 0.711188 0.422445
vt 0.709194 0.41914
vt 0.713702 0.424627
vt 0.727883 0.426276
vt 0.286337 0.392895
vt 0.297344 0.397938
vt 0.282927 0.402148
vt 0.276415 0.407111
vt 0.275832 0.399059
vt 0.300408 0.398043
vt 0.30127 0.386384
vt 0.294406 0.3902
vt 0.271934 0.386872
vt 0.224073 0.365353
vt 0.240852 0.366899
vt 0.22598 0.376466
vt 0.238961 0.377478
vt 0.227837 0.388644
vt 0.271793 0.392956
vt 0.273131 0.401811
vt 0.231977 0.39685
vt 0.242992 0.402349
vt 0.234996 0.406431
vt 0.291111 0.404796
vt 0.259308 0.396515
vt 0.260401 0.405263
vt 0.256828 0.400827
vt 0.245905 0.408081
vt 0.247768 0.391331
vt 0.25217 0.394909
vt 0.255226 0.406367
vt 0.295123 0.385006
vt 0.299038 0.375665
vt 0.269046 0.374791
vt 0.291199 0.383107
vt 0.278087 0.364947
vt 0.288573 0.365546
vt 0.284265 0.356872
vt 0.250242 0.385759
vt 0.257077 0.388667
vt 0.261169 0.374643
vt 0.263739 0.379442
vt 0.266186 0.386288
vt 0.249724 0.371979
vt 0.254852 0.371218
vt 0.261488 0.36683
vt 0.260681 0.361134
vt 0.273441 0.356638
vt 0.249712 0.365637
vt 0.25822 0.380359
vt 0.257511 0.370831
vt 0.225285 0.401031
vt 0.223228 0.396173
vt 0.220972 0.380742
vt 0.220443 0.394782
vt 0.20813 0.38108
vt 0.217568 0.389205
vt 0.2176 0.378911
vt 0.220767 0.371514
vt 0.211915 0.393046
vt 0.214011 0.375661
vt 0.21577 0.402598
vt 0.212729 0.399894
vt 0.220383 0.406672
vt 0.213741 0.406924
vt 0.84328 0.410619
vt 0.849986 0.409061
vt 0.853514 0.416407
vt 0.848234 0.419916
vt 0.841431 0.413684
vt 0.869548 0.387877
vt 0.856375 0.374317
vt 0.874824 0.377115
vt 0.858019 0.404352
vt 0.862135 0.402852
vt 0.861193 0.412792
vt 0.85841 0.389251
vt 0.879588 0.41619
vt 0.860134 0.416569
vt 0.842589 0.4281
vt 0.878996 0.412443
vt 0.878536 0.374928
vt 0.87696 0.380515
vt 0.876942 0.390363
vt 0.850277 0.399461
vt 0.849868 0.375038
vt 0.85176 0.369777
vt 0.844553 0.3714
vt 0.855278 0.362565
vt 0.848001 0.359379
vt 0.85745 0.34891
vt 0.864857 0.352276
vt 0.867678 0.360173
vt 0.875695 0.357177
vt 0.879234 0.349184
vt 0.874157 0.349822
vt 0.872512 0.345294
vt 0.874396 0.370142
vt 0.879166 0.371838
vt 0.87612 0.38419
vt 0.551558 0.405415
vt 0.545801 0.408134
vt 0.544088 0.394348
vt 0.560728 0.397651
vt 0.549173 0.388668
vt 0.551009 0.359257
vt 0.55773 0.357452
vt 0.567626 0.362369
vt 0.582808 0.361792
vt 0.586874 0.383159
vt 0.582307 0.380278
vt 0.573519 0.364565
vt 0.567029 0.381554
vt 0.55564 0.386826
vt 0.554258 0.381185
vt 0.572497 0.378772
vt 0.565605 0.386547
vt 0.566673 0.391154
vt 0.555779 0.371325
vt 0.58018 0.386876
vt 0.580729 0.391026
vt 0.528442 0.36076
vt 0.533597 0.359171
vt 0.542379 0.378209
vt 0.549585 0.354041
vt 0.54241 0.382548
vt 0.538054 0.383909
vt 0.544314 0.372776
vt 0.530797 0.373883
vt 0.588163 0.393069
vt 0.599101 0.400719
vt 0.584197 0.401557
vt 0.607111 0.413113
vt 0.595808 0.415408
vt 0.60445 0.395331
vt 0.572291 0.400051
vt 0.576323 0.409821
vt 0.582901 0.415102
vt 0.565466 0.413734
vt 0.571226 0.4198
vt 0.561382 0.411042
vt 0.565975 0.40392
vt 0.56279 0.401695
vt 0.550905 0.412775
vt 0.069615 0.38054
vt 0.067329 0.375347
vt 0.0832 0.37021
vt 0.071574 0.365927
vt 0.080456 0.375614
vt 0.078865 0.390116
vt 0.067426 0.398324
vt 0.071349 0.385756
vt 0.059861 0.374422
vt 0.010727 0.394646
vt 0.000122 0.390362
vt 0.00482 0.385067
vt 0.004792 0.395488
vt 0.01905 0.394396
vt 0.029757 0.388125
vt 0.028925 0.394397
vt 0.058364 0.390946
vt 0.052946 0.389379
vt 0.04962 0.381975
vt 0.043269 0.375851
vt 0.055991 0.371966
vt 0.021083 0.388919
vt 0.034138 0.385645
vt 0.039262 0.36913
vt 0.048747 0.396978
vt 0.042997 0.386871
vt 0.031897 0.378655
vt 0.037604 0.361027
vt 0.035591 0.397086
vt 0.064991 0.362572
vt 0.0528 0.370448
vt 0.008199 0.387861
vt 0.018905 0.377207
vt 0.027557 0.369995
vt 0.010546 0.377364
vt 0.019576 0.366256
vt 0.006633 0.372241
vt 0.015494 0.362246
vt 0.02877 0.363753
vt 0.010188 0.355154
vt 0.023716 0.357526
vt 0.063204 0.399292
vt 0.075057 0.397957
vt 0.08124 0.396886
vt 0.100053 0.373817
vt 0.092817 0.374227
vt 0.094074 0.36953
vt 0.087017 0.373857
vt 0.101763 0.365723
vt 0.106406 0.367071
vt 0.087131 0.387077
vt 0.092091 0.386479
vt 0.101569 0.375404
vt 0.082834 0.392059
vt 0.100463 0.387223
vt 0.093474 0.39551
vt 0.110766 0.371605
vt 0.826522 0.161037
vt 0.821414 0.167069
vt 0.809204 0.171577
vt 0.822289 0.174683
vt 0.610649 0.386853
vt 0.62183 0.386842
vt 0.61816 0.389364
vt 0.607953 0.399583
vt 0.643397 0.367294
vt 0.618231 0.368873
vt 0.630131 0.365526
vt 0.607544 0.424988
vt 0.61279 0.417294
vt 0.611917 0.429437
vt 0.614534 0.383569
vt 0.625789 0.397403
vt 0.626096 0.373229
vt 0.634671 0.384052
vt 0.634157 0.393455
vt 0.624472 0.403469
vt 0.608074 0.404758
vt 0.622262 0.409527
vt 0.634341 0.408544
vt 0.636694 0.401914
vt 0.609047 0.414079
vt 0.627897 0.421057
vt 0.626423 0.414402
vt 0.62201 0.429425
vt 0.645479 0.376115
vt 0.621441 0.440238
vt 0.609326 0.439601
vt 0.608046 0.444214
vt 0.513082 0.203334
vt 0.522603 0.196264
vt 0.518968 0.211702
vt 0.526782 0.214998
vt 0.518661 0.218062
vt 0.515206 0.197594
vt 0.521879 0.223999
vt 0.512817 0.223317
vt 0.104721 0.426664
vt 0.108992 0.416805
vt 0.113745 0.417862
vt 0.128198 0.412556
vt 0.125612 0.39818
vt 0.133622 0.40872
vt 0.129712 0.397489
vt 0.135243 0.424078
vt 0.131255 0.429209
vt 0.125143 0.425461
vt 0.108197 0.432442
vt 0.100963 0.417179
vt 0.097293 0.43069
vt 0.094849 0.421339
vt 0.118213 0.423716
vt 0.119755 0.414737
vt 0.123684 0.41992
vt 0.133586 0.416813
vt 0.137763 0.415163
vt 0.121843 0.43113
vt 0.114229 0.430892
vt 0.141152 0.423288
vt 0.139687 0.408929
vt 0.106402 0.415991
vt 0.125224 0.413158
vt 0.105252 0.39599
vt 0.10727 0.409113
vt 0.102753 0.405441
vt 0.100382 0.394277
vt 0.120856 0.392833
vt 0.120439 0.407566
vt 0.143076 0.394259
vt 0.113792 0.400132
vt 0.119873 0.402371
vt 0.11503 0.404177
vt 0.136454 0.428584
vt 0.11199 0.387064
vt 0.095432 0.415308
vt 0.137337 0.434448
vt 0.098254 0.401594
vt 0.097082 0.392468
vt 0.109665 0.387416
vt 0.12511 0.39163
vt 0.14652 0.393376
vt 0.562905 0.15564
vt 0.558231 0.149536
vt 0.557739 0.143452
vt 0.524689 0.419585
vt 0.522769 0.413047
vt 0.526189 0.405896
vt 0.539348 0.408052
vt 0.53765 0.415439
vt 0.511557 0.403111
vt 0.517662 0.407967
vt 0.510025 0.413832
vt 0.515383 0.420418
vt 0.509183 0.421977
vt 0.517322 0.395679
vt 0.504621 0.404821
vt 0.509338 0.40361
vt 0.5435 0.399343
vt 0.517841 0.386554
vt 0.539208 0.387908
vt 0.509852 0.395839
vt 0.512838 0.385527
vt 0.50631 0.426017
vt 0.503052 0.419941
vt 0.503842 0.411095
vt 0.505669 0.397754
vt 0.507668 0.431972
vt 0.50314 0.43689
vt 0.853842 0.148078
vt 0.854931 0.156203
vt 0.84729 0.161499
vt 0.53353 0.15564
vt 0.529095 0.151133
vt 0.526978 0.142218
vt 0.540503 0.195264
vt 0.537384 0.202536
vt 0.530502 0.203035
vt 0.529972 0.213257
vt 0.543754 0.184091
vt 0.551187 0.180554
vt 0.549207 0.184952
vt 0.527466 0.197179
vt 0.343955 0.399251
vt 0.346612 0.392668
vt 0.348323 0.409186
vt 0.364054 0.404736
vt 0.392822 0.395362
vt 0.400554 0.410645
vt 0.386052 0.40124
vt 0.401827 0.393866
vt 0.33606 0.370946
vt 0.340118 0.380477
vt 0.336634 0.383668
vt 0.3494 0.383588
vt 0.339661 0.366939
vt 0.347678 0.365281
vt 0.354422 0.360719
vt 0.339382 0.355234
vt 0.383961 0.373225
vt 0.387008 0.354399
vt 0.392526 0.361277
vt 0.390073 0.347471
vt 0.394393 0.350453
vt 0.376568 0.351839
vt 0.399652 0.346144
vt 0.399108 0.379866
vt 0.384503 0.379044
vt 0.398333 0.377207
vt 0.398127 0.385006
vt 0.385551 0.387477
vt 0.40163 0.356631
vt 0.375123 0.356891
vt 0.371235 0.354343
vt 0.394795 0.374037
vt 0.369498 0.360535
vt 0.361016 0.352808
vt 0.363794 0.368706
vt 0.375362 0.377514
vt 0.352015 0.356447
vt 0.364019 0.388648
vt 0.366312 0.381889
vt 0.381576 0.38413
vt 0.379402 0.406525
vt 0.355211 0.376433
vt 0.382129 0.38074
vt 0.362696 0.471975
vt 0.352307 0.476768
vt 0.344018 0.465026
vt 0.347728 0.473086
vt 0.396308 0.414696
vt 0.415486 0.432933
vt 0.410893 0.423422
vt 0.418012 0.426588
vt 0.397015 0.4277
vt 0.385182 0.431091
vt 0.387133 0.425445
vt 0.396419 0.436607
vt 0.409393 0.441906
vt 0.40448 0.452678
vt 0.396255 0.459691
vt 0.383971 0.45578
vt 0.415468 0.464745
vt 0.404551 0.467817
vt 0.408615 0.457027
vt 0.387186 0.435551
vt 0.385136 0.412776
vt 0.395748 0.462865
vt 0.386264 0.462724
vt 0.359263 0.463932
vt 0.366989 0.415921
vt 0.380154 0.422722
vt 0.370919 0.423383
vt 0.386451 0.420108
vt 0.373404 0.416299
vt 0.37662 0.429341
vt 0.361645 0.425536
vt 0.355774 0.417148
vt 0.372061 0.436055
vt 0.358552 0.429852
vt 0.352861 0.419639
vt 0.370838 0.446767
vt 0.364445 0.453911
vt 0.379671 0.46513
vt 0.365611 0.462872
vt 0.351996 0.454837
vt 0.351099 0.443347
vt 0.408814 0.478351
vt 0.400031 0.474036
vt 0.380212 0.476804
vt 0.392125 0.469134
vt 0.392445 0.481136
vt 0.397435 0.488587
vt 0.403987 0.488999
vt 0.383724 0.492251
vt 0.378771 0.48706
vt 0.392638 0.492554
vt 0.372912 0.470467
vt 0.346752 0.42944
vt 0.367672 0.487112
vt 0.375057 0.491534
vt 0.340252 0.421751
vt 0.348791 0.414759
vt 0.336145 0.414694
vt 0.338455 0.410877
vt 0.34374 0.434083
vt 0.344963 0.43995
vt 0.340179 0.438443
vt 0.337809 0.429246
vt 0.346389 0.457838
vt 0.340315 0.447686
vt 0.341718 0.462164
vt 0.813661 0.233276
vt 0.801848 0.227207
vt 0.808115 0.223925
vt 0.800415 0.220752
vt 0.805396 0.217894
vt 0.804936 0.20418
vt 0.45357 0.427467
vt 0.452638 0.435848
vt 0.448648 0.427764
vt 0.46158 0.426894
vt 0.452748 0.418243
vt 0.490906 0.418314
vt 0.482352 0.419493
vt 0.49114 0.404626
vt 0.479135 0.410884
vt 0.478504 0.421648
vt 0.502533 0.383731
vt 0.490139 0.395372
vt 0.483813 0.428064
vt 0.495835 0.422685
vt 0.507921 0.390448
vt 0.471919 0.418813
vt 0.50129 0.407195
vt 0.486973 0.405338
vt 0.481295 0.39727
vt 0.476802 0.396555
vt 0.446587 0.409371
vt 0.44692 0.420583
vt 0.460212 0.404538
vt 0.466052 0.39737
vt 0.471015 0.393555
vt 0.454505 0.390347
vt 0.474092 0.392644
vt 0.444225 0.404677
vt 0.44104 0.396554
vt 0.443224 0.411263
vt 0.455752 0.436172
vt 0.450862 0.445679
vt 0.465963 0.442208
vt 0.446153 0.439312
vt 0.444594 0.433641
vt 0.480176 0.433859
vt 0.99982 0.213047
vt 0.999632 0.225952
vt 0.995749 0.213649
vt 0.992798 0.198671
vt 0.668091 0.228093
vt 0.675393 0.226514
vt 0.673161 0.233276
vt 0.671965 0.215727
vt 0.672948 0.220922
vt 0.680876 0.20619
vt 0.661519 0.213615
vt 0.656316 0.22644
vt 0.655884 0.212081
vt 0.670436 0.196528
vt 0.471802 0.100331
vt 0.47741 0.094809
vt 0.477654 0.100464
vt 0.482511 0.097986
vt 0.486704 0.199923
vt 0.481419 0.205444
vt 0.476964 0.193039
vt 0.465942 0.186918
vt 0.474697 0.196913
vt 0.943729 0.406296
vt 0.9302 0.396841
vt 0.944908 0.395166
vt 0.988467 0.379764
vt 0.974237 0.399293
vt 0.967481 0.392951
vt 0.985731 0.396274
vt 0.973436 0.365366
vt 0.976292 0.376328
vt 0.971074 0.370714
vt 0.954968 0.370015
vt 0.951119 0.367327
vt 0.962682 0.365233
vt 0.961219 0.370025
vt 0.986386 0.376687
vt 0.964523 0.382838
vt 0.941105 0.372885
vt 0.941208 0.367603
vt 0.929201 0.368472
vt 0.945359 0.361261
vt 0.928833 0.363602
vt 0.930798 0.360302
vt 0.958956 0.3751
vt 0.963658 0.380722
vt 0.960034 0.38737
vt 0.976542 0.413435
vt 0.942617 0.37521
vt 0.959137 0.396807
vt 0.95496 0.391318
vt 0.967778 0.396717
vt 0.965256 0.409296
vt 0.953109 0.413015
vt 0.938963 0.392932
vt 0.944341 0.388329
vt 0.941565 0.384076
vt 0.950515 0.383872
vt 0.988736 0.409739
vt 0.966053 0.417562
vt 0.948181 0.416765
vt 0.975995 0.419421
vt 0.969848 0.423714
vt 0.945015 0.40974
vt 0.954295 0.424683
vt 0.94568 0.423268
vt 0.666599 0.170287
vt 0.672545 0.171051
vt 0.657837 0.181518
vt 0.682597 0.161212
vt 0.686774 0.165025
vt 0.908813 0.117512
vt 0.912049 0.108531
vt 0.911258 0.12439
vt 0.735655 0.055542
vt 0.723755 0.054463
vt 0.729035 0.051691
vt 0.355591 0.002316
vt 0.359741 0.003388
vt 0.358455 0.006714
vt 0.983032 0.016659
vt 0.989727 0.012942
vt 0.985562 0.017944
vt 0.743312 0.114136
vt 0.740052 0.111397
vt 0.738403 0.10401
vt 0.776183 0.143973
vt 0.755981 0.150757
vt 0.762676 0.146404
vt 0.755833 0.13405
vt 0.759094 0.143462
vt 0.753052 0.144897
vt 0.669035 0.025995
vt 0.663696 0.026733
vt 0.664779 0.020869
vt 0.30292 0.078491
vt 0.294067 0.077065
vt 0.300109 0.073252
vt 0.987779 0.184401
vt 0.999592 0.191772
vt 0.978981 0.184309
vt 0.973755 0.174698
vt 0.982036 0.166967
vt 0.985295 0.173438
vt 0.564234 0.167358
vt 0.541138 0.164941
vt 0.562335 0.156455
vt 0.137763 0.165371
vt 0.155618 0.176636
vt 0.130816 0.169298
vt 0.154916 0.165619
vt 0.136182 0.161529
vt 0.127181 0.160389
vt 0.12561 0.168516
vt 0.894098 0.204721
vt 0.881728 0.205093
vt 0.893283 0.193556
vt 0.88194 0.193853
vt 0.873756 0.211436
vt 0.875248 0.191028
vt 0.889631 0.189949
vt 0.867798 0.196036
vt 0.867853 0.217651
vt 0.888677 0.175528
vt 0.880159 0.187525
vt 0.869543 0.184155
vt 0.877778 0.178448
vt 0.059933 0.168823
vt 0.046437 0.157294
vt 0.05997 0.161132
vt 0.042114 0.162085
vt 0.230224 0.204561
vt 0.222765 0.195797
vt 0.232667 0.193244
vt 0.21936 0.205104
vt 0.227301 0.182836
vt 0.230687 0.210089
vt 0.219665 0.211304
vt 0.238764 0.183366
vt 0.230562 0.18159
vt 0.237586 0.171024
vt 0.240472 0.202706
vt 0.241864 0.196261
vt 0.242862 0.189533
vt 0.24177 0.180219
vt 0.240427 0.211101
vt 0.242622 0.20745
vt 0.246668 0.174308
vt 0.006955 0.092163
vt 0.005493 0.083251
vt 0.010597 0.083037
vt 0.308273 0.38237
vt 0.314715 0.379084
vt 0.309463 0.387227
vt 0.30403 0.379077
vt 0.308556 0.37085
vt 0.326641 0.38083
vt 0.321133 0.39202
vt 0.308231 0.35995
vt 0.320164 0.368469
vt 0.320445 0.37338
vt 0.30188 0.38382
vt 0.304075 0.387471
vt 0.302732 0.356589
vt 0.302012 0.372216
vt 0.30936 0.393079
vt 0.318913 0.403108
vt 0.312898 0.401071
vt 0.315873 0.41323
vt 0.310057 0.418823
vt 0.309428 0.415732
vt 0.001099 0.117495
vt 0.020552 0.119573
vt 0.014364 0.121948
vt 0.934473 0.038295
vt 0.928562 0.042847
vt 0.925415 0.039883
vt 0.292592 0.152911
vt 0.301906 0.152682
vt 0.28628 0.157916
vt 0.285864 0.156243
vt 0.279419 0.158569
vt 0.825806 0.152222
vt 0.836213 0.140649
vt 0.837459 0.143388
vt 0.638755 0.06509
vt 0.635038 0.07312
vt 0.634399 0.067929
vt 0.791128 0.183359
vt 0.777227 0.186837
vt 0.787952 0.173685
vt 0.791172 0.187866
vt 0.774048 0.1775
vt 0.533813 0.166282
vt 0.549386 0.176147
vt 0.536753 0.174934
vt 0.287335 0.143395
vt 0.27356 0.144897
vt 0.287505 0.139207
vt 0.020142 0.064331
vt 0.023817 0.059449
vt 0.029403 0.061216
vt 0.008423 0.15731
vt 0.016555 0.160026
vt 0.010776 0.16394
vt 0.01096 0.148851
vt 0.291138 0.099975
vt 0.294436 0.093178
vt 0.29835 0.096318
vt 0.551824 0.148185
vt 0.540756 0.159058
vt 0.540649 0.151256
vt 0.633528 0.084389
vt 0.63038 0.091186
vt 0.62561 0.085265
vt 0.164673 0.03771
vt 0.171328 0.037945
vt 0.170412 0.043335
vt 0.288034 0.175171
vt 0.268102 0.164147
vt 0.281669 0.165917
vt 0.264146 0.156636
vt 0.249634 0.150529
vt 0.270367 0.156095
vt 0.106807 0.172241
vt 0.10022 0.16363
vt 0.108495 0.167748
vt 0.120153 0.157904
vt 0.119181 0.162071
vt 0.678789 0.173306
vt 0.676467 0.198275
vt 0.672473 0.190052
vt 0.681038 0.180373
vt 0.688205 0.195493
vt 0.68047 0.20467
vt 0.683333 0.186647
vt 0.671021 0.205542
vt 0.686148 0.207177
vt 0.689856 0.201568
vt 0.697177 0.212441
vt 0.687877 0.214233
vt 0.423564 0.139584
vt 0.427095 0.145979
vt 0.416626 0.14685
vt 0.515091 0.192272
vt 0.497192 0.21521
vt 0.498674 0.206601
vt 0.508727 0.188361
vt 0.518821 0.18372
vt 0.87529 0.14978
vt 0.862271 0.147939
vt 0.862383 0.143906
vt 0.850708 0.146852
vt 0.863559 0.094197
vt 0.845337 0.097046
vt 0.851653 0.092898
vt 0.65271 0.139141
vt 0.65847 0.146049
vt 0.64856 0.14685
vt 0.255983 0.14355
vt 0.259168 0.14555
vt 0.244751 0.150268
vt 0.295442 0.152222
vt 0.293091 0.14367
vt 0.304053 0.149269
vt 0.508324 0.144998
vt 0.521343 0.142699
vt 0.515123 0.146424
vt 0.50061 0.14978
vt 0.175903 0.182495
vt 0.18638 0.171184
vt 0.190464 0.170867
vt 0.077607 0.160994
vt 0.076741 0.154846
vt 0.09947 0.16394
vt 0.063599 0.155144
vt 0.556274 0.225464
vt 0.557812 0.21234
vt 0.569716 0.203767
vt 0.358032 0.215503
vt 0.358339 0.204785
vt 0.362684 0.214105
vt 0.3599 0.227163
vt 0.365964 0.221286
vt 0.369341 0.22937
vt 0.255332 0.21007
vt 0.25954 0.211968
vt 0.254517 0.217163
vt 0.272757 0.182395
vt 0.280114 0.17863
vt 0.266046 0.196241
vt 0.263178 0.192509
vt 0.840215 0.207506
vt 0.830161 0.194327
vt 0.837512 0.196043
vt 0.845344 0.220093
vt 0.847169 0.210752
vt 0.825317 0.185032
vt 0.844945 0.204166
vt 0.971313 0.204821
vt 0.975979 0.212394
vt 0.976486 0.222431
vt 0.979766 0.225572
vt 0.979265 0.238159
vt 0.977299 0.203098
vt 0.861928 0.20202
vt 0.862305 0.196304
vt 0.867435 0.201102
vt 0.865866 0.210327
vt 0.85785 0.18849
vt 0.856237 0.192492
vt 0.852699 0.182795
vt 0.842407 0.179405
vt 0.707474 0.072143
vt 0.69397 0.071659
vt 0.700117 0.068378
vt 0.850708 0.14165
vt 0.866482 0.13831
vt 0.861148 0.143433
vt 0.8767 0.140065
vt 0.24905 0.171858
vt 0.231567 0.160471
vt 0.261683 0.1781
vt 0.246643 0.165864
vt 0.186804 0.164041
vt 0.164082 0.16992
vt 0.172697 0.166475
vt 0.163696 0.176147
vt 0.757799 0.115171
vt 0.748657 0.122925
vt 0.751031 0.117486
vt 0.330332 0.086792
vt 0.325246 0.08068
vt 0.328637 0.081353
vt 0.321899 0.08313
vt 0.657522 0.164239
vt 0.640733 0.170776
vt 0.646332 0.160148
vt 0.635244 0.160539
vt 0.628802 0.168454
vt 0.625122 0.161905
vt 0.624366 0.160034
vt 0.619751 0.153084
vt 0.642387 0.158736
vt 0.556996 0.002808
vt 0.55481 0.000702
vt 0.560087 0.000272
vt 0.587524 0.015991
vt 0.594936 0.011073
vt 0.594096 0.015955
vt 0.467312 0.174777
vt 0.452271 0.180542
vt 0.462995 0.170243
vt 0.388049 0.142202
vt 0.374146 0.148315
vt 0.384944 0.14002
vt 0.861215 0.213764
vt 0.850416 0.220093
vt 0.847778 0.217032
vt 0.84785 0.202324
vt 0.810669 0.094116
vt 0.820537 0.088448
vt 0.822014 0.091499
vt 0.672108 0.412279
vt 0.675499 0.406524
vt 0.679278 0.411351
vt 0.675081 0.417523
vt 0.662132 0.408236
vt 0.655478 0.403828
vt 0.662499 0.403994
vt 0.669932 0.400876
vt 0.655423 0.395313
vt 0.658601 0.394955
vt 0.650156 0.395777
vt 0.637329 0.39171
vt 0.650017 0.391337
vt 0.653218 0.399722
vt 0.681884 0.420196
vt 0.680604 0.422032
vt 0.684233 0.416351
vt 0.689783 0.424264
vt 0.686461 0.424683
vt 0.691626 0.405981
vt 0.704008 0.408332
vt 0.700859 0.424232
vt 0.029828 0.408559
vt 0.025001 0.421151
vt 0.02356 0.411287
vt 0.060582 0.40717
vt 0.065136 0.409039
vt 0.060337 0.414572
vt 0.069174 0.415872
vt 0.072666 0.407082
vt 0.036994 0.428441
vt 0.032403 0.422841
vt 0.035527 0.417996
vt 0.029887 0.417299
vt 0.03263 0.43396
vt 0.028654 0.425238
vt 0.046784 0.423206
vt 0.046058 0.430042
vt 0.068444 0.420473
vt 0.059338 0.42092
vt 0.040189 0.413052
vt 0.051501 0.425014
vt 0.061016 0.426273
vt 0.05268 0.412959
vt 0.047007 0.414051
vt 0.050187 0.424529
vt 0.038289 0.411221
vt 0.059958 0.398009
vt 0.065731 0.402074
vt 0.062563 0.404566
vt 0.036276 0.399261
vt 0.040496 0.407023
vt 0.040226 0.398959
vt 0.045921 0.407536
vt 0.026183 0.401097
vt 0.055365 0.405846
vt 0.054497 0.402132
vt 0.04491 0.399361
vt 0.049317 0.39799
vt 0.052795 0.39309
vt 0.791884 0.16725
vt 0.791881 0.156947
vt 0.805078 0.16099
vt 0.791489 0.173139
vt 0.785993 0.172158
vt 0.808757 0.184936
vt 0.785152 0.160867
vt 0.780468 0.167025
vt 0.78029 0.172854
vt 0.772583 0.16924
vt 0.776061 0.165392
vt 0.2205 0.156457
vt 0.212317 0.157955
vt 0.2096 0.154021
vt 0.202759 0.164917
vt 0.214517 0.175171
vt 0.204458 0.174084
vt 0.214576 0.169078
vt 0.194464 0.161435
vt 0.199687 0.164424
vt 0.197923 0.167063
vt 0.204712 0.167516
vt 0.193329 0.172372
vt 0.191505 0.170849
vt 0.187134 0.163899
vt 0.140259 0.014511
vt 0.146527 0.019897
vt 0.142182 0.017044
vt 0.416597 0.125712
vt 0.422203 0.128403
vt 0.417858 0.130737
vt 0.415649 0.12049
vt 0.992658 0.154642
vt 0.999821 0.15474
vt 0.997417 0.159854
vt 0.977814 0.16276
vt 0.979949 0.155306
vt 0.986885 0.154488
vt 0.976029 0.160215
vt 0.990763 0.159489
vt 0.97229 0.167358
vt 0.247974 0.186609
vt 0.251384 0.178425
vt 0.25309 0.186417
vt 0.251545 0.193705
vt 0.244751 0.196167
vt 0.257759 0.18871
vt 0.256683 0.183385
vt 0.26098 0.183287
vt 0.804759 0.139177
vt 0.80648 0.147827
vt 0.799927 0.144599
vt 0.808403 0.145294
vt 0.052258 0.177118
vt 0.057925 0.174064
vt 0.058976 0.184448
vt 0.047974 0.169273
vt 0.464491 0.165487
vt 0.46727 0.167964
vt 0.46132 0.167933
vt 0.457178 0.1698
vt 0.451294 0.159358
vt 0.251587 0.105308
vt 0.259432 0.104115
vt 0.25205 0.111206
vt 0.661582 0.083374
vt 0.651489 0.080527
vt 0.655632 0.078386
vt 0.648874 0.186384
vt 0.652525 0.187543
vt 0.647508 0.195257
vt 0.651509 0.194869
vt 0.637468 0.184813
vt 0.629028 0.17451
vt 0.638371 0.181189
vt 0.635823 0.17229
vt 0.64436 0.184222
vt 0.642036 0.171066
vt 0.646117 0.180591
vt 0.657107 0.189204
vt 0.642843 0.194688
vt 0.654105 0.200993
vt 0.650456 0.205933
vt 0.65591 0.194963
vt 0.089177 0.079906
vt 0.089119 0.085327
vt 0.078735 0.083542
vt 0.96936 0.083374
vt 0.973962 0.079549
vt 0.982751 0.0809
vt 0.13147 0.1499
vt 0.136024 0.14871
vt 0.134042 0.153686
vt 0.142109 0.148108
vt 0.14124 0.144917
vt 0.423955 0.15639
vt 0.41221 0.147196
vt 0.42218 0.14872
vt 0.433049 0.151342
vt 0.409195 0.152463
vt 0.414312 0.158081
vt 0.404419 0.145633
vt 0.770387 0.150494
vt 0.779291 0.152159
vt 0.767379 0.159058
vt 0.759399 0.153427
vt 0.649048 0.160522
vt 0.65327 0.147131
vt 0.657191 0.149622
vt 0.632623 0.352196
vt 0.641527 0.351485
vt 0.630493 0.35973
vt 0.639293 0.364223
vt 0.645889 0.360665
vt 0.660087 0.370964
vt 0.659179 0.387297
vt 0.655225 0.377327
vt 0.667465 0.388656
vt 0.666683 0.398166
vt 0.666097 0.381886
vt 0.682193 0.396931
vt 0.678719 0.398214
vt 0.677429 0.400922
vt 0.695775 0.402034
vt 0.696699 0.404322
vt 0.707621 0.405151
vt 0.654598 0.354714
vt 0.649852 0.369536
vt 0.652515 0.346868
vt 0.31604 0.011108
vt 0.31653 0.005994
vt 0.320146 0.01096
vt 0.192321 0.404598
vt 0.201602 0.405163
vt 0.179321 0.40903
vt 0.204664 0.410082
vt 0.217342 0.408389
vt 0.217491 0.41186
vt 0.237921 0.415893
vt 0.2473 0.142944
vt 0.241333 0.138991
vt 0.250003 0.136952
vt 0.259213 0.13799
vt 0.474731 0.128446
vt 0.480855 0.121411
vt 0.47502 0.131714
vt 0.571411 0.099107
vt 0.57485 0.094541
vt 0.575062 0.10144
vt 0.579644 0.098592
vt 0.977511 0.054077
vt 0.976196 0.049749
vt 0.985347 0.051128
vt 0.267212 0.197999
vt 0.276276 0.19546
vt 0.270899 0.203413
vt 0.281292 0.204704
vt 0.273742 0.210633
vt 0.279942 0.212768
vt 0.627075 0.204076
vt 0.634463 0.201208
vt 0.631641 0.208984
vt 0.631802 0.199135
vt 0.636829 0.194095
vt 0.636551 0.210327
vt 0.641503 0.197457
vt 0.278931 0.144781
vt 0.287652 0.1456
vt 0.286457 0.153686
vt 0.94991 0.056789
vt 0.945435 0.064331
vt 0.94572 0.057589
vt 0.14856 0.15372
vt 0.154073 0.15361
vt 0.148599 0.162964
vt 0.153587 0.157938
vt 0.155395 0.147971
vt 0.486529 0.179067
vt 0.488125 0.17476
vt 0.493368 0.181795
vt 0.469245 0.17025
vt 0.479188 0.166263
vt 0.474284 0.171675
vt 0.469673 0.165224
vt 0.477908 0.179217
vt 0.486616 0.163864
vt 0.479076 0.185941
vt 0.476622 0.183263
vt 0.471794 0.172475
vt 0.467896 0.178314
vt 0.489064 0.194214
vt 0.496565 0.185063
vt 0.779588 0.10609
vt 0.78699 0.106238
vt 0.783241 0.112036
vt 0.77356 0.112183
vt 0.134995 0.012085
vt 0.132446 0.007187
vt 0.137485 0.007895
vt 0.531845 0.117065
vt 0.528442 0.111426
vt 0.541996 0.11593
vt 0.669578 0.120067
vt 0.678734 0.123395
vt 0.668579 0.126831
vt 0.734826 0.008257
vt 0.737276 0.013284
vt 0.733521 0.01355
vt 0.355222 0.009226
vt 0.350708 0.009643
vt 0.352465 0.004765
vt 0.989599 0.162716
vt 0.990767 0.168053
vt 0.985474 0.172241
vt 0.995021 0.161682
vt 0.993072 0.169731
vt 0.999508 0.165789
vt 0.151305 0.047177
vt 0.147095 0.052612
vt 0.148752 0.045499
vt 0.22229 0.010686
vt 0.226045 0.011538
vt 0.225048 0.016479
vt 0.088912 0.052467
vt 0.088202 0.059936
vt 0.084595 0.057377
vt 0.465065 0.15564
vt 0.460854 0.150968
vt 0.464565 0.1486
vt 0.456665 0.144533
vt 0.369501 0.204019
vt 0.372526 0.201387
vt 0.379175 0.216123
vt 0.377645 0.220581
vt 0.36145 0.191149
vt 0.254727 0.02771
vt 0.25354 0.021851
vt 0.258334 0.023939
vt 0.986133 0.196193
vt 0.993602 0.193766
vt 0.980246 0.202016
vt 0.977845 0.196093
vt 0.984641 0.190334
vt 0.987649 0.208342
vt 0.982049 0.209602
vt 0.989477 0.210327
vt 0.973755 0.202123
vt 0.018231 0.174172
vt 0.007385 0.175485
vt 0.006234 0.171919
vt 0.013347 0.166618
vt 0.002075 0.177124
vt 0.826264 0.409695
vt 0.81563 0.400191
vt 0.835988 0.410093
vt 0.832348 0.418108
vt 0.799367 0.392361
vt 0.791529 0.38033
vt 0.804204 0.385021
vt 0.798242 0.397953
vt 0.806981 0.395526
vt 0.794981 0.410609
vt 0.788734 0.385864
vt 0.816861 0.385755
vt 0.823683 0.393149
vt 0.812576 0.38887
vt 0.817513 0.394137
vt 0.800761 0.41272
vt 0.811077 0.410782
vt 0.818122 0.423853
vt 0.785116 0.387987
vt 0.795514 0.427612
vt 0.787415 0.408545
vt 0.765471 0.398349
vt 0.760328 0.408095
vt 0.759908 0.398597
vt 0.770736 0.416474
vt 0.777955 0.391149
vt 0.773873 0.413358
vt 0.771661 0.376378
vt 0.787048 0.417431
vt 0.824475 0.361103
vt 0.825907 0.37644
vt 0.819556 0.372674
vt 0.82286 0.385948
vt 0.809157 0.352003
vt 0.804055 0.362371
vt 0.798384 0.350789
vt 0.81813 0.357188
vt 0.806306 0.379207
vt 0.80336 0.372036
vt 0.796728 0.358228
vt 0.794036 0.361628
vt 0.791372 0.346921
vt 0.788198 0.348646
vt 0.802195 0.37785
vt 0.786318 0.366392
vt 0.778974 0.375035
vt 0.779406 0.370088
vt 0.772711 0.361235
vt 0.783245 0.354947
vt 0.762064 0.362991
vt 0.762016 0.370871
vt 0.82861 0.384357
vt 0.811565 0.386367
vt 0.764917 0.382331
vt 0.757446 0.380604
vt 0.828919 0.213745
vt 0.816637 0.206334
vt 0.821637 0.193387
vt 0.812134 0.200969
vt 0.863954 0.177558
vt 0.853107 0.179077
vt 0.86261 0.168979
vt 0.845825 0.169175
vt 0.850022 0.163121
vt 0.858107 0.166
vt 0.856122 0.162133
vt 0.869263 0.17371
vt 0.877334 0.156497
vt 0.867231 0.155932
vt 0.86394 0.151606
vt 0.865761 0.163922
vt 0.874993 0.165583
vt 0.876526 0.160345
vt 0.855684 0.154933
vt 0.884055 0.161083
vt 0.056274 0.062569
vt 0.06055 0.065947
vt 0.056278 0.067261
vt 0.063828 0.061617
vt 0.982297 0.149726
vt 0.978629 0.154663
vt 0.976196 0.143557
vt 0.000676 0.20842
vt 0.004714 0.200048
vt 0.011379 0.205643
vt 0.00061 0.201059
vt 0.008488 0.213257
vt 0.002774 0.195763
vt 0.270148 0.083052
vt 0.265747 0.08435
vt 0.271346 0.076257
vt 0.14584 0.390387
vt 0.137726 0.377791
vt 0.149364 0.374372
vt 0.114472 0.387605
vt 0.108032 0.383324
vt 0.120003 0.384991
vt 0.1387 0.387336
vt 0.119348 0.376729
vt 0.128587 0.382917
vt 0.130094 0.37555
vt 0.123342 0.365185
vt 0.138707 0.365346
vt 0.134859 0.36946
vt 0.118762 0.367141
vt 0.131384 0.369853
vt 0.12013 0.368529
vt 0.177484 0.387532
vt 0.170833 0.382407
vt 0.175021 0.379652
vt 0.163672 0.375858
vt 0.168469 0.373174
vt 0.160286 0.380522
vt 0.16321 0.392251
vt 0.154758 0.37087
vt 0.149806 0.366192
vt 0.14844 0.372681
vt 0.146091 0.368404
vt 0.165844 0.410829
vt 0.154053 0.397462
vt 0.149718 0.395324
vt 0.174223 0.397265
vt 0.178986 0.415258
vt 0.164754 0.410525
vt 0.179048 0.424756
vt 0.176452 0.426147
vt 0.780884 0.117653
vt 0.793571 0.116895
vt 0.786415 0.120267
vt 0.793338 0.123413
vt 0.2986 0.4076
vt 0.297382 0.402263
vt 0.308713 0.403182
vt 0.263306 0.421265
vt 0.275688 0.413898
vt 0.287582 0.415589
vt 0.29146 0.410652
vt 0.018678 0.198608
vt 0.007363 0.192913
vt 0.009086 0.189514
vt 0.000122 0.179871
vt 0.751099 0.008058
vt 0.754276 0.006625
vt 0.759683 0.010132
vt 0.505809 0.182136
vt 0.50061 0.17427
vt 0.503902 0.169812
vt 0.517084 0.166195
vt 0.526528 0.159835
vt 0.528123 0.179014
vt 0.519623 0.187378
vt 0.525618 0.154078
vt 0.509719 0.155077
vt 0.534044 0.179225
vt 0.105406 0.157274
vt 0.114845 0.154754
vt 0.111108 0.157593
vt 0.099909 0.154076
vt 0.103221 0.14755
vt 0.082642 0.146455
vt 0.118815 0.156347
vt 0.892969 0.174194
vt 0.887329 0.170492
vt 0.895731 0.16689
vt 0.897632 0.171066
vt 0.90445 0.164302
vt 0.899989 0.160908
vt 0.955492 0.018164
vt 0.951294 0.018433
vt 0.953117 0.012182
vt 0.406372 0.010606
vt 0.413101 0.014526
vt 0.409151 0.01386
vt 0.870516 0.082098
vt 0.870113 0.088257
vt 0.861938 0.087059
vt 0.886725 0.059494
vt 0.881958 0.062866
vt 0.885856 0.054486
vt 0.633632 0.1505
vt 0.645256 0.155151
vt 0.634662 0.153581
vt 0.629517 0.151924
vt 0.629661 0.146958
vt 0.103149 0.139681
vt 0.118889 0.144862
vt 0.113744 0.145386
vt 0.486218 0.218863
vt 0.484009 0.203526
vt 0.488692 0.215492
vt 0.493742 0.22234
vt 0.489692 0.226779
vt 0.496529 0.22937
vt 0.6484 0.17936
vt 0.657283 0.169065
vt 0.648071 0.184936
vt 0.821694 0.180459
vt 0.818265 0.192749
vt 0.814575 0.184624
vt 0.829413 0.179205
vt 0.835572 0.165598
vt 0.845455 0.161166
vt 0.839994 0.168265
vt 0.551398 0.20165
vt 0.547552 0.208669
vt 0.544042 0.20427
vt 0.545986 0.196126
vt 0.540649 0.197171
vt 0.545388 0.21521
vt 0.555449 0.204902
vt 0.376228 0.192749
vt 0.365356 0.175487
vt 0.370123 0.177318
vt 0.765259 0.128573
vt 0.771624 0.123982
vt 0.770804 0.130737
vt 0.768184 0.120676
vt 0.686157 0.173109
vt 0.697479 0.183517
vt 0.697291 0.189331
vt 0.726685 0.072607
vt 0.7331 0.06939
vt 0.73985 0.07312
vt 0.416138 0.084571
vt 0.430751 0.08433
vt 0.426302 0.088257
vt 0.837757 0.163452
vt 0.831177 0.158551
vt 0.835975 0.148839
vt 0.503244 0.05603
vt 0.496216 0.053174
vt 0.501421 0.04978
vt 0.164979 0.0531
vt 0.162231 0.048424
vt 0.167191 0.045957
vt 0.96936 0.14685
vt 0.974071 0.141101
vt 0.980908 0.139625
vt 0.791626 0.057935
vt 0.800256 0.055856
vt 0.796991 0.060913
vt 0.98645 0.026102
vt 0.993171 0.021515
vt 0.992294 0.027222
vt 0.061228 0.10144
vt 0.054868 0.101394
vt 0.050415 0.095687
vt 0.480591 0.03508
vt 0.483301 0.033564
vt 0.486522 0.039917
vt 0.217915 0.168678
vt 0.227031 0.158189
vt 0.222557 0.165686
vt 0.214478 0.177124
vt 0.23746 0.15335
vt 0.228218 0.153061
vt 0.235689 0.157787
vt 0.251938 0.155318
vt 0.227842 0.161854
vt 0.983732 0.103882
vt 0.980103 0.102775
vt 0.984553 0.093242
vt 0.624449 0.146765
vt 0.617091 0.15271
vt 0.615356 0.141272
vt 0.156823 0.141916
vt 0.146118 0.148804
vt 0.150955 0.140471
vt 0.519097 0.000225
vt 0.527157 0.000926
vt 0.516235 0.001831
vt 0.499634 0.150276
vt 0.50409 0.155404
vt 0.504452 0.165893
vt 0.713501 0.081797
vt 0.722593 0.080645
vt 0.721832 0.08593
vt 0.713852 0.086304
vt 0.659435 0.123901
vt 0.650024 0.120523
vt 0.660584 0.117071
vt 0.684011 0.157104
vt 0.666138 0.151049
vt 0.674601 0.147015
vt 0.633911 0.02113
vt 0.638208 0.019616
vt 0.639768 0.024292
vt 0.910389 0.151228
vt 0.887329 0.160522
vt 0.890447 0.154765
vt 0.254248 0.210409
vt 0.245794 0.216186
vt 0.243774 0.196482
vt 0.475649 0.15075
vt 0.49559 0.158081
vt 0.471313 0.150608
vt 0.803497 0.198611
vt 0.791798 0.214233
vt 0.797549 0.194863
vt 0.791138 0.194843
vt 0.814197 0.185548
vt 0.808826 0.156616
vt 0.785767 0.150194
vt 0.802415 0.152025
vt 0.900039 0.098043
vt 0.901579 0.103882
vt 0.895142 0.095817
vt 0.383683 0.080444
vt 0.380493 0.079086
vt 0.386784 0.073224
vt 0.627833 0.053158
vt 0.627233 0.059448
vt 0.624146 0.049447
vt 0.649233 0.210051
vt 0.646616 0.224975
vt 0.639282 0.204609
vt 0.332666 0.006942
vt 0.338866 0.008129
vt 0.329224 0.010132
vt 0.487427 0.144705
vt 0.49179 0.139481
vt 0.494878 0.150757
vt 0.748751 0.101366
vt 0.754398 0.100345
vt 0.748169 0.107788
vt 0.755491 0.103023
vt 0.217568 0.389205
vt 0.2176 0.378911
vt 0.565975 0.40392
vt 0.125224 0.413158
vt 0.10727 0.409113
vt 0.120856 0.392833
vt 0.384503 0.379044
vt 0.986386 0.376687
vt 0.046784 0.423206
vt 0.812576 0.38887
vt 0.795514 0.427612
vt 0.794036 0.361628
f 1982/3905 1983/3906 1984/3907
f 1983/3906 1985/3908 1984/3907
f 1984/3907 1986/3909 1982/3905
f 1987/3937 1988/3938 1989/3939
f 1990/3998 1991/3999 1992/4000
f 1993/3940 1987/3937 1989/3939
f 1994/3941 1987/3937 1993/3940
f 1984/3907 1995/3910 1986/3909
f 1995/3910 1984/3907 1985/3908
f 1982/3905 1986/3909 1996/3911
f 1997/4033 1995/4034 1985/4035
f 1997/4033 1985/4035 1998/4036
f 1985/4035 1999/4037 1998/4036
f 2000/4077 2001/4078 2002/4079
f 2001/4078 2003/4080 2002/4079
f 2000/4077 2004/4081 2005/4082
f 2557/4134 2006/4135 2558/4136
f 1992/4000 2007/4001 1988/4002
f 2008/4138 2009/4139 2010/4140
f 1990/3942 1988/3938 2011/3943
f 2559/4083 2012/4084 2005/4082
f 2013/4166 2560/4167 2014/4168
f 2008/4138 2010/4140 2015/4141
f 2016/4174 2017/4175 2018/4176
f 2011/3943 1988/3938 2019/3944
f 1988/4002 1990/3998 1992/4000
f 2000/4077 2005/4082 2012/4084
f 2020/4003 2021/4004 2022/4005
f 2023/4177 2024/4178 2025/4179
f 2561/4142 2007/4143 2026/4144
f 2019/3944 1988/3938 1987/3937
f 1994/4218 2027/4219 2028/4220
f 2029/4169 2030/4170 2014/4168
f 2031/4085 2003/4080 2001/4078
f 2032/4180 2025/4179 2024/4178
f 2033/4145 2034/4146 2035/4147
f 2028/3945 1987/3937 1994/3941
f 2562/4086 2036/4087 2037/4088
f 2038/4221 2039/4222 2040/4223
f 2041/4245 2037/4246 2036/4247
f 2008/4138 1993/4148 2009/4139
f 2042/4181 2043/4182 2044/4183
f 2557/4184 2016/4174 2018/4176
f 2036/4248 2042/4249 2041/4250
f 2038/4221 1943/4224 2045/4225
f 2046/4226 2047/4227 2048/4228
f 2049/4251 2046/4252 2050/4253
f 2003/4259 2051/4260 2052/4261
f 1943/4224 2038/4221 2040/4223
f 2053/4185 2016/4174 2563/4186
f 2053/4185 2563/4186 2054/4187
f 2055/4188 2056/4189 2057/4190
f 2564/4137 2558/4136 2006/4135
f 2038/4221 2058/4229 2039/4222
f 2059/4191 2041/4192 2042/4181
f 2058/4229 2060/4230 2048/4228
f 2050/4253 2046/4252 2048/4254
f 2563/4368 2061/4369 2054/4370
f 2058/4229 2048/4228 2039/4222
f 2040/4223 2039/4222 2062/4231
f 2564/4193 2044/4183 2043/4182
f 2052/4261 2051/4260 2063/4262
f 2023/4177 2059/4191 2044/4183
f 2062/4231 2039/4222 2047/4227
f 2047/4227 2039/4222 2048/4228
f 2564/4193 2006/4194 2055/4188
f 2064/4232 2050/4233 2048/4228
f 2065/4374 2066/4375 2067/4376
f 2023/4410 2044/4411 2068/4412
f 2056/4414 2068/4415 2057/4416
f 2018/4176 2055/4188 2006/4194
f 2037/4195 2041/4192 2069/4196
f 2053/4185 2070/4197 2016/4174
f 2071/4420 2037/4421 2069/4422
f 2059/4191 2042/4181 2044/4183
f 2557/4184 2563/4186 2016/4174
f 2016/4174 2070/4197 2017/4175
f 2044/4183 2564/4193 2057/4190
f 2006/4194 2557/4184 2018/4176
f 2025/4179 2059/4191 2023/4177
f 2044/4183 2057/4190 2068/5415
f 2041/4192 2059/4191 2025/4179
f 2072/4424 2073/4425 2074/4426
f 2073/4428 2072/4429 2075/4430
f 2055/4188 2057/4190 2564/4193
f 2069/4196 2041/4192 2025/4179
f 2076/4433 2025/4434 2077/4435
f 2032/4477 2077/4478 2025/4479
f 2078/4199 2079/5416 2080/4201
f 2081/3946 2082/3947 2083/3948
f 2055/4188 2018/4176 2056/4189
f 2079/4482 2084/4483 2070/4484
f 2085/4263 2081/4264 2086/4265
f 2078/4199 2080/4201 2087/4202
f 2082/3947 2088/3949 2083/3948
f 2089/5417 2024/4178 2090/4204
f 2091/3950 2083/3948 2088/3949
f 2062/4231 1941/4234 2040/4223
f 2076/4205 2069/4196 2025/4179
f 2026/4485 2007/4486 1992/4487
f 1959/4038 1948/4039 1946/4040
f 2085/4263 2082/4266 2081/4264
f 2068/4412 2024/4413 2023/4410
f 2092/4235 1942/4236 2062/4231
f 2084/4206 2093/4207 2094/4208
f 2049/4237 2095/4238 2046/4226
f 2096/4255 2097/4256 2095/4257
f 2062/4231 2047/4227 2046/4226
f 2062/4231 1942/4236 1941/4234
f 2097/4488 2098/4489 2095/4490
f 2049/4251 2096/4255 2095/4257
f 2070/4197 2094/4208 2017/4175
f 2056/4189 2017/4175 2094/4208
f 1942/4041 2092/4042 2099/4043
f 2098/4491 2092/4492 2095/4493
f 1944/4494 2045/4495 1943/4496
f 2062/4231 2046/4226 2095/4238
f 1943/4224 2040/4223 1941/4234
f 1942/4041 2099/4043 1945/4044
f 2100/4497 2092/4498 2098/4499
f 2101/4045 2102/4046 2103/4047
f 2099/4043 2104/4048 1945/4044
f 2104/4048 2099/4043 2105/4049
f 2102/4046 2105/4049 2100/4050
f 2101/4045 2105/4049 2102/4046
f 2106/4051 2101/4045 2103/4047
f 2027/3951 1994/3941 2008/3952
f 2090/4204 2024/4178 2068/4198
f 2101/4045 1945/4044 2104/4048
f 2100/4050 2105/4049 2092/4042
f 2107/4371 2108/4372 2054/4370
f 2042/4181 2036/4209 2043/4182
f 2100/4050 2098/4052 2097/4053
f 2093/4417 2090/4418 2056/4414
f 2097/4053 1998/4036 2100/4050
f 1946/4040 2101/4045 2106/4051
f 2090/4418 2068/4415 2056/4414
f 2056/4189 2094/4208 2093/4207
f 2564/4500 2043/4501 2565/4502
f 2079/4200 2109/4210 2084/4206
f 2079/5416 2053/4185 2080/4201
f 2080/4201 2053/4185 2108/4211
f 2009/4139 2110/4149 2010/4140
f 2093/4417 2089/4419 2090/4418
f 2094/4208 2070/4197 2084/4206
f 2562/4086 2566/4089 2036/4087
f 2007/4143 2111/4150 1993/4148
f 2053/4185 2054/4187 2108/4211
f 1946/4040 2106/4051 1959/4038
f 2056/4189 2018/4176 2017/4175
f 1996/3911 2112/3912 2113/3913
f 2566/4503 2567/4504 2036/4505
f 2036/4209 2567/4212 2043/4182
f 2567/4506 2565/4507 2043/4508
f 2114/3953 2115/3954 2033/3955
f 2061/4509 2563/4510 2568/4511
f 2080/4201 2116/4213 2087/4202
f 2569/4512 2570/4513 2112/4514
f 2113/3913 1982/3905 1996/3911
f 2557/4515 2571/4516 2563/4517
f 1995/3910 2116/3914 1986/3909
f 2101/4045 1946/4040 1945/4044
f 2572/4518 2573/4519 2574/4520
f 2107/4371 2054/4370 2061/4369
f 2101/4045 2104/4048 2105/4049
f 1996/3911 2061/3915 2112/3912
f 1986/3909 2116/3914 2107/3916
f 2107/4371 2116/4373 2108/4372
f 2061/3915 1996/3911 2107/3916
f 1993/3940 2008/3952 1994/3941
f 1931/4525 2575/4526 1953/4527
f 2053/4185 2079/5416 2070/4197
f 2117/4528 2576/4529 2118/4530
f 2087/4202 2116/4213 2119/4214
f 2107/3916 1996/3911 1986/3909
f 2117/4538 1951/4539 1952/4540
f 1952/4531 1953/4527 2575/4526
f 2117/4528 1952/4531 2575/4526
f 2120/4542 2038/4543 2121/4544
f 2120/4542 2058/4545 2038/4543
f 2577/4532 2118/4530 2578/4533
f 2578/4533 2118/4530 2576/4529
f 2116/4559 1995/4560 2119/4561
f 2001/4078 2000/4077 2031/4085
f 2122/4006 2579/4007 2123/4008
f 2038/4543 2045/4546 2121/4544
f 1954/4534 2117/4528 2124/4535
f 2080/4201 2108/4211 2116/4213
f 2575/4526 2576/4529 2117/4528
f 2058/4545 2120/4542 2075/4547
f 2125/4267 2126/4268 2127/4269
f 1991/3999 2123/4008 1992/4000
f 2117/4538 1954/4541 1951/4539
f 2058/4545 2075/4547 2060/4548
f 2580/4090 2128/4091 2581/4092
f 2060/4431 2075/4430 2129/4432
f 2577/4532 2130/4536 2118/4530
f 2131/4562 2130/4563 2074/4564
f 2026/4582 2582/4583 2561/4584
f 2131/4562 2132/4565 2133/4566
f 2130/4536 2133/4537 2118/4530
f 2130/4563 2131/4562 2133/4566
f 2007/3956 1993/3940 1989/3939
f 2122/4006 2134/4009 2579/4007
f 2577/4567 2135/4568 2130/4563
f 2583/4093 2584/4094 2000/4077
f 2133/4566 1954/4569 2124/4570
f 2110/4149 2585/4151 2586/4152
f 2136/4095 2125/4096 2127/4097
f 2000/4077 2584/4094 2031/4085
f 2137/4549 1944/4550 1955/4551
f 2128/4091 2580/4090 2138/4098
f 2127/4269 2126/4268 2051/4260
f 2139/4099 2140/4100 2125/4096
f 2132/4552 2120/4542 2141/4553
f 2117/4528 2118/4530 2124/4535
f 2123/4008 1991/3999 2122/4006
f 2584/4094 2587/4101 2142/4102
f 1956/4585 1957/4586 2137/4587
f 2143/3957 2015/3958 2144/3959
f 2145/4554 2137/4549 1957/4555
f 2146/4103 2147/4104 2140/4100
f 2559/4083 2583/4093 2012/4084
f 2012/4084 2583/4093 2000/4077
f 2127/4097 2031/4085 2136/4095
f 2137/4549 2121/4544 1944/4550
f 2073/4556 2075/4547 2148/4557
f 2582/4010 2026/4011 2123/4008
f 2137/4549 2145/4554 2121/4544
f 2118/4571 2133/4566 2124/4570
f 2136/4095 2031/4085 2584/4094
f 2588/4105 2142/4102 2587/4101
f 2007/4001 1989/4012 1988/4002
f 2145/4554 2141/4553 2121/4544
f 2099/4043 2092/4042 2105/4049
f 2121/4544 2141/4553 2120/4542
f 2139/4099 2581/4092 2128/4091
f 2145/4588 1957/4589 2149/4590
f 2136/4095 2142/4102 2125/4096
f 2062/4231 2095/4238 2092/4235
f 2121/4593 2045/4594 1944/4595
f 2125/4096 2142/4102 2139/4099
f 2148/4572 2132/4565 2131/4562
f 2075/4547 2120/4542 2132/4552
f 2584/4094 2142/4102 2136/4095
f 2148/4572 2131/4562 2073/4573
f 2073/4425 2131/4427 2074/4426
f 1954/4569 2133/4566 1957/4574
f 1957/4574 2133/4566 2149/4575
f 2031/4085 2127/4097 2003/4080
f 2588/4105 2581/4092 2139/4099
f 2138/4098 2146/4103 2128/4091
f 2015/3958 2027/3951 2008/3952
f 1940/4054 1958/4055 2150/4056
f 2146/4103 2139/4099 2128/4091
f 2139/4099 2142/4102 2588/4105
f 1959/4038 1958/4055 1947/4057
f 2051/4106 2003/4080 2127/4097
f 2150/4056 2151/4058 2152/4059
f 2153/4270 2051/4260 2126/4268
f 2126/4107 2125/4096 2140/4100
f 2103/4047 2150/4056 2154/4060
f 2151/4058 2150/4056 2103/4047
f 2155/3917 1985/3908 1983/3906
f 2123/4008 2579/4007 2589/4013
f 2570/3918 2590/3919 2156/3920
f 2157/4108 2138/4098 2580/4090
f 2156/3920 2112/3912 2570/3918
f 2113/3913 2112/3912 2156/3920
f 2158/4109 2138/4098 2157/4108
f 2103/4047 2102/4046 2151/4058
f 2151/4596 2155/4597 2152/4598
f 2102/4046 1999/4037 2151/4058
f 2140/4271 2147/4272 2126/4268
f 2115/3954 2144/3959 2159/3960
f 2562/4086 2157/4108 2580/4090
f 2160/4110 2147/4104 2146/4103
f 2139/4099 2146/4103 2140/4100
f 2157/4108 2562/4086 2037/4088
f 2153/4270 2126/4268 2147/4272
f 2160/4110 2146/4103 2158/4109
f 1958/4055 1959/4038 2154/4060
f 2154/4060 2106/4051 2103/4047
f 2154/4060 1959/4038 2106/4051
f 1960/3921 1949/3922 2161/3923
f 1960/3921 2162/3924 2163/3925
f 2161/3923 2155/3917 2164/3926
f 2138/4098 2158/4109 2146/4103
f 1999/3927 2155/3917 2151/3928
f 2152/3929 2161/3923 2165/3930
f 2015/4141 2166/4153 2167/4154
f 1985/3908 2155/3917 1999/3927
f 2165/3930 1940/3931 2150/3932
f 2161/3923 2152/3929 2155/3917
f 1949/3922 1940/3931 2165/3930
f 2165/3930 2161/3923 1949/3922
f 2161/3923 2162/3924 1960/3921
f 2589/4013 2582/4010 2123/4008
f 1960/3921 1961/3933 1950/3934
f 2161/3923 2164/3926 2162/3924
f 2168/3935 1961/3933 1960/3921
f 2168/3935 1960/3921 2163/3925
f 2150/4056 1958/4055 2154/4060
f 2158/4109 2157/4108 2169/4111
f 2164/3926 1982/3905 2113/3913
f 2170/4273 2147/4272 2160/4274
f 2171/3961 2172/3962 2115/3954
f 2113/3913 2156/3920 2164/3926
f 2163/4599 2591/4600 2168/4601
f 2173/4112 2158/4109 2169/4111
f 2152/4059 2165/4061 2150/4056
f 2169/4111 2157/4108 2037/4088
f 2158/4604 2174/4605 2160/4606
f 2173/4112 2071/4113 2175/4114
f 2163/4599 2176/4602 2591/4600
f 2156/3920 2590/3919 2176/3936
f 2590/4607 2591/4608 2176/4609
f 2149/4590 2141/4591 2145/4588
f 2123/4008 2026/4011 1992/4000
f 2592/4610 2177/4611 2593/4612
f 2174/4115 2158/4109 2173/4112
f 2169/4111 2037/4088 2071/4113
f 2585/4151 2111/4150 2561/4142
f 2178/4377 2065/4374 2179/4378
f 2169/4111 2071/4113 2173/4112
f 2071/4420 2069/4422 2180/4423
f 2015/4141 2110/4149 2166/4153
f 2143/3957 2027/3951 2015/3958
f 2593/4014 2177/4015 2022/4005
f 2029/4169 2014/4168 2560/4167
f 2134/4009 2020/4003 2579/4007
f 2181/4155 2034/4146 2167/4154
f 2115/3954 2172/3962 2144/3959
f 2111/4150 2007/4143 2561/4142
f 2115/3954 2114/3953 2171/3961
f 2164/3926 2176/3936 2163/3925
f 2182/4156 2181/4155 2166/4153
f 2156/3920 2176/3936 2164/3926
f 2149/4590 2132/4592 2141/4591
f 2166/4153 2110/4149 2183/4157
f 2164/3926 2163/3925 2162/3924
f 2167/4154 2166/4153 2181/4155
f 2020/4003 2594/4016 2579/4007
f 2183/4613 2595/4614 2182/4615
f 2034/4146 2159/4158 2167/4154
f 2013/4159 2181/4155 2596/4160
f 2183/4613 2586/4616 2595/4614
f 2149/4575 2133/4566 2132/4565
f 2597/4617 2182/4618 2595/4619
f 2596/4160 2181/4155 2182/4156
f 2183/4157 2182/4156 2166/4153
f 2013/4159 2014/4161 2181/4155
f 2015/4141 2010/4140 2110/4149
f 2586/4620 2598/4621 2595/4622
f 2155/3917 1983/3906 2164/3926
f 2144/3959 2167/3963 2159/3960
f 2034/4146 2014/4161 2035/4147
f 2014/4161 2034/4146 2181/4155
f 2599/4162 2585/4151 2561/4142
f 2182/4623 2597/4624 2596/4625
f 2183/4157 2110/4149 2586/4152
f 2585/4151 2009/4139 2111/4150
f 2184/4379 2185/4380 2186/4381
f 2560/4167 2013/4166 2600/4171
f 2187/4017 2188/4018 2134/4009
f 2013/4626 2596/4627 2600/4628
f 2009/4139 1993/4148 2111/4150
f 2033/3955 2115/3954 2159/3960
f 2560/4521 2572/4518 2029/4522
f 2132/4552 2148/4557 2075/4547
f 1983/3906 1982/3905 2164/3926
f 2189/4382 2185/4380 2190/4383
f 2191/4384 2186/4381 2192/4385
f 2193/4386 2184/4379 2194/4387
f 2034/4146 2033/4145 2159/4158
f 2186/4381 2191/4384 2195/4388
f 2186/4629 2196/4630 2192/4631
f 2197/4635 2196/4636 2198/4637
f 2196/4636 2186/4638 2199/4639
f 2199/4639 2198/4637 2196/4636
f 2195/4640 2200/4641 2201/4642
f 2195/4640 2064/4643 2200/4641
f 2200/4652 2202/4653 2194/4654
f 2060/4230 2203/4239 2204/4240
f 2048/4228 2060/4230 2204/4240
f 2200/4641 2204/4644 2202/4645
f 2193/4386 2190/4383 2185/4380
f 2205/4241 2064/4232 2048/4228
f 2064/4643 2205/4646 2200/4641
f 2205/4646 2204/4644 2200/4641
f 2178/4377 2206/4389 2193/4386
f 2193/4386 2206/4389 2190/4383
f 2205/4241 2048/4228 2204/4240
f 2186/4381 2195/4388 2201/4390
f 2201/4642 2200/4641 2194/4647
f 2197/4655 2185/4656 2189/4657
f 2193/4386 2185/4380 2184/4379
f 2199/4391 2185/4380 2198/4392
f 2197/4393 2198/4392 2185/4380
f 2190/4383 2206/4389 2189/4382
f 2050/4233 2064/4232 2195/4242
f 2207/4394 2179/4378 2208/4395
f 2206/4389 2178/4377 2179/4378
f 2179/4378 2209/4396 2206/4389
f 2209/4396 2210/4397 2189/4382
f 2211/4398 2210/4397 2212/4399
f 2213/4400 2189/4382 2211/4398
f 2199/4391 2186/4381 2185/4380
f 2189/4382 2206/4389 2209/4396
f 2210/4397 2211/4398 2189/4382
f 2201/4390 2184/4379 2186/4381
f 2214/4401 2210/4397 2209/4396
f 2096/4062 2191/4063 2215/4064
f 2211/4436 2216/4437 2217/4438
f 2211/4436 2212/4439 2216/4437
f 2179/4378 2065/4374 2067/4376
f 2201/4390 2194/4387 2184/4379
f 2067/4376 2208/4395 2179/4378
f 2207/4394 2209/4396 2179/4378
f 2096/4255 2050/4253 2195/4258
f 2192/4065 2218/4066 2191/4063
f 2096/4062 2195/4067 2191/4063
f 2096/4062 2215/4064 2097/4053
f 2213/4658 2219/4659 2197/4655
f 2207/4394 2214/4401 2209/4396
f 2218/4660 2220/4661 2221/4662
f 2215/4064 2222/4068 2097/4053
f 2191/4063 2218/4066 2215/4064
f 2192/4631 2196/4630 2223/4632
f 2096/4255 2049/4251 2050/4253
f 2224/4069 2215/4064 2221/4070
f 2215/4664 2225/4665 2222/4666
f 2196/4440 2219/4441 2226/4442
f 2227/4071 2221/4070 2228/4072
f 1998/4036 2097/4053 2222/4068
f 2221/4070 2227/4071 2224/4069
f 2227/4071 2229/4073 2224/4069
f 2228/4663 2221/4662 2220/4661
f 2225/5414 2215/4064 2229/4073
f 2215/4064 2224/4069 2229/4073
f 2210/4397 2214/4401 2212/4399
f 2230/4443 2228/4444 2220/4445
f 2189/4657 2213/4658 2197/4655
f 2227/4667 2228/4668 2231/4669
f 2225/4074 2232/4075 2222/4068
f 2232/4670 2225/4671 1997/4672
f 2197/4673 2219/4674 2196/4675
f 2196/4440 2226/4442 2233/4446
f 2213/5419 2211/4436 2234/4448
f 2229/4073 1995/4034 1997/4033
f 2235/4449 2228/4444 2230/4443
f 2235/4449 2231/4450 2228/4444
f 1998/4036 2232/4075 1997/4033
f 2220/4676 2218/4677 2223/4678
f 1995/4034 2229/4073 2119/4076
f 2119/4680 2229/4681 2227/4682
f 2078/4451 2231/4450 2235/4449
f 2229/4073 1997/4033 2225/5414
f 2227/4452 2087/4453 2119/4454
f 2234/4683 2236/4684 2213/4685
f 2220/4676 2223/4678 2230/4679
f 2219/4441 2237/4455 2226/4442
f 2226/4442 2237/4455 2233/4446
f 2214/4401 2238/4402 2212/4399
f 2219/4441 2236/4456 2237/4455
f 2219/4441 2213/4447 2236/4456
f 2079/4687 2078/4688 2235/4689
f 2223/4632 2196/4630 2230/4633
f 2100/4050 1998/4036 2102/4046
f 2233/4446 2230/4443 2196/4440
f 2239/4457 2234/4448 2211/4436
f 1998/4036 1999/4037 2102/4046
f 2212/4439 2240/4458 2216/4437
f 2109/4459 2237/4455 2236/4456
f 2241/4460 2242/4461 2217/4438
f 2243/4462 2241/4460 2217/4438
f 2243/4462 2076/4433 2241/4460
f 2232/4075 1998/4036 2222/4068
f 2211/4436 2217/4438 2239/4457
f 2244/4463 2243/4462 2216/4437
f 2242/4480 2241/4481 2077/4478
f 2237/4455 2230/4443 2233/4446
f 2230/4443 2109/4459 2235/4449
f 2109/4210 2089/4203 2084/4206
f 2243/4462 2217/4438 2216/4437
f 2245/4464 2076/4433 2243/4462
f 2084/4206 2089/4203 2093/4207
f 2032/4465 2246/4466 2242/4461
f 2089/4467 2247/4468 2246/4466
f 2242/4461 2247/4468 2239/4457
f 2032/4477 2242/4480 2077/4478
f 2236/4456 2247/4468 2109/4459
f 2242/4461 2246/4466 2247/4468
f 2247/4468 2089/4467 2109/4459
f 2078/4451 2227/4452 2231/4450
f 2239/4457 2247/4468 2234/4448
f 2087/4453 2227/4452 2078/4451
f 2241/4460 2076/4433 2077/4435
f 2215/4064 2218/4066 2221/4070
f 2247/4686 2236/4684 2234/4683
f 2079/4200 2235/4215 2109/4210
f 2217/4438 2242/4461 2239/4457
f 2089/5417 2246/4216 2024/4178
f 2011/3943 2019/3944 2248/3964
f 2011/3943 2248/3964 2249/3965
f 2028/3945 2250/3966 2251/3967
f 2011/4690 2249/4691 2208/4692
f 2214/4401 2207/4394 2249/4403
f 2218/4634 2192/4631 2223/4632
f 2028/3945 2251/3967 1987/3937
f 2249/4403 2207/4394 2208/4395
f 2251/4696 2248/4697 2019/4698
f 1987/3937 2251/3967 2019/3944
f 2252/3968 2251/3967 2250/3966
f 2253/4703 2254/4704 2238/4705
f 2212/4439 2238/4469 2240/4458
f 2248/4706 2253/4703 2249/4707
f 2255/4710 2254/4711 2256/4712
f 2256/4712 2254/4711 2253/4713
f 2238/4705 2254/4704 2240/4708
f 2257/4699 2255/4700 2256/4701
f 2258/4702 2248/4697 2251/4696
f 2258/3969 2251/3967 2252/3968
f 2246/4216 2032/4180 2024/4178
f 2252/3968 2259/3970 2258/3969
f 2143/3957 2144/3959 2172/3962
f 2260/3971 2261/3972 2172/3962
f 2262/4716 2263/4717 2264/4718
f 2258/4702 2256/4701 2248/4697
f 2172/3962 2261/3972 2143/3957
f 2237/4455 2109/4459 2230/4443
f 2263/3973 2250/3966 2264/3974
f 2261/3972 2265/3975 2143/3957
f 2253/4713 2248/4714 2256/4712
f 2266/4275 2267/4276 2268/4277
f 2265/3975 2027/3951 2143/3957
f 2264/3974 2028/3945 2265/3975
f 2082/3947 2269/3976 2088/3949
f 2264/4718 2261/4719 2262/4716
f 2257/4278 2259/4279 2270/4280
f 2264/3974 2250/3966 2028/3945
f 2171/3961 2260/3971 2172/3962
f 2171/3961 2114/3953 2091/3950
f 2269/3976 2271/3977 2260/3971
f 2238/4705 2214/4709 2253/4703
f 2258/4702 2257/4699 2256/4701
f 2260/3971 2171/3961 2091/3950
f 2088/3949 2260/3971 2091/3950
f 2250/3966 2272/3978 2252/3968
f 2252/3968 2272/3978 2273/3979
f 2027/3951 2265/3975 2028/3945
f 2257/4278 2258/4281 2259/4279
f 2252/3968 2273/3979 2268/3980
f 2267/4276 2259/4279 2268/4277
f 2088/3949 2269/3976 2260/3971
f 2272/4720 2274/4721 2273/4722
f 2263/4717 2274/4721 2272/4720
f 2271/4282 2275/5418 2274/4284
f 2082/3947 2276/3981 2269/3976
f 2273/4722 2274/4721 2275/4723
f 2264/3974 2265/3975 2261/3972
f 2271/3977 2262/3982 2261/3972
f 2276/4285 2277/4286 2271/4282
f 2253/4703 2214/4709 2249/4707
f 2277/4286 2275/5418 2271/4282
f 2261/3972 2260/3971 2271/3977
f 2263/3973 2272/3978 2250/3966
f 2259/4279 2252/4287 2268/4277
f 2263/4717 2262/4716 2274/4721
f 2269/3976 2276/3981 2271/3977
f 2240/4458 2244/4463 2216/4437
f 2244/4463 2240/4458 2278/4470
f 2086/4265 2277/4286 2085/4263
f 2257/4724 2270/4725 2255/4726
f 2276/4285 2085/4263 2277/4286
f 2254/4711 2255/4710 2240/4715
f 2279/4471 2245/4464 2278/4470
f 2245/4464 2244/4463 2278/4470
f 2085/4263 2276/4285 2082/4266
f 2280/4288 2281/4289 2267/4276
f 2255/4472 2270/4473 2278/4470
f 2266/4275 2268/4277 2273/4290
f 2240/4458 2255/4472 2278/4470
f 2279/4471 2278/4470 2270/4473
f 2267/4276 2266/4275 2280/4288
f 2267/4727 2281/4728 2270/4729
f 2270/4280 2259/4279 2267/4276
f 2280/4288 2266/4275 2282/4291
f 2243/4462 2244/4463 2245/4464
f 2245/4464 2180/4474 2076/4433
f 2180/4474 2245/4464 2279/4471
f 2281/4289 2280/4288 2283/4292
f 2262/3982 2271/3977 2274/3983
f 2283/4730 2270/4729 2281/4728
f 2283/4475 2284/4476 2279/4471
f 2284/4476 2180/4474 2279/4471
f 2175/4114 2071/4113 2180/4116
f 2170/4273 2285/4293 2147/4272
f 2069/4196 2076/4205 2180/4217
f 2270/4473 2283/4475 2279/4471
f 2275/4283 2286/4294 2266/4275
f 2174/4295 2280/4288 2282/4291
f 2174/4731 2282/4732 2160/4733
f 2180/4116 2284/4117 2175/4114
f 2280/4735 2284/4736 2283/4737
f 2286/4739 2275/4740 2287/4741
f 2285/4293 2266/4275 2286/4294
f 2285/4293 2282/4291 2266/4275
f 2284/4736 2280/4735 2174/4738
f 2275/4742 2288/4743 2287/4744
f 2277/4745 2288/4743 2275/4742
f 2173/4112 2284/4117 2174/4115
f 2289/4296 2290/4297 2288/4298
f 2288/4298 2063/4262 2289/4296
f 2063/4262 2288/4298 2291/4299
f 2273/4290 2275/4283 2266/4275
f 2285/4293 2286/4294 2292/4300
f 2290/4297 2287/4301 2288/4298
f 2284/4117 2173/4112 2175/4114
f 2153/4270 2292/4300 2290/4297
f 2170/4273 2282/4291 2285/4293
f 2160/4733 2282/4732 2170/4734
f 2291/4299 2277/4286 2086/4265
f 2292/4300 2153/4270 2147/4272
f 2289/4296 2051/4260 2153/4270
f 2289/4296 2153/4270 2290/4297
f 2293/4019 2193/4020 2294/4021
f 2194/4022 2202/4023 2294/4021
f 2291/4299 2288/4298 2277/4286
f 2577/4746 2601/4747 2135/4748
f 2290/4297 2292/4300 2286/4294
f 2289/4296 2063/4262 2051/4260
f 2295/4648 2202/4645 2203/4649
f 2188/4018 2193/4020 2293/4019
f 2188/4018 2293/4019 2021/4004
f 2203/4649 2296/4650 2295/4648
f 2202/4645 2295/4648 2297/4651
f 2295/4648 2296/4650 2297/4651
f 2294/4021 2297/4024 2298/4025
f 2129/4243 2296/4244 2203/4239
f 2072/4576 2135/4568 2299/4577
f 2193/4020 2194/4022 2294/4021
f 2292/4300 2147/4272 2285/4293
f 2298/4025 2297/4024 2300/4026
f 2072/4027 2296/4028 2129/4029
f 2286/4294 2287/4301 2290/4297
f 2072/4429 2129/4432 2075/4430
f 2072/4576 2299/4577 2300/4578
f 2135/4748 2601/4747 2299/4749
f 2203/4239 2060/4230 2129/4243
f 2021/4004 2301/4030 2022/4005
f 2203/4649 2202/4645 2204/4644
f 2296/4028 2300/4026 2297/4024
f 2293/4019 2294/4021 2301/4030
f 2602/4579 2300/4578 2299/4577
f 2296/4028 2072/4027 2300/4026
f 2601/4747 2603/4750 2299/4749
f 2301/4030 2294/4021 2298/4025
f 2603/4750 2602/4751 2299/4749
f 2021/4752 2293/4753 2301/4754
f 2302/4031 2022/4005 2301/4030
f 1990/4693 2011/4690 2208/4692
f 1990/4693 2208/4692 2067/4694
f 2593/4580 2302/4581 2602/4579
f 2066/4695 1990/4693 2067/4694
f 2593/4755 2022/4756 2302/4757
f 2300/4026 2301/4030 2298/4025
f 2302/4581 2300/4578 2602/4579
f 2065/4374 2178/4377 2187/4404
f 2301/4030 2300/4026 2302/4031
f 2188/4018 2021/4004 2134/4009
f 2065/4374 2187/4404 2066/4375
f 2187/4404 2122/4405 2066/4375
f 2021/4004 2020/4003 2134/4009
f 2134/4406 2122/4405 2187/4404
f 1991/4407 2066/4375 2122/4405
f 1990/4408 2066/4375 1991/4407
f 2187/4404 2193/4386 2188/4409
f 2294/4021 2202/4023 2297/4024
f 2178/4377 2193/4386 2187/4404
f 2594/4016 2020/4003 2592/4032
f 2009/4139 2585/4151 2110/4149
f 2130/4563 2135/4568 2074/4564
f 2020/4003 2022/4005 2177/4015
f 2167/3963 2144/3959 2015/3958
f 2074/4564 2135/4568 2072/4576
f 2020/4758 2177/4759 2592/4760
f 2570/4761 2604/4762 2590/4763
f 2168/4601 2591/4600 2605/4603
f 2168/4764 2605/4765 1961/4766
f 1961/4767 2605/4768 1962/4769
f 1961/4767 1962/4769 1937/4770
f 2606/4771 2599/4772 2607/4773
f 2137/4549 1955/4551 1956/4558
f 2583/4093 2559/4083 2608/4118
f 2112/4514 2061/4509 2569/4512
f 2061/4509 2568/4511 2569/4512
f 2559/4083 2005/4082 2609/4119
f 2005/4082 2610/4120 2609/4119
f 2303/4774 2304/4775 2305/4776
f 2306/4796 2307/4797 2308/4798
f 2309/4834 2310/4835 2611/4836
f 2311/4845 2312/4846 2313/4847
f 984/4849 2612/4850 2307/4851
f 2306/4859 2308/4860 2314/4861
f 2315/4799 2316/4800 2317/4801
f 2318/4852 2319/4853 2613/4854
f 2319/4862 2314/4863 2308/4864
f 2320/4866 2321/4867 2322/4868
f 2323/4802 2317/4801 2316/4800
f 2312/4875 2311/4876 2324/4877
f 2314/4863 2319/4862 2318/4865
f 2325/4883 2314/4884 2318/4885
f 2612/4850 2308/4855 2307/4851
f 2614/4856 2615/4857 2613/4854
f 2306/4886 2314/4884 2325/4883
f 2318/4852 2613/4854 2616/4858
f 2326/4869 2327/4870 2328/4871
f 2616/4858 2613/4854 2615/4857
f 2616/4887 2611/4888 2318/4889
f 2310/4891 2329/4892 2330/4893
f 2617/4896 2616/4897 2618/4898
f 2329/4899 2325/4900 2330/4901
f 2331/4902 2332/4903 1034/4904
f 2611/4888 2616/4887 2617/4890
f 2325/4894 2611/4895 2330/4893
f 2325/4918 2318/4919 2611/4920
f 1034/4904 2332/4903 2333/4905
f 2310/4891 2330/4893 2611/4895
f 2334/4878 2335/4879 2312/4875
f 2313/4921 2323/4922 2327/4923
f 2316/4924 2315/4925 2336/4926
f 2337/4929 2338/4930 2339/4931
f 2340/4936 2619/4937 2620/4938
f 2326/4869 2311/4872 2327/4870
f 2313/4940 2327/4941 2311/4942
f 2326/4777 2341/4778 2303/4774
f 2619/4943 2340/4944 2621/4945
f 2341/4873 2328/4871 2320/4866
f 2320/4866 2322/4868 2341/4873
f 2316/4800 2327/4803 2323/4802
f 2322/4963 2321/4964 2342/4965
f 2322/4779 2343/4780 2341/4778
f 2343/4966 2342/4967 2304/4968
f 2619/4973 2622/4974 2623/4975
f 2620/4976 2619/4973 2623/4975
f 2624/4946 2621/4945 2344/4947
f 2345/4977 2335/4978 1039/4979
f 2621/4945 2340/4944 2344/4947
f 1039/4906 2335/4907 2346/4908
f 2331/4980 2347/4981 2332/4982
f 2348/4804 2349/4805 2350/4806
f 2349/4805 2351/4807 2350/4806
f 2352/4984 2353/4985 2354/4986
f 2348/4987 2355/4988 2356/4989
f 2331/4993 2357/4994 2347/4995
f 983/5000 1018/5001 980/5002
f 2348/4804 1018/4808 983/4809
f 2358/5003 2359/5004 2360/5005
f 2361/4990 2362/4991 2356/4989
f 2348/4804 2363/5420 2355/4811
f 2355/4988 2361/4990 2356/4989
f 2355/5006 2353/5007 2361/5008
f 1020/5011 2335/5012 2345/5013
f 2348/4804 983/4809 2349/4805
f 2307/5026 2349/5027 983/5028
f 2313/4812 2354/4813 2317/4801
f 2353/5007 2352/5009 2361/5008
f 2355/5006 2363/5010 2353/5007
f 2360/5030 2361/5031 2358/5032
f 2361/5014 2364/5015 2358/5016
f 2361/5014 2352/5017 2364/5015
f 2365/4814 2363/5420 2350/4806
f 2352/4815 2354/4813 2364/4816
f 2353/5033 2363/5034 2317/5035
f 2363/4810 2366/4817 2317/4801
f 2313/4812 2317/4801 2323/4802
f 2363/4810 2367/4818 2366/4817
f 2358/5016 1020/5011 2359/5018
f 2350/4806 2363/5420 2348/4804
f 2351/4807 2349/4805 2307/4797
f 2364/5015 1020/5011 2358/5016
f 1020/5011 2364/5015 2335/5012
f 2353/4819 2317/4801 2354/4813
f 2364/5015 2313/5019 2335/5012
f 2367/5036 2363/5037 2365/5038
f 2359/5018 1020/5011 977/5020
f 2312/4846 2335/4848 2313/4847
f 2335/4907 2334/4909 2346/4908
f 2354/4813 2313/4812 2364/4816
f 2368/5039 2369/5040 2370/5041
f 1039/4906 2346/4908 2371/4910
f 2372/4781 2304/4775 2373/4782
f 1034/4904 1039/4906 2331/4902
f 2373/4782 2374/4783 2372/4781
f 2331/5042 2371/5043 2370/5044
f 1039/4906 2371/4910 2331/4902
f 2346/4908 2375/4911 2371/4910
f 2357/4994 2369/4996 2368/4997
f 2370/4912 2371/4910 2375/4911
f 2375/5045 2368/5046 2370/5047
f 2376/5051 2357/5052 2368/5053
f 2334/4878 2312/4875 2375/4880
f 2312/4875 2324/4877 2375/4880
f 2375/4880 2324/4877 2377/4881
f 2375/5045 2378/5048 2368/5046
f 2375/4911 2346/4908 2334/4909
f 2370/5054 2369/5055 2331/5056
f 2379/5057 2380/5058 2347/5059
f 2357/5060 2376/5061 2381/5062
f 2357/4994 2331/4993 2369/4996
f 2375/4880 2377/4881 2378/4882
f 2376/5049 2368/5046 2378/5048
f 2357/4994 2379/4998 2347/4995
f 2379/4998 2357/4994 2381/4999
f 2379/5064 2382/5065 2383/5066
f 2380/5069 2384/5070 2347/5071
f 2380/5072 2379/5073 1032/5074
f 2625/5081 2385/5082 2574/5083
f 2380/5072 2386/5075 2384/5076
f 2626/5086 2387/5087 2625/5088
f 2627/5084 2625/5081 2574/5083
f 2387/5141 2388/5142 2625/5143
f 2385/5145 2625/5146 2389/5147
f 2387/5148 2390/5149 2388/5150
f 2388/5150 2390/5149 2391/5151
f 2625/5161 2628/5162 2629/5163
f 2385/5145 2389/5147 2392/5152
f 2630/5089 2626/5086 2625/5088
f 2393/5090 2394/5091 2395/5092
f 2396/5093 2397/5094 2398/5095
f 2393/5090 2399/5096 2394/5091
f 2390/5165 2400/5166 2391/5167
f 2401/5097 2391/5098 2400/5421
f 2628/5162 2625/5161 2627/5164
f 2393/5090 2396/5093 2399/5096
f 2390/5100 2387/5087 2397/5094
f 2395/5168 2400/5169 2397/5170
f 2395/5168 2402/5171 2400/5169
f 2384/4913 2333/4905 2332/4903
f 2395/5168 2397/5170 2393/5172
f 2347/4981 2384/4983 2332/4982
f 2390/5100 2397/5094 2400/5099
f 2631/5101 2397/5094 2387/5087
f 2631/5101 2387/5087 2403/5102
f 2396/5093 2393/5090 2397/5094
f 2380/5072 1032/5074 2386/5075
f 2403/5102 2387/5087 2626/5086
f 2632/5103 2403/5102 2626/5086
f 2386/5174 2333/5175 2384/5176
f 2631/5101 2398/5095 2397/5094
f 2396/5093 2404/5104 2399/5096
f 2633/5422 2634/5106 2398/5095
f 2396/5093 2398/5095 2404/5104
f 2632/5103 2631/5101 2403/5102
f 2405/5177 2406/5178 2407/5179
f 2408/4302 2409/4303 2410/4304
f 1022/5077 1029/5078 1032/5074
f 2379/5073 1033/5079 1022/5077
f 2411/5212 2635/5213 2636/5214
f 2379/5073 1022/5077 1032/5074
f 2412/4969 2413/4970 2635/4971
f 2379/5064 2383/5066 1033/5067
f 2398/5095 2631/5101 2633/5422
f 2414/5216 2372/5217 2374/5218
f 2343/4780 2304/4775 2303/4774
f 2415/5223 2637/5224 2337/5225
f 2636/5180 2637/5181 2411/5182
f 2374/5227 2373/5228 2411/5229
f 2405/5177 2414/5183 2406/5178
f 2637/5181 2415/5184 2411/5182
f 1023/5230 1033/5231 2383/5232
f 2412/4784 2635/4785 2411/4786
f 2383/5232 2638/5233 1023/5230
f 2337/4929 2339/4931 2415/4932
f 2337/5225 2637/5224 2639/5226
f 2389/5144 2625/5143 2388/5142
f 2351/4807 2306/4796 2416/4820
f 2417/5240 2418/5241 2419/5242
f 2420/5107 2640/5108 2421/5109
f 2420/5107 2641/5110 2640/5108
f 2422/5111 2398/5095 2634/5106
f 2642/5112 2422/5111 2634/5106
f 2642/5112 2420/5107 2422/5111
f 2641/5110 2420/5107 2642/5112
f 2338/4930 2337/4929 2643/4933
f 2423/5234 2644/5235 1025/5236
f 2424/4948 2339/4949 2338/4950
f 2422/5111 2425/5113 2404/5104
f 2337/4929 2639/4934 2643/4933
f 2418/5241 2417/5240 2426/5243
f 2322/4779 2342/4787 2343/4780
f 2351/4807 2307/4797 2306/4796
f 2426/4837 2417/4838 2309/4834
f 2426/4837 2309/4834 2645/4839
f 2309/4834 2427/4840 2310/4835
f 2404/5104 2398/5095 2422/5111
f 2350/5247 2351/5248 2416/5249
f 2413/5244 2426/5243 2645/5245
f 2350/5247 2416/5249 2365/5250
f 2339/4949 2428/4951 2415/4952
f 2339/4949 2424/4948 2428/4951
f 2320/4821 2328/4822 2336/4823
f 2365/5250 2416/5249 2367/5251
f 2416/5253 2429/5254 2430/5255
f 2316/4800 2336/4823 2328/4822
f 2316/4800 2328/4822 2327/4803
f 2306/4796 2329/4824 2429/4825
f 2413/4970 2645/4972 2635/4971
f 2329/4824 2427/4826 2429/4825
f 2413/5244 2418/5241 2426/5243
f 2310/5256 2427/5257 2329/5258
f 2427/5259 2431/5260 2432/5261
f 2413/4970 2412/4969 2342/4967
f 2416/5249 2430/5252 2367/5251
f 2091/3950 2433/3984 2434/3985
f 2309/4834 2417/4838 2427/4840
f 2417/4838 2431/4841 2427/4840
f 2431/4841 2419/4842 2321/4843
f 2321/5246 2419/5242 2418/5241
f 2435/4844 2431/4841 2321/4843
f 2326/4869 2328/4871 2341/4873
f 2429/4825 2432/4827 2367/4818
f 2436/3986 2083/3948 2091/3950
f 2437/3987 2438/3988 2439/5412
f 2646/5114 2642/5112 2634/5106
f 2440/5413 2434/3985 2437/3987
f 2083/3948 2441/3991 2081/3946
f 2434/3985 2436/3986 2091/3950
f 2436/5262 2440/5263 2083/5264
f 2418/5265 2413/5266 2442/5267
f 2413/5270 2342/5271 2442/5272
f 2438/5115 2443/5116 2444/5117
f 2445/5118 2444/5117 2443/5116
f 2428/4951 2424/4948 2446/4953
f 2443/5273 2438/5274 2447/5275
f 2437/3987 2447/3992 2438/3988
f 2448/3993 2440/3990 2439/3989
f 2449/4954 2450/4955 2428/4951
f 2374/5185 2451/5186 2414/5183
f 1025/5236 2638/5233 2423/5234
f 2439/5279 2440/5280 2437/5281
f 2409/5187 2452/5188 2449/5189
f 2449/5189 2446/5190 2409/5187
f 2453/5282 2439/5283 2438/5284
f 2414/5183 2451/5186 2406/5178
f 2311/4876 2377/4881 2324/4877
f 2409/4303 2446/4305 2410/4304
f 2450/5191 2406/5178 2451/5186
f 2454/5289 2455/5290 2456/5291
f 2453/5282 2448/5285 2439/5283
f 2454/5289 2456/5291 2457/5292
f 2458/5286 2459/5287 2456/5288
f 2454/4306 2086/4265 2081/4264
f 2440/3990 2441/3991 2083/3948
f 2456/5288 2448/5285 2453/5282
f 2458/5286 2456/5288 2453/5282
f 2457/5292 2456/5291 2459/5293
f 2448/3993 2441/3991 2440/3990
f 2434/5296 2440/5297 2436/5298
f 2418/5265 2342/5268 2321/5269
f 2306/4796 2429/4825 2416/4820
f 2460/4307 2453/4308 2438/4309
f 2086/4265 2454/4306 2291/4299
f 2458/4310 2461/4311 2459/4312
f 2455/5299 2441/5300 2448/5301
f 2462/5119 2463/5120 2464/5121
f 2448/5294 2456/5291 2455/5290
f 2460/4307 2458/4310 2453/4308
f 2460/5122 2463/5120 2462/5119
f 2465/5123 2466/5124 2444/5117
f 2642/5112 2646/5114 2633/5105
f 2466/5124 2438/5115 2444/5117
f 2329/4824 2306/4796 2325/4828
f 2451/4956 2415/4952 2428/4951
f 2374/5185 2411/5182 2415/5184
f 2467/4313 2460/4307 2462/4314
f 2463/5120 2460/5122 2466/5124
f 2444/5117 2445/5118 2401/5097
f 2468/5125 2466/5124 2469/5423
f 2462/4314 2464/4315 2467/4313
f 2466/5124 2460/5122 2438/5115
f 2464/4315 2470/4316 2467/4313
f 2460/4307 2467/4313 2458/4310
f 2401/5097 2465/5123 2444/5117
f 2455/5299 2081/5302 2441/5300
f 2469/5303 2466/5304 2471/5305
f 2463/5120 2468/5125 2464/5121
f 2467/4313 2461/4311 2458/4310
f 2470/5127 2464/5121 2468/5125
f 2470/4316 2472/4317 2467/4313
f 2468/5125 2473/5128 2470/5127
f 2455/5290 2454/5289 2081/5295
f 2474/4318 2475/4319 2469/4320
f 2476/4321 2467/4313 2472/4317
f 2461/4311 2467/4313 2476/4321
f 2454/4306 2477/4322 2291/4299
f 2470/4316 2473/4323 2478/4324
f 2475/4319 2473/4323 2469/4320
f 2432/4827 2429/4825 2427/4826
f 2470/4316 2478/4324 2472/4317
f 2428/5192 2450/5191 2451/5186
f 2479/4325 2408/4302 2410/4304
f 2473/5128 2468/5125 2469/5423
f 2480/4326 2481/4327 2482/4328
f 2457/4329 2481/4327 2483/4330
f 2481/4327 2484/4331 2482/4328
f 2484/4331 2481/4327 2461/4311
f 2291/4299 2477/4322 2483/4330
f 2291/4299 2483/4330 2063/4262
f 2480/4326 2063/4262 2483/4330
f 2485/4829 2432/4827 2486/4830
f 2432/4827 2431/4831 2435/4832
f 2480/5306 2483/5307 2481/5308
f 2482/4328 2487/4332 2488/4333
f 2466/5124 2468/5125 2463/5120
f 2435/4832 2486/4830 2432/4827
f 2482/4328 2484/4331 2487/4332
f 2484/4331 2489/4334 2487/4332
f 2449/4954 2490/4957 2407/4958
f 2466/5124 2465/5123 2471/5129
f 2487/4332 2489/4334 2491/4335
f 2488/4333 2480/4326 2482/4328
f 2492/5219 2493/5220 2494/5221
f 2487/4332 2495/4336 2488/4333
f 2435/4832 2321/4833 2486/4830
f 2454/4306 2457/4329 2477/4322
f 2496/4337 2472/4317 2497/4338
f 2484/4331 2461/4311 2476/4321
f 2489/4334 2484/4331 2476/4321
f 2491/4335 2495/4336 2487/4332
f 2476/4321 2496/4337 2489/4334
f 2496/4337 2476/4321 2472/4317
f 2472/4317 2478/4324 2498/4339
f 2499/4340 2497/4338 2498/4339
f 2500/4341 2501/4342 2497/4338
f 2457/4329 2483/4330 2477/4322
f 2497/4338 2499/4340 2500/4341
f 2474/5130 2502/5131 2503/5132
f 2504/5133 2475/5134 2474/5130
f 2425/5113 2505/5135 2503/5132
f 2504/4343 2506/4344 2475/4319
f 2503/5132 2502/5131 2425/5113
f 2404/5104 2425/5113 2502/5131
f 2503/5132 2504/5133 2474/5130
f 2480/4326 2488/4333 2063/4262
f 2063/4262 2488/4333 2052/4261
f 2505/5135 2425/5113 2507/5136
f 2469/5126 2471/5129 2474/5130
f 2508/4345 2498/4339 2506/4344
f 2509/4346 2478/4324 2473/4323
f 2509/4346 2473/4323 2475/4319
f 2479/4325 2500/4341 2499/4340
f 2506/4344 2509/4346 2475/4319
f 2498/4339 2509/4346 2506/4344
f 2478/4324 2509/4346 2498/4339
f 2510/4347 2506/4344 2511/4348
f 2506/4344 2504/4343 2511/4348
f 2511/4348 2504/4343 2505/4349
f 2505/5135 2504/5133 2503/5132
f 2472/4317 2498/4339 2497/4338
f 2507/5193 2512/5194 2505/5195
f 2512/5194 2513/5196 2511/5197
f 2513/5196 2512/5194 2514/5198
f 2502/5131 2474/5130 2471/5129
f 2471/5129 2394/5091 2502/5131
f 2511/5197 2505/5195 2512/5194
f 2404/5104 2502/5131 2399/5096
f 2508/4345 2506/4344 2510/4347
f 2515/5199 2514/5198 2512/5194
f 2516/5200 2513/5196 2514/5198
f 2510/4347 2516/4350 2517/4351
f 2513/4352 2516/4350 2510/4347
f 2517/5201 2516/5200 2490/5202
f 2518/4353 2498/4339 2508/4345
f 2490/4957 2514/4959 2407/4958
f 2511/4348 2513/4352 2510/4347
f 2459/4312 2461/4311 2481/4327
f 2459/4312 2481/4327 2457/4329
f 2518/4353 2508/4345 2408/4302
f 2499/4340 2498/4339 2518/4353
f 2489/4334 2519/4354 2491/4335
f 2501/4342 2519/4354 2496/4337
f 2479/4325 2518/4353 2408/4302
f 2490/5202 2516/5200 2514/5198
f 2508/4345 2510/4347 2517/4351
f 2519/4354 2489/4334 2496/4337
f 2490/5202 2452/5188 2520/5203
f 2518/4353 2479/4325 2499/4340
f 2508/4345 2517/4351 2452/4355
f 2497/4338 2501/4342 2496/4337
f 2449/5189 2452/5188 2490/5202
f 2517/4351 2520/4356 2452/4355
f 2449/4954 2428/4951 2446/4953
f 2091/3950 2114/3953 2433/3984
f 2434/3985 2433/3984 2521/3994
f 2520/5203 2517/5201 2490/5202
f 2437/3987 2521/3994 2447/3992
f 2521/3994 2437/3987 2434/3985
f 2433/3984 2114/3953 2033/3955
f 2522/5309 2033/5310 2035/5311
f 2342/4967 2412/4969 2304/4968
f 2415/5184 2451/5186 2374/5185
f 2522/5312 2433/5313 2033/5314
f 2408/4302 2452/4355 2409/4303
f 2429/5315 2367/5316 2430/5317
f 2523/5153 2524/5154 2521/5155
f 2447/5275 2525/5276 2443/5273
f 2508/4345 2452/4355 2408/4302
f 2447/3992 2521/3994 2525/3995
f 2367/4818 2432/4827 2485/4829
f 2367/4818 2485/4829 2366/4817
f 2521/3994 2433/3984 2522/3996
f 2526/5318 2377/5319 2311/5320
f 2523/4163 2522/4164 2014/4161
f 2445/5321 2527/5322 2524/5323
f 2406/5178 2450/5191 2407/5179
f 2443/5273 2525/5276 2527/5277
f 2392/5152 2389/5147 2528/5156
f 2523/4163 2521/4165 2522/4164
f 2391/5098 2401/5097 2445/5118
f 2392/5152 2528/5156 2529/5157
f 2445/5118 2443/5116 2527/5137
f 2524/3997 2525/3995 2521/3994
f 2385/5082 2392/5085 2574/5083
f 2029/4169 2529/4172 2030/4170
f 2530/5158 2524/5154 2523/5153
f 2445/5159 2528/5156 2391/5151
f 2524/5278 2527/5277 2525/5276
f 2530/5158 2528/5156 2524/5154
f 2529/5157 2528/5156 2530/5158
f 2442/5267 2342/5268 2418/5265
f 2029/4522 2572/4518 2574/4520
f 2388/5324 2528/5325 2389/5326
f 2531/5327 2523/5328 2030/5329
f 2394/5091 2471/5129 2465/5123
f 2402/5171 2401/5173 2400/5169
f 2574/4520 2529/4523 2029/4522
f 2531/4173 2030/4170 2529/4172
f 2531/5160 2529/5157 2530/5158
f 2530/5158 2523/5153 2531/5160
f 2401/5097 2402/5138 2465/5123
f 2326/4869 2526/4874 2311/4872
f 2395/5092 2394/5091 2465/5123
f 2465/5123 2402/5138 2395/5092
f 2000/4077 2002/4079 2004/4081
f 2014/5330 2030/5331 2523/5332
f 2519/4354 2532/4357 2491/4335
f 2533/4121 2534/4122 2532/4123
f 2532/4357 2495/4336 2491/4335
f 2535/5333 2533/5334 2536/5335
f 2534/4122 2537/4124 2532/4123
f 2529/4523 2574/4520 2392/4524
f 2002/4079 2537/4124 2004/4081
f 2533/4121 2532/4123 2519/4125
f 2538/4358 2495/4336 2532/4357
f 2495/4336 2538/4358 2488/4333
f 2391/5151 2528/5156 2388/5150
f 2528/5156 2445/5159 2524/5154
f 2537/4359 2538/4358 2532/4357
f 2536/4126 2533/4121 2519/4125
f 2412/4784 2373/4782 2304/4775
f 2539/4127 2004/4081 2537/4124
f 2540/4128 2533/4121 2535/4129
f 2647/4130 2610/4120 2005/4082
f 2648/4131 2540/4128 2535/4129
f 2540/4128 2539/4127 2534/4122
f 2539/4127 2649/4132 2647/4130
f 2538/4358 2052/4261 2488/4333
f 2648/5336 2541/5337 2542/5338
f 2649/5345 2650/5346 2647/5347
f 2417/4838 2419/4842 2431/4841
f 2649/4132 2539/4127 2540/4128
f 2648/5336 2542/5338 2651/5339
f 2052/4261 2538/4358 2002/4360
f 2543/5050 2376/5049 2378/5048
f 2652/5348 2651/5349 2542/5350
f 2002/4360 2003/4259 2052/4261
f 2534/4122 2533/4121 2540/4128
f 2649/4132 2540/4128 2648/4131
f 2005/4082 2539/4127 2647/4130
f 2544/5351 2535/5352 2536/5353
f 2501/4342 2536/4361 2519/4354
f 2005/4082 2004/4081 2539/4127
f 2544/4362 2545/4363 2535/4364
f 2536/4361 2501/4342 2544/4362
f 2500/4341 2479/4325 2546/4365
f 2539/4127 2537/4124 2534/4122
f 2547/4366 2501/4342 2500/4341
f 2547/5340 2541/5337 2545/5341
f 2546/4365 2424/4367 2547/4366
f 2545/4363 2544/4362 2501/4342
f 2547/4366 2545/4363 2501/4342
f 2546/4365 2547/4366 2500/4341
f 2410/5354 2446/5355 2424/5356
f 2546/4365 2410/4304 2424/4367
f 2545/4133 2648/4131 2535/4129
f 2547/5340 2548/5342 2541/5337
f 2545/5357 2541/5358 2648/5359
f 2486/4927 2315/4925 2485/4928
f 2449/4954 2407/4958 2450/4955
f 2479/4325 2410/4304 2546/4365
f 2548/4960 2344/4947 2340/4944
f 2652/5360 2542/5361 2549/5362
f 2620/5363 2652/5360 2549/5362
f 2624/4946 2344/4947 2550/4961
f 2643/5364 2624/5365 2550/5366
f 2547/5340 2424/5343 2548/5342
f 2549/5344 2542/5338 2541/5337
f 2320/4821 2486/4830 2321/4833
f 2620/4938 2549/4939 2340/4936
f 2344/4947 2548/4960 2550/4961
f 2317/4801 2366/4817 2485/4829
f 2643/5367 2653/5368 2624/5369
f 2424/4948 2550/4961 2548/4960
f 2412/4784 2411/4786 2373/4782
f 2550/4935 2338/4930 2643/4933
f 2538/4358 2537/4359 2002/4360
f 2014/4161 2522/4164 2035/4147
f 2326/4777 2303/4774 2543/4788
f 2424/4948 2338/4950 2550/4961
f 2654/5204 2551/5205 2515/5199
f 2326/4777 2543/4788 2526/4789
f 2405/5222 2494/5221 2493/5220
f 2515/5199 2551/5205 2494/5206
f 2336/4926 2315/4925 2486/4927
f 2320/4821 2336/4823 2486/4830
f 2317/4801 2485/4829 2315/4799
f 2543/4788 2552/4790 2381/4791
f 2549/5344 2541/5337 2548/5342
f 2378/5370 2377/5371 2526/5372
f 2553/5139 2425/5113 2422/5111
f 2543/4788 2303/4774 2305/4776
f 2553/5139 2554/5140 2507/5136
f 2420/5107 2421/5109 2554/5140
f 2512/5194 2507/5193 2554/5207
f 2420/5107 2553/5139 2422/5111
f 2654/5204 2515/5199 2554/5207
f 2425/5113 2553/5139 2507/5136
f 2512/5194 2554/5207 2515/5199
f 2303/4774 2341/4778 2343/4780
f 2378/4792 2526/4789 2543/4788
f 2553/5139 2420/5107 2554/5140
f 2554/5207 2421/5208 2654/5204
f 2492/5237 2423/5234 2638/5233
f 2551/5373 2423/5374 2492/5375
f 2305/4776 2552/4790 2543/4788
f 2305/4776 2493/4793 2492/4794
f 2640/5376 2655/5377 2654/5378
f 2638/5233 2382/5238 2492/5237
f 2492/4794 2382/4795 2381/4791
f 2551/5379 2492/5380 2494/5381
f 2305/4776 2492/4794 2552/4790
f 2555/5382 2656/5383 2556/5384
f 2381/5068 2382/5065 2379/5064
f 2654/5204 2555/5209 2551/5205
f 2556/5384 2656/5383 2423/5385
f 2555/5382 2556/5384 2551/5386
f 2423/5387 2551/5388 2556/5389
f 2399/5096 2502/5131 2394/5091
f 2654/5204 2421/5208 2640/5210
f 2515/5199 2494/5206 2514/5198
f 2405/5222 2372/5217 2414/5216
f 2304/4775 2493/4793 2305/4776
f 2548/4960 2340/4944 2549/4962
f 2514/5198 2405/5177 2407/5179
f 2638/5233 2383/5232 2382/5238
f 2372/4781 2493/4793 2304/4775
f 2494/5206 2405/5177 2514/5198
f 2552/4790 2492/4794 2381/4791
f 2405/5222 2493/5220 2372/5217
f 2644/5235 2423/5234 2656/5239
f 2376/5061 2543/5063 2381/5062
f 2555/5209 2654/5204 2656/5211
f 2309/4834 2611/4836 2645/4839
f 2635/5213 2657/5215 2636/5214
f 1034/4904 1030/4914 1039/4906
f 2359/5018 977/5020 1019/5021
f 2360/5022 1019/5021 982/5023
f 2361/4990 982/4992 2362/4991
f 2360/5390 982/5391 2361/5392
f 2362/5393 979/5394 2356/5395
f 2356/5396 979/5397 2348/5398
f 2617/5399 2658/5400 2611/5401
f 2613/4854 2319/4853 2612/4850
f 2308/4855 2612/4850 2319/4853
f 983/5028 984/5029 2307/5026
f 2333/4905 1040/4915 1031/4916
f 2360/5022 2359/5018 1019/5021
f 1034/4904 2333/4905 1031/4916
f 2333/4905 2386/4917 1040/4915
f 2362/5402 982/5403 979/5404
f 1018/5405 2348/5406 979/5407
f 981/5408 1019/5409 976/5410
f 1019/5409 977/5411 976/5410
f 1020/5011 2345/5013 1021/5024
f 1040/5080 2386/5075 1032/5074
f 1021/5024 2345/5013 1039/5025
vt 0.472778 0.223511
vt 0.483294 0.206097
vt 0.481099 0.214533
vt 0.967019 0.471069
vt 0.967789 0.460187
vt 0.98584 0.461974
vt 0.986441 0.453661
vt 0.996562 0.462623
vt 0.988875 0.467175
vt 0.966817 0.450337
vt 0.983535 0.44059
vt 0.998033 0.450936
vt 0.984834 0.426071
vt 0.995138 0.420914
vt 0.993834 0.435164
vt 0.989303 0.44705
vt 0.962314 0.43709
vt 0.962036 0.470625
vt 0.962337 0.458982
vt 0.962219 0.426853
vt 0.978774 0.421905
vt 0.558626 0.587869
vt 0.57307 0.586094
vt 0.558947 0.598827
vt 0.553128 0.599402
vt 0.581648 0.601778
vt 0.581129 0.589471
vt 0.581457 0.571224
vt 0.560174 0.579428
vt 0.560011 0.607263
vt 0.554963 0.609914
vt 0.530062 0.582313
vt 0.519592 0.588844
vt 0.515635 0.585526
vt 0.543269 0.591345
vt 0.523198 0.594873
vt 0.533172 0.586178
vt 0.552222 0.583593
vt 0.541649 0.60623
vt 0.526283 0.610024
vt 0.581486 0.616766
vt 0.510619 0.608263
vt 0.5611 0.616241
vt 0.491877 0.591631
vt 0.50189 0.594182
vt 0.497695 0.582029
vt 0.485474 0.58908
vt 0.487931 0.580278
vt 0.495154 0.604857
vt 0.494834 0.598167
vt 0.549322 0.617149
vt 0.516967 0.61822
vt 0.532513 0.621948
vt 0.538128 0.615465
vt 0.494999 0.613093
vt 0.121216 0.567886
vt 0.126924 0.571021
vt 0.126211 0.579574
vt 0.144907 0.560656
vt 0.157988 0.546141
vt 0.163751 0.557778
vt 0.126521 0.552115
vt 0.137133 0.556904
vt 0.150897 0.539359
vt 0.160924 0.526053
vt 0.141089 0.537864
vt 0.165616 0.570059
vt 0.17627 0.557347
vt 0.178143 0.542098
vt 0.174682 0.530097
vt 0.165132 0.534182
vt 0.182947 0.549226
vt 0.138843 0.5841
vt 0.182204 0.571634
vt 0.149665 0.585815
vt 0.14709 0.572446
vt 0.542992 0.249289
vt 0.530396 0.231043
vt 0.548458 0.242065
vt 0.543597 0.261597
vt 0.056741 0.452393
vt 0.05188 0.432861
vt 0.069943 0.421839
vt 0.095662 0.431492
vt 0.069051 0.46738
vt 0.076912 0.423585
vt 0.198573 0.51065
vt 0.176145 0.47852
vt 0.186264 0.488757
vt 0.177507 0.522292
vt 0.084753 0.47845
vt 0.112075 0.502757
vt 0.151444 0.463575
vt 0.12051 0.454968
vt 0.138119 0.520256
vt 0.163727 0.526245
vt 0.126153 0.514348
vt 0.112481 0.514917
vt 0.115397 0.505961
vt 0.117641 0.527244
vt 0.033895 0.506454
vt 0.05666 0.507427
vt 0.031772 0.522479
vt 0.108236 0.534643
vt 0.118112 0.535196
vt 0.109378 0.557356
vt 0.117417 0.554247
vt 0.115898 0.567826
vt 0.108427 0.506072
vt 0.102661 0.527618
vt 0.089677 0.506145
vt 0.100368 0.532704
vt 0.085235 0.527539
vt 0.098611 0.544465
vt 0.091741 0.552329
vt 0.112954 0.571784
vt 0.105054 0.571186
vt 0.080994 0.570702
vt 0.069736 0.546829
vt 0.109766 0.580079
vt 0.079805 0.532464
vt 0.07581 0.572317
vt 0.115841 0.589723
vt 0.115192 0.595091
vt 0.120649 0.599487
vt 0.100123 0.591009
vt 0.085182 0.580919
vt 0.088476 0.588923
vt 0.08263 0.584852
vt 0.083437 0.592584
vt 0.024932 0.539535
vt 0.031256 0.533035
vt 0.044767 0.542281
vt 0.070279 0.509896
vt 0.064797 0.524286
vt 0.063624 0.524836
vt 0.064829 0.50646
vt 0.051763 0.535981
vt 0.061109 0.528788
vt 0.066703 0.539731
vt 0.070559 0.556353
vt 0.034721 0.527746
vt 0.016516 0.523171
vt 0.009194 0.506616
vt 0.015816 0.529231
vt 0.000122 0.527932
vt 0.90327 0.446329
vt 0.913908 0.430236
vt 0.919216 0.449057
vt 0.897736 0.425089
vt 0.909067 0.452092
vt 0.896663 0.458345
vt 0.887047 0.447526
vt 0.879116 0.441425
vt 0.803061 0.424752
vt 0.818763 0.424759
vt 0.801962 0.445138
vt 0.838727 0.446001
vt 0.79895 0.451275
vt 0.834049 0.442235
vt 0.838133 0.4505
vt 0.825776 0.461663
vt 0.804132 0.456916
vt 0.830718 0.426075
vt 0.834159 0.46766
vt 0.816481 0.473725
vt 0.805455 0.479956
vt 0.806693 0.468111
vt 0.821866 0.488523
vt 0.830926 0.489876
vt 0.855229 0.441973
vt 0.809218 0.489271
vt 0.841881 0.455348
vt 0.853302 0.455035
vt 0.852967 0.438866
vt 0.859672 0.448889
vt 0.853512 0.467065
vt 0.84418 0.490288
vt 0.86989 0.459271
vt 0.859236 0.471987
vt 0.852559 0.484851
vt 0.871755 0.469881
vt 0.81831 0.511107
vt 0.806295 0.511239
vt 0.813029 0.512569
vt 0.816772 0.519703
vt 0.807857 0.520439
vt 0.828898 0.521262
vt 0.823003 0.527688
vt 0.825863 0.520236
vt 0.843487 0.49969
vt 0.836919 0.52161
vt 0.824977 0.513491
vt 0.815389 0.523418
vt 0.822673 0.544507
vt 0.811822 0.54789
vt 0.806889 0.539781
vt 0.885841 0.453109
vt 0.909295 0.459779
vt 0.833549 0.530736
vt 0.851615 0.494501
vt 0.840974 0.527194
vt 0.844579 0.536101
vt 0.834185 0.54728
vt 0.84983 0.50486
vt 0.847134 0.522912
vt 0.872128 0.425017
vt 0.846085 0.424831
vt 0.873686 0.441575
vt 0.911516 0.425253
vt 0.858245 0.654424
vt 0.837982 0.654863
vt 0.843126 0.641026
vt 0.851345 0.605702
vt 0.866443 0.641491
vt 0.826757 0.617203
vt 0.839382 0.674878
vt 0.821458 0.641228
vt 0.831993 0.684936
vt 0.875196 0.665297
vt 0.882269 0.678207
vt 0.858457 0.670723
vt 0.865024 0.659275
vt 0.87047 0.655349
vt 0.862836 0.68152
vt 0.850534 0.680957
vt 0.848705 0.557551
vt 0.842614 0.548737
vt 0.843542 0.543465
vt 0.813865 0.641135
vt 0.823681 0.5676
vt 0.822325 0.579516
vt 0.811162 0.612633
vt 0.825428 0.592268
vt 0.835936 0.583052
vt 0.861597 0.610408
vt 0.579887 0.225145
vt 0.577271 0.216832
vt 0.590036 0.230347
vt 0.527384 0.242763
vt 0.517661 0.245104
vt 0.521226 0.234274
vt 0.5284 0.236228
vt 0.519536 0.224451
vt 0.52463 0.249454
vt 0.504467 0.225947
vt 0.510799 0.231675
vt 0.514238 0.251798
vt 0.517398 0.25769
vt 0.50354 0.230126
vt 0.498962 0.194214
vt 0.497192 0.173505
vt 0.500271 0.178252
vt 0.685651 0.242675
vt 0.68544 0.256104
vt 0.678862 0.252602
vt 0.67902 0.240456
vt 0.688798 0.262798
vt 0.688447 0.26869
vt 0.67688 0.268564
vt 0.679247 0.27418
vt 0.687117 0.278198
vt 0.991482 0.178236
vt 0.999827 0.170837
vt 0.988403 0.182983
vt 0.951811 0.432997
vt 0.955751 0.446245
vt 0.944607 0.43642
vt 0.948125 0.453311
vt 0.943466 0.431604
vt 0.940239 0.422087
vt 0.930532 0.431152
vt 0.92448 0.422342
vt 0.947498 0.424973
vt 0.936488 0.444398
vt 0.92394 0.434392
vt 0.926902 0.442432
vt 0.920543 0.447345
vt 0.925191 0.453143
vt 0.919609 0.430005
vt 0.910434 0.577964
vt 0.889282 0.584598
vt 0.890168 0.579149
vt 0.940472 0.460277
vt 0.947013 0.478621
vt 0.917274 0.463537
vt 0.935248 0.477545
vt 0.934212 0.510936
vt 0.923928 0.476021
vt 0.923983 0.50906
vt 0.914435 0.503044
vt 0.913588 0.480807
vt 0.907961 0.498301
vt 0.94651 0.51993
vt 0.922462 0.534178
vt 0.936004 0.535247
vt 0.902949 0.522657
vt 0.912944 0.524929
vt 0.944406 0.548986
vt 0.924837 0.577709
vt 0.899764 0.555523
vt 0.908641 0.575163
vt 0.930162 0.596557
vt 0.923044 0.593761
vt 0.896316 0.564766
vt 0.895445 0.575438
vt 0.755681 0.590208
vt 0.746228 0.593119
vt 0.750702 0.576382
vt 0.758621 0.582264
vt 0.763949 0.571772
vt 0.763203 0.592481
vt 0.762591 0.602193
vt 0.641588 0.596836
vt 0.590942 0.596794
vt 0.592273 0.585209
vt 0.741221 0.586603
vt 0.725965 0.573583
vt 0.731311 0.5814
vt 0.743635 0.568617
vt 0.679586 0.572036
vt 0.718326 0.566912
vt 0.677016 0.560545
vt 0.65785 0.575052
vt 0.647961 0.563137
vt 0.677945 0.583135
vt 0.638643 0.569983
vt 0.641339 0.58317
vt 0.596496 0.581462
vt 0.670072 0.592087
vt 0.600389 0.570321
vt 0.594136 0.576054
vt 0.758321 0.605948
vt 0.738119 0.600998
vt 0.594719 0.604178
vt 0.601073 0.608765
vt 0.644874 0.606778
vt 0.671848 0.598735
vt 0.673376 0.606405
vt 0.552329 0.179077
vt 0.55188 0.1673
vt 0.558733 0.176526
vt 0.670129 0.155627
vt 0.675686 0.164429
vt 0.664673 0.155203
vt 0.496195 0.163452
vt 0.487303 0.163067
vt 0.47229 0.158747
vt 0.209595 0.177759
vt 0.225354 0.181941
vt 0.214047 0.182735
vt 0.222848 0.186401
vt 0.592953 0.023221
vt 0.590454 0.028198
vt 0.591633 0.019043
vt 0.233189 0.233107
vt 0.244835 0.22778
vt 0.239456 0.236934
vt 0.230655 0.2406
vt 0.228149 0.23614
vt 0.026001 0.003249
vt 0.034496 0.000153
vt 0.036218 0.003296
vt 0.200337 0.18103
vt 0.188599 0.175277
vt 0.209665 0.175578
vt 0.123014 0.164344
vt 0.125173 0.174194
vt 0.115845 0.17299
vt 0.553114 0.066559
vt 0.565541 0.06841
vt 0.551392 0.069702
vt 0.274864 0.150792
vt 0.282596 0.155151
vt 0.262329 0.154792
vt 0.976264 0.154637
vt 0.973712 0.158569
vt 0.971313 0.146141
vt 0.14008 0.160522
vt 0.136841 0.153607
vt 0.148121 0.155658
vt 0.213013 0.239136
vt 0.229407 0.220451
vt 0.244662 0.211967
vt 0.365105 0.250854
vt 0.36438 0.244395
vt 0.380074 0.229876
vt 0.284379 0.175335
vt 0.286533 0.192749
vt 0.280396 0.186422
vt 0.569904 0.237543
vt 0.567618 0.247002
vt 0.562622 0.233695
vt 0.576694 0.216086
vt 0.579444 0.241825
vt 0.585682 0.231649
vt 0.589688 0.23774
vt 0.574186 0.253784
vt 0.589966 0.240637
vt 0.606126 0.237676
vt 0.593334 0.261108
vt 0.60737 0.253102
vt 0.676392 0.240112
vt 0.691758 0.224686
vt 0.703713 0.215806
vt 0.979437 0.515245
vt 0.999874 0.497924
vt 0.978263 0.517942
vt 0.946411 0.525268
vt 0.417361 0.161987
vt 0.407837 0.161438
vt 0.433325 0.158794
vt 0.621657 0.526313
vt 0.614579 0.542051
vt 0.605591 0.526488
vt 0.623216 0.549899
vt 0.647983 0.534707
vt 0.641822 0.523654
vt 0.649485 0.527402
vt 0.630409 0.553989
vt 0.627494 0.537654
vt 0.653155 0.548159
vt 0.65333 0.557606
vt 0.635278 0.558851
vt 0.653417 0.540243
vt 0.653872 0.526069
vt 0.6586 0.535133
vt 0.666519 0.556043
vt 0.657612 0.560022
vt 0.658487 0.552653
vt 0.624919 0.56206
vt 0.615269 0.567271
vt 0.618416 0.560144
vt 0.668273 0.54797
vt 0.654204 0.551505
vt 0.618585 0.548142
vt 0.666825 0.523438
vt 0.751705 0.51854
vt 0.775003 0.516635
vt 0.771973 0.526617
vt 0.737897 0.528672
vt 0.810274 0.552622
vt 0.807975 0.559681
vt 0.798535 0.543583
vt 0.805348 0.537437
vt 0.798629 0.518452
vt 0.794831 0.5435
vt 0.792937 0.532767
vt 0.791296 0.54672
vt 0.787223 0.55865
vt 0.787146 0.531524
vt 0.785207 0.54126
vt 0.794918 0.52023
vt 0.784246 0.518621
vt 0.771888 0.538443
vt 0.742137 0.513161
vt 0.76871 0.538347
vt 0.791268 0.56198
vt 0.789693 0.571655
vt 0.795715 0.565583
vt 0.808625 0.56483
vt 0.785766 0.5664
vt 0.772136 0.559423
vt 0.732281 0.540214
vt 0.771909 0.56741
vt 0.740826 0.564539
vt 0.673882 0.560059
vt 0.676559 0.543399
vt 0.683017 0.521948
vt 0.687049 0.526027
vt 0.673677 0.532751
vt 0.687968 0.55617
vt 0.697009 0.5323
vt 0.700287 0.519669
vt 0.728655 0.556147
vt 0.717781 0.515585
vt 0.679155 0.560085
vt 0.017316 0.199291
vt 0.021344 0.216675
vt 0.012817 0.201645
vt 0.213325 0.255779
vt 0.212036 0.239712
vt 0.217287 0.255676
vt 0.214928 0.282104
vt 0.224914 0.275944
vt 0.877617 0.233765
vt 0.86438 0.217986
vt 0.889376 0.224776
vt 0.899536 0.073317
vt 0.899812 0.067226
vt 0.90377 0.075073
vt 0.068201 0.164239
vt 0.060669 0.168335
vt 0.069247 0.158623
vt 0.992118 0.234226
vt 0.986837 0.234293
vt 0.980103 0.224785
vt 0.998785 0.238647
vt 0.042603 0.020144
vt 0.053077 0.017126
vt 0.051694 0.020874
vt 0.227864 0.229511
vt 0.227288 0.240773
vt 0.22522 0.237427
vt 0.227211 0.246874
vt 0.245447 0.250846
vt 0.237426 0.252808
vt 0.888175 0.219025
vt 0.876099 0.220581
vt 0.894257 0.210508
vt 0.838437 0.188843
vt 0.834595 0.17489
vt 0.842059 0.185622
vt 0.635389 0.226598
vt 0.640665 0.22482
vt 0.644307 0.239136
vt 0.622192 0.220042
vt 0.261667 0.246001
vt 0.261804 0.255737
vt 0.251099 0.233098
vt 0.321012 0.602417
vt 0.313362 0.564332
vt 0.330614 0.609886
vt 0.316986 0.545279
vt 0.310739 0.529614
vt 0.296439 0.527654
vt 0.29806 0.547673
vt 0.333856 0.640342
vt 0.323668 0.628309
vt 0.32584 0.676636
vt 0.319527 0.674796
vt 0.300513 0.571436
vt 0.305198 0.609029
vt 0.300757 0.589498
vt 0.291374 0.563551
vt 0.291103 0.602584
vt 0.311765 0.630345
vt 0.301062 0.627329
vt 0.301685 0.655629
vt 0.285503 0.630349
vt 0.28069 0.65507
vt 0.289247 0.654709
vt 0.294755 0.659546
vt 0.301463 0.664709
vt 0.304044 0.672759
vt 0.286579 0.667051
vt 0.2815 0.658776
vt 0.281071 0.656759
vt 0.274899 0.547829
vt 0.27437 0.543828
vt 0.284138 0.543717
vt 0.280411 0.554788
vt 0.222892 0.42183
vt 0.212763 0.43839
vt 0.197666 0.422045
vt 0.318549 0.42089
vt 0.309683 0.44129
vt 0.30054 0.421111
vt 0.300157 0.51859
vt 0.306488 0.51299
vt 0.316737 0.52215
vt 0.199673 0.447682
vt 0.230866 0.446536
vt 0.21212 0.45297
vt 0.18604 0.457242
vt 0.188386 0.448876
vt 0.199102 0.455269
vt 0.270716 0.437901
vt 0.185522 0.443358
vt 0.269372 0.421481
vt 0.305457 0.446185
vt 0.280659 0.440469
vt 0.265966 0.443221
vt 0.299386 0.450548
vt 0.27889 0.457106
vt 0.249721 0.456961
vt 0.257575 0.450033
vt 0.298037 0.461395
vt 0.299409 0.469405
vt 0.267841 0.464032
vt 0.278541 0.470503
vt 0.289645 0.467689
vt 0.292812 0.48115
vt 0.271306 0.476951
vt 0.258371 0.483904
vt 0.246595 0.465562
vt 0.276993 0.498205
vt 0.242701 0.429065
vt 0.239034 0.436355
vt 0.248336 0.421641
vt 0.253488 0.442844
vt 0.239494 0.438177
vt 0.224428 0.441164
vt 0.245739 0.479121
vt 0.25167 0.489583
vt 0.226585 0.460114
vt 0.232571 0.468307
vt 0.296008 0.492256
vt 0.302862 0.486333
vt 0.306039 0.502011
vt 0.292524 0.513303
vt 0.279133 0.506948
vt 0.298225 0.504205
vt 0.309218 0.503839
vt 0.279592 0.516246
vt 0.294999 0.500933
vt 0.265119 0.493606
vt 0.28106 0.522137
vt 0.272568 0.523241
vt 0.273697 0.515159
vt 0.26083 0.515592
vt 0.28917 0.530906
vt 0.255815 0.498109
vt 0.183228 0.424732
vt 0.546364 0.438462
vt 0.591918 0.438913
vt 0.610971 0.450451
vt 0.602607 0.4595
vt 0.556527 0.451784
vt 0.525181 0.450189
vt 0.525217 0.457745
vt 0.490946 0.444139
vt 0.515908 0.439471
vt 0.482499 0.456684
vt 0.557259 0.464637
vt 0.479614 0.434345
vt 0.623382 0.464463
vt 0.597439 0.473728
vt 0.605938 0.482996
vt 0.592388 0.481573
vt 0.550036 0.488107
vt 0.540606 0.4797
vt 0.560923 0.475244
vt 0.525182 0.48146
vt 0.519528 0.470109
vt 0.495341 0.473594
vt 0.481081 0.467374
vt 0.710065 0.458958
vt 0.699317 0.469162
vt 0.705702 0.45348
vt 0.714026 0.475797
vt 0.709561 0.483877
vt 0.708242 0.474456
vt 0.695201 0.483708
vt 0.73536 0.466775
vt 0.735409 0.483699
vt 0.689755 0.474183
vt 0.694855 0.454595
vt 0.714322 0.465551
vt 0.673282 0.476513
vt 0.669917 0.464167
vt 0.735429 0.494507
vt 0.714722 0.489742
vt 0.709924 0.493384
vt 0.71496 0.458221
vt 0.642262 0.469238
vt 0.639761 0.467535
vt 0.645484 0.458034
vt 0.64326 0.450137
vt 0.654239 0.464595
vt 0.646678 0.467829
vt 0.652411 0.455105
vt 0.6341 0.4627
vt 0.626636 0.451094
vt 0.636791 0.479158
vt 0.676846 0.482584
vt 0.659073 0.477025
vt 0.646693 0.477162
vt 0.645842 0.481239
vt 0.66126 0.481735
vt 0.648581 0.477514
vt 0.63766 0.446711
vt 0.634167 0.48059
vt 0.663714 0.488706
vt 0.686844 0.462872
vt 0.438249 0.596069
vt 0.418508 0.593106
vt 0.435333 0.586504
vt 0.503506 0.549735
vt 0.500229 0.567087
vt 0.497815 0.564378
vt 0.501352 0.581579
vt 0.490077 0.579838
vt 0.447113 0.587754
vt 0.463556 0.558519
vt 0.459596 0.586498
vt 0.437097 0.564687
vt 0.495958 0.547546
vt 0.488943 0.555724
vt 0.414957 0.566122
vt 0.425164 0.583003
vt 0.411754 0.585619
vt 0.380274 0.559751
vt 0.381895 0.57222
vt 0.485285 0.562906
vt 0.48578 0.553072
vt 0.49122 0.539642
vt 0.499496 0.535326
vt 0.487122 0.580137
vt 0.465492 0.586587
vt 0.391706 0.589362
vt 0.501899 0.541732
vt 0.454656 0.548807
vt 0.487514 0.540907
vt 0.376273 0.558801
vt 0.37687 0.570917
vt 0.489203 0.536821
vt 0.355685 0.561341
vt 0.379628 0.588215
vt 0.366464 0.58758
vt 0.365177 0.575273
vt 0.462793 0.535538
vt 0.387232 0.550517
vt 0.376162 0.549189
vt 0.48511 0.582447
vt 0.353687 0.567184
vt 0.347603 0.558059
vt 0.353551 0.589437
vt 0.346674 0.588275
vt 0.354103 0.577718
vt 0.343872 0.576596
vt 0.35841 0.587649
vt 0.360482 0.581002
vt 0.494957 0.194591
vt 0.496976 0.1973
vt 0.488403 0.211792
vt 0.707886 0.23056
vt 0.704985 0.247791
vt 0.698362 0.250101
vt 0.689087 0.259643
vt 0.260376 0.173814
vt 0.27406 0.168444
vt 0.260805 0.176636
vt 0.218243 0.606581
vt 0.221419 0.579846
vt 0.228828 0.588711
vt 0.215938 0.626204
vt 0.22653 0.626707
vt 0.217255 0.630165
vt 0.208301 0.643432
vt 0.197486 0.626699
vt 0.217704 0.640077
vt 0.214409 0.54726
vt 0.225254 0.560105
vt 0.216911 0.56091
vt 0.226697 0.607089
vt 0.227842 0.601193
vt 0.203382 0.524353
vt 0.214366 0.510653
vt 0.217281 0.515954
vt 0.22161 0.517511
vt 0.209237 0.531424
vt 0.197393 0.537903
vt 0.208539 0.542979
vt 0.229993 0.533303
vt 0.23116 0.521226
vt 0.192266 0.532853
vt 0.203908 0.496124
vt 0.230754 0.508061
vt 0.202352 0.571576
vt 0.189785 0.580255
vt 0.211409 0.588121
vt 0.197965 0.593245
vt 0.184204 0.60511
vt 0.194825 0.637522
vt 0.184934 0.63495
vt 0.203392 0.625238
vt 0.217013 0.483294
vt 0.205713 0.493546
vt 0.206114 0.483605
vt 0.21514 0.490786
vt 0.211414 0.49527
vt 0.231639 0.495148
vt 0.223565 0.476706
vt 0.228764 0.484966
vt 0.234859 0.47524
vt 0.24195 0.477126
vt 0.237738 0.488271
vt 0.235326 0.500007
vt 0.246011 0.485469
vt 0.980103 0.219401
vt 0.994161 0.222273
vt 0.985443 0.224487
vt 0.99137 0.210998
vt 0.015925 0.175757
vt 0.018225 0.191772
vt 0.012329 0.191683
vt 0.365134 0.253839
vt 0.376852 0.265991
vt 0.360954 0.254138
vt 0.355591 0.229725
vt 0.878097 0.16546
vt 0.8865 0.176155
vt 0.876587 0.177612
vt 0.630981 0.264526
vt 0.641521 0.236547
vt 0.638791 0.248601
vt 0.272227 0.245972
vt 0.267468 0.233806
vt 0.267087 0.22972
vt 0.258911 0.226595
vt 0.967695 0.24021
vt 0.964966 0.228157
vt 0.97665 0.256225
vt 0.29856 0.165893
vt 0.283813 0.160527
vt 0.288465 0.159141
vt 0.977173 0.114185
vt 0.985198 0.107742
vt 0.981239 0.1156
vt 0.25292 0.165166
vt 0.247681 0.157308
vt 0.257572 0.165893
vt 0.393969 0.149691
vt 0.390588 0.15271
vt 0.380493 0.147281
vt 0.979085 0.512085
vt 0.955688 0.502405
vt 0.972759 0.507397
vt 0.967653 0.498023
vt 0.958246 0.480422
vt 0.969252 0.48341
vt 0.977784 0.473467
vt 0.977073 0.467207
vt 0.992222 0.468696
vt 0.631597 0.519095
vt 0.614555 0.522986
vt 0.621063 0.513891
vt 0.633275 0.511939
vt 0.615577 0.509853
vt 0.634162 0.489312
vt 0.640488 0.491076
vt 0.623543 0.504873
vt 0.640949 0.510278
vt 0.50565 0.509085
vt 0.50913 0.488377
vt 0.519158 0.509413
vt 0.519262 0.488429
vt 0.514429 0.513883
vt 0.528183 0.51453
vt 0.524704 0.51811
vt 0.539721 0.488666
vt 0.528561 0.508175
vt 0.53121 0.536563
vt 0.514661 0.550433
vt 0.504864 0.528605
vt 0.508918 0.546961
vt 0.522302 0.550662
vt 0.516329 0.560092
vt 0.508908 0.562547
vt 0.524783 0.570495
vt 0.511576 0.57712
vt 0.504028 0.577965
vt 0.52079 0.577641
vt 0.53182 0.568627
vt 0.55282 0.517584
vt 0.551879 0.512569
vt 0.549531 0.507946
vt 0.55244 0.525677
vt 0.570035 0.511357
vt 0.560105 0.498747
vt 0.556197 0.488757
vt 0.569306 0.489023
vt 0.547027 0.541043
vt 0.570834 0.505126
vt 0.589024 0.488801
vt 0.541606 0.55609
vt 0.569018 0.52114
vt 0.555716 0.545942
vt 0.568554 0.536796
vt 0.583599 0.535349
vt 0.564073 0.550678
vt 0.54438 0.561818
vt 0.57936 0.522554
vt 0.599735 0.506261
vt 0.588737 0.523989
vt 0.589137 0.530466
vt 0.541633 0.566589
vt 0.551739 0.572088
vt 0.560285 0.575863
vt 0.556625 0.579956
vt 0.604699 0.489166
vt 0.591262 0.498275
vt 0.596497 0.511924
vt 0.606046 0.5181
vt 0.625163 0.489376
vt 0.21106 0.21196
vt 0.226621 0.217443
vt 0.211123 0.222534
vt 0.647687 0.251246
vt 0.664833 0.255481
vt 0.64563 0.26062
vt 0.666582 0.241608
vt 0.648728 0.236633
vt 0.665469 0.228224
vt 0.667814 0.248821
vt 0.646843 0.22669
vt 0.018217 0.585803
vt 0.001176 0.578575
vt 0.000593 0.566106
vt 0.028295 0.583749
vt 0.022029 0.572655
vt 0.044949 0.543399
vt 0.045395 0.550879
vt 0.026202 0.547804
vt 0.063803 0.557357
vt 0.040667 0.562497
vt 0.049882 0.585011
vt 0.043635 0.59314
vt 0.046653 0.572103
vt 0.059821 0.576348
vt 0.060677 0.564091
vt 0.049173 0.593019
vt 0.027718 0.560686
vt 0.013184 0.550306
vt 0.000122 0.55763
vt 0.348267 0.519501
vt 0.367388 0.550659
vt 0.348693 0.536425
vt 0.357256 0.547233
vt 0.503126 0.48298
vt 0.505684 0.504963
vt 0.482287 0.514643
vt 0.366276 0.504601
vt 0.404323 0.535185
vt 0.397444 0.493879
vt 0.387846 0.545735
vt 0.41848 0.48062
vt 0.443924 0.471413
vt 0.43715 0.529976
vt 0.417432 0.530051
vt 0.441736 0.515767
vt 0.452825 0.536146
vt 0.46915 0.471254
vt 0.4843 0.469765
vt 0.476196 0.221685
vt 0.486619 0.228278
vt 0.486538 0.237183
vt 0.480423 0.220948
vt 0.634655 0.227598
vt 0.625157 0.247436
vt 0.621704 0.230509
vt 0.234975 0.169576
vt 0.226196 0.173218
vt 0.235542 0.163711
vt 0.594751 0.11627
vt 0.590679 0.115918
vt 0.590454 0.106585
vt 0.593759 0.119995
vt 0.619031 0.172749
vt 0.618774 0.166089
vt 0.626706 0.179077
vt 0.780396 0.201538
vt 0.787174 0.188129
vt 0.79085 0.190753
vt 0.163357 0.176636
vt 0.155884 0.175062
vt 0.157549 0.166012
vt 0.67128 0.187874
vt 0.66013 0.183555
vt 0.663806 0.182122
vt 0.66317 0.194214
vt 0.658325 0.18668
vt 0.657837 0.160842
vt 0.665385 0.166972
vt 0.661232 0.170776
vt 0.469849 0.146388
vt 0.47979 0.142735
vt 0.474274 0.150193
vt 0.482768 0.150268
vt 0.551296 0.258863
vt 0.557131 0.270869
vt 0.549975 0.27185
vt 0.562834 0.249923
vt 0.563559 0.258399
vt 0.554195 0.251147
vt 0.54895 0.238266
vt 0.554469 0.240902
vt 0.500004 0.164748
vt 0.496424 0.174683
vt 0.48938 0.168418
vt 0.897191 0.183766
vt 0.889771 0.174627
vt 0.896358 0.178242
vt 0.890045 0.188354
vt 0.772997 0.159353
vt 0.771903 0.167847
vt 0.763794 0.166396
vt 0.555887 0.232788
vt 0.548849 0.230316
vt 0.551643 0.21906
vt 0.539037 0.229144
vt 0.540349 0.219196
vt 0.533258 0.215473
vt 0.528931 0.225074
vt 0.87583 0.110229
vt 0.874146 0.104705
vt 0.885044 0.105476
vt 0.84833 0.231323
vt 0.853513 0.220509
vt 0.865258 0.230028
vt 0.842407 0.224104
vt 0.832616 0.225222
vt 0.811646 0.214346
vt 0.842019 0.225464
vt 0.965646 0.547828
vt 0.964599 0.540017
vt 0.969087 0.542688
vt 0.955219 0.531209
vt 0.971367 0.535697
vt 0.961646 0.522547
vt 0.972107 0.526744
vt 0.950317 0.539217
vt 0.980633 0.527046
vt 0.998116 0.525385
vt 0.984077 0.531691
vt 0.997569 0.537569
vt 0.982408 0.534306
vt 0.994924 0.549682
vt 0.990831 0.549015
vt 0.967799 0.563308
vt 0.999481 0.581909
vt 0.968259 0.565608
vt 0.941528 0.560146
vt 0.25897 0.225607
vt 0.244751 0.225739
vt 0.255743 0.217627
vt 0.24793 0.235229
vt 0.274836 0.221538
vt 0.823549 0.237263
vt 0.814575 0.239136
vt 0.831822 0.225584
vt 0.488403 0.249971
vt 0.49992 0.249681
vt 0.494768 0.262085
vt 0.493534 0.237787
vt 0.506401 0.231144
vt 0.689087 0.242249
vt 0.698401 0.2393
vt 0.696955 0.248901
vt 0.690058 0.229845
vt 0.504517 0.251454
vt 0.513442 0.23807
vt 0.505404 0.258667
vt 0.999634 0.000274
vt 0.999817 0.000269
vt 0.999684 0.000366
vt 0.999776 0.000317
vt 0.031772 0.522479
vt 0.115192 0.595091
vt 0.08263 0.584852
vt 0.815389 0.523418
vt 0.92394 0.434392
vt 0.792937 0.532767
vt 0.784246 0.518621
vt 0.645842 0.481239
f 2659/5424 2660/5425 2661/5426
f 2662/5427 2663/5428 2664/5429
f 2665/5445 2666/5446 2660/5447
f 2667/5448 2665/5445 2660/5447
f 2668/5479 2669/5480 2670/5481
f 2671/5500 2672/5501 2673/5502
f 2664/5429 2663/5428 2674/5430
f 2674/5430 2670/5431 2675/5432
f 2676/5504 2673/5505 2672/5506
f 2676/5449 2660/5447 2671/5450
f 2666/5520 2677/5521 2672/5522
f 2677/5521 2666/5520 2678/5523
f 2671/5450 2666/5446 2672/5451
f 2676/5504 2672/5506 2679/5507
f 2680/5570 2662/5571 2664/5572
f 2681/5524 2682/5525 2683/6472
f 2678/5452 2666/5446 2665/5445
f 2684/5527 2685/5528 2686/5529
f 2671/5450 2660/5447 2666/5446
f 2661/5453 2660/5447 2676/5449
f 2687/5454 2667/5448 2660/5447
f 2686/5455 2688/5456 2689/5457
f 2671/5500 2673/5502 2676/5503
f 2690/5458 2691/5459 2692/5460
f 2693/5508 2676/5504 2679/5507
f 2686/5529 2685/5528 2692/5530
f 2665/5445 2667/5448 2685/5461
f 2687/5454 2694/5462 2667/5448
f 2667/5448 2691/5459 2690/5458
f 2690/5458 2692/5460 2685/5461
f 2686/5529 2692/5530 2688/5531
f 2694/5462 2691/5459 2667/5448
f 2688/5456 2692/5460 2691/5459
f 2690/5458 2685/5461 2667/5448
f 2695/5532 2672/5522 2677/5521
f 2691/5459 2694/5462 2696/5463
f 2697/5533 2695/5532 2677/5521
f 2664/5660 2674/5661 2675/5662
f 2661/5453 2676/5449 2693/5464
f 2665/5445 2685/5461 2678/5452
f 2679/5534 2695/5532 2697/5533
f 2698/5465 2691/5459 2696/5463
f 2684/5527 2678/5523 2685/5528
f 2659/5466 2661/5453 2693/5464
f 2699/5535 2697/5533 2684/5527
f 2697/5533 2677/5521 2678/5523
f 2684/5527 2697/5533 2678/5523
f 2679/5534 2697/5533 2700/5536
f 2695/5509 2679/5507 2672/5506
f 2684/5527 2686/5529 2701/5537
f 2700/5536 2697/5533 2699/5535
f 2701/5537 2686/5529 2702/5538
f 2699/5535 2684/5527 2701/5537
f 2689/5539 2703/5540 2686/5529
f 2686/5529 2704/5541 2702/5538
f 2699/5535 2701/5537 2705/5542
f 2706/5467 2689/5457 2707/5468
f 2706/5467 2708/5469 2689/5457
f 2686/5529 2703/5540 2704/5541
f 2705/5542 2702/5538 2704/5541
f 2709/5543 2703/5540 2689/5539
f 2710/5663 2711/5664 2712/5665
f 2710/5663 2712/5665 2706/5666
f 2712/5665 2713/5667 2706/5666
f 2714/5470 2715/5471 2706/5467
f 2701/5537 2702/5538 2705/5542
f 2707/5468 2688/5456 2691/5459
f 2708/5469 2706/5467 2715/5471
f 2707/5468 2716/5472 2710/5473
f 2699/5535 2705/5542 2717/5544
f 2717/5544 2700/5536 2699/5535
f 2704/5541 2718/5545 2705/5542
f 2719/5674 2720/5675 2721/5676
f 2708/5546 2709/5543 2689/5539
f 2689/5457 2688/5456 2707/5468
f 2722/5677 2711/5678 2721/5679
f 2706/5467 2707/5468 2710/5473
f 2710/5663 2716/5668 2711/5664
f 2722/5677 2721/5679 2723/5680
f 2720/5686 2723/5687 2721/5688
f 2691/5459 2698/5465 2716/5472
f 2720/5689 2724/5690 2725/5691
f 2726/5730 2727/5731 2724/5732
f 2724/5690 2728/5692 2725/5691
f 2729/5681 2721/5679 2711/5678
f 2730/5733 2726/5730 2724/5732
f 2691/5459 2716/5472 2707/5468
f 2720/5734 2730/5733 2724/5732
f 2730/5733 2720/5734 2719/5735
f 2731/5669 2713/5667 2722/5670
f 2721/5679 2729/5681 2732/5682
f 2713/6473 2708/5546 2715/5548
f 2720/5689 2725/5691 2723/5693
f 2733/5433 2734/5434 2674/5430
f 2706/5763 2713/5764 2714/5765
f 2715/5766 2714/5767 2713/5768
f 2668/5435 2670/5431 2674/5430
f 2713/5547 2731/5549 2703/5540
f 2733/5433 2674/5430 2663/5428
f 2703/5540 2735/5550 2704/5541
f 2722/5670 2713/5667 2712/5665
f 2729/5671 2716/5668 2732/5672
f 2729/5671 2711/5664 2716/5668
f 2703/5769 2709/5770 2713/5771
f 2732/5682 2719/5683 2721/5679
f 2736/5772 2737/5773 2738/5774
f 2736/5694 2739/5695 2737/5696
f 2736/5776 2738/5777 2731/5778
f 2740/5779 2731/5780 2738/5781
f 2713/6473 2709/5543 2708/5546
f 2735/5550 2740/5551 2741/6474
f 2723/5693 2736/5694 2722/5697
f 2662/5571 2680/5570 2742/5573
f 2735/5784 2743/5785 2704/5786
f 2723/5693 2739/5695 2736/5694
f 2741/6474 2740/5551 2737/5553
f 2731/5549 2740/5551 2735/5550
f 2723/5693 2725/5691 2739/5695
f 2711/5664 2722/5670 2712/5665
f 2744/5782 2737/5783 2740/5779
f 2663/5787 2745/5788 2746/5789
f 2733/5790 2663/5791 2746/5792
f 2736/5673 2731/5669 2722/5670
f 2725/5691 2728/5692 2747/5698
f 2741/5552 2718/5545 2704/5541
f 2743/5793 2741/5794 2704/5795
f 2744/5782 2740/5779 2738/5781
f 2737/5773 2744/5775 2738/5774
f 2739/5695 2748/6476 2737/5696
f 2741/5796 2737/5797 2718/5798
f 2735/5799 2741/5800 2743/5801
f 2749/5700 2750/5701 2748/5699
f 2675/5574 2680/5570 2664/5572
f 2747/5698 2749/5700 2739/5695
f 2675/5574 2751/5575 2752/5576
f 2753/5436 2754/5437 2755/5438
f 2739/5695 2725/5691 2747/5698
f 2674/5430 2734/5434 2756/5439
f 2757/5482 2758/5483 2759/5484
f 2752/5576 2760/5577 2680/5570
f 2746/5510 2761/5511 2762/5512
f 2668/5479 2755/5485 2763/5486
f 2733/5433 2762/5440 2734/5434
f 2763/5486 2755/5485 2764/5487
f 2763/5486 2757/5482 2669/5480
f 2662/5427 2745/5441 2663/5428
f 2746/5510 2745/5513 2761/5511
f 2749/5700 2765/5702 2750/5701
f 2756/5439 2668/5435 2674/5430
f 2668/5479 2763/5486 2669/5480
f 2748/5802 2739/5803 2749/5804
f 2754/5554 2766/5555 2767/5556
f 2762/5440 2733/5433 2746/5442
f 2668/5435 2756/5439 2755/5438
f 2734/5805 2768/5806 2683/5807
f 2762/5440 2761/5443 2768/5444
f 2753/5436 2755/5438 2756/5439
f 2756/5808 2734/5809 2753/5810
f 2767/5488 2764/5487 2754/5489
f 2755/5485 2754/5489 2764/5487
f 2693/5508 2679/5507 2769/5514
f 2660/5811 2659/5812 2687/5813
f 2693/5578 2769/5579 2659/5580
f 2659/5580 2770/5581 2687/5582
f 2771/5814 2764/5815 2767/5816
f 2770/5581 2659/5580 2772/5583
f 2773/5584 2774/5585 2775/5586
f 2775/5586 2687/5582 2773/5584
f 2775/5474 2694/5462 2687/5454
f 2769/5579 2776/5587 2772/5583
f 2777/5475 2696/5463 2778/5476
f 2772/5583 2659/5580 2769/5579
f 2687/5582 2770/5581 2773/5584
f 2775/5474 2779/5477 2694/5462
f 2774/5585 2780/5588 2778/5589
f 2779/5477 2696/5463 2694/5462
f 2778/5589 2696/5590 2779/5591
f 2731/5549 2735/5550 2703/5540
f 2781/5592 2778/5589 2782/5593
f 2772/5583 2783/5594 2770/5581
f 2784/5515 2769/5514 2681/5516
f 2772/5822 2776/5823 2785/5824
f 2777/5595 2778/5589 2781/5592
f 2773/5584 2786/5596 2774/5585
f 2777/5475 2698/5465 2696/5463
f 2782/5593 2778/5589 2780/5588
f 2787/5597 2786/5596 2773/5584
f 2784/5826 2776/5827 2769/5828
f 2785/5824 2776/5823 2784/5825
f 2775/5586 2774/5585 2779/5591
f 2788/5517 2681/5516 2769/5514
f 2789/5557 2679/5534 2790/5558
f 2791/5559 2700/5536 2717/5544
f 2679/5507 2788/5517 2769/5514
f 2700/5536 2790/5558 2679/5534
f 2790/5558 2682/5525 2789/5557
f 2790/5829 2700/5830 2791/5831
f 2789/5557 2788/5560 2679/5534
f 2792/5561 2793/5562 2794/5563
f 2794/5563 2793/5562 2717/5544
f 2682/5525 2788/5560 2789/5557
f 2682/5525 2790/5558 2683/6472
f 2791/5831 2683/5832 2790/5829
f 2785/5598 2783/5594 2772/5583
f 2794/5563 2717/5544 2705/5542
f 2705/5542 2795/5564 2767/5556
f 2771/5814 2767/5816 2795/5817
f 2795/5833 2705/5834 2718/5835
f 2796/5836 2797/5837 2795/5838
f 2791/5559 2717/5544 2793/5562
f 2770/5901 2783/5902 2773/5903
f 2796/5836 2798/5839 2797/5837
f 2773/5584 2799/5599 2787/5597
f 2796/5904 2795/5905 2718/5906
f 2800/5565 2793/5562 2766/5555
f 2705/5542 2767/5556 2794/5563
f 2801/5818 2771/5814 2797/5819
f 2797/5909 2771/5910 2795/5911
f 2681/5516 2761/5511 2784/5515
f 2767/5556 2792/5561 2794/5563
f 2774/5585 2802/5600 2780/5588
f 2803/5601 2782/5593 2802/5600
f 2788/5560 2682/5525 2681/5524
f 2786/5596 2802/5600 2774/5585
f 2780/5588 2802/5600 2782/5593
f 2787/5597 2804/5602 2805/5603
f 2806/5912 2797/5913 2798/5914
f 2786/5596 2787/5597 2802/5600
f 2804/5490 2759/5484 2805/5491
f 2807/5604 2803/5601 2802/5600
f 2805/5603 2802/5600 2787/5597
f 2759/5605 2807/5604 2805/5603
f 2767/5556 2766/5555 2792/5561
f 2800/5565 2791/5559 2793/5562
f 2764/5815 2771/5814 2801/5818
f 2792/5561 2766/5555 2793/5562
f 2779/5591 2774/5585 2778/5589
f 2808/5492 2758/5483 2806/5493
f 2805/5603 2807/5604 2802/5600
f 2758/5483 2764/5487 2801/5494
f 2801/5818 2806/5820 2758/5821
f 2808/5492 2807/5495 2759/5484
f 2759/5484 2758/5483 2808/5492
f 2797/5819 2806/5820 2801/5818
f 2800/5565 2683/5526 2791/5559
f 2732/5478 2716/5472 2698/5465
f 2764/5487 2758/5483 2757/5482
f 2809/5684 2719/5683 2732/5682
f 2777/5595 2781/5592 2810/5606
f 2777/5595 2810/5606 2732/5607
f 2809/5684 2732/5682 2811/5685
f 2809/5915 2812/5916 2719/5917
f 2811/5608 2813/5609 2809/5610
f 2810/5918 2811/5919 2732/5920
f 2814/5611 2815/5612 2816/5613
f 2817/5614 2818/5615 2814/5611
f 2732/5478 2698/5465 2777/5475
f 2816/5613 2813/5609 2819/5616
f 2819/5616 2813/5609 2811/5608
f 2810/5606 2782/5593 2819/5616
f 2781/5592 2782/5593 2810/5606
f 2819/5921 2811/5919 2810/5918
f 2809/5610 2813/5609 2812/6475
f 2816/5922 2812/5923 2813/5924
f 2763/5486 2764/5487 2757/5482
f 2814/5611 2816/5613 2819/5616
f 2817/5614 2814/5611 2819/5616
f 2815/5612 2820/5618 2821/5619
f 2812/5736 2727/5731 2726/5730
f 2719/5735 2726/5730 2730/5733
f 2815/5612 2812/5617 2816/5613
f 2768/5566 2761/5567 2681/5524
f 2734/5434 2762/5440 2768/5444
f 2753/5568 2734/5569 2683/5526
f 2727/5620 2812/5617 2815/5612
f 2752/5576 2751/5575 2822/5621
f 2753/5568 2683/5526 2800/5565
f 2812/5736 2726/5730 2719/5735
f 2754/5554 2753/5568 2766/5555
f 2675/5574 2670/5622 2751/5575
f 2820/5618 2815/5612 2823/5623
f 2824/5840 2737/5841 2825/5842
f 2826/5843 2827/5844 2828/5845
f 2829/5846 2830/5847 2828/5845
f 2828/5845 2824/5840 2831/5848
f 2831/5848 2825/5842 2748/5849
f 2831/5925 2832/5926 2828/5927
f 2824/5907 2796/5904 2737/5908
f 2718/5906 2737/5908 2796/5904
f 2833/5624 2803/5601 2807/5604
f 2829/5928 2832/5926 2814/5929
f 2828/5845 2827/5844 2824/5840
f 2748/6476 2825/5703 2737/5696
f 2796/5836 2827/5844 2798/5839
f 2827/5844 2796/5836 2824/5840
f 2748/5849 2834/5850 2831/5848
f 2835/5851 2836/5852 2837/5853
f 2833/5854 2807/5855 2808/5856
f 2823/5623 2815/5612 2814/5611
f 2831/5848 2824/5840 2825/5842
f 2836/5625 2835/5626 2823/5623
f 2823/5623 2814/5611 2836/5625
f 2834/5850 2838/5857 2832/5858
f 2823/5623 2835/5626 2839/5627
f 2836/5931 2814/5932 2832/5933
f 2831/5848 2834/5850 2832/5858
f 2836/5852 2832/5858 2837/5853
f 2828/5927 2832/5926 2829/5928
f 2837/5853 2832/5858 2838/5857
f 2808/5856 2806/5859 2798/5839
f 2798/5839 2827/5844 2826/5843
f 2835/5851 2837/5853 2838/5857
f 2834/5850 2748/5849 2750/5860
f 2683/6472 2768/5566 2681/5524
f 2750/5860 2838/5857 2834/5850
f 2833/5624 2817/5614 2803/5601
f 2798/5839 2833/5854 2808/5856
f 2833/5624 2830/5628 2817/5614
f 2817/5614 2830/5628 2818/5615
f 2803/5601 2819/5616 2782/5593
f 2819/5616 2803/5601 2817/5614
f 2829/5928 2814/5929 2818/5930
f 2829/5629 2818/5615 2830/5628
f 2798/5839 2826/5843 2833/5854
f 2833/5854 2826/5843 2830/5847
f 2799/5599 2773/5584 2783/5594
f 2840/5630 2785/5598 2784/5631
f 2760/5577 2785/5598 2840/5630
f 2830/5847 2826/5843 2828/5845
f 2766/5555 2753/5568 2800/5565
f 2760/5577 2841/5632 2785/5598
f 2783/5594 2785/5598 2841/5632
f 2840/5518 2784/5515 2742/5519
f 2742/5519 2784/5515 2761/5511
f 2822/5621 2787/5597 2799/5599
f 2841/5632 2752/5576 2783/5594
f 2751/5496 2787/5497 2822/5498
f 2841/5632 2760/5577 2752/5576
f 2742/5573 2760/5577 2840/5630
f 2752/5576 2799/5599 2783/5594
f 2752/5576 2822/5621 2799/5599
f 2669/5480 2842/5499 2751/5496
f 2669/5480 2751/5496 2670/5481
f 2842/5499 2804/5490 2751/5496
f 2804/5490 2757/5482 2759/5484
f 2751/5496 2804/5490 2787/5497
f 2804/5490 2842/5499 2757/5482
f 2742/5519 2761/5511 2745/5513
f 2842/5499 2669/5480 2757/5482
f 2742/5573 2745/5633 2662/5571
f 2752/5576 2680/5570 2675/5574
f 2680/5570 2760/5577 2742/5573
f 2843/5861 2844/5862 2845/5863
f 2843/5861 2845/5863 2846/5864
f 2847/5934 2848/5935 2849/5936
f 1885/5865 1890/5866 2850/5867
f 2851/5634 2852/5635 2853/5636
f 1885/5865 2850/5867 1878/5868
f 1876/5869 2849/5870 2848/6477
f 2854/5937 1876/5938 2848/5939
f 2855/5737 1897/5738 1895/5739
f 2847/5872 2856/5873 2857/5874
f 2848/5871 2847/5872 2857/5874
f 2858/5875 2857/5874 2856/5873
f 2857/5941 2858/5942 2859/5943
f 2727/5731 2860/5740 2724/5732
f 1869/5704 1872/5705 1876/5706
f 2851/5634 2861/5637 2862/5638
f 2863/5741 2724/5732 2864/5742
f 2728/5743 2724/5732 2863/5741
f 2864/5742 2724/5732 2860/5740
f 1878/5868 2850/5867 1876/5869
f 2848/5871 2857/5874 2854/5876
f 1876/5869 2850/5867 2849/5870
f 2852/5635 2865/5639 2853/5636
f 2852/5635 1894/5640 2866/5641
f 2859/6478 2867/5878 2845/5863
f 2866/5641 1894/5640 1898/5642
f 2747/5698 2728/5692 2868/5707
f 2728/5692 2869/5708 2868/5707
f 2747/5698 2868/5707 2749/5700
f 2749/5700 2868/5707 2765/5702
f 2765/5702 2870/5709 2750/5701
f 2871/5879 2844/5862 2843/5861
f 2846/5864 2845/5863 2872/5880
f 2873/5643 1889/5644 1893/5645
f 2863/5741 2874/5744 2869/5745
f 2728/5743 2863/5741 2869/5745
f 2875/5746 2876/5747 2877/5748
f 2875/5746 2869/5745 2874/5744
f 2878/5749 2864/5742 2860/5740
f 2879/5710 2868/5707 2869/5708
f 2765/5702 2868/5707 2879/5710
f 2878/5749 2876/5747 2874/5744
f 2880/5711 2879/5710 2869/5708
f 2881/5712 2879/5710 2882/5713
f 2881/5712 2765/5702 2879/5710
f 2883/5714 2881/5712 2882/5713
f 2864/5742 2874/5744 2863/5741
f 2881/5712 2884/5715 2870/5709
f 2883/5714 2884/5715 2881/5712
f 2881/5712 2870/5709 2765/5702
f 2874/5744 2864/5742 2878/5749
f 2885/5716 2884/5715 2883/5714
f 2880/5711 2869/5708 2875/5717
f 2876/5747 2875/5746 2874/5744
f 2886/5718 2880/5711 2887/5719
f 2882/5713 2879/5710 2880/5711
f 2883/5714 2871/5720 2885/5716
f 2882/5713 2886/5718 2888/5721
f 2882/5713 2888/5721 2883/5714
f 2880/5711 2875/5717 2887/5719
f 2871/5720 2883/5714 2888/5721
f 2889/5750 2876/5747 2890/5751
f 2875/5717 2877/5722 2887/5719
f 2880/5711 2886/5718 2882/5713
f 1868/5723 2886/5718 2887/5719
f 2877/5722 1868/5723 2887/5719
f 2844/5724 2888/5721 2891/5725
f 2886/5718 2891/5725 2888/5721
f 2844/5724 2871/5720 2888/5721
f 1868/5723 1866/5726 1867/5727
f 2877/5748 2876/5747 2889/5750
f 1896/5752 2889/5750 2890/5751
f 1868/5723 1869/5704 2891/5725
f 2878/5749 2890/5751 2876/5747
f 2890/5751 2878/5749 2892/5753
f 1868/5723 2877/5722 1866/5726
f 1895/5739 2890/5751 2855/5737
f 1866/5754 2877/5748 1871/5755
f 1871/5755 2877/5748 2889/5750
f 1896/5752 1871/5755 2889/5750
f 2891/5725 2886/5718 1868/5723
f 2872/5880 2845/5863 2867/5878
f 2844/5862 2859/6478 2845/5863
f 2857/5874 2859/5877 2854/5876
f 2858/5875 2867/5878 2859/6478
f 1869/5704 1876/5706 2891/5725
f 1893/5645 2893/5646 2873/5643
f 2856/5873 2894/5881 2893/5882
f 2873/5883 2894/5881 2849/5870
f 2849/5870 2894/5881 2847/5872
f 2850/5867 1890/5866 2873/5883
f 1890/5866 1889/5884 2873/5883
f 2847/5872 2894/5881 2856/5873
f 2873/5883 2893/5882 2894/5881
f 2851/5634 2895/5647 2893/5646
f 2851/5634 1893/5645 2852/5635
f 2856/5873 2893/5882 2895/5885
f 2849/5870 2850/5867 2873/5883
f 2893/5646 1893/5645 2851/5634
f 2866/5641 2865/5639 2852/5635
f 2896/5886 2897/5887 2872/5880
f 2862/5888 2896/5886 2895/5885
f 2851/5634 2862/5638 2895/5647
f 2859/5728 2891/5725 2854/5729
f 2727/5731 2815/5756 2821/5757
f 2823/5623 2839/5627 2820/5618
f 2852/5635 1892/5648 1891/5649
f 1899/5758 1897/5738 2855/5737
f 1891/5649 1894/5640 2852/5635
f 2856/5873 2896/5886 2858/5875
f 2896/5886 2856/5873 2895/5885
f 2858/5875 2896/5886 2867/5878
f 1893/5645 1892/5648 2852/5635
f 2859/5728 2844/5724 2891/5725
f 2862/5888 2898/5889 2896/5886
f 2899/5890 2838/5857 2900/5891
f 2870/5892 2901/5893 2902/5894
f 2900/5891 2903/5895 2899/5890
f 2902/5894 2900/5891 2838/5857
f 2899/5890 2835/5851 2838/5857
f 2900/5891 2902/5894 2901/5893
f 2902/5894 2750/5860 2870/5892
f 2903/5650 2904/5651 2899/5652
f 1898/5759 1899/5758 2905/5760
f 2899/5652 2904/5651 2839/5627
f 1898/5642 2905/5653 2866/5641
f 2727/5731 2892/5753 2860/5740
f 2900/5891 2901/5893 2906/5896
f 2899/5652 2839/5627 2835/5626
f 2902/5894 2838/5857 2750/5860
f 2907/5654 2908/5655 2821/5619
f 2896/5886 2872/5880 2867/5878
f 1876/5938 2854/5937 2891/5940
f 1895/5739 1896/5752 2890/5751
f 2839/5627 2907/5654 2820/5618
f 2821/5757 2909/5761 2727/5731
f 2892/5753 2727/5731 2909/5761
f 2878/5749 2860/5740 2892/5753
f 2908/5655 2910/5656 2821/5619
f 2910/5656 2908/5655 2865/5639
f 2910/5656 2865/5639 2866/5641
f 2865/5639 2908/5655 2911/5657
f 2861/5637 2851/5634 2853/5636
f 2865/5639 2911/5657 2912/5658
f 2909/5761 2821/5757 2910/5762
f 2911/5657 2908/5655 2912/5658
f 2884/5897 2906/5896 2901/5893
f 2913/5898 2903/5895 2900/5891
f 2913/5898 2900/5891 2897/5887
f 2846/5864 2897/5887 2906/5896
f 2846/5864 2885/5899 2871/5879
f 2907/5654 2821/5619 2820/5618
f 2870/5892 2884/5897 2901/5893
f 2900/5891 2906/5896 2897/5887
f 2846/5864 2906/5896 2885/5899
f 2884/5897 2885/5899 2906/5896
f 2839/5627 2912/5658 2907/5654
f 2907/5654 2912/5658 2908/5655
f 2904/5651 2898/5659 2861/5637
f 2861/5637 2839/5627 2904/5651
f 2898/5889 2904/5900 2903/5895
f 2898/5889 2903/5895 2913/5898
f 2846/5864 2872/5880 2897/5887
f 2861/5637 2912/5658 2839/5627
f 2846/5864 2871/5879 2843/5861
f 2861/5637 2865/5639 2912/5658
f 2905/5760 2855/5737 2909/5761
f 2898/5659 2862/5638 2861/5637
f 2853/5636 2865/5639 2861/5637
f 2855/5737 2892/5753 2909/5761
f 2855/5737 2890/5751 2892/5753
f 2905/5653 2910/5656 2866/5641
f 2909/5761 2910/5762 2905/5760
f 2855/5737 2905/5760 1899/5758
f 2896/5886 2898/5889 2913/5898
f 2913/5898 2897/5887 2896/5886
f 2914/5944 2915/5945 2916/5946
f 2916/6038 2915/6039 2917/6040
f 2917/5947 2915/5945 2918/5948
f 2919/5949 2918/5948 2915/5945
f 2920/5950 2919/5949 2915/5945
f 2917/6040 2921/6041 2922/6042
f 2916/5946 2923/5951 2924/5952
f 2922/6042 2925/6043 2916/6038
f 2923/5951 1963/5953 2924/5952
f 2926/6099 2927/6100 2928/6101
f 2922/6042 2929/6044 2925/6043
f 1979/6102 1981/6103 2930/6104
f 2917/6040 2922/6042 2916/6038
f 2925/6043 1964/6045 2923/6046
f 1967/5954 2924/5952 1963/5953
f 1980/6105 2931/6106 2930/6104
f 2932/6107 2933/6108 2934/6109
f 2925/6043 2929/6044 1965/6047
f 2932/6107 2935/6110 2933/6108
f 2929/6044 2922/6042 2936/6048
f 1979/6102 2930/6104 2937/6111
f 2915/5945 2938/5955 2920/5950
f 2923/6046 1964/6045 1963/6049
f 2930/6147 1981/6148 1980/6149
f 2914/5944 2924/5952 2939/5956
f 2939/5956 2940/5957 2915/5945
f 2938/5955 2915/5945 2940/5957
f 2938/5955 2941/5958 2920/5950
f 2939/5956 2942/5959 2940/5957
f 2941/5958 2938/5955 2940/5957
f 2923/6046 2916/6038 2925/6043
f 2915/5945 2914/5944 2939/5956
f 2943/5960 2944/5961 2939/5956
f 2914/5944 2916/5946 2924/5952
f 2944/5961 2943/5960 2945/5962
f 2940/5957 2942/5959 2941/5958
f 2924/5952 2943/5960 2939/5956
f 1967/5954 2943/5960 2924/5952
f 2942/5959 2944/5961 2946/5963
f 1967/5954 2945/5962 2943/5960
f 2947/5964 2946/5963 2948/5965
f 2949/6150 2950/6151 2951/6152
f 2952/5966 2948/5965 2945/5962
f 2930/6104 2953/6112 2937/6111
f 2954/6113 2955/6114 2956/6115
f 1969/5967 2945/5962 1966/5968
f 1969/5967 2952/5966 2945/5962
f 2955/6114 2927/6100 2956/6115
f 2957/6154 2952/6155 2958/6156
f 2959/6157 2926/6158 2932/6159
f 2945/5962 1967/5954 1966/5968
f 1968/5969 2958/5970 2952/5966
f 2926/6099 2928/6101 2932/6107
f 2952/5966 2957/5971 2948/5965
f 2960/6160 2951/6161 2961/6162
f 2944/5961 2942/5959 2939/5956
f 1978/6204 1980/6205 1976/6206
f 1977/6163 2962/6164 1978/6165
f 2963/6208 2964/6209 2934/6210
f 2965/6116 2954/6113 2966/6117
f 2921/6041 2917/6040 2967/6050
f 2953/6112 2949/6118 2968/6119
f 2931/6211 2961/6212 2950/6213
f 2967/6050 2969/6051 2921/6041
f 1978/6204 2931/6207 1980/6205
f 2931/6215 1978/6216 2961/6217
f 2970/6166 2927/6167 2971/6168
f 2927/6100 2955/6114 2928/6101
f 2964/6169 2951/6161 2959/6157
f 2935/6110 2928/6101 2955/6114
f 2944/5961 2948/5965 2946/5963
f 2961/6153 2951/6152 2950/6151
f 2945/5962 2948/5965 2944/5961
f 1969/5967 1968/5969 2952/5966
f 2960/6160 2959/6157 2951/6161
f 2934/6218 2933/6219 2963/6220
f 2964/6169 2959/6157 2934/6170
f 2972/6171 2973/6172 2974/6173
f 2975/6174 2976/6175 2974/6173
f 2972/6171 2974/6173 2977/6176
f 2970/6166 2978/6177 2979/6178
f 2934/6170 2959/6157 2932/6159
f 2937/6111 2958/6120 1968/6121
f 2956/6115 2966/6117 2954/6113
f 2949/6118 2953/6112 2950/6122
f 2949/6118 2964/6123 2933/6108
f 2953/6112 2930/6104 2931/6106
f 2953/6214 2931/6211 2950/6213
f 2958/6120 2937/6111 2953/6112
f 2927/6100 2979/6124 2956/6115
f 2937/6111 1968/6121 1970/6125
f 2979/6124 2966/6117 2956/6115
f 1970/6125 1979/6102 2937/6111
f 2980/6126 2947/6127 2968/6119
f 2965/5972 2981/5973 2982/5974
f 2933/6108 2954/6113 2980/6126
f 2966/6117 2981/6128 2965/6116
f 2933/6108 2980/6126 2968/6119
f 2966/6117 2983/6129 2981/6128
f 2957/6130 2958/6120 2953/6112
f 2968/6119 2957/6130 2953/6112
f 2968/6221 2947/6222 2957/6223
f 2984/6131 2981/6128 2983/6129
f 2978/6177 2975/6174 2979/6178
f 2985/6132 2966/6117 2979/6124
f 2985/6179 2979/6178 2975/6174
f 2927/6167 2970/6166 2979/6178
f 2972/6171 2969/6180 2986/6181
f 2957/6223 2947/6222 2948/6224
f 2974/6173 2987/6182 2975/6174
f 2987/6133 2988/6134 2985/6132
f 2983/6129 2985/6132 2988/6134
f 2987/6182 2985/6179 2975/6174
f 2954/6113 2933/6108 2935/6110
f 2966/6117 2985/6132 2983/6129
f 2936/6048 2922/6042 2921/6041
f 2963/6225 2933/6226 2964/6227
f 2933/6108 2968/6119 2949/6118
f 2946/6135 2947/6127 2980/6126
f 2969/6051 2972/6052 2977/6053
f 2936/6048 2921/6041 2969/6051
f 2969/6051 2977/6053 2989/6054
f 2990/6136 2965/6116 2982/6137
f 2991/6055 2936/6048 2992/6056
f 2936/6048 2969/6051 2992/6056
f 2992/6056 2989/6054 2991/6055
f 2929/6044 2936/6048 2991/6055
f 2977/6176 2974/6173 2976/6175
f 2951/6138 2964/6123 2949/6118
f 2976/6175 2975/6174 2978/6177
f 2970/6166 2993/6183 2978/6177
f 2977/6176 2978/6177 2993/6183
f 2978/6177 2977/6176 2976/6175
f 2970/6166 2971/6168 2993/6183
f 2992/6056 2969/6051 2989/6054
f 2989/6184 2977/6176 2993/6183
f 2927/6167 2926/6158 2971/6168
f 2994/6185 2995/6186 2993/6183
f 2971/6168 2926/6158 2994/6185
f 2971/6168 2994/6185 2993/6183
f 2991/6055 2996/6057 2997/6058
f 2929/6044 2991/6055 2997/6058
f 2997/6058 2996/6057 1975/6059
f 2996/6057 2991/6055 2989/6054
f 2996/6187 2989/6184 2995/6186
f 2996/6187 2995/6186 2962/6164
f 2929/6044 1971/6060 1965/6047
f 2995/6186 2989/6184 2993/6183
f 1971/6060 2929/6044 2997/6058
f 2998/6188 1975/6189 2996/6187
f 1974/6228 1973/6229 2998/6230
f 1972/6231 1975/6232 1973/6233
f 1973/6234 1975/6235 2998/6236
f 2996/6187 2962/6164 2998/6188
f 2962/6164 2995/6186 2999/6190
f 2994/6185 2999/6190 2995/6186
f 2994/6185 2960/6160 2999/6190
f 2962/6164 2999/6190 2961/6162
f 2961/6162 2999/6190 2960/6160
f 2994/6185 2959/6157 2960/6160
f 2962/6164 2961/6162 1978/6165
f 1977/6163 2998/6188 2962/6164
f 2932/6107 2928/6101 2935/6110
f 2959/6157 2994/6185 2926/6158
f 2990/6136 2980/6126 2965/6116
f 2920/5950 2941/5958 2982/5974
f 1977/6237 1974/6238 2998/6239
f 2997/6058 1975/6059 1971/6060
f 2982/5974 2941/5958 2990/5975
f 2935/6110 2955/6114 2954/6113
f 2942/5959 2946/5963 2990/5975
f 2980/6126 2954/6113 2965/6116
f 2980/6126 2990/6136 2946/6135
f 2942/5959 2990/5975 2941/5958
f 1965/6047 1964/6045 2925/6043
f 3000/6240 3001/6241 3002/6242
f 3003/6249 3004/6250 3005/6251
f 3005/6251 3006/6252 3003/6249
f 3006/6252 3005/6251 3007/6253
f 3008/5976 3009/5977 3010/5978
f 3000/6254 3002/6255 3011/6256
f 3000/6310 3011/6311 3012/6312
f 3013/6313 3014/6314 3002/6315
f 3013/6243 3001/6241 3015/6244
f 3016/5979 3017/5980 3018/5981
f 3004/6321 3003/6322 3019/6323
f 3016/6340 3020/6341 3021/6342
f 3022/6061 3023/6062 3024/6063
f 3002/6242 3001/6241 3013/6243
f 3006/6252 3011/6256 3014/6257
f 3011/6256 3002/6255 3014/6257
f 3025/6064 3026/6065 3027/6066
f 3027/6066 3023/6062 3022/6061
f 3023/6062 3027/6066 3028/6067
f 3025/6064 3016/6068 3021/6069
f 3023/6062 3029/6070 3030/6071
f 3025/6064 3027/6066 3031/6072
f 3032/6073 3033/6074 3029/6070
f 3023/6062 3030/6071 3024/6063
f 3029/6070 3023/6062 3028/6067
f 3022/6359 3031/6360 3027/6361
f 3029/6363 3033/6364 3034/6365
f 3017/6362 3031/6360 3022/6359
f 3035/6366 3036/6367 3026/6368
f 3035/6258 3037/6259 3038/6260
f 3038/6260 3037/6259 3020/6261
f 3021/6069 3037/6075 3035/6076
f 3036/6262 3038/6260 3039/6263
f 3040/6264 3036/6262 3039/6263
f 3035/6076 3026/6065 3025/6064
f 3038/6260 3036/6262 3035/6258
f 3037/6343 3021/6342 3020/6341
f 3028/6067 3027/6066 3026/6065
f 3026/6065 3036/6077 3028/6067
f 3020/6261 3041/6265 3042/6266
f 3017/6078 3016/6068 3031/6072
f 3038/6260 3020/6261 3042/6266
f 3043/6267 3044/6268 3036/6262
f 3040/6264 3043/6267 3036/6262
f 3028/6269 3036/6262 3045/6270
f 3046/6079 3047/6080 3048/6081
f 3049/6271 3050/6272 3044/6268
f 3048/6081 3047/6080 3051/6082
f 3032/6073 3052/6083 3033/6074
f 3025/6064 3031/6072 3016/6068
f 3035/6076 3025/6064 3021/6069
f 3044/6268 3043/6267 3049/6271
f 3053/6084 3048/6081 3052/6083
f 3053/6084 3046/6079 3048/6081
f 3052/6083 3048/6081 3054/6085
f 3047/6080 3055/6086 3051/6082
f 2967/6050 2917/6040 2918/6087
f 3047/6080 3046/6079 3056/6088
f 3029/6070 3045/6089 3032/6073
f 3032/6073 3057/6090 3052/6083
f 3056/6088 3058/6091 3059/6479
f 3060/6093 3032/6073 3045/6089
f 3045/6089 3029/6070 3028/6067
f 3052/6083 3061/6094 3053/6084
f 3061/6094 3052/6083 3057/6090
f 3057/6090 3032/6073 3060/6093
f 3062/5982 3051/5983 3055/5984
f 3061/6369 3058/6370 3053/6371
f 3053/6084 3058/6091 3046/6079
f 3056/6088 2967/6050 3055/6086
f 2918/6087 3062/6095 3055/6086
f 2967/6050 2918/6087 3055/6086
f 3014/6373 3063/6374 3006/6375
f 2967/6376 3056/6377 2986/6378
f 3064/6379 3056/6380 3059/6381
f 3064/6382 2986/6383 3056/6384
f 3044/6268 3060/6273 3045/6270
f 2967/6050 2986/6096 2969/6051
f 3059/6387 3065/6388 3066/6389
f 3050/6097 3059/6092 3060/6093
f 3065/6390 3067/6391 3066/6392
f 3063/6394 3003/6395 3006/6396
f 3060/6093 3059/6092 3057/6090
f 3045/6270 3036/6262 3044/6268
f 3068/6274 3065/6275 3050/6272
f 3059/6276 3050/6272 3065/6275
f 3060/6273 3044/6268 3050/6272
f 3059/6402 3066/6403 3064/6404
f 3065/6275 3068/6274 3069/6277
f 3069/6405 3070/6406 3071/6407
f 3069/6405 3068/6408 3070/6406
f 3071/6191 3067/6192 3065/6193
f 3067/6192 3071/6191 3072/6194
f 3073/6385 2986/6383 3064/6382
f 3074/6324 3004/6321 3075/6325
f 3015/6344 3001/6345 3000/6346
f 3066/6409 3073/6410 3064/6411
f 3076/5985 3077/5986 3078/5987
f 3073/6385 3067/6386 2986/6383
f 3068/6412 3079/6413 3070/6414
f 3073/6393 3066/6392 3067/6391
f 3080/5988 3081/5989 3082/5990
f 3068/6274 3050/6272 3079/6278
f 3083/6195 3084/6196 2973/6172
f 3067/6192 3083/6195 2986/6181
f 3083/6195 2972/6171 2986/6181
f 2972/6171 3083/6195 2973/6172
f 3018/5981 3017/5980 3085/5991
f 3061/6094 3057/6090 3059/6092
f 3009/5977 3086/5992 3010/5978
f 3067/6192 3072/6194 3083/6195
f 3061/6369 3059/6372 3058/6370
f 3087/5993 3018/5981 3085/5991
f 3017/5980 3022/5994 3088/5995
f 3085/5991 3017/5980 3088/5995
f 3046/6079 3058/6091 3056/6088
f 3018/6347 3020/6341 3016/6340
f 3018/6347 3089/6348 3020/6341
f 3069/6419 3071/6420 3065/6421
f 3088/5995 3022/5994 3090/5996
f 3022/5994 3024/5997 3090/5996
f 3091/5998 3090/5996 3024/5997
f 3092/5999 3093/6000 3091/5998
f 3018/6347 3087/6349 3089/6348
f 3088/5995 3090/5996 3085/5991
f 3033/6422 3094/6423 3034/6424
f 3030/6071 3029/6070 3034/6098
f 3091/5998 3030/6001 3034/6002
f 3091/5998 3024/5997 3030/6001
f 3095/6003 3091/5998 3096/6004
f 3034/6002 3097/6005 3091/5998
f 3094/6006 3096/6004 3097/6005
f 3091/5998 3095/6003 3092/5999
f 3096/6004 3098/6007 3095/6003
f 3091/5998 3097/6005 3096/6004
f 3094/6006 3097/6005 3034/6002
f 3095/6003 3098/6007 3099/6008
f 3100/6009 3095/6003 3099/6008
f 3041/6350 3020/6341 3089/6348
f 3098/6007 3096/6004 3101/6010
f 3102/6279 3040/6264 3039/6263
f 3042/6426 3103/6427 3038/6428
f 3039/6263 3104/6280 3102/6279
f 3038/6260 3103/6281 3039/6263
f 3105/6282 3040/6264 3102/6279
f 3104/6280 3106/6283 3102/6279
f 3107/6284 3041/6265 3089/6285
f 3089/6285 3108/6286 3107/6284
f 3109/6287 3043/6267 3105/6282
f 3108/6286 3110/6288 3107/6284
f 3111/6289 3110/6288 3108/6286
f 3056/6088 3055/6086 3047/6080
f 3106/6283 3104/6280 3110/6288
f 3103/6281 3110/6288 3104/6280
f 3043/6267 3112/6290 3049/6271
f 3105/6282 3102/6279 3113/6291
f 3107/6284 3103/6281 3041/6265
f 3105/6282 3043/6267 3040/6264
f 3113/6291 3114/6292 3105/6282
f 3115/6293 3114/6292 3113/6291
f 3114/6292 3109/6287 3105/6282
f 3116/6294 3117/6295 3115/6293
f 3118/6296 3112/6290 3109/6287
f 3114/6292 3118/6296 3109/6287
f 3109/6287 3112/6290 3043/6267
f 3115/6293 3113/6291 3119/6297
f 3117/6429 3120/6430 3121/6431
f 3103/6281 3107/6284 3110/6288
f 3085/5991 3122/6011 3087/5993
f 3085/5991 3123/6012 3122/6011
f 3091/5998 3093/6000 3090/5996
f 3087/5993 3122/6011 3124/6013
f 3093/6000 3125/6014 3090/5996
f 3085/5991 3125/6014 3126/6015
f 3123/6444 3085/6445 3126/6446
f 3008/5976 3124/6013 3122/6011
f 3125/6014 3093/6000 3126/6015
f 3087/6349 3124/6351 3008/6352
f 3087/6349 3008/6352 3089/6348
f 3113/6291 3102/6279 3106/6283
f 3077/5986 3093/6000 3092/5999
f 3077/5986 3126/6015 3093/6000
f 3123/6444 3126/6446 3009/6447
f 3009/5977 3126/6015 3127/6016
f 3123/6012 3008/5976 3122/6011
f 3077/5986 3127/6016 3126/6015
f 3119/6297 3113/6291 3106/6283
f 3077/6326 3128/6327 3078/6328
f 3092/6329 3128/6327 3077/6326
f 3100/6009 3092/5999 3095/6003
f 3128/6327 3092/6329 3129/6330
f 3125/6014 3085/5991 3090/5996
f 3111/6353 3108/6354 3130/6355
f 3131/6017 3099/6008 3132/6018
f 3074/6324 3133/6331 3134/6332
f 3131/6017 3100/6009 3099/6008
f 3129/6019 3092/5999 3100/6009
f 3133/6432 3135/6433 3120/6430
f 3131/6434 3135/6433 3133/6432
f 3136/6298 3106/6283 3110/6288
f 3135/6433 3131/6434 3132/6435
f 3133/6331 3137/6333 3131/6334
f 3133/6432 3120/6430 3116/6436
f 3008/6352 3000/6346 3130/6355
f 3138/6299 3134/6300 3119/6297
f 3116/6294 3119/6297 3134/6300
f 3137/6020 3100/6009 3131/6017
f 3100/6335 3137/6333 3129/6330
f 3116/6294 3115/6293 3119/6297
f 3134/6332 3133/6331 3116/6336
f 3075/6325 3137/6333 3133/6331
f 3117/6429 3116/6436 3120/6430
f 3139/6448 3054/6449 3140/6450
f 3074/6324 3134/6332 3004/6321
f 3137/6333 3075/6325 3129/6330
f 3120/6430 3135/6433 3121/6431
f 3051/6082 3054/6085 3048/6081
f 3128/6327 3129/6330 3141/6337
f 3052/6451 3054/6449 3139/6448
f 3142/6021 3033/6022 3052/6023
f 3041/6265 3103/6281 3042/6266
f 3143/6024 3144/6025 3140/6026
f 3139/6448 3140/6450 3144/6452
f 3075/6325 3133/6331 3074/6324
f 3054/6027 3051/5983 3140/6026
f 3144/6025 3143/6024 3145/6028
f 3142/6021 3101/6010 3094/6006
f 3033/6422 3142/6425 3094/6423
f 3117/6295 3114/6292 3115/6293
f 3139/6029 3142/6021 3052/6023
f 3146/6030 3099/6008 3098/6007
f 3139/6029 3101/6010 3142/6021
f 3039/6263 3103/6281 3104/6280
f 3147/6031 2984/6032 3148/6033
f 3096/6004 3094/6006 3101/6010
f 3139/6029 3144/6025 3101/6010
f 3146/6030 3148/6033 3149/6034
f 3145/6028 3148/6033 3144/6025
f 3146/6030 3098/6007 3101/6010
f 3062/5982 2919/5949 3143/6024
f 3147/6031 3148/6033 3145/6028
f 3148/6033 3146/6030 3101/6010
f 2918/5948 2919/5949 3062/5982
f 2919/5949 3150/6035 3147/6031
f 3078/6328 3128/6327 3141/6337
f 2919/5949 2920/5950 3150/6035
f 3078/6328 3141/6337 3082/6338
f 3148/6033 3101/6010 3144/6025
f 3147/6031 3150/6035 2982/5974
f 2984/6032 3147/6031 2982/5974
f 3143/6024 2919/5949 3145/6028
f 2919/5949 3147/6031 3145/6028
f 3007/6253 3011/6256 3006/6252
f 2982/5974 3150/6035 2920/5950
f 3075/6325 3080/6339 3141/6337
f 3080/6339 3082/6338 3141/6337
f 2981/5973 2984/6032 2982/5974
f 3071/6191 3070/6197 3151/6198
f 2984/6131 3152/6139 3148/6140
f 3084/6196 3072/6194 3151/6198
f 3151/6198 3070/6197 3153/6199
f 3154/6453 3151/6454 3155/6455
f 3156/6301 3079/6278 3112/6290
f 3080/6339 3075/6325 3019/6323
f 3114/6292 3157/6302 3118/6296
f 3153/6199 3158/6200 3151/6198
f 3080/6397 3019/6398 3063/6394
f 3156/6415 3153/6416 3079/6413
f 3084/6141 3154/6142 3159/6143
f 3118/6296 3157/6302 3156/6301
f 3151/6198 3154/6201 3084/6196
f 3160/6399 3080/6397 3063/6394
f 3151/6198 3072/6194 3071/6191
f 3079/6413 3153/6416 3070/6414
f 3049/6271 3079/6278 3050/6272
f 3156/6301 3112/6290 3118/6296
f 3049/6271 3112/6290 3079/6278
f 3089/6348 3008/6352 3130/6355
f 3089/6348 3130/6355 3108/6354
f 3161/6437 3149/6438 3162/6439
f 3156/6415 3158/6417 3153/6416
f 3148/6140 3152/6139 3155/6144
f 3157/6418 3158/6417 3156/6415
f 3143/6024 3140/6026 3051/5983
f 3162/6439 3163/6440 3164/6441
f 3155/6144 3159/6143 3154/6142
f 3163/6456 3155/6457 3165/6458
f 3099/6008 3146/6030 3132/6018
f 3132/6018 3146/6030 3161/6036
f 3165/6461 3158/6462 3157/6463
f 3163/6440 3165/6442 3166/6443
f 3165/6461 3155/6464 3158/6462
f 3084/6196 3167/6202 2973/6172
f 3121/6431 3135/6433 3166/6443
f 3149/6459 3148/6460 3155/6457
f 3163/6440 3162/6439 3149/6438
f 3149/6459 3155/6457 3163/6456
f 3152/6139 3159/6143 3155/6144
f 3149/6034 3161/6036 3146/6030
f 3163/6440 3166/6443 3164/6441
f 3151/6198 3158/6200 3155/6203
f 3164/6441 3166/6443 3135/6433
f 3164/6441 3161/6437 3162/6439
f 3114/6292 3166/6303 3157/6302
f 3121/6431 3166/6443 3117/6429
f 3165/6304 3157/6302 3166/6303
f 3117/6295 3166/6303 3114/6292
f 2987/6182 2974/6173 3167/6202
f 3168/6316 3169/6317 3086/6318
f 3123/6012 3009/5977 3008/5976
f 3167/6145 3084/6141 3159/6143
f 3167/6145 3170/6146 2988/6134
f 3127/6016 3077/5986 3076/5985
f 3062/5982 3143/6024 3051/5983
f 3075/6325 3141/6337 3129/6330
f 2973/6172 3167/6202 2974/6173
f 3152/6139 3170/6146 3159/6143
f 3152/6139 2988/6134 3170/6146
f 3086/6400 3160/6399 3063/6394
f 3168/6465 3086/6466 3063/6467
f 3009/5977 3127/6016 3076/5985
f 3081/6401 3160/6399 3086/6400
f 3072/6194 3084/6196 3083/6195
f 2988/6134 3152/6139 2984/6131
f 3111/6353 3130/6355 3171/6356
f 3111/6289 3171/6305 3172/6306
f 2984/6131 2983/6129 2988/6134
f 3135/6433 3132/6435 3164/6441
f 3173/6307 3174/6308 3138/6299
f 3110/6288 3111/6289 3172/6306
f 3011/6256 3007/6253 3171/6305
f 3007/6253 3136/6298 3171/6305
f 3130/6468 3000/6469 3171/6470
f 3011/6256 3171/6305 3012/6309
f 3171/6470 3000/6469 3012/6471
f 3174/6308 3173/6307 3136/6298
f 3004/6321 3019/6323 3075/6325
f 3014/6314 3168/6316 3063/6319
f 3174/6308 3005/6251 3004/6250
f 3005/6251 3136/6298 3007/6253
f 3005/6251 3174/6308 3136/6298
f 3164/6441 3132/6435 3161/6437
f 3110/6288 3172/6306 3136/6298
f 3167/6145 2988/6134 2987/6133
f 3172/6306 3171/6305 3136/6298
f 3106/6283 3173/6307 3119/6297
f 3013/6313 3169/6317 3168/6316
f 3013/6243 3015/6244 3169/6245
f 3138/6299 3004/6250 3134/6300
f 3174/6308 3004/6250 3138/6299
f 3013/6313 3168/6316 3014/6314
f 3106/6283 3136/6298 3173/6307
f 3138/6299 3119/6297 3173/6307
f 3175/6246 3169/6245 3015/6244
f 3010/6357 3176/6358 3015/6344
f 3076/5985 3081/5989 3086/5992
f 3175/6246 3015/6244 3176/6247
f 3010/6357 3015/6344 3000/6346
f 3086/6318 3169/6317 3175/6320
f 3076/5985 3078/5987 3082/5990
f 3080/6397 3160/6399 3081/6401
f 3175/6246 3176/6247 3010/6248
f 3175/6037 3010/5978 3086/5992
f 3076/5985 3086/5992 3009/5977
f 3082/5990 3081/5989 3076/5985
f 3167/6145 3159/6143 3170/6146
f 3003/6395 3063/6394 3019/6398
f 3010/6357 3000/6346 3008/6352
vt 0.062984 0.760613
vt 0.070398 0.748314
vt 0.074403 0.754433
vt 0.090717 0.74449
vt 0.079531 0.767445
vt 0.093553 0.752141
vt 0.085376 0.742821
vt 0.064779 0.775028
vt 0.073277 0.772613
vt 0.079593 0.783081
vt 0.031543 0.712284
vt 0.043452 0.735798
vt 0.038507 0.735231
vt 0.058088 0.732147
vt 0.052102 0.737321
vt 0.043312 0.710251
vt 0.059021 0.753707
vt 0.054134 0.758639
vt 0.057401 0.758927
vt 0.056246 0.770928
vt 0.05148 0.763689
vt 0.06933 0.727336
vt 0.063741 0.769914
vt 0.068023 0.765213
vt 0.089301 0.778004
vt 0.091002 0.771872
vt 0.095435 0.781362
vt 0.099057 0.777127
vt 0.09809 0.760457
vt 0.096205 0.779899
vt 0.104232 0.77168
vt 0.082482 0.732601
vt 0.063447 0.722717
vt 0.051278 0.713431
vt 0.039682 0.709431
vt 0.042521 0.705374
vt 0.048562 0.707301
vt 0.051034 0.695417
vt 0.060137 0.701533
vt 0.026077 0.679983
vt 0.034295 0.680368
vt 0.033064 0.690467
vt 0.020377 0.685856
vt 0.024114 0.694157
vt 0.010864 0.674325
vt 0.016574 0.674114
vt 0.021723 0.679664
vt 0.038125 0.686825
vt 0.014353 0.687874
vt 0.04398 0.687308
vt 0.0215 0.67079
vt 0.046164 0.66851
vt 0.047758 0.676548
vt 0.042466 0.676565
vt 0.0409 0.667987
vt 0.035485 0.680598
vt 0.045582 0.6568
vt 0.70198 0.510698
vt 0.710513 0.508902
vt 0.703017 0.516479
vt 0.693481 0.516159
vt 0.712307 0.494065
vt 0.328707 0.718019
vt 0.33148 0.730689
vt 0.319511 0.735799
vt 0.314636 0.71762
vt 0.302497 0.739046
vt 0.313481 0.751863
vt 0.304227 0.748992
vt 0.305624 0.759148
vt 0.303318 0.766386
vt 0.292133 0.760793
vt 0.288904 0.743331
vt 0.300057 0.720847
vt 0.288482 0.769816
vt 0.305114 0.770486
vt 0.283233 0.786987
vt 0.290295 0.786026
vt 0.292228 0.75128
vt 0.289413 0.755709
vt 0.277595 0.743737
vt 0.283948 0.7256
vt 0.278262 0.75665
vt 0.277845 0.773385
vt 0.267183 0.770215
vt 0.267233 0.743604
vt 0.269015 0.784186
vt 0.257742 0.779411
vt 0.26404 0.75738
vt 0.257739 0.764161
vt 0.26886 0.754518
vt 0.246216 0.77391
vt 0.261371 0.749975
vt 0.346832 0.707742
vt 0.305596 0.705826
vt 0.288856 0.713311
vt 0.323182 0.708635
vt 0.335647 0.705295
vt 0.299383 0.693894
vt 0.316246 0.703884
vt 0.320925 0.70066
vt 0.319263 0.70338
vt 0.289958 0.705794
vt 0.292774 0.690264
vt 0.59778 0.646727
vt 0.582153 0.632573
vt 0.588434 0.628729
vt 0.592835 0.650268
vt 0.592602 0.607476
vt 0.593645 0.619475
vt 0.508278 0.733948
vt 0.503445 0.73642
vt 0.501092 0.724233
vt 0.4952 0.614098
vt 0.496253 0.617413
vt 0.495176 0.620598
vt 0.509963 0.629732
vt 0.493904 0.718167
vt 0.529878 0.702961
vt 0.513856 0.704444
vt 0.520627 0.69121
vt 0.50394 0.701572
vt 0.491964 0.62427
vt 0.496787 0.625719
vt 0.500201 0.642072
vt 0.493632 0.649567
vt 0.495975 0.65968
vt 0.485272 0.656697
vt 0.518681 0.684151
vt 0.517006 0.68246
vt 0.519106 0.665991
vt 0.502099 0.655306
vt 0.502021 0.690713
vt 0.479126 0.663722
vt 0.482286 0.666409
vt 0.483874 0.683178
vt 0.496625 0.664217
vt 0.51268 0.719276
vt 0.498608 0.714003
vt 0.499856 0.658085
vt 0.514191 0.659498
vt 0.495166 0.700704
vt 0.488279 0.702771
vt 0.488813 0.692666
vt 0.502504 0.71393
vt 0.515872 0.709054
vt 0.496187 0.684822
vt 0.498957 0.698846
vt 0.51277 0.65453
vt 0.551566 0.715163
vt 0.541197 0.713644
vt 0.545178 0.698713
vt 0.512164 0.671158
vt 0.501232 0.681855
vt 0.554325 0.694844
vt 0.497669 0.683086
vt 0.506378 0.669038
vt 0.509515 0.665829
vt 0.514716 0.639004
vt 0.562277 0.691612
vt 0.561629 0.715505
vt 0.560284 0.683901
vt 0.542804 0.686863
vt 0.553708 0.686017
vt 0.534932 0.686409
vt 0.538385 0.74939
vt 0.534872 0.741567
vt 0.544512 0.735066
vt 0.558004 0.727538
vt 0.551026 0.742001
vt 0.562889 0.719194
vt 0.550254 0.721575
vt 0.517271 0.732118
vt 0.538212 0.716045
vt 0.524455 0.727953
vt 0.523833 0.740164
vt 0.533535 0.721298
vt 0.517582 0.63698
vt 0.513632 0.739519
vt 0.516707 0.743068
vt 0.564918 0.670356
vt 0.570327 0.679422
vt 0.542854 0.677407
vt 0.555504 0.676296
vt 0.527385 0.670357
vt 0.519324 0.653371
vt 0.517024 0.642029
vt 0.483085 0.625174
vt 0.479586 0.647422
vt 0.680021 0.465698
vt 0.674438 0.464881
vt 0.685943 0.451673
vt 0.683288 0.463374
vt 0.931846 0.418823
vt 0.924927 0.404927
vt 0.940496 0.416778
vt 0.472778 0.006699
vt 0.476094 0.004803
vt 0.475586 0.009155
vt 0.509806 0.131066
vt 0.503306 0.136108
vt 0.499634 0.135381
vt 0.327576 0.802577
vt 0.344934 0.795038
vt 0.343233 0.805828
vt 0.325896 0.805384
vt 0.354652 0.815833
vt 0.352861 0.804439
vt 0.354405 0.819214
vt 0.344947 0.818082
vt 0.355305 0.812435
vt 0.35665 0.799347
vt 0.320816 0.789798
vt 0.332519 0.780655
vt 0.330912 0.791718
vt 0.34867 0.764018
vt 0.347306 0.773492
vt 0.338852 0.765439
vt 0.331159 0.76876
vt 0.34639 0.781652
vt 0.353931 0.767167
vt 0.366077 0.780539
vt 0.369092 0.778058
vt 0.360581 0.764153
vt 0.361006 0.784292
vt 0.370526 0.77183
vt 0.31516 0.798369
vt 0.313385 0.781739
vt 0.308468 0.795208
vt 0.297974 0.780365
vt 0.319993 0.769338
vt 0.308004 0.768824
vt 0.072665 0.234741
vt 0.061157 0.231354
vt 0.076947 0.229015
vt 0.19399 0.840091
vt 0.208014 0.841203
vt 0.20975 0.843383
vt 0.202123 0.848511
vt 0.191264 0.847804
vt 0.178833 0.839375
vt 0.228618 0.833353
vt 0.484009 0.002319
vt 0.486252 0.000334
vt 0.490133 0.000731
vt 0.512817 0.104445
vt 0.52475 0.108087
vt 0.514834 0.108765
vt 0.208309 0.252808
vt 0.207659 0.246054
vt 0.21154 0.245656
vt 0.19397 0.249679
vt 0.882206 0.407495
vt 0.887799 0.41031
vt 0.880005 0.423706
vt 0.395059 0.739309
vt 0.426637 0.743711
vt 0.407181 0.748573
vt 0.397693 0.750879
vt 0.372192 0.753296
vt 0.380429 0.741223
vt 0.387588 0.748603
vt 0.390775 0.735691
vt 0.36105 0.738702
vt 0.353939 0.749236
vt 0.34729 0.729921
vt 0.484945 0.598749
vt 0.481372 0.613814
vt 0.470223 0.603847
vt 0.469852 0.619332
vt 0.478666 0.655752
vt 0.47569 0.67443
vt 0.467446 0.665433
vt 0.458679 0.587372
vt 0.476533 0.598637
vt 0.475832 0.58762
vt 0.471977 0.63944
vt 0.475956 0.629401
vt 0.476138 0.651288
vt 0.465436 0.636554
vt 0.457032 0.594932
vt 0.39547 0.722623
vt 0.39474 0.71423
vt 0.400087 0.727497
vt 0.401301 0.73638
vt 0.405988 0.715695
vt 0.373579 0.7256
vt 0.360222 0.72284
vt 0.358779 0.703302
vt 0.354665 0.693797
vt 0.368488 0.699007
vt 0.386168 0.705812
vt 0.371565 0.70178
vt 0.421896 0.719356
vt 0.432015 0.702051
vt 0.431681 0.724139
vt 0.385095 0.716958
vt 0.431612 0.609644
vt 0.439754 0.595486
vt 0.445838 0.603899
vt 0.367643 0.68038
vt 0.453754 0.599262
vt 0.459246 0.617581
vt 0.452536 0.623125
vt 0.449481 0.600576
vt 0.448822 0.622427
vt 0.430931 0.625898
vt 0.415945 0.640008
vt 0.430191 0.647017
vt 0.449947 0.637079
vt 0.446685 0.636811
vt 0.444861 0.622878
vt 0.421823 0.622032
vt 0.414251 0.598512
vt 0.411276 0.626328
vt 0.409003 0.613404
vt 0.401842 0.629145
vt 0.399017 0.61794
vt 0.407509 0.627048
vt 0.405415 0.640863
vt 0.392119 0.628052
vt 0.387363 0.59915
vt 0.384464 0.622147
vt 0.384225 0.602265
vt 0.373818 0.593886
vt 0.370709 0.627
vt 0.3637 0.617906
vt 0.389595 0.644506
vt 0.365364 0.599664
vt 0.376856 0.650817
vt 0.403986 0.706903
vt 0.397612 0.698118
vt 0.470953 0.709279
vt 0.469994 0.72927
vt 0.463002 0.728375
vt 0.38154 0.692287
vt 0.412574 0.728247
vt 0.426098 0.733343
vt 0.416064 0.737732
vt 0.433662 0.743241
vt 0.435396 0.728923
vt 0.357038 0.729265
vt 0.349242 0.718896
vt 0.442937 0.737284
vt 0.447908 0.72601
vt 0.465185 0.733833
vt 0.366729 0.732109
vt 0.465486 0.655828
vt 0.436399 0.723558
vt 0.459901 0.689544
vt 0.476315 0.680805
vt 0.467607 0.70035
vt 0.41929 0.698705
vt 0.34864 0.707718
vt 0.45349 0.669255
vt 0.446841 0.663508
vt 0.454399 0.643171
vt 0.439218 0.649253
vt 0.441183 0.673617
vt 0.40745 0.648672
vt 0.411002 0.659464
vt 0.420969 0.658901
vt 0.423738 0.669061
vt 0.449025 0.676276
vt 0.437108 0.663588
vt 0.444034 0.681949
vt 0.451447 0.681727
vt 0.43557 0.674667
vt 0.438032 0.680229
vt 0.412034 0.673132
vt 0.439877 0.682118
vt 0.438893 0.697098
vt 0.402158 0.671149
vt 0.402783 0.695076
vt 0.413934 0.687412
vt 0.412189 0.695895
vt 0.401981 0.676061
vt 0.429881 0.694445
vt 0.404194 0.650844
vt 0.397627 0.647686
vt 0.392415 0.660681
vt 0.37975 0.672323
vt 0.364555 0.671892
vt 0.362742 0.645495
vt 0.365007 0.634772
vt 0.396262 0.672535
vt 0.391715 0.678679
vt 0.394595 0.691331
vt 0.462528 0.705619
vt 0.454289 0.706282
vt 0.444391 0.702889
vt 0.999828 0.241897
vt 0.988127 0.246948
vt 0.974731 0.23908
vt 0.108393 0.742065
vt 0.109954 0.736804
vt 0.132285 0.730618
vt 0.143204 0.718454
vt 0.158781 0.720988
vt 0.144318 0.726318
vt 0.135975 0.724563
vt 0.126677 0.708308
vt 0.157507 0.712731
vt 0.149516 0.706643
vt 0.155808 0.70227
vt 0.13771 0.69202
vt 0.137514 0.698585
vt 0.129541 0.702372
vt 0.124308 0.695529
vt 0.117443 0.685293
vt 0.128952 0.690911
vt 0.105659 0.686721
vt 0.113102 0.701944
vt 0.130359 0.721285
vt 0.123957 0.717924
vt 0.107726 0.672496
vt 0.117827 0.674426
vt 0.133059 0.685273
vt 0.142935 0.68126
vt 0.099879 0.718423
vt 0.105108 0.718237
vt 0.113784 0.71355
vt 0.11333 0.706791
vt 0.107172 0.706947
vt 0.117396 0.699595
vt 0.110444 0.697611
vt 0.101537 0.696483
vt 0.096202 0.733108
vt 0.084488 0.735872
vt 0.081232 0.724509
vt 0.087153 0.719653
vt 0.093721 0.713301
vt 0.090626 0.700021
vt 0.098409 0.706111
vt 0.08631 0.708086
vt 0.084075 0.69518
vt 0.091803 0.714842
vt 0.084466 0.701011
vt 0.07994 0.699356
vt 0.072534 0.701481
vt 0.078357 0.695586
vt 0.070237 0.682857
vt 0.059782 0.686193
vt 0.065103 0.678378
vt 0.069484 0.670241
vt 0.083559 0.677227
vt 0.055202 0.676719
vt 0.059209 0.6665
vt 0.061067 0.666116
vt 0.087136 0.738776
vt 0.094778 0.678102
vt 0.092604 0.66726
vt 0.073846 0.660176
vt 0.095106 0.684483
vt 0.078734 0.685831
vt 0.09933 0.699792
vt 0.100365 0.675117
vt 0.103614 0.682953
vt 0.090847 0.69398
vt 0.077985 0.710404
vt 0.065953 0.688762
vt 0.065817 0.661741
vt 0.020877 0.646825
vt 0.020433 0.651343
vt 0.003308 0.647793
vt 0.006926 0.636631
vt 0.001099 0.644483
vt 0.02634 0.644791
vt 0.031657 0.631512
vt 0.031951 0.650468
vt 0.021137 0.636304
vt 0.022578 0.664724
vt 0.014016 0.644371
vt 0.016692 0.665285
vt 0.006568 0.654537
vt 0.003577 0.666864
vt 0.01617 0.623397
vt 0.010042 0.622898
vt 0.046345 0.609817
vt 0.032892 0.613605
vt 0.024752 0.608348
vt 0.026068 0.621077
vt 0.020491 0.619422
vt 0.021062 0.60705
vt 0.005393 0.616048
vt 0.005002 0.609121
vt 0.004549 0.604651
vt 0.001546 0.616229
vt 0.048299 0.59898
vt 0.031434 0.60234
vt 0.023842 0.600612
vt 0.033258 0.606515
vt 0.011741 0.672344
vt 0.005243 0.678868
vt 0.035631 0.648316
vt 0.119485 0.619409
vt 0.112445 0.614663
vt 0.11919 0.613509
vt 0.10889 0.65933
vt 0.119896 0.64985
vt 0.117826 0.661394
vt 0.114511 0.643718
vt 0.106965 0.636968
vt 0.106193 0.646408
vt 0.144233 0.628712
vt 0.151707 0.631808
vt 0.141664 0.636799
vt 0.140185 0.637452
vt 0.132546 0.623327
vt 0.143004 0.621506
vt 0.132667 0.630555
vt 0.081906 0.642818
vt 0.095502 0.654196
vt 0.110589 0.631698
vt 0.106939 0.632276
vt 0.134045 0.618612
vt 0.12996 0.621516
vt 0.088395 0.634032
vt 0.115087 0.619919
vt 0.100939 0.643087
vt 0.100217 0.655761
vt 0.099099 0.613197
vt 0.098835 0.609581
vt 0.075376 0.653638
vt 0.073244 0.640199
vt 0.067443 0.648678
vt 0.062514 0.642483
vt 0.053687 0.645964
vt 0.050022 0.635858
vt 0.061859 0.650439
vt 0.060196 0.627613
vt 0.07972 0.616247
vt 0.06752 0.612042
vt 0.079785 0.609549
vt 0.070937 0.655833
vt 0.088242 0.609436
vt 0.078717 0.605133
vt 0.099484 0.627468
vt 0.09094 0.614645
vt 0.105401 0.641107
vt 0.108133 0.621878
vt 0.104254 0.626828
vt 0.097329 0.615982
vt 0.092588 0.611684
vt 0.061175 0.602868
vt 0.061397 0.609154
vt 0.048426 0.601916
vt 0.050705 0.606415
vt 0.041446 0.623631
vt 0.118938 0.668341
vt 0.125723 0.662677
vt 0.130929 0.673442
vt 0.071797 0.595831
vt 0.094914 0.590513
vt 0.077968 0.601081
vt 0.073903 0.603992
vt 0.060533 0.597683
vt 0.029093 0.597522
vt 0.402867 0.091323
vt 0.398971 0.094332
vt 0.388794 0.094604
vt 0.603086 0.789259
vt 0.601161 0.778798
vt 0.615073 0.789438
vt 0.653516 0.795809
vt 0.665615 0.792875
vt 0.656662 0.81219
vt 0.64155 0.801552
vt 0.642682 0.786474
vt 0.647403 0.785619
vt 0.625139 0.795443
vt 0.628527 0.785027
vt 0.615993 0.779958
vt 0.60022 0.757789
vt 0.60384 0.76746
vt 0.609081 0.797516
vt 0.621722 0.798494
vt 0.615595 0.808856
vt 0.631864 0.800906
vt 0.625235 0.807536
vt 0.6434 0.80793
vt 0.636274 0.811877
vt 0.646475 0.812378
vt 0.681023 0.785793
vt 0.672516 0.781849
vt 0.683509 0.770671
vt 0.659786 0.777237
vt 0.669483 0.776237
vt 0.767019 0.421759
vt 0.771243 0.421736
vt 0.771171 0.426908
vt 0.762817 0.430914
vt 0.778591 0.431518
vt 0.774414 0.417168
vt 0.279907 0.001355
vt 0.292106 0.00018
vt 0.283827 0.002808
vt 0.609009 0.772032
vt 0.618837 0.773811
vt 0.621207 0.781075
vt 0.620442 0.762624
vt 0.615228 0.755757
vt 0.616222 0.748525
vt 0.661727 0.717979
vt 0.666385 0.713178
vt 0.661885 0.723826
vt 0.676194 0.742259
vt 0.662961 0.749711
vt 0.662372 0.746789
vt 0.671074 0.736448
vt 0.643108 0.737916
vt 0.657394 0.71913
vt 0.655561 0.744557
vt 0.671933 0.7254
vt 0.627356 0.77234
vt 0.633941 0.74493
vt 0.629563 0.750893
vt 0.618105 0.740412
vt 0.642821 0.779413
vt 0.650124 0.765976
vt 0.656996 0.77776
vt 0.669363 0.763315
vt 0.663956 0.77399
vt 0.636469 0.766109
vt 0.647355 0.718416
vt 0.638726 0.783081
vt 0.660205 0.755544
vt 0.646819 0.755429
vt 0.650245 0.751058
vt 0.621212 0.733582
vt 0.632013 0.7255
vt 0.62728 0.722698
vt 0.676727 0.704812
vt 0.683236 0.718945
vt 0.684779 0.712388
vt 0.654235 0.703452
vt 0.673226 0.690262
vt 0.650838 0.708212
vt 0.635464 0.701476
vt 0.641894 0.689876
vt 0.646698 0.69417
vt 0.648399 0.709777
vt 0.64197 0.702507
vt 0.671768 0.682229
vt 0.626546 0.714749
vt 0.661882 0.674441
vt 0.668001 0.667462
vt 0.648682 0.677316
vt 0.460904 0.180846
vt 0.471198 0.185913
vt 0.460507 0.18341
vt 0.453735 0.18461
vt 0.631118 0.106707
vt 0.635713 0.108895
vt 0.623169 0.111206
vt 0.198553 0.298351
vt 0.191373 0.309448
vt 0.189094 0.30115
vt 0.183753 0.307239
vt 0.170044 0.30269
vt 0.927856 0.29601
vt 0.937382 0.287527
vt 0.931507 0.298218
vt 0.096933 0.814049
vt 0.094611 0.819337
vt 0.095499 0.811388
vt 0.103485 0.806492
vt 0.108011 0.822865
vt 0.100807 0.828499
vt 0.090053 0.823932
vt 0.098348 0.831669
vt 0.082886 0.829296
vt 0.077759 0.819001
vt 0.081753 0.811833
vt 0.08633 0.806115
vt 0.086481 0.838202
vt 0.088308 0.815177
vt 0.085794 0.8573
vt 0.105082 0.833417
vt 0.093992 0.852067
vt 0.088291 0.845154
vt 0.105902 0.831372
vt 0.085211 0.798354
vt 0.104012 0.793711
vt 0.086831 0.78017
vt 0.094587 0.786305
vt 0.082616 0.784525
vt 0.093012 0.792373
vt 0.101206 0.781366
vt 0.105053 0.78754
vt 0.093405 0.782189
vt 0.52842 0.422379
vt 0.527974 0.431589
vt 0.525117 0.428805
vt 0.534147 0.428734
vt 0.524436 0.420931
vt 0.522267 0.428581
vt 0.528796 0.438354
vt 0.518188 0.436897
vt 0.874022 0.017571
vt 0.873501 0.029175
vt 0.872681 0.025407
vt 0.230739 0.30896
vt 0.214966 0.29926
vt 0.22332 0.298022
vt 0.213597 0.380737
vt 0.181375 0.365689
vt 0.201843 0.374282
vt 0.177368 0.360301
vt 0.637817 0.283081
vt 0.641522 0.277128
vt 0.654056 0.271308
vt 0.670039 0.268906
vt 0.666209 0.260927
vt 0.676243 0.260929
vt 0.598819 0.625773
vt 0.594849 0.621156
vt 0.600808 0.615467
vt 0.602001 0.636108
vt 0.59852 0.609014
vt 0.605842 0.84807
vt 0.611297 0.858497
vt 0.604457 0.864136
vt 0.597812 0.847651
vt 0.595905 0.813932
vt 0.599456 0.821848
vt 0.59572 0.820533
vt 0.605558 0.811822
vt 0.601061 0.808745
vt 0.59436 0.81162
vt 0.600848 0.80523
vt 0.606504 0.80505
vt 0.623978 0.817227
vt 0.618537 0.822608
vt 0.622016 0.810843
vt 0.612008 0.809168
vt 0.611316 0.821727
vt 0.607639 0.804944
vt 0.602453 0.823075
vt 0.619394 0.833493
vt 0.611369 0.828476
vt 0.608197 0.835901
vt 0.618206 0.846667
vt 0.601955 0.841566
vt 0.595841 0.832554
vt 0.382518 0.782279
vt 0.371216 0.786722
vt 0.380998 0.771315
vt 0.387684 0.786585
vt 0.391043 0.774195
vt 0.385567 0.767388
vt 0.394178 0.753284
vt 0.392362 0.785132
vt 0.401688 0.776853
vt 0.408637 0.785678
vt 0.409986 0.773476
vt 0.421904 0.775434
vt 0.395139 0.766339
vt 0.397058 0.758658
vt 0.42249 0.76627
vt 0.411647 0.758348
vt 0.416696 0.756497
vt 0.400304 0.751537
vt 0.408886 0.751833
vt 0.401129 0.763867
vt 0.427394 0.769991
vt 0.422433 0.745401
vt 0.425814 0.748605
vt 0.427559 0.781309
vt 0.423982 0.786746
vt 0.415869 0.785975
vt 0.429211 0.748652
vt 0.440963 0.769298
vt 0.437274 0.754931
vt 0.452411 0.757807
vt 0.4423 0.75037
vt 0.437208 0.751269
vt 0.430812 0.786836
vt 0.452712 0.749789
vt 0.436231 0.773675
vt 0.449644 0.783808
vt 0.441695 0.786612
vt 0.414672 0.75531
vt 0.466527 0.78245
vt 0.462917 0.787964
vt 0.474517 0.785637
vt 0.487077 0.780026
vt 0.461651 0.754991
vt 0.457354 0.748385
vt 0.461108 0.744599
vt 0.460481 0.772539
vt 0.46432 0.7639
vt 0.175476 0.31744
vt 0.16806 0.330134
vt 0.151001 0.331421
vt 0.21601 0.360002
vt 0.199829 0.372436
vt 0.207245 0.363147
vt 0.77268 0.854858
vt 0.760246 0.832495
vt 0.769983 0.844012
vt 0.774908 0.85415
vt 0.777271 0.840995
vt 0.77149 0.844448
vt 0.764736 0.832475
vt 0.774939 0.825251
vt 0.769844 0.825799
vt 0.756115 0.838629
vt 0.754378 0.825602
vt 0.763391 0.842164
vt 0.764092 0.847551
vt 0.746077 0.817715
vt 0.741821 0.817158
vt 0.744256 0.807888
vt 0.74835 0.812456
vt 0.754406 0.818286
vt 0.747829 0.829708
vt 0.762236 0.823305
vt 0.024873 0.48537
vt 0.02063 0.472392
vt 0.030637 0.488647
vt 0.432251 0.390694
vt 0.446299 0.380639
vt 0.442637 0.388256
vt 0.433482 0.393433
vt 0.120239 0.548706
vt 0.124321 0.537613
vt 0.127634 0.544247
vt 0.121184 0.541088
vt 0.128997 0.530143
vt 0.964678 0.222179
vt 0.963834 0.238159
vt 0.96106 0.227026
vt 0.733595 0.375065
vt 0.724768 0.378876
vt 0.722651 0.370267
vt 0.715047 0.380737
vt 0.709106 0.366329
vt 0.489962 0.32019
vt 0.487427 0.319754
vt 0.494745 0.308218
vt 0.785104 0.592969
vt 0.774869 0.60064
vt 0.782192 0.589123
vt 0.773991 0.605739
vt 0.785133 0.588731
vt 0.788805 0.607788
vt 0.764282 0.605878
vt 0.788719 0.585906
vt 0.788878 0.571688
vt 0.445923 0.262573
vt 0.459784 0.254232
vt 0.454591 0.261524
vt 0.343528 0.570183
vt 0.336333 0.580444
vt 0.337713 0.572339
vt 0.323853 0.580112
vt 0.342194 0.55137
vt 0.954712 0.432278
vt 0.956933 0.424963
vt 0.961755 0.429972
vt 0.957693 0.441284
vt 0.79703 0.189331
vt 0.791626 0.18732
vt 0.805965 0.184099
vt 0.589703 0.784663
vt 0.594167 0.77737
vt 0.594 0.787753
vt 0.598473 0.770611
vt 0.591043 0.789671
vt 0.580086 0.807943
vt 0.586642 0.806942
vt 0.596302 0.796282
vt 0.600081 0.782753
vt 0.605072 0.797705
vt 0.593098 0.811778
vt 0.578861 0.802438
vt 0.577383 0.801275
vt 0.565841 0.810249
vt 0.554217 0.807112
vt 0.57251 0.816187
vt 0.55796 0.818725
vt 0.549927 0.818388
vt 0.551495 0.814033
vt 0.822395 0.227599
vt 0.812134 0.229858
vt 0.823651 0.221387
vt 0.571411 0.314819
vt 0.58575 0.303897
vt 0.583891 0.312251
vt 0.588259 0.305492
vt 0.249146 0.420776
vt 0.249273 0.414564
vt 0.25808 0.413747
vt 0.25986 0.408091
vt 0.263484 0.409854
vt 0.663617 0.090011
vt 0.670342 0.093628
vt 0.653931 0.092351
vt 0.951706 0.467895
vt 0.948364 0.453822
vt 0.955432 0.464286
vt 0.961753 0.472046
vt 0.59729 0.098511
vt 0.599151 0.090021
vt 0.601687 0.091527
vt 0.27128 0.524167
vt 0.264756 0.531751
vt 0.271785 0.516654
vt 0.262988 0.527117
vt 0.270858 0.533462
vt 0.25354 0.540405
vt 0.999448 0.392591
vt 0.987427 0.401245
vt 0.991918 0.395718
vt 0.998239 0.387957
vt 0.06792 0.474617
vt 0.077832 0.490112
vt 0.066528 0.485276
vt 0.209106 0.161248
vt 0.218227 0.167358
vt 0.212655 0.165695
vt 0.927651 0.324716
vt 0.926392 0.318661
vt 0.939026 0.328979
vt 0.399027 0.815183
vt 0.405194 0.823267
vt 0.396102 0.826104
vt 0.361477 0.809109
vt 0.357544 0.802656
vt 0.363303 0.801193
vt 0.400759 0.835964
vt 0.404528 0.839863
vt 0.387364 0.817193
vt 0.378726 0.809222
vt 0.381529 0.818232
vt 0.370503 0.810624
vt 0.363216 0.846557
vt 0.367009 0.824665
vt 0.369028 0.837554
vt 0.390083 0.834277
vt 0.378473 0.831329
vt 0.37648 0.845351
vt 0.384028 0.807792
vt 0.36684 0.813251
vt 0.362294 0.819415
vt 0.381586 0.836624
vt 0.371533 0.799391
vt 0.386968 0.800024
vt 0.395683 0.802913
vt 0.380663 0.794003
vt 0.383795 0.790079
vt 0.360699 0.792973
vt 0.372115 0.792733
vt 0.367656 0.790523
vt 0.360919 0.79842
vt 0.393241 0.788876
vt 0.377473 0.785236
vt 0.382312 0.845806
vt 0.279046 0.1781
vt 0.268677 0.172629
vt 0.282031 0.175862
vt 0.861472 0.563453
vt 0.858675 0.584839
vt 0.854126 0.581117
vt 0.980884 0.631508
vt 0.98729 0.626422
vt 0.977097 0.639021
vt 0.976685 0.648315
vt 0.984067 0.621173
vt 0.874773 0.476418
vt 0.886622 0.485254
vt 0.88858 0.493014
vt 0.872192 0.460199
vt 0.886836 0.479322
vt 0.895759 0.492158
vt 0.902755 0.49939
vt 0.906851 0.49811
vt 0.637885 0.010765
vt 0.641509 0.014038
vt 0.635376 0.011517
vt 0.339174 0.649159
vt 0.338619 0.660522
vt 0.335008 0.652439
vt 0.334106 0.640169
vt 0.339317 0.626132
vt 0.340802 0.635054
vt 0.953461 0.58246
vt 0.956625 0.591186
vt 0.944253 0.577165
vt 0.940552 0.564068
vt 0.299927 0.480671
vt 0.304908 0.46585
vt 0.303813 0.47913
vt 0.305784 0.484253
vt 0.783325 0.207886
vt 0.790879 0.199546
vt 0.790059 0.203314
vt 0.805786 0.205933
vt 0.810866 0.196443
vt 0.811545 0.20447
vt 0.82956 0.166382
vt 0.826782 0.154969
vt 0.830602 0.152341
vt 0.425415 0.385132
vt 0.429245 0.373909
vt 0.433766 0.377332
vt 0.437834 0.379886
vt 0.432372 0.382681
vt 0.90235 0.41712
vt 0.91202 0.411288
vt 0.899536 0.424194
vt 0.741333 0.10258
vt 0.74718 0.103725
vt 0.742484 0.109253
vt 0.874875 0.041382
vt 0.871704 0.03683
vt 0.874577 0.033042
vt 0.045142 0.092163
vt 0.027466 0.089803
vt 0.047803 0.089554
vt 0.227623 0.279391
vt 0.228627 0.282175
vt 0.220825 0.28894
vt 0.663696 0.374813
vt 0.668115 0.370744
vt 0.67027 0.376831
vt 0.674876 0.366223
vt 0.969566 0.228757
vt 0.968384 0.223797
vt 0.976139 0.233276
vt 0.694548 0.206909
vt 0.69397 0.200554
vt 0.700219 0.197436
vt 0.473656 0.077026
vt 0.467407 0.075878
vt 0.468316 0.071895
vt 0.461505 0.316284
vt 0.452271 0.311459
vt 0.456979 0.302962
vt 0.087475 0.038452
vt 0.084595 0.033078
vt 0.089563 0.035387
vt 0.532349 0.286499
vt 0.535138 0.273444
vt 0.536542 0.278818
vt 0.631364 0.146362
vt 0.62854 0.143297
vt 0.635093 0.139241
vt 0.159745 0.176959
vt 0.175214 0.180354
vt 0.157696 0.182495
vt 0.147095 0.178116
vt 0.613892 0.307983
vt 0.622995 0.29715
vt 0.624392 0.304106
vt 0.654286 0.430856
vt 0.659029 0.437628
vt 0.647213 0.437407
vt 0.644653 0.44519
vt 0.80814 0.208243
vt 0.815456 0.212377
vt 0.805786 0.212768
vt 0.810879 0.206659
vt 0.22522 0.643958
vt 0.232024 0.642019
vt 0.230905 0.64978
vt 0.23462 0.62819
vt 0.77063 0.501869
vt 0.779188 0.502873
vt 0.77153 0.510417
vt 0.775548 0.49741
vt 0.776301 0.51355
vt 0.783403 0.507227
vt 0.914047 0.474975
vt 0.904419 0.466499
vt 0.904633 0.460567
vt 0.571411 0.257175
vt 0.582503 0.254404
vt 0.582012 0.261108
vt 0.59164 0.254339
vt 0.390472 0.336304
vt 0.385864 0.321936
vt 0.391247 0.327722
vt 0.66466 0.635421
vt 0.675461 0.629314
vt 0.670931 0.641603
vt 0.63888 0.674082
vt 0.627506 0.680847
vt 0.638745 0.668025
vt 0.595722 0.73401
vt 0.59351 0.720213
vt 0.601841 0.727201
vt 0.658741 0.646946
vt 0.656352 0.659608
vt 0.64804 0.665978
vt 0.654663 0.670521
vt 0.602001 0.721795
vt 0.649641 0.651725
vt 0.626658 0.672666
vt 0.632586 0.689914
vt 0.644149 0.680164
vt 0.593451 0.713979
vt 0.638359 0.65577
vt 0.578093 0.71238
vt 0.582522 0.729054
vt 0.651788 0.673383
vt 0.590441 0.70417
vt 0.583723 0.702826
vt 0.591131 0.689307
vt 0.637541 0.645418
vt 0.629255 0.665466
vt 0.612526 0.670684
vt 0.575169 0.707874
vt 0.619118 0.713237
vt 0.629715 0.69386
vt 0.632058 0.702744
vt 0.622798 0.719474
vt 0.596643 0.675078
vt 0.606971 0.660431
vt 0.607602 0.671514
vt 0.612618 0.657323
vt 0.623382 0.656194
vt 0.61151 0.652869
vt 0.622477 0.68535
vt 0.613327 0.680588
vt 0.607131 0.685971
vt 0.588603 0.679895
vt 0.582175 0.695582
vt 0.605608 0.7406
vt 0.607835 0.727585
vt 0.630106 0.649639
vt 0.637501 0.6368
vt 0.630611 0.638721
vt 0.643629 0.637262
vt 0.667472 0.625002
vt 0.661481 0.620464
vt 0.64682 0.631405
vt 0.573688 0.720557
vt 0.573364 0.698279
vt 0.610801 0.704272
vt 0.614696 0.72286
vt 0.606073 0.711789
vt 0.600474 0.700877
vt 0.667087 0.619303
vt 0.674797 0.621797
vt 0.668565 0.60926
vt 0.653226 0.611563
vt 0.682181 0.606267
vt 0.246291 0.703399
vt 0.261236 0.704549
vt 0.249803 0.71256
vt 0.239854 0.712424
vt 0.280218 0.708768
vt 0.269854 0.722639
vt 0.264505 0.713389
vt 0.246207 0.715535
vt 0.252054 0.72223
vt 0.256229 0.688247
vt 0.269074 0.68766
vt 0.176803 0.679654
vt 0.187817 0.680833
vt 0.1876 0.689932
vt 0.178695 0.673268
vt 0.185146 0.656902
vt 0.175258 0.656009
vt 0.191516 0.674618
vt 0.189534 0.666262
vt 0.205053 0.67383
vt 0.20277 0.680703
vt 0.185588 0.6532
vt 0.242749 0.728381
vt 0.23729 0.717911
vt 0.23752 0.737783
vt 0.238163 0.745544
vt 0.229626 0.743274
vt 0.233546 0.734012
vt 0.18158 0.701746
vt 0.196469 0.701329
vt 0.1977 0.713833
vt 0.179546 0.696043
vt 0.185038 0.711705
vt 0.212278 0.718622
vt 0.215031 0.713084
vt 0.186465 0.71538
vt 0.249356 0.742294
vt 0.223207 0.741041
vt 0.189006 0.719711
vt 0.217871 0.736131
vt 0.219407 0.718848
vt 0.229421 0.7114
vt 0.206984 0.735965
vt 0.2356 0.717753
vt 0.22706 0.727219
vt 0.222616 0.693933
vt 0.23919 0.680966
vt 0.232924 0.700398
vt 0.195049 0.722784
vt 0.209071 0.729159
vt 0.2614 0.741995
vt 0.268871 0.740649
vt 0.262215 0.74646
vt 0.238508 0.700296
vt 0.224574 0.709343
vt 0.212858 0.687068
vt 0.266778 0.711092
vt 0.263473 0.733752
vt 0.198185 0.645914
vt 0.208935 0.660505
vt 0.203229 0.670419
vt 0.220644 0.672413
vt 0.228786 0.674106
vt 0.222225 0.666438
vt 0.237717 0.663405
vt 0.225735 0.650999
vt 0.234278 0.676889
vt 0.238136 0.670112
vt 0.250707 0.670664
vt 0.247901 0.676444
vt 0.265994 0.679568
vt 0.263463 0.674742
vt 0.176275 0.71813
vt 0.172844 0.699633
vt 0.175844 0.714876
vt 0.164052 0.709412
vt 0.167186 0.69635
vt 0.165846 0.663481
vt 0.161479 0.659321
vt 0.170047 0.670631
vt 0.169949 0.649665
vt 0.168513 0.682766
vt 0.168194 0.675982
vt 0.159302 0.687581
vt 0.735844 0.737827
vt 0.726998 0.734132
vt 0.745676 0.730952
vt 0.742441 0.750829
vt 0.726323 0.730813
vt 0.724816 0.761813
vt 0.741706 0.761407
vt 0.748248 0.751989
vt 0.699782 0.717277
vt 0.694068 0.720204
vt 0.693132 0.706365
vt 0.700788 0.724195
vt 0.700209 0.703446
vt 0.705495 0.719967
vt 0.706019 0.698848
vt 0.718679 0.712423
vt 0.727403 0.702117
vt 0.73064 0.710298
vt 0.731463 0.718172
vt 0.718691 0.721566
vt 0.769185 0.733711
vt 0.773385 0.725155
vt 0.798363 0.729526
vt 0.787944 0.744173
vt 0.783616 0.739614
vt 0.784166 0.722927
vt 0.780475 0.7287
vt 0.712052 0.75144
vt 0.716724 0.766479
vt 0.792645 0.715265
vt 0.781884 0.719126
vt 0.710741 0.758917
vt 0.805205 0.726418
vt 0.80588 0.721963
vt 0.818037 0.725526
vt 0.803549 0.715982
vt 0.71716 0.729019
vt 0.729921 0.727181
vt 0.727732 0.723398
vt 0.745925 0.73538
vt 0.736569 0.703455
vt 0.743513 0.707112
vt 0.739456 0.713236
vt 0.7658 0.725188
vt 0.743707 0.71901
vt 0.737605 0.719735
vt 0.750168 0.723168
vt 0.687262 0.727753
vt 0.76522 0.72272
vt 0.748583 0.717102
vt 0.758919 0.710741
vt 0.774552 0.712037
vt 0.773366 0.715394
vt 0.78466 0.713867
vt 0.764867 0.721844
vt 0.698494 0.73416
vt 0.696591 0.728487
vt 0.7038 0.726743
vt 0.71288 0.733425
vt 0.702191 0.737423
vt 0.704413 0.740601
vt 0.697434 0.742485
vt 0.777806 0.739454
vt 0.692764 0.734934
vt 0.694696 0.730928
vt 0.692273 0.73605
vt 0.700236 0.752449
vt 0.685181 0.757506
vt 0.694405 0.752297
vt 0.759795 0.746255
vt 0.770908 0.748981
vt 0.724892 0.743328
vt 0.71946 0.74311
vt 0.692205 0.745787
vt 0.704597 0.745564
vt 0.699854 0.763356
vt 0.813499 0.717468
vt 0.785402 0.695407
vt 0.800247 0.70521
vt 0.783819 0.64679
vt 0.766506 0.644994
vt 0.768887 0.642383
vt 0.768836 0.706923
vt 0.784295 0.704277
vt 0.813354 0.681329
vt 0.813781 0.699898
vt 0.802636 0.689404
vt 0.774645 0.696519
vt 0.78631 0.649093
vt 0.783258 0.638876
vt 0.788784 0.642882
vt 0.748729 0.693625
vt 0.784807 0.685293
vt 0.815023 0.659044
vt 0.801757 0.67104
vt 0.786781 0.658748
vt 0.806555 0.654622
vt 0.768273 0.647643
vt 0.783049 0.652352
vt 0.782417 0.701037
vt 0.801136 0.645318
vt 0.77783 0.640649
vt 0.79575 0.653869
vt 0.747283 0.63718
vt 0.703494 0.617736
vt 0.711402 0.603728
vt 0.707391 0.633566
vt 0.720807 0.624728
vt 0.736882 0.62448
vt 0.730319 0.635143
vt 0.717667 0.608233
vt 0.69299 0.629253
vt 0.696331 0.606142
vt 0.747662 0.611979
vt 0.735713 0.612507
vt 0.749158 0.606142
vt 0.693097 0.63678
vt 0.70774 0.641377
vt 0.687677 0.642268
vt 0.781237 0.693575
vt 0.756738 0.688128
vt 0.769608 0.681893
vt 0.702044 0.638263
vt 0.700432 0.606342
vt 0.756442 0.692454
vt 0.703635 0.628907
vt 0.688957 0.61232
vt 0.773479 0.632301
vt 0.78237 0.631986
vt 0.724277 0.637707
vt 0.701393 0.64684
vt 0.717293 0.649925
vt 0.697186 0.649662
vt 0.708691 0.643847
vt 0.689304 0.644251
vt 0.72099 0.645549
vt 0.717439 0.653697
vt 0.722557 0.673327
vt 0.706943 0.659518
vt 0.698546 0.651909
vt 0.741858 0.640377
vt 0.778287 0.619723
vt 0.712363 0.671855
vt 0.700273 0.684539
vt 0.70127 0.66095
vt 0.699611 0.696223
vt 0.694425 0.685522
vt 0.766777 0.623775
vt 0.71429 0.686921
vt 0.719378 0.686341
vt 0.721514 0.642414
vt 0.727684 0.692457
vt 0.692159 0.658759
vt 0.74412 0.691889
vt 0.751123 0.684283
vt 0.745608 0.683421
vt 0.734541 0.687573
vt 0.773737 0.668977
vt 0.777318 0.657733
vt 0.782876 0.675823
vt 0.783463 0.663795
vt 0.735945 0.679256
vt 0.744798 0.66555
vt 0.747167 0.651154
vt 0.768128 0.651828
vt 0.764432 0.656494
vt 0.744758 0.693973
vt 0.756207 0.624036
vt 0.755489 0.610333
vt 0.757432 0.668561
vt 0.748132 0.649385
vt 0.735105 0.666746
vt 0.747792 0.646134
vt 0.735723 0.654678
vt 0.735484 0.650405
vt 0.748135 0.642442
vt 0.746788 0.628157
vt 0.81501 0.650182
vt 0.999643 0.617094
vt 0.995508 0.627513
vt 0.987915 0.639038
vt 0.549527 0.665405
vt 0.543091 0.653456
vt 0.552338 0.653445
vt 0.544871 0.635553
vt 0.549983 0.64026
vt 0.888105 0.845589
vt 0.857544 0.848511
vt 0.872435 0.843334
vt 0.891349 0.841503
vt 0.897451 0.840778
vt 0.918611 0.843612
vt 0.771375 0.444489
vt 0.791946 0.456114
vt 0.78835 0.457794
vt 0.773648 0.443374
vt 0.798299 0.463745
vt 0.757935 0.42788
vt 0.331578 0.825273
vt 0.312765 0.832852
vt 0.308321 0.826711
vt 0.333734 0.828786
vt 0.32272 0.83701
vt 0.300893 0.834561
vt 0.312577 0.845498
vt 0.298902 0.848511
vt 0.309436 0.839259
vt 0.294817 0.840337
vt 0.286743 0.843722
vt 0.287238 0.8341
vt 0.653648 0.425729
vt 0.658853 0.418732
vt 0.66739 0.412793
vt 0.652434 0.420925
vt 0.636211 0.421247
vt 0.630493 0.43689
vt 0.019516 0.847143
vt 0.023108 0.833447
vt 0.030094 0.84359
vt 0.022497 0.854383
vt 0.015455 0.859253
vt 0.016906 0.845593
vt 0.01874 0.819772
vt 0.011727 0.822427
vt 0.005956 0.809205
vt 0.012817 0.807613
vt 0.000122 0.799312
vt 0.880493 0.470093
vt 0.89031 0.45577
vt 0.889161 0.466784
vt 0.671509 0.745391
vt 0.675834 0.745793
vt 0.675936 0.748961
vt 0.679932 0.752042
vt 0.689253 0.766915
vt 0.701846 0.772418
vt 0.716119 0.773521
vt 0.714936 0.783225
vt 0.693971 0.776255
vt 0.692964 0.767298
vt 0.706139 0.785337
vt 0.728111 0.8031
vt 0.727293 0.784304
vt 0.731228 0.78291
vt 0.722159 0.793626
vt 0.720432 0.801028
vt 0.715082 0.797732
vt 0.729862 0.775668
vt 0.735983 0.776893
vt 0.740157 0.778969
vt 0.730031 0.772411
vt 0.753913 0.776584
vt 0.748197 0.780912
vt 0.741054 0.772418
vt 0.260376 0.12259
vt 0.265992 0.116017
vt 0.264701 0.122925
vt 0.081775 0.085165
vt 0.085032 0.08705
vt 0.077271 0.09021
vt 0.396118 0.153702
vt 0.407141 0.15206
vt 0.407954 0.157104
vt 0.212687 0.2533
vt 0.209157 0.260615
vt 0.198364 0.262573
vt 0.511266 0.437491
vt 0.513196 0.430583
vt 0.517516 0.437866
vt 0.515309 0.422001
vt 0.510864 0.437156
vt 0.510978 0.424404
vt 0.428001 0.445806
vt 0.443919 0.456729
vt 0.425965 0.45935
vt 0.416626 0.45123
vt 0.418542 0.432892
vt 0.435092 0.43144
vt 0.438848 0.442014
vt 0.577776 0.634336
vt 0.581456 0.636936
vt 0.57642 0.657593
vt 0.571411 0.626908
vt 0.325806 0.474882
vt 0.326671 0.461688
vt 0.341061 0.477417
vt 0.339852 0.461775
vt 0.702975 0.832448
vt 0.695856 0.826098
vt 0.706198 0.829714
vt 0.692947 0.843223
vt 0.68503 0.832269
vt 0.686872 0.848999
vt 0.723632 0.833935
vt 0.67981 0.823385
vt 0.683399 0.819438
vt 0.985577 0.256552
vt 0.969319 0.264491
vt 0.969476 0.262261
vt 0.963989 0.264526
vt 0.686325 0.627277
vt 0.689083 0.63855
vt 0.681856 0.628208
vt 0.678345 0.615751
vt 0.600395 0.331909
vt 0.592407 0.317291
vt 0.601239 0.323366
vt 0.179321 0.437866
vt 0.182754 0.410157
vt 0.182748 0.430281
vt 0.680298 0.508983
vt 0.680656 0.50321
vt 0.693037 0.519897
vt 0.686381 0.519737
vt 0.551767 0.417626
vt 0.557866 0.417648
vt 0.555901 0.435913
vt 0.544197 0.417222
vt 0.543733 0.430629
vt 0.53479 0.420101
vt 0.567889 0.417575
vt 0.308642 0.686948
vt 0.30091 0.680439
vt 0.304162 0.678668
vt 0.296731 0.685411
vt 0.318587 0.686004
vt 0.313569 0.681548
vt 0.318919 0.679331
vt 0.326598 0.677832
vt 0.319393 0.690307
vt 0.27934 0.674735
vt 0.286913 0.68485
vt 0.272708 0.675976
vt 0.289776 0.671423
vt 0.293784 0.680314
vt 0.279221 0.683831
vt 0.296642 0.672789
vt 0.305005 0.676185
vt 0.271857 0.667636
vt 0.280598 0.668391
vt 0.268716 0.665836
vt 0.281696 0.663773
vt 0.272011 0.652256
vt 0.258924 0.64404
vt 0.264896 0.64159
vt 0.250491 0.631258
vt 0.258055 0.627995
vt 0.236421 0.604399
vt 0.234381 0.62284
vt 0.229126 0.594596
vt 0.238743 0.591048
vt 0.233893 0.586206
vt 0.237961 0.582974
vt 0.24345 0.61909
vt 0.240437 0.608464
vt 0.251022 0.608667
vt 0.247139 0.585788
vt 0.241607 0.598534
vt 0.247046 0.57256
vt 0.235577 0.569428
vt 0.24875 0.600259
vt 0.231208 0.573078
vt 0.268054 0.678339
vt 0.254726 0.646085
vt 0.245286 0.631811
vt 0.242331 0.629654
vt 0.235935 0.635066
vt 0.266009 0.67076
vt 0.24355 0.640363
vt 0.256065 0.665975
vt 0.256533 0.656209
vt 0.242619 0.555221
vt 0.235726 0.553141
vt 0.248369 0.568629
vt 0.249553 0.563984
vt 0.246509 0.540355
vt 0.252 0.556769
vt 0.235165 0.542972
vt 0.246067 0.544657
vt 0.258732 0.54249
vt 0.713989 0.442749
vt 0.721833 0.426834
vt 0.718949 0.435968
vt 0.235418 0.823408
vt 0.229981 0.827562
vt 0.22229 0.816654
vt 0.260314 0.848022
vt 0.253664 0.839258
vt 0.266235 0.846886
vt 0.249203 0.845107
vt 0.223391 0.80977
vt 0.574255 0.272484
vt 0.580319 0.285316
vt 0.563491 0.274905
vt 0.549331 0.283292
vt 0.556261 0.294311
vt 0.537231 0.280713
vt 0.556767 0.278497
vt 0.573861 0.291814
vt 0.676405 0.424008
vt 0.67984 0.438354
vt 0.674881 0.431574
vt 0.671997 0.42244
vt 0.804906 0.814079
vt 0.80322 0.810226
vt 0.811126 0.798392
vt 0.800835 0.839054
vt 0.780405 0.849975
vt 0.789154 0.836838
vt 0.777466 0.811538
vt 0.783694 0.807906
vt 0.78226 0.81221
vt 0.786994 0.799734
vt 0.792259 0.809321
vt 0.807184 0.80257
vt 0.800397 0.825975
vt 0.812821 0.830878
vt 0.780536 0.81614
vt 0.786042 0.818329
vt 0.778198 0.831425
vt 0.79049 0.81476
vt 0.797376 0.819005
vt 0.801275 0.816776
vt 0.811545 0.826371
vt 0.785767 0.828968
vt 0.778975 0.837624
vt 0.613658 0.292358
vt 0.609985 0.284702
vt 0.618914 0.280524
vt 0.440738 0.335281
vt 0.437147 0.342203
vt 0.432739 0.346558
vt 0.446899 0.364792
vt 0.460121 0.366531
vt 0.455831 0.377808
vt 0.258885 0.526553
vt 0.259263 0.534546
vt 0.25354 0.532695
vt 0.257055 0.513781
vt 0.572696 0.840114
vt 0.568249 0.85592
vt 0.572118 0.833484
vt 0.5682 0.870619
vt 0.565552 0.870972
vt 0.579775 0.809552
vt 0.568882 0.822912
vt 0.525232 0.194702
vt 0.518677 0.189321
vt 0.529565 0.188029
vt 0.882574 0.599543
vt 0.874523 0.624326
vt 0.880897 0.594667
vt 0.877708 0.625512
vt 0.865845 0.632844
vt 0.870301 0.63562
vt 0.117266 0.015503
vt 0.116333 0.012158
vt 0.12485 0.015469
vt 0.093872 0.001316
vt 0.096521 0.000439
vt 0.094858 0.003784
vt 0.356751 0.65245
vt 0.362093 0.65673
vt 0.359908 0.665893
vt 0.353149 0.638064
vt 0.472778 0.536011
vt 0.479045 0.51558
vt 0.48788 0.51546
vt 0.947388 0.511939
vt 0.952115 0.509499
vt 0.956166 0.52185
vt 0.94903 0.5033
vt 0.92981 0.300219
vt 0.93862 0.30385
vt 0.936541 0.312866
vt 0.041452 0.490451
vt 0.032215 0.505737
vt 0.030884 0.496828
vt 0.036027 0.486436
vt 0.039041 0.48585
vt 0.650176 0.346069
vt 0.643677 0.338825
vt 0.648942 0.33255
vt 0.844224 0.366246
vt 0.839153 0.369018
vt 0.827109 0.359735
vt 0.826294 0.35459
vt 0.674261 0.175821
vt 0.674483 0.1828
vt 0.667114 0.182983
vt 0.828247 0.088304
vt 0.843765 0.088775
vt 0.830071 0.091186
vt 0.148552 0.423303
vt 0.142212 0.41944
vt 0.146605 0.405821
vt 0.142631 0.426147
vt 0.158443 0.410057
vt 0.159663 0.418883
vt 0.027826 0.099141
vt 0.034603 0.100918
vt 0.021118 0.101929
vt 0.367386 0.210662
vt 0.371807 0.211154
vt 0.366333 0.220581
vt 0.800094 0.218015
vt 0.792114 0.223999
vt 0.795074 0.214726
vt 0.670532 0.383667
vt 0.688778 0.367816
vt 0.683288 0.376965
vt 0.749454 0.375889
vt 0.756823 0.370925
vt 0.742446 0.389241
vt 0.737427 0.389526
vt 0.25164 0.255249
vt 0.247192 0.2461
vt 0.256466 0.253378
vt 0.017556 0.304968
vt 0.019344 0.31711
vt 0.000122 0.317261
vt 0.920024 0.414907
vt 0.913208 0.4281
vt 0.91398 0.412235
vt 0.695946 0.269188
vt 0.689575 0.275757
vt 0.690287 0.264073
vt 0.886143 0.519577
vt 0.883299 0.527948
vt 0.873169 0.516437
vt 0.88896 0.498818
vt 0.891456 0.515959
vt 0.884339 0.50515
vt 0.889699 0.533948
vt 0.895484 0.529331
vt 0.90008 0.537475
vt 0.842168 0.783634
vt 0.862218 0.784413
vt 0.846108 0.790217
vt 0.860914 0.792556
vt 0.844521 0.812866
vt 0.84746 0.800019
vt 0.853678 0.809206
vt 0.859768 0.80053
vt 0.866942 0.81101
vt 0.865642 0.704962
vt 0.869834 0.696509
vt 0.872033 0.711968
vt 0.867197 0.693448
vt 0.86758 0.729216
vt 0.846793 0.716454
vt 0.829582 0.713318
vt 0.848708 0.704572
vt 0.858272 0.703628
vt 0.855824 0.691251
vt 0.856136 0.710531
vt 0.852648 0.722414
vt 0.824356 0.725251
vt 0.818747 0.713487
vt 0.82881 0.723551
vt 0.82255 0.707222
vt 0.838254 0.702564
vt 0.887217 0.751037
vt 0.887465 0.748325
vt 0.910561 0.750741
vt 0.875199 0.744832
vt 0.912399 0.779881
vt 0.903531 0.783318
vt 0.903546 0.775234
vt 0.893243 0.761281
vt 0.884415 0.764817
vt 0.886063 0.781608
vt 0.890301 0.786075
vt 0.870447 0.779048
vt 0.894016 0.80389
vt 0.904999 0.791735
vt 0.905616 0.801495
vt 0.887582 0.792869
vt 0.878308 0.805741
vt 0.871568 0.79168
vt 0.869802 0.785354
vt 0.871662 0.731574
vt 0.878175 0.736504
vt 0.86924 0.742946
vt 0.857668 0.742151
vt 0.855432 0.743742
vt 0.859498 0.73049
vt 0.859173 0.719568
vt 0.861825 0.723094
vt 0.876065 0.720797
vt 0.882825 0.722763
vt 0.865774 0.767401
vt 0.888051 0.732374
vt 0.86278 0.735905
vt 0.85121 0.755463
vt 0.86637 0.750334
vt 0.866051 0.729545
vt 0.846729 0.737824
vt 0.862115 0.764197
vt 0.87613 0.764212
vt 0.843578 0.743122
vt 0.84313 0.750983
vt 0.858199 0.772114
vt 0.868863 0.776295
vt 0.857863 0.780172
vt 0.842499 0.764946
vt 0.840442 0.778642
vt 0.8238 0.790155
vt 0.831474 0.724845
vt 0.826936 0.783121
vt 0.831048 0.744977
vt 0.830301 0.736782
vt 0.834066 0.730887
vt 0.818481 0.731532
vt 0.891106 0.715032
vt 0.908662 0.739838
vt 0.906328 0.764387
vt 0.946072 0.744388
vt 0.930861 0.74424
vt 0.938274 0.741385
vt 0.945235 0.750492
vt 0.927571 0.773516
vt 0.935753 0.757425
vt 0.950036 0.753586
vt 0.925932 0.756681
vt 0.924696 0.749898
vt 0.964661 0.74455
vt 0.990753 0.74513
vt 0.973833 0.749027
vt 0.961764 0.738143
vt 0.977688 0.736049
vt 0.987464 0.738366
vt 0.984573 0.764852
vt 0.975133 0.755674
vt 0.992405 0.758285
vt 0.969682 0.759522
vt 0.958849 0.7512
vt 0.978622 0.768728
vt 0.990247 0.772742
vt 0.975652 0.778601
vt 0.960302 0.77526
vt 0.966602 0.767446
vt 0.960746 0.759688
vt 0.953137 0.741977
vt 0.953628 0.769017
vt 0.950921 0.776263
vt 0.94651 0.763044
vt 0.94349 0.776631
vt 0.931623 0.774831
vt 0.991804 0.779014
vt 0.948484 0.796112
vt 0.944647 0.789196
vt 0.948338 0.788758
vt 0.970404 0.782317
vt 0.99279 0.784596
vt 0.981099 0.787989
vt 0.991713 0.790779
vt 0.965389 0.802066
vt 0.961472 0.789278
vt 0.985608 0.801906
vt 0.977486 0.799389
vt 0.975658 0.806437
vt 0.983017 0.806564
vt 0.975659 0.815796
vt 0.989237 0.803012
vt 0.965585 0.809794
vt 0.955271 0.790747
vt 0.940384 0.789182
vt 0.933909 0.783587
vt 0.932403 0.810681
vt 0.931519 0.794904
vt 0.938 0.79662
vt 0.942706 0.804004
vt 0.942175 0.813537
vt 0.958447 0.805813
vt 0.958083 0.780017
vt 0.95964 0.811943
vt 0.956557 0.786939
vt 0.960843 0.781743
vt 0.924438 0.794462
vt 0.924869 0.781196
vt 0.993542 0.776965
vt 0.912488 0.839518
vt 0.899224 0.833125
vt 0.911676 0.831131
vt 0.921645 0.844604
vt 0.862487 0.822004
vt 0.86055 0.830285
vt 0.859985 0.818153
vt 0.872263 0.824124
vt 0.87215 0.829417
vt 0.887858 0.829778
vt 0.892559 0.829413
vt 0.888187 0.822651
vt 0.896813 0.822431
vt 0.903878 0.823753
vt 0.91909 0.832921
vt 0.537693 0.26856
vt 0.521169 0.267455
vt 0.523997 0.259209
vt 0.534541 0.27092
vt 0.504028 0.264483
vt 0.542686 0.276245
vt 0.459454 0.796199
vt 0.454996 0.811599
vt 0.443675 0.801507
vt 0.451946 0.798018
vt 0.44815 0.784952
vt 0.454279 0.788433
vt 0.476452 0.798488
vt 0.466413 0.807861
vt 0.439338 0.805282
vt 0.430298 0.796378
vt 0.444959 0.789552
vt 0.461168 0.790148
vt 0.466571 0.811541
vt 0.475825 0.792602
vt 0.450602 0.819321
vt 0.458536 0.820387
vt 0.459853 0.829596
vt 0.455737 0.830387
vt 0.454463 0.837768
vt 0.582796 0.420512
vt 0.574525 0.429213
vt 0.567017 0.434936
vt 0.059882 0.366577
vt 0.046021 0.357492
vt 0.051626 0.355207
vt 0.479614 0.243185
vt 0.480399 0.237558
vt 0.488654 0.24646
vt 0.591657 0.430841
vt 0.582642 0.437378
vt 0.584229 0.430487
vt 0.596508 0.418382
vt 0.590107 0.418225
vt 0.606889 0.416406
vt 0.136231 0.847849
vt 0.142731 0.874878
vt 0.134289 0.854126
vt 0.138677 0.793667
vt 0.138182 0.81373
vt 0.135569 0.795295
vt 0.135051 0.814681
vt 0.133423 0.827504
vt 0.138912 0.872497
vt 0.980103 0.831658
vt 0.985465 0.841469
vt 0.983848 0.850227
vt 0.992372 0.86385
vt 0.984387 0.809372
vt 0.990997 0.813214
vt 0.992359 0.800511
vt 0.995579 0.806107
vt 0.997262 0.801637
vt 0.996225 0.795246
vt 0.999815 0.796801
vt 0.990643 0.867797
vt 0.997628 0.875854
vt 0.978117 0.489993
vt 0.970337 0.502319
vt 0.975684 0.483249
vt 0.582723 0.644386
vt 0.585675 0.640695
vt 0.584646 0.652891
vt 0.586105 0.670339
vt 0.581177 0.665978
vt 0.585655 0.68103
vt 0.376099 0.136346
vt 0.380445 0.132366
vt 0.377389 0.142456
vt 0.830688 0.179114
vt 0.834967 0.189331
vt 0.831956 0.187028
vt 0.50354 0.149855
vt 0.519479 0.153957
vt 0.510442 0.154175
vt 0.152293 0.663583
vt 0.14409 0.663241
vt 0.150559 0.648636
vt 0.143394 0.637024
vt 0.143188 0.647301
vt 0.150968 0.673218
vt 0.146742 0.666767
vt 0.226134 0.179565
vt 0.217896 0.173597
vt 0.231217 0.174204
vt 0.77899 0.245714
vt 0.785112 0.250366
vt 0.769653 0.244488
vt 0.793942 0.24832
vt 0.265259 0.540362
vt 0.272889 0.539971
vt 0.267256 0.55603
vt 0.268306 0.536515
vt 0.360422 0.272229
vt 0.371741 0.26976
vt 0.363141 0.277998
vt 0.357211 0.266202
vt 0.375684 0.265751
vt 0.357712 0.279501
vt 0.353917 0.273336
vt 0.338501 0.27066
vt 0.364625 0.283081
vt 0.589288 0.266678
vt 0.574341 0.261736
vt 0.598594 0.265975
vt 0.598923 0.27026
vt 0.605283 0.271362
vt 0.450806 0.284546
vt 0.466068 0.276797
vt 0.462124 0.281189
vt 0.133185 0.173828
vt 0.131084 0.1781
vt 0.127075 0.173709
vt 0.143462 0.177327
vt 0.786711 0.496585
vt 0.805922 0.483979
vt 0.791326 0.496784
vt 0.783813 0.508179
vt 0.445147 0.377048
vt 0.441605 0.377382
vt 0.434692 0.368975
vt 0.460851 0.387573
vt 0.338757 0.27797
vt 0.353353 0.28271
vt 0.334106 0.28894
vt 0.787448 0.244018
vt 0.771118 0.242215
vt 0.788741 0.237892
vt 0.777214 0.236147
vt 0.794784 0.240466
vt 0.807018 0.23928
vt 0.56181 0.642944
vt 0.551634 0.63402
vt 0.560854 0.633525
vt 0.550415 0.617056
vt 0.423846 0.470805
vt 0.416138 0.459634
vt 0.431375 0.475464
vt 0.003627 0.817967
vt 0.003645 0.807266
vt 0.007452 0.816608
vt 0.000122 0.83686
vt 0.005322 0.836715
vt 0.004737 0.854906
vt 0.006483 0.867554
vt 0.153414 0.621113
vt 0.153763 0.615587
vt 0.159642 0.626664
vt 0.156539 0.633263
vt 0.151978 0.633465
vt 0.159361 0.643582
vt 0.156421 0.647339
vt 0.164159 0.64682
vt 0.436646 0.121125
vt 0.439765 0.123208
vt 0.437172 0.13269
vt 0.637817 0.002742
vt 0.640937 0.002104
vt 0.638457 0.006714
vt 0.838894 0.433472
vt 0.83313 0.417155
vt 0.840883 0.424001
vt 0.174871 0.337496
vt 0.183362 0.352417
vt 0.174438 0.346686
vt 0.234144 0.268708
vt 0.230662 0.280151
vt 0.22522 0.27409
vt 0.992971 0.647373
vt 0.995268 0.648338
vt 0.99982 0.668335
vt 0.990356 0.635929
vt 0.626587 0.62744
vt 0.634096 0.608147
vt 0.631956 0.620916
vt 0.62838 0.63269
vt 0.644653 0.240895
vt 0.645565 0.228867
vt 0.646642 0.250366
vt 0.20813 0.280553
vt 0.21172 0.278054
vt 0.213844 0.281294
vt 0.212823 0.290405
vt 0.098227 0.309523
vt 0.108101 0.309524
vt 0.101795 0.321655
vt 0.083969 0.310615
vt 0.089903 0.309773
vt 0.083618 0.316373
vt 0.092035 0.320426
vt 0.046997 0.083774
vt 0.053504 0.08348
vt 0.050754 0.088745
vt 0.908813 0.050011
vt 0.913611 0.053249
vt 0.90974 0.056518
vt 0.529463 0.789048
vt 0.512439 0.786041
vt 0.523556 0.780618
vt 0.516286 0.79243
vt 0.495401 0.790411
vt 0.491762 0.776125
vt 0.50045 0.787167
vt 0.504512 0.794311
vt 0.518582 0.766734
vt 0.528383 0.772631
vt 0.511099 0.772829
vt 0.505528 0.774663
vt 0.492161 0.793168
vt 0.494566 0.769776
vt 0.504356 0.757833
vt 0.488892 0.789979
vt 0.494312 0.76534
vt 0.52275 0.745869
vt 0.529115 0.750706
vt 0.521435 0.754626
vt 0.501505 0.740842
vt 0.570607 0.74218
vt 0.572364 0.755866
vt 0.561456 0.730892
vt 0.558599 0.740324
vt 0.546772 0.75638
vt 0.542823 0.745067
vt 0.535179 0.764226
vt 0.542381 0.754846
vt 0.564746 0.786919
vt 0.57356 0.771568
vt 0.574367 0.782317
vt 0.568123 0.769294
vt 0.540478 0.78306
vt 0.574637 0.787128
vt 0.549073 0.791748
vt 0.587563 0.783792
vt 0.584231 0.779314
vt 0.592904 0.777459
vt 0.542513 0.758473
vt 0.545542 0.780627
vt 0.579221 0.773348
vt 0.559087 0.768607
vt 0.556708 0.751311
vt 0.592554 0.772588
vt 0.528325 0.759824
vt 0.578204 0.758776
vt 0.05375 0.78592
vt 0.066085 0.776797
vt 0.067785 0.785454
vt 0.052321 0.776745
vt 0.063083 0.885373
vt 0.071671 0.898007
vt 0.052053 0.895686
vt 0.057185 0.909546
vt 0.07254 0.904774
vt 0.053783 0.885019
vt 0.049076 0.907203
vt 0.063235 0.866838
vt 0.04895 0.871424
vt 0.071911 0.875419
vt 0.063362 0.819601
vt 0.071386 0.84266
vt 0.053857 0.829217
vt 0.052608 0.852096
vt 0.053644 0.843688
vt 0.07247 0.859548
vt 0.052227 0.81599
vt 0.07229 0.868502
vt 0.071877 0.818356
vt 0.070658 0.815574
vt 0.050437 0.812058
vt 0.054339 0.807414
vt 0.066972 0.796083
vt 0.053298 0.800198
vt 0.046394 0.102352
vt 0.043156 0.105835
vt 0.032837 0.102786
vt 0.154907 0.031128
vt 0.155004 0.027277
vt 0.161671 0.029966
vt 0.35818 0.256235
vt 0.362417 0.261419
vt 0.341919 0.264526
vt 0.998793 0.497925
vt 0.986631 0.490332
vt 0.999106 0.482574
vt 0.978638 0.496582
vt 0.988501 0.473805
vt 0.170031 0.16008
vt 0.179883 0.159669
vt 0.167114 0.164917
vt 0.267791 0.608276
vt 0.259794 0.592925
vt 0.266957 0.594422
vt 0.25993 0.583637
vt 0.251587 0.583792
vt 0.255197 0.577223
vt 0.264702 0.588073
vt 0.514958 0.18396
vt 0.512329 0.173916
vt 0.517063 0.177422
vt 0.265815 0.233291
vt 0.260864 0.244507
vt 0.261043 0.233545
vt 0.878567 0.540839
vt 0.863403 0.537986
vt 0.873587 0.52376
vt 0.869408 0.547729
vt 0.082642 0.238647
vt 0.089424 0.234006
vt 0.08918 0.237554
vt 0.106259 0.234348
vt 0.143428 0.133667
vt 0.141724 0.129866
vt 0.14618 0.124607
vt 0.182761 0.330978
vt 0.165161 0.342163
vt 0.168103 0.335104
vt 0.875221 0.238647
vt 0.858154 0.237838
vt 0.837036 0.231687
vt 0.77356 0.156246
vt 0.776313 0.156173
vt 0.782618 0.162475
vt 0.685851 0.391968
vt 0.680786 0.379492
vt 0.696998 0.381362
vt 0.687469 0.227905
vt 0.676392 0.226396
vt 0.680435 0.219859
vt 0.247192 0.301657
vt 0.26004 0.301292
vt 0.257798 0.310425
vt 0.018519 0.396187
vt 0.022875 0.399681
vt 0.001099 0.406743
vt 0.002824 0.414429
vt 0.670459 0.246631
vt 0.668091 0.240453
vt 0.673508 0.24202
vt 0.678349 0.250366
vt 0.270162 0.183028
vt 0.262329 0.184448
vt 0.267067 0.176849
vt 0.0653 0.484838
vt 0.067034 0.498602
vt 0.048336 0.491838
vt 0.054154 0.481414
vt 0.044231 0.502807
vt 0.030884 0.4785
vt 0.045691 0.466012
vt 0.047745 0.488092
vt 0.052663 0.477291
vt 0.042149 0.493987
vt 0.521085 0.135721
vt 0.524615 0.141479
vt 0.515747 0.13646
vt 0.003173 0.458374
vt 0.000122 0.443422
vt 0.013898 0.448076
vt 0.915243 0.719434
vt 0.920857 0.726786
vt 0.915392 0.738515
vt 0.969606 0.628159
vt 0.964028 0.61633
vt 0.978831 0.61732
vt 0.888027 0.710984
vt 0.889137 0.703473
vt 0.896958 0.719541
vt 0.901072 0.698803
vt 0.955093 0.62846
vt 0.961752 0.626134
vt 0.958399 0.633374
vt 0.962953 0.641423
vt 0.944266 0.631536
vt 0.940256 0.61494
vt 0.952122 0.650358
vt 0.965349 0.600729
vt 0.97772 0.600357
vt 0.908106 0.691189
vt 0.912805 0.713169
vt 0.905234 0.712829
vt 0.957378 0.607072
vt 0.951474 0.613287
vt 0.907133 0.640724
vt 0.906229 0.631812
vt 0.915332 0.633116
vt 0.963838 0.645617
vt 0.975371 0.656906
vt 0.960914 0.665024
vt 0.962532 0.673052
vt 0.957257 0.647597
vt 0.97786 0.67372
vt 0.962229 0.687895
vt 0.973913 0.643397
vt 0.944192 0.656404
vt 0.950167 0.681132
vt 0.956485 0.668033
vt 0.932203 0.7221
vt 0.933918 0.736959
vt 0.924973 0.710276
vt 0.955913 0.686595
vt 0.89864 0.68811
vt 0.890428 0.692567
vt 0.886839 0.682442
vt 0.983716 0.690805
vt 0.955908 0.692378
vt 0.928424 0.695395
vt 0.968149 0.706723
vt 0.959623 0.702537
vt 0.966551 0.697979
vt 0.949034 0.699428
vt 0.955462 0.70611
vt 0.948811 0.718425
vt 0.934439 0.696479
vt 0.942688 0.732786
vt 0.959734 0.715397
vt 0.955324 0.718159
vt 0.960369 0.731381
vt 0.969409 0.73032
vt 0.950826 0.730528
vt 0.96896 0.718812
vt 0.954857 0.735829
vt 0.894495 0.656915
vt 0.893923 0.66777
vt 0.888769 0.653578
vt 0.884466 0.654899
vt 0.887323 0.668201
vt 0.947502 0.74353
vt 0.892461 0.630969
vt 0.89133 0.638995
vt 0.917076 0.69828
vt 0.930821 0.630503
vt 0.916492 0.645397
vt 0.934631 0.59821
vt 0.951419 0.591672
vt 0.8972 0.650588
vt 0.888674 0.652134
vt 0.922699 0.595887
vt 0.921598 0.615592
vt 0.913732 0.602769
vt 0.913426 0.587978
vt 0.91902 0.589339
vt 0.928899 0.643558
vt 0.918674 0.629639
vt 0.905915 0.60176
vt 0.904164 0.591093
vt 0.923483 0.622697
vt 0.908302 0.627859
vt 0.887236 0.624435
vt 0.901008 0.610487
vt 0.897991 0.591707
vt 0.891712 0.616316
vt 0.891577 0.598651
vt 0.887862 0.606246
vt 0.886712 0.590553
vt 0.882935 0.601397
vt 0.930635 0.738337
vt 0.938717 0.67239
vt 0.922713 0.659979
vt 0.917956 0.647301
vt 0.917451 0.669339
vt 0.904768 0.655503
vt 0.915466 0.669365
vt 0.899857 0.661439
vt 0.928169 0.677731
vt 0.936433 0.687164
vt 0.921373 0.682543
vt 0.915834 0.685573
vt 0.908095 0.679921
vt 0.91442 0.69123
vt 0.907343 0.674819
vt 0.891555 0.678941
vt 0.754002 0.499398
vt 0.754433 0.50408
vt 0.745239 0.512085
vt 0.76766 0.478734
vt 0.768327 0.484999
vt 0.804729 0.784167
vt 0.807173 0.792724
vt 0.792622 0.797904
vt 0.787716 0.794564
vt 0.784175 0.790196
vt 0.790345 0.791195
vt 0.819734 0.741384
vt 0.813159 0.755626
vt 0.811606 0.744969
vt 0.805347 0.773849
vt 0.810606 0.776656
vt 0.779627 0.800659
vt 0.777466 0.796763
vt 0.789567 0.783429
vt 0.804579 0.76084
vt 0.808234 0.753924
vt 0.815985 0.76575
vt 0.815169 0.728082
vt 0.821575 0.752125
vt 0.82291 0.761293
vt 0.166315 0.817316
vt 0.14976 0.815439
vt 0.156384 0.810568
vt 0.177346 0.783742
vt 0.184521 0.770472
vt 0.183361 0.798717
vt 0.147257 0.809721
vt 0.145935 0.826138
vt 0.150515 0.830317
vt 0.158302 0.834503
vt 0.140747 0.86483
vt 0.15182 0.856288
vt 0.148659 0.865112
vt 0.143633 0.849149
vt 0.147331 0.815082
vt 0.153236 0.743874
vt 0.156607 0.753504
vt 0.150961 0.755917
vt 0.149066 0.764311
vt 0.159242 0.762408
vt 0.17009 0.829098
vt 0.180402 0.810942
vt 0.151336 0.792507
vt 0.147364 0.792211
vt 0.149184 0.848193
vt 0.171182 0.795144
vt 0.166663 0.839359
vt 0.147932 0.774769
vt 0.152558 0.770276
vt 0.150334 0.783467
vt 0.158441 0.784248
vt 0.18315 0.729017
vt 0.174707 0.739301
vt 0.169183 0.725593
vt 0.161627 0.731983
vt 0.177775 0.756342
vt 0.187042 0.748954
vt 0.165638 0.741844
vt 0.168428 0.753542
vt 0.175468 0.718848
vt 0.153994 0.726553
vt 0.157742 0.734326
vt 0.165062 0.715681
vt 0.160814 0.75245
vt 0.156727 0.77414
vt 0.178204 0.841851
vt 0.168217 0.766858
vt 0.174465 0.71531
vt 0.000526 0.776581
vt 0.004612 0.775413
vt 0.003759 0.780774
vt 0.000122 0.757903
vt 0.000503 0.782956
vt 0.036287 0.830522
vt 0.032318 0.831421
vt 0.027799 0.814841
vt 0.011997 0.791831
vt 0.019204 0.81143
vt 0.007625 0.802501
vt 0.883645 0.566617
vt 0.882978 0.587281
vt 0.878667 0.584627
vt 0.867798 0.572989
vt 0.88168 0.591567
vt 0.885728 0.598999
vt 0.735962 0.482529
vt 0.744374 0.478689
vt 0.736805 0.484741
vt 0.737241 0.471497
vt 0.736905 0.466095
vt 0.750474 0.473207
vt 0.75574 0.462272
vt 0.759918 0.45215
vt 0.760497 0.463674
vt 0.75066 0.465501
vt 0.765916 0.453325
vt 0.773628 0.447124
vt 0.02343 0.433668
vt 0.011648 0.425854
vt 0.022152 0.422637
vt 0.008202 0.442749
vt 0.000122 0.438709
vt 0.015067 0.436321
vt 0.003856 0.4306
vt 0.007077 0.416876
vt 0.022488 0.417234
vt 0.000368 0.415245
vt 0.87487 0.326963
vt 0.879505 0.335013
vt 0.873657 0.341186
vt 0.699337 0.197143
vt 0.689087 0.192615
vt 0.697176 0.190031
vt 0.445211 0.248838
vt 0.457094 0.253509
vt 0.448353 0.251587
vt 0.442505 0.255737
vt 0.849328 0.395386
vt 0.841919 0.387109
vt 0.843186 0.379538
vt 0.593658 0.2705
vt 0.592002 0.278211
vt 0.578247 0.278671
vt 0.597082 0.278686
vt 0.983923 0.273804
vt 0.973802 0.273213
vt 0.977449 0.268922
vt 0.970337 0.265027
vt 0.461548 0.204075
vt 0.473038 0.198675
vt 0.467546 0.203566
vt 0.475258 0.204956
vt 0.609141 0.372892
vt 0.614583 0.379366
vt 0.601587 0.381714
vt 0.597651 0.37535
vt 0.587036 0.37351
vt 0.592217 0.362641
vt 0.922974 0.361694
vt 0.924007 0.343501
vt 0.92846 0.348343
vt 0.246913 0.301843
vt 0.234497 0.310425
vt 0.237231 0.306073
vt 0.606079 0.565796
vt 0.615382 0.544225
vt 0.615502 0.552253
vt 0.2542 0.511184
vt 0.247855 0.513946
vt 0.255789 0.501896
vt 0.244678 0.527168
vt 0.234985 0.531616
vt 0.893188 0.50988
vt 0.902896 0.508342
vt 0.896021 0.518921
vt 0.900474 0.499663
vt 0.525607 0.273541
vt 0.520855 0.279362
vt 0.512329 0.270835
vt 0.530859 0.279266
vt 0.532088 0.283569
vt 0.352906 0.857867
vt 0.354325 0.868695
vt 0.343092 0.87146
vt 0.345382 0.847156
vt 0.354295 0.840996
vt 0.355614 0.84753
vt 0.358081 0.855556
vt 0.350525 0.822807
vt 0.357034 0.832877
vt 0.342737 0.817958
vt 0.339948 0.824883
vt 0.335571 0.814253
vt 0.345784 0.844374
vt 0.363009 0.60824
vt 0.360765 0.619092
vt 0.349731 0.614567
vt 0.361514 0.632471
vt 0.360517 0.637573
vt 0.157868 0.299426
vt 0.169798 0.309144
vt 0.157297 0.306846
vt 0.162648 0.310913
vt 0.150513 0.307127
vt 0.059192 0.184906
vt 0.063409 0.192261
vt 0.05188 0.188937
vt 0.753123 0.398804
vt 0.746704 0.384638
vt 0.757283 0.393111
vt 0.582806 0.812101
vt 0.585299 0.811956
vt 0.585462 0.820767
vt 0.5802 0.827166
vt 0.593675 0.829343
vt 0.595195 0.839301
vt 0.587486 0.830397
vt 0.585809 0.83281
vt 0.581524 0.842752
vt 0.589841 0.841204
vt 0.592724 0.851662
vt 0.597762 0.869104
vt 0.590512 0.864639
vt 0.592179 0.811219
vt 0.590711 0.803446
vt 0.589041 0.878784
vt 0.65337 0.390015
vt 0.643677 0.384503
vt 0.654919 0.378084
vt 0.593447 0.306906
vt 0.592896 0.298994
vt 0.602578 0.302694
vt 0.599342 0.312866
vt 0.875947 0.609741
vt 0.861938 0.582871
vt 0.874858 0.595694
vt 0.445814 0.235229
vt 0.434692 0.234271
vt 0.439697 0.227131
vt 0.751587 0.450073
vt 0.764502 0.43682
vt 0.763988 0.449184
vt 0.173303 0.370367
vt 0.166138 0.372436
vt 0.17726 0.361725
vt 0.603408 0.125094
vt 0.607531 0.124574
vt 0.601685 0.131714
vt 0.504183 0.185053
vt 0.502596 0.195679
vt 0.50061 0.180987
vt 0.590454 0.228037
vt 0.6016 0.230075
vt 0.598086 0.236694
vt 0.681763 0.68396
vt 0.68363 0.669408
vt 0.688662 0.679036
vt 0.689569 0.659285
vt 0.686761 0.645011
vt 0.873815 0.316284
vt 0.871216 0.314127
vt 0.877212 0.303563
vt 0.383423 0.039385
vt 0.384072 0.033995
vt 0.388842 0.039917
vt 0.222178 0.186901
vt 0.222285 0.194702
vt 0.214966 0.190558
vt 0.993774 0.338527
vt 0.998226 0.342829
vt 0.999865 0.353393
vt 0.702205 0.391758
vt 0.707617 0.400268
vt 0.692017 0.387614
vt 0.726806 0.361829
vt 0.72959 0.350758
vt 0.732083 0.352715
vt 0.713989 0.359684
vt 0.719409 0.363159
vt 0.563833 0.627741
vt 0.569218 0.617167
vt 0.573506 0.618241
vt 0.562134 0.642456
vt 0.566561 0.642232
vt 0.636856 0.193237
vt 0.624634 0.186149
vt 0.637299 0.188786
vt 0.794536 0.623365
vt 0.796129 0.63562
vt 0.789185 0.611629
vt 0.796743 0.615436
vt 0.790259 0.608496
vt 0.802784 0.622868
vt 0.176405 0.455712
vt 0.171181 0.457771
vt 0.163696 0.45149
vt 0.175039 0.458845
vt 0.179571 0.470581
vt 0.476631 0.820494
vt 0.47379 0.818589
vt 0.476696 0.802831
vt 0.468182 0.842557
vt 0.472174 0.842531
vt 0.467407 0.858765
vt 0.998684 0.550205
vt 0.999703 0.557255
vt 0.98645 0.572143
vt 0.237454 0.268921
vt 0.225232 0.266785
vt 0.246558 0.259746
vt 0.223755 0.263735
vt 0.809656 0.180542
vt 0.808716 0.177003
vt 0.819524 0.174874
vt 0.402185 0.360633
vt 0.402272 0.365507
vt 0.395142 0.37439
vt 0.684039 0.285157
vt 0.661693 0.278818
vt 0.670012 0.28001
vt 0.657837 0.287016
vt 0.681105 0.289631
vt 0.660142 0.289917
vt 0.693735 0.289348
vt 0.468362 0.276733
vt 0.448853 0.270708
vt 0.455546 0.266594
vt 0.030495 0.804417
vt 0.050004 0.818338
vt 0.041686 0.815899
vt 0.026136 0.804164
vt 0.037829 0.823608
vt 0.006496 0.728527
vt 0.000122 0.750522
vt 0.000516 0.725305
vt 0.004937 0.745392
vt 0.006668 0.705898
vt 0.0097 0.710284
vt 0.01114 0.764405
vt 0.019433 0.787401
vt 0.001652 0.761085
vt 0.006206 0.756115
vt 0.017805 0.795322
vt 0.027705 0.795086
vt 0.017276 0.69058
vt 0.880353 0.837242
vt 0.894731 0.839618
vt 0.884059 0.841675
vt 0.870063 0.837811
vt 0.863342 0.835413
vt 0.869718 0.830238
vt 0.882349 0.831236
vt 0.848755 0.832482
vt 0.122944 0.81509
vt 0.118992 0.836997
vt 0.115188 0.828696
vt 0.119515 0.847922
vt 0.116614 0.850464
vt 0.113583 0.843145
vt 0.131188 0.828478
vt 0.131296 0.819636
vt 0.13421 0.730001
vt 0.14013 0.730212
vt 0.137068 0.749619
vt 0.125709 0.738364
vt 0.130855 0.758653
vt 0.139817 0.774836
vt 0.113127 0.758003
vt 0.116347 0.766231
vt 0.116015 0.777312
vt 0.130553 0.794914
vt 0.136381 0.785399
vt 0.108032 0.819225
vt 0.113607 0.802519
vt 0.617602 0.608853
vt 0.621248 0.613544
vt 0.615356 0.616868
vt 0.621035 0.635847
vt 0.625857 0.635396
vt 0.629223 0.64978
vt 0.000489 0.499854
vt 0.008588 0.518921
vt 0.000122 0.508739
vt 0.60373 0.640848
vt 0.607935 0.640128
vt 0.598267 0.654663
vt 0.605728 0.627203
vt 0.573621 0.569214
vt 0.584639 0.544287
vt 0.587178 0.56547
vt 0.573364 0.560227
vt 0.184154 0.568725
vt 0.183228 0.543923
vt 0.191267 0.563425
vt 0.126587 0.650547
vt 0.133994 0.634475
vt 0.135686 0.660522
vt 0.987768 0.639687
vt 0.990116 0.671265
vt 0.982956 0.665023
vt 0.981567 0.65026
vt 0.810761 0.6156
vt 0.801558 0.605853
vt 0.799897 0.596161
vt 0.789185 0.589311
vt 0.796465 0.572116
vt 0.682941 0.178589
vt 0.680786 0.168288
vt 0.685651 0.169291
vt 0.379943 0.079466
vt 0.371428 0.080444
vt 0.365356 0.078138
vt 0.47254 0.515803
vt 0.460083 0.533081
vt 0.465735 0.517987
vt 0.993882 0.321856
vt 0.992798 0.312449
vt 0.999834 0.327026
vt 0.347778 0.243582
vt 0.350762 0.23812
vt 0.356657 0.246948
vt 0.766235 0.568286
vt 0.778779 0.592651
vt 0.770276 0.582622
vt 0.867798 0.045851
vt 0.871766 0.043795
vt 0.868783 0.050659
vt 0.183918 0.618514
vt 0.179764 0.620686
vt 0.182361 0.610705
vt 0.171509 0.640991
vt 0.000122 0.488868
vt 0.004217 0.490756
vt 0.014199 0.505737
vt 0.804321 0.025268
vt 0.806362 0.019266
vt 0.808417 0.023423
vt 0.47656 0.799721
vt 0.467294 0.820638
vt 0.471626 0.80801
vt 0.470546 0.826118
vt 0.463332 0.831007
vt 0.452271 0.848022
vt 0.45506 0.838691
vt 0.91331 0.131599
vt 0.912231 0.141968
vt 0.913711 0.118971
vt 0.695939 0.233765
vt 0.69397 0.228685
vt 0.705548 0.225339
vt 0.129753 0.528663
vt 0.13552 0.532075
vt 0.134783 0.538452
vt 0.123657 0.529633
vt 0.127731 0.51961
vt 0.635428 0.829058
vt 0.633351 0.838847
vt 0.625306 0.829887
vt 0.64321 0.829323
vt 0.647143 0.834918
vt 0.637772 0.832469
vt 0.633956 0.820004
vt 0.629709 0.841293
vt 0.625609 0.837181
vt 0.624958 0.824277
vt 0.627575 0.809353
vt 0.635597 0.817441
vt 0.644087 0.841333
vt 0.628777 0.852374
vt 0.619263 0.841146
vt 0.645129 0.854363
vt 0.638293 0.853696
vt 0.641448 0.849113
vt 0.634142 0.860718
vt 0.034281 0.440024
vt 0.03634 0.448458
vt 0.027135 0.452721
vt 0.019571 0.447038
vt 0.013317 0.461493
vt 0.051334 0.434386
vt 0.044359 0.440888
vt 0.040244 0.450535
vt 0.022562 0.468915
vt 0.024588 0.472046
vt 0.016483 0.47089
vt 0.030196 0.466351
vt 0.016474 0.460029
vt 0.014851 0.46557
vt 0.011841 0.470173
vt 0.766874 0.461682
vt 0.770094 0.466242
vt 0.762817 0.468097
vt 0.7727 0.476929
vt 0.73507 0.805195
vt 0.733996 0.819483
vt 0.731631 0.815763
vt 0.727173 0.809031
vt 0.730535 0.796678
vt 0.738444 0.794487
vt 0.738266 0.802028
vt 0.73798 0.78859
vt 0.745825 0.787397
vt 0.750196 0.794346
vt 0.728827 0.824617
vt 0.754855 0.809418
vt 0.765603 0.800017
vt 0.765962 0.810779
vt 0.732902 0.832886
vt 0.735686 0.825965
vt 0.745098 0.807278
vt 0.75202 0.795869
vt 0.751463 0.810684
vt 0.75654 0.798171
vt 0.742777 0.8066
vt 0.740638 0.821229
vt 0.777942 0.806179
vt 0.122501 0.432106
vt 0.116048 0.446655
vt 0.112427 0.443987
vt 0.69795 0.78521
vt 0.701564 0.783014
vt 0.70546 0.789746
vt 0.699608 0.790218
vt 0.685714 0.811904
vt 0.679164 0.813067
vt 0.690818 0.805154
vt 0.667114 0.825055
vt 0.681198 0.819483
vt 0.694351 0.811435
vt 0.693653 0.807583
vt 0.698343 0.809365
vt 0.675081 0.828979
vt 0.709325 0.813205
vt 0.706499 0.817132
vt 0.68893 0.813959
vt 0.701332 0.804541
vt 0.704146 0.7986
vt 0.705338 0.806868
vt 0.738403 0.353492
vt 0.746542 0.365833
vt 0.743639 0.368042
vt 0.36731 0.169075
vt 0.377432 0.169846
vt 0.373356 0.175171
vt 0.408604 0.399577
vt 0.413079 0.393064
vt 0.423314 0.405151
vt 0.431533 0.389328
vt 0.42307 0.393362
vt 0.422734 0.384836
vt 0.402954 0.384283
vt 0.419358 0.379702
vt 0.424864 0.377301
vt 0.418896 0.373348
vt 0.440367 0.404535
vt 0.06297 0.039429
vt 0.062622 0.033051
vt 0.066626 0.038817
vt 0.545074 0.272339
vt 0.540649 0.266588
vt 0.549648 0.262315
vt 0.556305 0.083971
vt 0.555251 0.089722
vt 0.549927 0.08958
vt 0.64856 0.215652
vt 0.654326 0.217681
vt 0.655262 0.224975
vt 0.432933 0.821006
vt 0.429937 0.812789
vt 0.438431 0.808242
vt 0.423137 0.806857
vt 0.421183 0.820434
vt 0.418906 0.808006
vt 0.415314 0.802947
vt 0.431918 0.799578
vt 0.41201 0.796576
vt 0.418556 0.789749
vt 0.412202 0.791334
vt 0.405884 0.788601
vt 0.444487 0.822697
vt 0.432724 0.832941
vt 0.424844 0.83728
vt 0.491504 0.010318
vt 0.484985 0.01062
vt 0.4886 0.007529
vt 0.856518 0.171942
vt 0.848143 0.174683
vt 0.838989 0.170493
vt 0.743774 0.093776
vt 0.746779 0.089152
vt 0.750284 0.095093
vt 0.292631 0.831773
vt 0.285558 0.831684
vt 0.294776 0.827655
vt 0.276326 0.827671
vt 0.283149 0.826611
vt 0.282274 0.828923
vt 0.278122 0.832397
vt 0.324523 0.822482
vt 0.323352 0.816114
vt 0.334944 0.821695
vt 0.316369 0.820225
vt 0.322479 0.825286
vt 0.311728 0.817059
vt 0.306509 0.82509
vt 0.30237 0.821818
vt 0.298095 0.817859
vt 0.274947 0.824449
vt 0.294658 0.823859
vt 0.288714 0.821709
vt 0.274793 0.817508
vt 0.282697 0.816334
vt 0.269157 0.805058
vt 0.274526 0.813009
vt 0.266724 0.809176
vt 0.268878 0.817836
vt 0.275363 0.806222
vt 0.593217 0.324235
vt 0.595277 0.331671
vt 0.590942 0.338745
vt 0.735121 0.455746
vt 0.740375 0.452745
vt 0.748088 0.457397
vt 0.714966 0.448461
vt 0.724354 0.454341
vt 0.71992 0.454985
vt 0.722266 0.450248
vt 0.731804 0.441898
vt 0.734729 0.45036
vt 0.732391 0.435278
vt 0.737413 0.438117
vt 0.7226 0.438402
vt 0.746378 0.440485
vt 0.186623 0.527169
vt 0.184561 0.522961
vt 0.189347 0.521925
vt 0.17981 0.522529
vt 0.191348 0.543335
vt 0.684328 0.499461
vt 0.6751 0.500352
vt 0.690102 0.49309
vt 0.68772 0.487851
vt 0.696095 0.485115
vt 0.678566 0.489064
vt 0.664185 0.514038
vt 0.204511 0.456639
vt 0.202353 0.464703
vt 0.197388 0.459459
vt 0.207671 0.463748
vt 0.208517 0.467855
vt 0.219849 0.463479
vt 0.216769 0.470325
vt 0.214461 0.456664
vt 0.208036 0.47937
vt 0.203534 0.478951
vt 0.160303 0.60981
vt 0.166385 0.609646
vt 0.167143 0.618042
vt 0.163329 0.604787
vt 0.172066 0.602761
vt 0.170338 0.58699
vt 0.172871 0.582479
vt 0.179295 0.589311
vt 0.183707 0.595675
vt 0.15979 0.594996
vt 0.16654 0.591232
vt 0.183132 0.599068
vt 0.176767 0.610175
vt 0.082153 0.164485
vt 0.096963 0.165207
vt 0.099723 0.168335
vt 0.007933 0.061617
vt 0.006009 0.06853
vt 0.004028 0.068725
vt 0.226457 0.801042
vt 0.223278 0.80024
vt 0.221474 0.790734
vt 0.212243 0.814176
vt 0.219366 0.808282
vt 0.216519 0.816205
vt 0.224182 0.786532
vt 0.213218 0.798745
vt 0.211318 0.830889
vt 0.207118 0.825315
vt 0.220109 0.814919
vt 0.204515 0.820708
vt 0.210157 0.81872
vt 0.20899 0.81459
vt 0.214345 0.803496
vt 0.203623 0.833451
vt 0.198397 0.823699
vt 0.204308 0.827801
vt 0.194946 0.839722
vt 0.203741 0.838228
vt 0.371444 0.236694
vt 0.361938 0.23493
vt 0.36821 0.232854
vt 0.371494 0.230092
vt 0.241494 0.253361
vt 0.257646 0.261597
vt 0.236245 0.256587
vt 0.226685 0.254083
vt 0.995485 0.308762
vt 0.999687 0.31189
vt 0.993691 0.310741
vt 0.99231 0.300815
vt 0.113729 0.237183
vt 0.115948 0.231977
vt 0.131298 0.233332
vt 0.106567 0.233523
vt 0.706665 0.315718
vt 0.713244 0.317158
vt 0.707889 0.322632
vt 0.709917 0.31244
vt 0.716365 0.318366
vt 0.719317 0.313864
vt 0.618456 0.006578
vt 0.619625 0.0098
vt 0.618286 0.014526
vt 0.571041 0.576266
vt 0.564882 0.573824
vt 0.57272 0.56634
vt 0.56311 0.579956
vt 0.571023 0.559399
vt 0.564549 0.561804
vt 0.444354 0.139038
vt 0.440619 0.137553
vt 0.445553 0.133042
vt 0.437622 0.136318
vt 0.544513 0.840364
vt 0.53197 0.825696
vt 0.538186 0.831001
vt 0.523604 0.821732
vt 0.520142 0.808098
vt 0.528611 0.821875
vt 0.532835 0.812546
vt 0.527751 0.802279
vt 0.539625 0.809896
vt 0.539153 0.811375
vt 0.532927 0.816183
vt 0.534171 0.833356
vt 0.542031 0.839126
vt 0.525571 0.795614
vt 0.533063 0.802378
vt 0.520169 0.7927
vt 0.540773 0.821418
vt 0.545302 0.816825
vt 0.545872 0.822938
vt 0.537846 0.813944
vt 0.549366 0.833055
vt 0.55441 0.827118
vt 0.557555 0.834925
vt 0.558294 0.841186
vt 0.633911 0.041401
vt 0.638279 0.043445
vt 0.635915 0.047729
vt 0.104896 0.295251
vt 0.08743 0.299366
vt 0.087367 0.291302
vt 0.08027 0.290131
vt 0.071411 0.29873
vt 0.081485 0.3031
vt 0.826518 0.819897
vt 0.830945 0.834737
vt 0.827865 0.838382
vt 0.820009 0.825958
vt 0.823556 0.834918
vt 0.818826 0.803467
vt 0.836034 0.804167
vt 0.823966 0.81196
vt 0.830338 0.794161
vt 0.817435 0.811103
vt 0.814731 0.804358
vt 0.81389 0.792066
vt 0.82551 0.815629
vt 0.834068 0.818096
vt 0.83156 0.827039
vt 0.811279 0.790749
vt 0.810669 0.777702
vt 0.837525 0.821812
vt 0.839038 0.820336
vt 0.848186 0.837129
vt 0.841298 0.838244
vt 0.837338 0.835644
vt 0.832818 0.833344
vt 0.844589 0.82649
vt 0.844511 0.830524
vt 0.8435 0.821431
vt 0.84072 0.809587
vt 0.846108 0.815725
vt 0.842086 0.8452
vt 0.837605 0.842763
vt 0.842698 0.840732
vt 0.845796 0.85144
vt 0.602214 0.435859
vt 0.607648 0.426595
vt 0.607856 0.435117
vt 0.598844 0.433017
vt 0.59729 0.436782
vt 0.600242 0.441284
vt 0.269664 0.309207
vt 0.264282 0.300685
vt 0.268103 0.300473
vt 0.273795 0.309448
vt 0.277432 0.308917
vt 0.206177 0.23145
vt 0.211772 0.242263
vt 0.209337 0.243042
vt 0.231079 0.000505
vt 0.23871 0.000138
vt 0.233129 0.002319
vt 0.867424 0.498403
vt 0.870135 0.486545
vt 0.872662 0.495571
vt 0.882279 0.493115
vt 0.881566 0.498188
vt 0.875578 0.49024
vt 0.875791 0.486725
vt 0.864216 0.493164
vt 0.852661 0.498722
vt 0.862668 0.511304
vt 0.85609 0.511364
vt 0.854623 0.492338
vt 0.861647 0.518908
vt 0.854244 0.522827
vt 0.867171 0.509638
vt 0.870364 0.516377
vt 0.191155 0.178176
vt 0.192311 0.184448
vt 0.182251 0.182953
vt 0.369623 0.192261
vt 0.363403 0.192102
vt 0.367435 0.183815
vt 0.862368 0.179016
vt 0.868929 0.185913
vt 0.857056 0.182708
vt 0.999488 0.088273
vt 0.999255 0.101929
vt 0.997192 0.094216
vt 0.669235 0.221573
vt 0.661743 0.223022
vt 0.667912 0.214344
vt 0.332227 0.369995
vt 0.324345 0.361575
vt 0.33887 0.361317
vt 0.321411 0.357909
vt 0.32785 0.35667
vt 0.555786 0.205429
vt 0.561559 0.199422
vt 0.561072 0.208862
vt 0.55722 0.199489
vt 0.133423 0.141011
vt 0.136151 0.136477
vt 0.138825 0.144897
vt 0.306274 0.490811
vt 0.310977 0.48877
vt 0.313037 0.501831
vt 0.314955 0.499245
vt 0.308013 0.484372
vt 0.783913 0.051636
vt 0.779907 0.044864
vt 0.783334 0.044758
vt 0.577646 0.266857
vt 0.572141 0.266936
vt 0.576511 0.26343
vt 0.571726 0.270874
vt 0.562134 0.269368
vt 0.090801 0.32931
vt 0.088262 0.335327
vt 0.088013 0.321139
vt 0.093529 0.324342
vt 0.461202 0.299956
vt 0.452219 0.297165
vt 0.458933 0.291297
vt 0.451294 0.292214
vt 0.453024 0.302612
vt 0.886403 0.236639
vt 0.883549 0.242554
vt 0.878225 0.234408
vt 0.877075 0.238057
vt 0.273962 0.233276
vt 0.268677 0.229021
vt 0.275338 0.226767
vt 0.269423 0.223768
vt 0.29226 0.171521
vt 0.291041 0.165942
vt 0.296079 0.167855
vt 0.286743 0.172729
vt 0.338653 0.394595
vt 0.321899 0.404998
vt 0.328551 0.393138
vt 0.326586 0.409546
vt 0.337109 0.391302
vt 0.405246 0.028686
vt 0.396606 0.025732
vt 0.402813 0.024568
vt 0.430786 0.197293
vt 0.438426 0.19841
vt 0.433786 0.205933
vt 0.438824 0.205364
vt 0.986087 0.254095
vt 0.978149 0.250692
vt 0.981818 0.247399
vt 0.993229 0.249483
vt 0.999533 0.254272
vt 0.089601 0.150094
vt 0.083835 0.153686
vt 0.069458 0.150123
vt 0.792114 0.040408
vt 0.798029 0.037409
vt 0.799932 0.04187
vt 0.215454 0.246948
vt 0.220681 0.238233
vt 0.224557 0.239308
vt 0.441574 0.214722
vt 0.433002 0.212747
vt 0.431274 0.206922
vt 0.829712 0.126831
vt 0.832558 0.116531
vt 0.833266 0.123912
vt 0.144831 0.457886
vt 0.140747 0.436702
vt 0.153326 0.450925
vt 0.15887 0.441788
vt 0.144741 0.431075
vt 0.164128 0.448454
vt 0.165811 0.435957
vt 0.152122 0.427092
vt 0.168991 0.426787
vt 0.175194 0.440557
vt 0.174128 0.450734
vt 0.156747 0.451709
vt 0.182916 0.448657
vt 0.86941 0.558499
vt 0.878157 0.564309
vt 0.869585 0.566284
vt 0.851685 0.553869
vt 0.855328 0.543109
vt 0.86087 0.561978
vt 0.860788 0.549471
vt 0.858758 0.53537
vt 0.852629 0.535071
vt 0.860395 0.523361
vt 0.863108 0.52626
vt 0.510431 0.831574
vt 0.502462 0.81637
vt 0.507744 0.814705
vt 0.499723 0.83326
vt 0.502435 0.819105
vt 0.505897 0.833302
vt 0.506128 0.796928
vt 0.518177 0.808502
vt 0.494109 0.807998
vt 0.486959 0.804546
vt 0.477173 0.794018
vt 0.490789 0.793543
vt 0.486297 0.839103
vt 0.495699 0.84952
vt 0.485619 0.85144
vt 0.494193 0.810396
vt 0.492711 0.829417
vt 0.499179 0.850671
vt 0.504809 0.842049
vt 0.477402 0.849038
vt 0.488397 0.829063
vt 0.683716 0.031759
vt 0.68727 0.027942
vt 0.687592 0.033569
vt 0.533813 0.641434
vt 0.538009 0.62837
vt 0.541279 0.649292
vt 0.542983 0.629936
vt 0.545223 0.617262
vt 0.442708 0.242392
vt 0.439087 0.246948
vt 0.443628 0.238453
vt 0.451721 0.24411
vt 0.225252 0.15271
vt 0.226537 0.148222
vt 0.23347 0.151599
vt 0.220337 0.147685
vt 0.005005 0.17827
vt 0.012336 0.177293
vt 0.013098 0.184448
vt 0.722087 0.072907
vt 0.726691 0.078491
vt 0.71936 0.076328
vt 0.1828 0.050659
vt 0.178833 0.046316
vt 0.183115 0.044121
vt 0.841482 0.127757
vt 0.839029 0.132202
vt 0.83606 0.125075
vt 0.092407 0.301078
vt 0.093865 0.29922
vt 0.095717 0.305828
vt 0.107017 0.30896
vt 0.41712 0.083374
vt 0.409302 0.082823
vt 0.41431 0.07875
vt 0.409971 0.078684
vt 0.529907 0.075561
vt 0.530431 0.067399
vt 0.533694 0.068582
vt 0.890702 0.81816
vt 0.895433 0.811161
vt 0.899676 0.815094
vt 0.906438 0.812072
vt 0.906006 0.805171
vt 0.910945 0.804004
vt 0.919781 0.811673
vt 0.913689 0.813589
vt 0.922284 0.808229
vt 0.920417 0.802193
vt 0.929759 0.807033
vt 0.906337 0.792601
vt 0.913803 0.79847
vt 0.888306 0.811348
vt 0.873169 0.823608
vt 0.938645 0.813476
vt 0.890987 0.808824
vt 0.239963 0.501102
vt 0.250376 0.497744
vt 0.240647 0.508667
vt 0.239187 0.496757
vt 0.237427 0.494304
vt 0.247972 0.489696
vt 0.518848 0.364408
vt 0.52977 0.372544
vt 0.516752 0.38269
vt 0.507446 0.370003
vt 0.81897 0.350423
vt 0.82336 0.35207
vt 0.821903 0.356811
vt 0.819118 0.339268
vt 0.668091 0.250323
vt 0.672733 0.252865
vt 0.669851 0.259643
vt 0.676687 0.256943
vt 0.636184 0.630737
vt 0.634399 0.615718
vt 0.63936 0.623805
vt 0.642578 0.61647
vt 0.646547 0.620257
vt 0.636583 0.60793
vt 0.644688 0.608809
vt 0.510128 0.216186
vt 0.516927 0.210001
vt 0.514474 0.213938
vt 0.502563 0.213964
vt 0.708718 0.413842
vt 0.704397 0.43396
vt 0.703247 0.423367
vt 0.716461 0.267944
vt 0.691528 0.262355
vt 0.703415 0.263861
vt 0.701398 0.258756
vt 0.68446 0.794939
vt 0.67929 0.805212
vt 0.671364 0.804274
vt 0.690889 0.790154
vt 0.685282 0.804688
vt 0.669998 0.816676
vt 0.691551 0.783359
vt 0.686337 0.779758
vt 0.689773 0.774163
vt 0.694575 0.796775
vt 0.694357 0.783257
vt 0.697851 0.781839
vt 0.683118 0.784318
vt 0.66035 0.8267
vt 0.649969 0.829268
vt 0.657934 0.821705
vt 0.665345 0.813481
vt 0.644165 0.829956
vt 0.693394 0.776832
vt 0.663212 0.449594
vt 0.664773 0.444157
vt 0.673041 0.450854
vt 0.652371 0.452026
vt 0.656088 0.448017
vt 0.65931 0.433637
vt 0.673525 0.442312
vt 0.648071 0.447781
vt 0.666284 0.42927
vt 0.679965 0.450722
vt 0.433516 0.215227
vt 0.443094 0.224487
vt 0.432739 0.221786
vt 0.832538 0.313066
vt 0.834208 0.323608
vt 0.823853 0.31402
vt 0.840554 0.319643
vt 0.492798 0.297009
vt 0.497114 0.289758
vt 0.492861 0.3031
vt 0.568715 0.208204
vt 0.57831 0.212742
vt 0.568481 0.214722
vt 0.653054 0.285688
vt 0.653046 0.282058
vt 0.657353 0.291382
vt 0.642212 0.282563
vt 0.201782 0.183721
vt 0.212228 0.181541
vt 0.205882 0.187866
vt 0.327065 0.509181
vt 0.326841 0.515193
vt 0.322554 0.504748
vt 0.324037 0.522827
vt 0.321725 0.520704
vt 0.317993 0.511361
vt 0.697309 0.21787
vt 0.67688 0.219604
vt 0.687714 0.214716
vt 0.203611 0.296609
vt 0.213622 0.292049
vt 0.198853 0.303589
vt 0.210471 0.297843
vt 0.21915 0.289978
vt 0.22828 0.290667
vt 0.213317 0.29816
vt 0.246739 0.811884
vt 0.240895 0.813992
vt 0.241167 0.798678
vt 0.276591 0.792467
vt 0.289734 0.795211
vt 0.275021 0.804041
vt 0.259084 0.793409
vt 0.267875 0.79036
vt 0.265156 0.794655
vt 0.234707 0.792616
vt 0.239115 0.791418
vt 0.293469 0.787027
vt 0.297811 0.796555
vt 0.280906 0.805936
vt 0.290156 0.803033
vt 0.268414 0.785767
vt 0.283199 0.787364
vt 0.303209 0.803014
vt 0.296364 0.807793
vt 0.252122 0.794254
vt 0.303315 0.789266
vt 0.261118 0.802301
vt 0.266262 0.813198
vt 0.269731 0.804296
vt 0.264504 0.818115
vt 0.24294 0.825625
vt 0.229921 0.815479
vt 0.258365 0.823455
vt 0.252946 0.828003
vt 0.227173 0.798784
vt 0.248513 0.795009
vt 0.052646 0.044305
vt 0.048655 0.045288
vt 0.046509 0.040595
vt 0.403442 0.144039
vt 0.407152 0.13952
vt 0.411231 0.145386
vt 0.710651 0.252853
vt 0.702759 0.257426
vt 0.705958 0.250404
vt 0.71042 0.258004
vt 0.714207 0.26062
vt 0.80992 0.73309
vt 0.802962 0.744709
vt 0.79896 0.739345
vt 0.789731 0.767714
vt 0.78208 0.761609
vt 0.786344 0.756307
vt 0.794192 0.762518
vt 0.760938 0.778047
vt 0.772439 0.780876
vt 0.769652 0.789301
vt 0.800224 0.747555
vt 0.793195 0.752992
vt 0.791712 0.743661
vt 0.769121 0.767777
vt 0.776601 0.770596
vt 0.752563 0.793778
vt 0.75418 0.787892
vt 0.780517 0.763445
vt 0.788999 0.773922
vt 0.778536 0.780708
vt 0.78041 0.774002
vt 0.796157 0.7367
vt 0.803182 0.725745
vt 0.786668 0.785586
vt 0.775946 0.789297
vt 0.762196 0.798218
vt 0.34982 0.607036
vt 0.341185 0.610718
vt 0.341949 0.604526
vt 0.343703 0.619269
vt 0.335972 0.625854
vt 0.351573 0.600502
vt 0.345216 0.598548
vt 0.334595 0.598556
vt 0.337508 0.594148
vt 0.342899 0.589653
vt 0.684343 0.632653
vt 0.682026 0.641626
vt 0.681262 0.635154
vt 0.674927 0.65564
vt 0.332159 0.564747
vt 0.328983 0.56909
vt 0.322957 0.563833
vt 0.322986 0.556913
vt 0.332018 0.552177
vt 0.325024 0.55043
vt 0.31897 0.570169
vt 0.321795 0.574097
vt 0.569154 0.215164
vt 0.563599 0.224975
vt 0.564438 0.217676
vt 0.849922 0.536944
vt 0.845671 0.539593
vt 0.851896 0.525716
vt 0.845337 0.523778
vt 0.847989 0.545288
vt 0.16068 0.065796
vt 0.157349 0.059927
vt 0.162065 0.059272
vt 0.797438 0.230245
vt 0.799274 0.235194
vt 0.796997 0.238159
vt 0.806424 0.231227
vt 0.004316 0.106823
vt 0.003551 0.113159
vt 0.000122 0.104496
vt 0.157576 0.314626
vt 0.154419 0.311284
vt 0.168237 0.313932
vt 0.155745 0.321167
vt 0.969309 0.344757
vt 0.972383 0.352671
vt 0.960083 0.350563
vt 0.961593 0.354858
vt 0.843872 0.114136
vt 0.847726 0.108479
vt 0.853029 0.108329
vt 0.990151 0.301636
vt 0.988892 0.291988
vt 0.999411 0.293986
vt 0.683164 0.078491
vt 0.681274 0.073899
vt 0.688125 0.072835
vt 0.564157 0.336902
vt 0.557405 0.329798
vt 0.572821 0.329904
vt 0.562318 0.324401
vt 0.574249 0.339722
vt 0.567014 0.339479
vt 0.562274 0.339405
vt 0.555298 0.338652
vt 0.807082 0.588257
vt 0.799927 0.579596
vt 0.810481 0.573803
vt 0.803271 0.566328
vt 0.534302 0.21058
vt 0.540187 0.208828
vt 0.544119 0.21521
vt 0.806274 0.162928
vt 0.81767 0.16079
vt 0.807786 0.165893
vt 0.138588 0.237183
vt 0.152444 0.231923
vt 0.149991 0.236044
vt 0.161656 0.236448
vt 0.171828 0.236258
vt 0.158536 0.230007
vt 0.131958 0.236073
vt 0.267082 0.212575
vt 0.27567 0.21814
vt 0.260376 0.214644
vt 0.27785 0.21356
vt 0.570877 0.257202
vt 0.564087 0.248071
vt 0.567168 0.250572
vt 0.521008 0.829106
vt 0.524673 0.824951
vt 0.52964 0.830836
vt 0.512787 0.831381
vt 0.511678 0.825207
vt 0.511353 0.821219
vt 0.521229 0.819661
vt 0.512662 0.81264
vt 0.517755 0.811048
vt 0.540374 0.846295
vt 0.533193 0.850013
vt 0.529221 0.84235
vt 0.539734 0.854619
vt 0.535949 0.861206
vt 0.531594 0.856732
vt 0.538566 0.840086
vt 0.52104 0.841786
vt 0.522824 0.849042
vt 0.340699 0.497095
vt 0.333229 0.499376
vt 0.326497 0.492805
vt 0.323714 0.477139
vt 0.31897 0.487826
vt 0.351394 0.514526
vt 0.345446 0.512209
vt 0.346866 0.506302
vt 0.33901 0.51058
vt 0.33685 0.504247
vt 0.938907 0.388386
vt 0.937234 0.384786
vt 0.940478 0.378213
vt 0.932345 0.373335
vt 0.927499 0.384103
vt 0.927018 0.390503
vt 0.923462 0.381928
vt 0.635021 0.242554
vt 0.633423 0.231657
vt 0.638516 0.231691
vt 0.506604 0.277222
vt 0.503052 0.266359
vt 0.511631 0.268326
vt 0.657164 0.030943
vt 0.661201 0.032354
vt 0.654907 0.035522
vt 0.00519 0.320484
vt 0.011364 0.323236
vt 0.001202 0.324346
vt 0.012008 0.33357
vt 0.009216 0.335966
vt 0.005182 0.332617
vt 0.000122 0.330663
vt 0.015821 0.338745
vt 0.000504 0.335121
vt 0.015536 0.329746
vt 0.021769 0.323821
vt 0.029025 0.329658
vt 0.019423 0.334904
vt 0.025477 0.336621
vt 0.020142 0.339199
vt 0.024946 0.330304
vt 0.029939 0.339529
vt 0.022869 0.344116
vt 0.799678 0.428114
vt 0.80019 0.437055
vt 0.788217 0.43585
vt 0.788549 0.440294
vt 0.787263 0.428312
vt 0.783325 0.428362
vt 0.793169 0.446655
vt 0.410522 0.419311
vt 0.404608 0.41037
vt 0.406647 0.408894
vt 0.416143 0.413107
vt 0.417615 0.415719
vt 0.401489 0.405216
vt 0.405278 0.403899
vt 0.203647 0.487495
vt 0.201341 0.495483
vt 0.194725 0.490542
vt 0.193474 0.493155
vt 0.199437 0.479692
vt 0.195655 0.482147
vt 0.19104 0.488041
vt 0.572685 0.082319
vt 0.56961 0.085815
vt 0.56897 0.077491
vt 0.425903 0.16583
vt 0.429618 0.161002
vt 0.433344 0.167847
vt 0.479614 0.189711
vt 0.487055 0.186542
vt 0.482689 0.193725
vt 0.668091 0.141367
vt 0.678459 0.143206
vt 0.671628 0.146362
vt 0.236938 0.124475
vt 0.24377 0.124077
vt 0.242671 0.126534
vt 0.238389 0.130737
vt 0.731346 0.108785
vt 0.727661 0.109741
vt 0.728182 0.100245
vt 0.971568 0.258667
vt 0.964981 0.257265
vt 0.972354 0.250614
vt 0.963501 0.250081
vt 0.991821 0.373579
vt 0.999533 0.372276
vt 0.998703 0.380133
vt 0.998256 0.367632
vt 0.99495 0.383179
vt 0.006841 0.09257
vt 0.002579 0.098511
vt 0.000122 0.096052
vt 0.629892 0.036431
vt 0.62561 0.039917
vt 0.62611 0.033976
vt 0.478545 0.212768
vt 0.472542 0.21211
vt 0.478003 0.205676
vt 0.467896 0.212214
vt 0.563185 0.092651
vt 0.560669 0.084849
vt 0.565143 0.088476
vt 0.242798 0.120567
vt 0.249934 0.116794
vt 0.251621 0.121948
vt 0.095734 0.396544
vt 0.086126 0.410034
vt 0.08606 0.406245
vt 0.334124 0.419883
vt 0.326988 0.41848
vt 0.32445 0.410182
vt 0.321252 0.414069
vt 0.335811 0.423001
vt 0.323396 0.425625
vt 0.319458 0.427612
vt 0.532468 0.254026
vt 0.525513 0.250622
vt 0.528 0.248729
vt 0.541543 0.250202
vt 0.538709 0.25769
vt 0.680537 0.132202
vt 0.671997 0.130491
vt 0.678259 0.126308
vt 0.320874 0.123816
vt 0.313599 0.129761
vt 0.316227 0.125116
vt 0.878765 0.273027
vt 0.880172 0.276779
vt 0.876228 0.275406
vt 0.874146 0.267097
vt 0.875096 0.278686
vt 0.315552 0.428957
vt 0.324229 0.433003
vt 0.32245 0.440984
vt 0.336177 0.449142
vt 0.329916 0.449585
vt 0.333875 0.443601
vt 0.325566 0.437447
vt 0.337156 0.44423
vt 0.022892 0.49725
vt 0.01616 0.490923
vt 0.019139 0.488115
vt 0.012028 0.4826
vt 0.005005 0.472737
vt 0.016296 0.480235
vt 0.03042 0.499878
vt 0.472179 0.446047
vt 0.480615 0.458074
vt 0.473718 0.456363
vt 0.467336 0.447322
vt 0.458745 0.452865
vt 0.45813 0.445659
vt 0.4662 0.454274
vt 0.466771 0.457739
vt 0.478454 0.466675
vt 0.475308 0.459749
vt 0.462439 0.444745
vt 0.341888 0.638396
vt 0.341431 0.62213
vt 0.347481 0.634772
vt 0.350812 0.646235
vt 0.341782 0.65157
vt 0.352001 0.654663
vt 0.894255 0.131225
vt 0.8927 0.127062
vt 0.895875 0.121182
vt 0.246192 0.000599
vt 0.24764 0.003296
vt 0.244751 0.002079
vt 0.936955 0.066269
vt 0.935174 0.067749
vt 0.932739 0.060902
vt 0.389771 0.068447
vt 0.402549 0.071167
vt 0.390392 0.071144
vt 0.496216 0.266432
vt 0.498772 0.25948
vt 0.502329 0.269897
vt 0.639771 0.095233
vt 0.642669 0.090678
vt 0.645843 0.096558
vt 0.883995 0.637972
vt 0.878357 0.634679
vt 0.883745 0.6311
vt 0.874146 0.640838
vt 0.876686 0.649505
vt 0.874341 0.660522
vt 0.874234 0.65334
vt 0.544591 0.010132
vt 0.53772 0.007509
vt 0.539198 0.006856
vt 0.180298 0.020551
vt 0.185106 0.0232
vt 0.180551 0.025268
vt 0.630768 0.217531
vt 0.622681 0.213513
vt 0.62884 0.211771
vt 0.641342 0.219116
vt 0.824829 0.391302
vt 0.830362 0.385877
vt 0.833354 0.391101
vt 0.836363 0.39772
vt 0.849376 0.401465
vt 0.84738 0.403686
vt 0.809107 0.634297
vt 0.80555 0.632631
vt 0.803345 0.619852
vt 0.809812 0.623723
vt 0.804984 0.615636
vt 0.809 0.641479
vt 0.998191 0.179152
vt 0.99967 0.179806
vt 0.997702 0.18689
vt 0.992798 0.182428
vt 0.576782 0.077026
vt 0.583322 0.072122
vt 0.585258 0.074103
vt 0.541417 0.182495
vt 0.535767 0.176728
vt 0.546194 0.179783
vt 0.150513 0.324097
vt 0.153994 0.307931
vt 0.152813 0.322179
vt 0.743967 0.497309
vt 0.736938 0.497106
vt 0.741234 0.488678
vt 0.740993 0.501831
vt 0.751391 0.485316
vt 0.457934 0.359741
vt 0.448853 0.35007
vt 0.44965 0.345547
vt 0.649405 0.260961
vt 0.649391 0.267944
vt 0.636841 0.262946
vt 0.65683 0.262734
vt 0.883203 0.403297
vt 0.873169 0.408569
vt 0.879762 0.394376
vt 0.12789 0.589611
vt 0.132766 0.584024
vt 0.135655 0.586426
vt 0.127245 0.604759
vt 0.12494 0.595079
vt 0.136412 0.598583
vt 0.129661 0.611694
vt 0.121704 0.607788
vt 0.295044 0.102837
vt 0.302447 0.100603
vt 0.305201 0.104858
vt 0.680336 0.425105
vt 0.685923 0.429803
vt 0.680298 0.43415
vt 0.691391 0.432126
vt 0.687614 0.441125
vt 0.704101 0.435463
vt 0.692934 0.442083
vt 0.703706 0.44199
vt 0.704565 0.447143
vt 0.713617 0.440237
vt 0.323306 0.499919
vt 0.321218 0.497748
vt 0.325312 0.49318
vt 0.309692 0.51062
vt 0.528693 0.631852
vt 0.525241 0.621866
vt 0.529743 0.624536
vt 0.524681 0.632157
vt 0.523871 0.648804
vt 0.528178 0.637172
vt 0.522674 0.647365
vt 0.519653 0.648199
vt 0.956641 0.478002
vt 0.947876 0.487671
vt 0.955377 0.471109
vt 0.743147 0.346458
vt 0.753438 0.356323
vt 0.741821 0.348376
vt 0.004552 0.360718
vt 0.000122 0.348712
vt 0.008607 0.358931
vt 0.690886 0.256714
vt 0.686157 0.251245
vt 0.68631 0.245188
vt 0.13801 0.599317
vt 0.136841 0.585704
vt 0.139701 0.59732
vt 0.142871 0.615112
vt 0.137597 0.609286
vt 0.144729 0.613363
vt 0.698853 0.275757
vt 0.71429 0.268244
vt 0.708821 0.275286
vt 0.516074 0.352271
vt 0.514453 0.364624
vt 0.507935 0.364611
vt 0.266604 0.168249
vt 0.257935 0.170288
vt 0.259507 0.16397
vt 0.327481 0.382534
vt 0.332422 0.372523
vt 0.335685 0.370528
vt 0.327271 0.388061
vt 0.702625 0.503087
vt 0.693481 0.503209
vt 0.696342 0.497959
vt 0.696678 0.490178
vt 0.702802 0.50769
vt 0.703219 0.497546
vt 0.461408 0.454058
vt 0.446411 0.469116
vt 0.453884 0.458843
vt 0.21106 0.22937
vt 0.215598 0.225303
vt 0.220989 0.223202
vt 0.293579 0.111102
vt 0.297219 0.115168
vt 0.296086 0.120972
vt 0.976694 0.193725
vt 0.973267 0.190413
vt 0.979458 0.185563
vt 0.63419 0.253784
vt 0.627075 0.244387
vt 0.63443 0.250357
vt 0.142933 0.675659
vt 0.138612 0.655541
vt 0.141819 0.650726
vt 0.137817 0.637998
vt 0.133911 0.019104
vt 0.136289 0.021772
vt 0.134255 0.028198
vt 0.993689 0.479123
vt 0.993286 0.465355
vt 0.999638 0.4823
vt 0.676122 0.043335
vt 0.670044 0.041376
vt 0.676578 0.038535
vt 0.000122 0.126343
vt 0.004678 0.120264
vt 0.008089 0.12324
vt 0.418432 0.857215
vt 0.409262 0.834099
vt 0.419156 0.849745
vt 0.410726 0.824181
vt 0.424867 0.862671
vt 0.40658 0.822835
vt 0.405884 0.8106
vt 0.406874 0.791394
vt 0.548462 0.212049
vt 0.552876 0.208726
vt 0.55651 0.21814
vt 0.664185 0.498746
vt 0.670567 0.483253
vt 0.67433 0.488032
vt 0.673996 0.499878
vt 0.98435 0.37439
vt 0.976685 0.35976
vt 0.980482 0.358897
vt 0.203797 0.266784
vt 0.207673 0.272691
vt 0.203538 0.276014
vt 0.205942 0.282104
vt 0.213051 0.26541
vt 0.192993 0.270006
vt 0.194996 0.2649
vt 0.763004 0.498346
vt 0.762329 0.493826
vt 0.768269 0.504956
vt 0.765384 0.507409
vt 0.766239 0.515015
vt 0.110718 0.354534
vt 0.097434 0.346862
vt 0.106688 0.347591
vt 0.092896 0.349901
vt 0.104372 0.361206
vt 0.115489 0.344153
vt 0.8407 0.219116
vt 0.829224 0.215963
vt 0.832026 0.211164
vt 0.639282 0.258179
vt 0.642217 0.248154
vt 0.645628 0.254037
vt 0.404907 0.16239
vt 0.415557 0.166045
vt 0.412183 0.168335
vt 0.078796 0.498554
vt 0.067505 0.505249
vt 0.074892 0.49628
vt 0.08765 0.481708
vt 0.880813 0.327026
vt 0.864868 0.315806
vt 0.873732 0.317247
vt 0.663866 0.489794
vt 0.658011 0.502223
vt 0.649489 0.499313
vt 0.641724 0.515015
vt 0.837524 0.194851
vt 0.849098 0.189564
vt 0.851564 0.19519
vt 0.49208 0.239136
vt 0.486938 0.229985
vt 0.489428 0.229001
vt 0.492808 0.615927
vt 0.489152 0.619507
vt 0.485474 0.59556
vt 0.37437 0.282056
vt 0.378919 0.287964
vt 0.367619 0.287458
vt 0.365356 0.278832
vt 0.411255 0.130512
vt 0.415811 0.126506
vt 0.416081 0.135132
vt 0.912889 0.478387
vt 0.907639 0.480347
vt 0.904009 0.475496
vt 0.89587 0.475735
vt 0.897132 0.468605
vt 0.890747 0.46455
vt 0.895367 0.460144
vt 0.341012 0.088145
vt 0.341363 0.092651
vt 0.332153 0.091613
vt 0.845144 0.234983
vt 0.844567 0.2406
vt 0.827271 0.23787
vt 0.884399 0.165893
vt 0.885993 0.161066
vt 0.895527 0.163014
vt 0.527954 0.185177
vt 0.532549 0.179868
vt 0.539084 0.18689
vt 0.295884 0.36853
vt 0.289673 0.358692
vt 0.301576 0.362438
vt 0.296907 0.356959
vt 0.514261 0.125366
vt 0.509888 0.124421
vt 0.520416 0.120733
vt 0.000122 0.224487
vt 0.001851 0.211765
vt 0.004469 0.221603
vt 0.350612 0.490821
vt 0.354484 0.48173
vt 0.358414 0.494453
vt 0.354488 0.49939
vt 0.342896 0.489048
vt 0.347008 0.486363
vt 0.349407 0.494039
vt 0.212831 0.776679
vt 0.213445 0.789847
vt 0.208422 0.788388
vt 0.221414 0.757247
vt 0.22577 0.756878
vt 0.218544 0.777739
vt 0.207037 0.759574
vt 0.214708 0.739866
vt 0.211317 0.75926
vt 0.215878 0.765574
vt 0.209772 0.772427
vt 0.220043 0.753322
vt 0.218258 0.75091
vt 0.217423 0.758408
vt 0.198329 0.816567
vt 0.192485 0.802179
vt 0.208182 0.796792
vt 0.218345 0.740502
vt 0.203347 0.793362
vt 0.222063 0.742252
vt 0.212632 0.798228
vt 0.20679 0.819003
vt 0.219465 0.784679
vt 0.198865 0.790993
vt 0.209302 0.780624
vt 0.202499 0.781138
vt 0.193298 0.790591
vt 0.187773 0.789874
vt 0.202735 0.82019
vt 0.190057 0.816022
vt 0.201897 0.743317
vt 0.202423 0.75311
vt 0.192204 0.770367
vt 0.185375 0.805088
vt 0.184204 0.791631
vt 0.198923 0.780278
vt 0.199307 0.775389
vt 0.190938 0.780463
vt 0.201877 0.76642
vt 0.97594 0.831501
vt 0.972254 0.853271
vt 0.967699 0.838656
vt 0.979181 0.851161
vt 0.961106 0.838991
vt 0.963378 0.825409
vt 0.964716 0.855567
vt 0.966899 0.846379
vt 0.956364 0.849031
vt 0.955543 0.857788
vt 0.972793 0.816603
vt 0.951512 0.817447
vt 0.955579 0.829903
vt 0.962931 0.812062
vt 0.949035 0.841347
vt 0.944679 0.832999
vt 0.951047 0.836818
vt 0.942562 0.840165
vt 0.943747 0.8255
vt 0.956623 0.842783
vt 0.950685 0.846192
vt 0.94104 0.816843
vt 0.502832 0.230818
vt 0.497192 0.2323
vt 0.501254 0.222061
vt 0.431488 0.409469
vt 0.435206 0.407718
vt 0.438086 0.417385
vt 0.418579 0.420307
vt 0.433504 0.427612
vt 0.442473 0.41953
vt 0.436481 0.42554
vt 0.440127 0.405606
vt 0.776757 0.48421
vt 0.773676 0.47477
vt 0.786079 0.480535
vt 0.777809 0.48887
vt 0.777729 0.465998
vt 0.784393 0.468301
vt 0.774467 0.465904
vt 0.768677 0.499878
vt 0.783112 0.464435
vt 0.805002 0.469216
vt 0.790138 0.480054
vt 0.308566 0.47361
vt 0.302856 0.452749
vt 0.307702 0.462698
vt 0.311958 0.470311
vt 0.31827 0.48055
vt 0.316939 0.485718
vt 0.315229 0.455501
vt 0.314505 0.464462
vt 0.307216 0.460272
vt 0.312418 0.448962
vt 0.323881 0.458621
vt 0.327004 0.456267
vt 0.339383 0.46089
vt 0.857152 0.195887
vt 0.851769 0.202026
vt 0.848507 0.201314
vt 0.84729 0.199168
vt 0.713013 0.508046
vt 0.714828 0.50439
vt 0.718492 0.511547
vt 0.723527 0.504469
vt 0.72396 0.493382
vt 0.728842 0.512573
vt 0.625012 0.439528
vt 0.623169 0.42844
vt 0.629141 0.4306
vt 0.63021 0.438323
vt 0.627818 0.447632
vt 0.724902 0.393234
vt 0.719422 0.394409
vt 0.717975 0.387862
vt 0.709073 0.387789
vt 0.710437 0.383214
vt 0.701264 0.377368
vt 0.696641 0.378026
vt 0.695773 0.371728
vt 0.690063 0.371713
vt 0.60421 0.609139
vt 0.610025 0.620892
vt 0.602661 0.621373
vt 0.615055 0.632202
vt 0.570687 0.650139
vt 0.570822 0.635242
vt 0.572969 0.63217
vt 0.57483 0.641036
vt 0.574715 0.666144
vt 0.569946 0.6698
vt 0.673462 0.339233
vt 0.675044 0.323566
vt 0.679027 0.328225
vt 0.272548 0.137573
vt 0.268188 0.130051
vt 0.274196 0.131347
vt 0.363281 0.201843
vt 0.367453 0.209365
vt 0.361938 0.211792
vt 0.37678 0.193427
vt 0.379384 0.202515
vt 0.373657 0.196289
vt 0.379506 0.249804
vt 0.368774 0.256225
vt 0.37931 0.246619
vt 0.993552 0.400535
vt 0.999528 0.415405
vt 0.98938 0.405387
vt 0.608602 0.537096
vt 0.598407 0.548042
vt 0.605095 0.533172
vt 0.600619 0.556528
vt 0.595846 0.555899
vt 0.587524 0.560169
vt 0.590402 0.568237
vt 0.274527 0.552833
vt 0.279002 0.574017
vt 0.275168 0.576396
vt 0.270973 0.566757
vt 0.270136 0.577646
vt 0.277951 0.554309
vt 0.275851 0.594721
vt 0.26704 0.569261
vt 0.26147 0.572527
vt 0.26529 0.565471
vt 0.257976 0.566116
vt 0.26271 0.556608
vt 0.254517 0.560109
vt 0.279807 0.595581
vt 0.269474 0.589601
vt 0.314778 0.100809
vt 0.315264 0.106323
vt 0.307251 0.105418
vt 0.461657 0.155493
vt 0.453247 0.159546
vt 0.457779 0.152631
vt 0.640877 0.414159
vt 0.637329 0.40485
vt 0.648061 0.40703
vt 0.653309 0.415893
vt 0.650411 0.401653
vt 0.632935 0.275757
vt 0.635769 0.265608
vt 0.641345 0.273998
vt 0.992476 0.271175
vt 0.999603 0.281407
vt 0.991333 0.283569
vt 0.999069 0.275435
vt 0.580602 0.322709
vt 0.576009 0.324449
vt 0.57413 0.319655
vt 0.585385 0.328491
vt 0.560506 0.318758
vt 0.572885 0.323825
vt 0.552368 0.32024
vt 0.567951 0.312449
vt 0.559285 0.310268
vt 0.683716 0.016968
vt 0.684903 0.011119
vt 0.686901 0.016496
vt 0.180298 0.474137
vt 0.181347 0.459896
vt 0.186611 0.475773
vt 0.184288 0.462907
vt 0.187129 0.458062
vt 0.191994 0.459498
vt 0.18987 0.471625
vt 0.188687 0.481323
vt 0.196881 0.472449
vt 0.18895 0.394671
vt 0.177856 0.396461
vt 0.183558 0.387268
vt 0.197831 0.400268
vt 0.200241 0.386047
vt 0.193431 0.381513
vt 0.18401 0.377668
vt 0.190897 0.381282
vt 0.205787 0.393918
vt 0.238834 0.245483
vt 0.23645 0.239492
vt 0.240383 0.239125
vt 0.25287 0.244876
vt 0.493774 0.215678
vt 0.500867 0.216139
vt 0.503709 0.221558
vt 0.513749 0.219486
vt 0.003052 0.549682
vt 0.003672 0.538589
vt 0.007546 0.54259
vt 0.014047 0.529708
vt 0.856228 0.083772
vt 0.85022 0.085327
vt 0.852374 0.0796
vt 0.437027 0.011108
vt 0.435669 0.00747
vt 0.439092 0.006187
vt 0.073853 0.408875
vt 0.077433 0.398648
vt 0.080333 0.406803
vt 0.09437 0.416382
vt 0.094681 0.488424
vt 0.089237 0.500762
vt 0.084595 0.492999
vt 0.086902 0.505737
vt 0.659635 0.202515
vt 0.65686 0.196264
vt 0.664317 0.194756
vt 0.25776 0.203003
vt 0.25061 0.197033
vt 0.257816 0.194662
vt 0.686005 0.296422
vt 0.676243 0.30044
vt 0.667552 0.29058
vt 0.657837 0.300659
vt 0.585446 0.585224
vt 0.582642 0.584994
vt 0.5831 0.580336
vt 0.583773 0.568917
vt 0.590024 0.572613
vt 0.590501 0.591451
vt 0.586202 0.595093
vt 0.33782 0.539725
vt 0.325024 0.548498
vt 0.340957 0.522022
vt 0.328055 0.535709
vt 0.330651 0.520552
vt 0.321566 0.539854
vt 0.344301 0.526269
vt 0.326235 0.534376
vt 0.335101 0.550659
vt 0.333782 0.51276
vt 0.330104 0.512573
vt 0.317993 0.532067
vt 0.511407 0.086792
vt 0.504517 0.08601
vt 0.514595 0.082735
vt 0.999548 0.367065
vt 0.990356 0.351864
vt 0.997939 0.356753
vt 0.149271 0.610865
vt 0.155766 0.606447
vt 0.159351 0.611105
vt 0.145142 0.599546
vt 0.145791 0.613647
vt 0.15552 0.595028
vt 0.145602 0.590436
vt 0.152181 0.586255
vt 0.074017 0.59062
vt 0.072668 0.592651
vt 0.06193 0.575776
vt 0.06451 0.566913
vt 0.068154 0.575089
vt 0.060181 0.579566
vt 0.732221 0.839002
vt 0.726819 0.838948
vt 0.726707 0.828906
vt 0.720545 0.801856
vt 0.717671 0.801937
vt 0.71932 0.821478
vt 0.732712 0.860718
vt 0.731852 0.85017
vt 0.738158 0.848413
vt 0.709595 0.804537
vt 0.71514 0.810729
vt 0.710525 0.813177
vt 0.501003 0.524688
vt 0.495106 0.526675
vt 0.488403 0.522141
vt 0.492259 0.513171
vt 0.503797 0.534546
vt 0.626845 0.006133
vt 0.62564 0.008667
vt 0.619263 0.005748
vt 0.986873 0.617554
vt 0.985057 0.602831
vt 0.994455 0.604876
vt 0.990773 0.595661
vt 0.98019 0.601169
vt 0.979126 0.598153
vt 0.9845 0.58129
vt 0.987323 0.589214
vt 0.991011 0.583414
vt 0.997411 0.601343
vt 0.996728 0.592621
vt 0.996092 0.585373
vt 0.895126 0.081747
vt 0.891415 0.089722
vt 0.890259 0.084466
vt 0.125403 0.637598
vt 0.121275 0.629854
vt 0.126779 0.631187
vt 0.125536 0.62518
vt 0.117035 0.621679
vt 0.116821 0.645386
vt 0.991821 0.224559
vt 0.998268 0.233276
vt 0.99371 0.232756
vt 0.996316 0.223676
vt 0.990845 0.264526
vt 0.99407 0.259196
vt 0.999762 0.262349
vt 0.991789 0.254849
vt 0.774218 0.055242
vt 0.770685 0.057007
vt 0.764771 0.053081
vt 0.82991 0.202629
vt 0.835368 0.204901
vt 0.828247 0.210815
vt 0.010776 0.292384
vt 0.018962 0.296605
vt 0.01024 0.300659
vt 0.002992 0.297949
vt 0.001099 0.293012
vt 0.043504 0.045382
vt 0.045457 0.052124
vt 0.042114 0.043351
vt 0.217407 0.254465
vt 0.226324 0.246117
vt 0.222865 0.254761
vt 0.211548 0.211792
vt 0.213538 0.20505
vt 0.219004 0.204301
vt 0.214887 0.203019
vt 0.059793 0.072385
vt 0.056491 0.078491
vt 0.055298 0.071342
vt 0.876099 0.252729
vt 0.884365 0.244942
vt 0.877448 0.254761
vt 0.352682 0.254761
vt 0.354447 0.247873
vt 0.359005 0.24775
vt 0.34436 0.249798
vt 0.113892 0.006832
vt 0.120471 0.005954
vt 0.118009 0.008667
vt 0.274383 0.624398
vt 0.269376 0.63562
vt 0.265259 0.631373
vt 0.272185 0.622026
vt 0.280068 0.606928
vt 0.275934 0.606018
vt 0.282567 0.596179
vt 0.909641 0.158584
vt 0.906265 0.161987
vt 0.902466 0.155061
vt 0.963531 0.578511
vt 0.969317 0.594604
vt 0.963335 0.5884
vt 0.957642 0.573334
vt 0.972693 0.594519
vt 0.963124 0.568672
vt 0.944946 0.332413
vt 0.959185 0.337912
vt 0.959393 0.343929
vt 0.963213 0.344116
vt 0.879433 0.255716
vt 0.881952 0.268921
vt 0.875122 0.256967
vt 0.556274 0.234057
vt 0.56126 0.225716
vt 0.561922 0.237671
vt 0.884976 0.545062
vt 0.895344 0.539387
vt 0.894413 0.548026
vt 0.87854 0.559809
vt 0.895281 0.550241
vt 0.889588 0.565307
vt 0.881405 0.546499
vt 0.884394 0.536706
vt 0.888436 0.539055
vt 0.058554 0.463756
vt 0.058147 0.472259
vt 0.053833 0.470107
vt 0.065159 0.478882
vt 0.84912 0.002941
vt 0.840411 0.005249
vt 0.838013 0.003158
vt 0.73406 0.391968
vt 0.724623 0.383613
vt 0.723755 0.379924
vt 0.382408 0.226391
vt 0.373092 0.228393
vt 0.369751 0.220989
vt 0.581177 0.279082
vt 0.58906 0.287061
vt 0.581656 0.28894
vt 0.053289 0.449596
vt 0.055292 0.459232
vt 0.041138 0.464722
vt 0.805782 0.506651
vt 0.801801 0.510333
vt 0.791138 0.501587
vt 0.794735 0.517456
vt 0.804852 0.498011
vt 0.461684 0.197632
vt 0.460515 0.19072
vt 0.468592 0.193003
vt 0.457642 0.19317
vt 0.134217 0.454468
vt 0.127151 0.447345
vt 0.130858 0.443644
vt 0.123169 0.443662
vt 0.124099 0.435023
vt 0.134116 0.435529
vt 0.140164 0.439277
vt 0.675903 0.33625
vt 0.679289 0.335572
vt 0.680445 0.35144
vt 0.842938 0.372964
vt 0.839241 0.381148
vt 0.829224 0.385132
vt 0.845288 0.37635
vt 0.731679 0.019968
vt 0.730811 0.023657
vt 0.726196 0.024292
vt 0.969209 0.045026
vt 0.97152 0.049399
vt 0.967407 0.051636
vt 0.043452 0.735798
vt 0.063741 0.769914
vt 0.50394 0.701572
vt 0.496625 0.664217
vt 0.498608 0.714003
vt 0.497669 0.683086
vt 0.426637 0.743711
vt 0.34729 0.729921
vt 0.401301 0.73638
vt 0.409003 0.613404
vt 0.405415 0.640863
vt 0.397612 0.698118
vt 0.465185 0.733833
vt 0.135975 0.724563
vt 0.090626 0.700021
vt 0.078734 0.685831
vt 0.100365 0.675117
vt 0.003577 0.666864
vt 0.021062 0.60705
vt 0.100939 0.643087
vt 0.070937 0.655833
vt 0.095499 0.811388
vt 0.104012 0.793711
vt 0.425814 0.748605
vt 0.367009 0.824665
vt 0.37648 0.845351
vt 0.582175 0.695582
vt 0.239854 0.712424
vt 0.189534 0.666262
vt 0.718691 0.721566
vt 0.784166 0.722927
vt 0.71716 0.729019
vt 0.743707 0.71901
vt 0.783258 0.638876
vt 0.703494 0.617736
vt 0.783463 0.663795
vt 0.768128 0.651828
vt 0.748132 0.649385
vt 0.236421 0.604399
vt 0.24345 0.61909
vt 0.245286 0.631811
vt 0.86758 0.729216
vt 0.82255 0.707222
vt 0.869802 0.785354
vt 0.991804 0.779014
vt 0.940384 0.789182
vt 0.962953 0.641423
vt 0.912805 0.713169
vt 0.918674 0.629639
vt 0.285558 0.831684
vt 0.288714 0.821709
f 3177/6480 3178/6481 3179/6482
f 3179/6482 3180/6483 3181/6484
f 3180/6483 3182/6485 3181/6484
f 3183/6486 3180/6483 3179/6482
f 3183/6486 3179/6482 3178/6481
f 3184/6537 3185/6538 3186/6539
f 3187/6542 3188/6543 3189/6544
f 3184/6487 3190/6488 3191/6489
f 3192/6490 3193/11077 3188/6492
f 3194/6493 3195/6494 3196/6495
f 3197/6545 3189/6544 3198/6546
f 3188/6584 3199/6585 3200/6586
f 3201/6590 3202/6591 3203/6592
f 3193/6491 3204/6496 3199/6497
f 3205/6669 3177/6670 3206/6671
f 3207/6593 3208/6594 3209/6595
f 3195/6673 3204/6674 3193/6675
f 3189/6544 3200/6547 3210/6548
f 3211/6596 3209/6595 3208/6594
f 3199/6497 3204/6496 3205/6498
f 3208/6676 3207/6677 3212/6678
f 3207/6679 3209/6680 3213/6681
f 3210/6548 3198/6546 3189/6544
f 3205/6498 3204/6496 3178/6481
f 3188/6543 3200/6547 3189/6544
f 3178/6481 3177/6480 3205/6498
f 3199/6672 3205/6669 3206/6671
f 3206/6549 3185/6550 3214/6551
f 3177/6480 3185/6499 3206/6500
f 3194/6493 3178/6481 3195/6494
f 3194/6493 3215/6501 3178/6481
f 3188/6584 3193/6587 3199/6585
f 3195/6494 3178/6481 3204/6496
f 3216/6552 3217/6553 3198/6546
f 3190/6540 3184/6537 3186/6539
f 3218/6597 3203/6592 3202/6591
f 3185/6499 3177/6480 3186/11078
f 3219/6503 3186/11078 3177/6480
f 3212/6682 3220/6683 3221/6684
f 3186/6502 3181/6484 3190/6488
f 3219/6712 3181/6713 3186/6714
f 3177/6480 3179/6482 3219/6503
f 3181/6484 3219/6503 3179/6482
f 3208/6685 3212/6682 3222/6686
f 3223/6598 3224/6599 3225/6600
f 3224/6599 3226/11079 3225/6600
f 3221/6684 3222/6686 3212/6682
f 3227/6715 3228/6716 3229/6717
f 3213/6602 3209/6595 3230/6603
f 3231/6604 3230/6603 3211/6596
f 3211/6596 3230/6603 3209/6595
f 3232/6554 3184/6555 3233/6556
f 3231/6604 3234/6605 3230/6603
f 3235/6606 3236/6607 3234/6605
f 3237/6608 3238/6609 3239/6610
f 3240/6611 3235/6606 3234/6605
f 3241/6612 3237/6608 3226/11079
f 3234/6605 3236/6607 3230/6603
f 3185/6550 3232/6554 3214/6551
f 3226/11079 3237/6608 3225/6600
f 3185/6538 3184/6537 3232/6541
f 3184/6555 3242/6557 3233/6556
f 3243/6558 3216/6552 3210/6548
f 3244/6613 3245/6614 3246/6615
f 3235/6606 3245/6614 3236/6607
f 3240/6722 3247/6723 3235/6724
f 3245/6614 3248/11080 3246/6615
f 3249/6617 3203/6592 3250/11081
f 3251/6725 3226/6726 3224/6727
f 3248/6728 3235/6729 3247/6730
f 3235/6729 3248/6728 3245/6731
f 3234/6605 3231/6604 3240/6611
f 3252/6687 3221/6684 3220/6683
f 3236/6607 3245/6614 3244/6613
f 3210/6548 3216/6552 3198/6546
f 3247/6619 3240/6611 3253/6620
f 3200/6586 3243/6588 3210/6589
f 3243/6588 3200/6586 3199/6585
f 3254/6732 3243/6733 3206/6734
f 3255/6735 3244/11083 3246/6737
f 3199/6871 3206/6872 3243/6873
f 3214/6551 3254/6559 3206/6549
f 3256/6874 3257/6875 3258/6876
f 3259/6877 3260/6878 3261/6879
f 3218/6597 3250/11081 3203/6592
f 3262/6738 3255/6735 3246/6737
f 3263/6621 3264/6622 3262/6623
f 3250/7038 3265/7039 3249/7040
f 3265/6624 3226/6601 3251/6625
f 3218/6739 3266/6740 3264/6741
f 3218/6597 3263/6621 3250/11081
f 3264/6741 3266/6740 3267/6742
f 3262/6738 3264/6741 3255/6735
f 3241/6718 3227/6715 3229/6717
f 3268/11090 3269/6881 3261/6879
f 3226/6601 3265/6624 3250/6618
f 3270/6882 3271/6883 3272/6884
f 3226/6719 3250/6720 3241/6718
f 3259/6877 3269/6881 3271/6883
f 3270/7041 3272/7042 3273/7043
f 3263/6621 3228/6626 3227/6627
f 3274/6885 3272/6884 3275/6886
f 3276/7068 3277/7069 3278/7070
f 3227/6627 3250/11081 3263/6621
f 3250/6720 3227/6715 3241/6718
f 3272/6884 3271/6883 3275/6886
f 3266/6740 3218/6739 3279/6743
f 3263/6621 3262/6623 3228/6626
f 3270/6882 3259/6877 3271/6883
f 3202/6744 3280/11084 3279/6743
f 3218/6739 3202/6744 3279/6743
f 3281/7074 3282/7075 3239/7076
f 3281/7077 3283/7078 3282/7079
f 3284/6887 3275/6886 3271/6883
f 3263/6621 3218/6597 3264/6622
f 3208/6685 3285/6688 3286/6689
f 3287/7128 3288/7129 3289/7130
f 3222/6686 3285/6688 3208/6685
f 3290/7132 3291/7133 3292/7134
f 3293/7044 3280/7045 3202/7046
f 3285/7135 3294/7136 3286/7137
f 3295/7140 3289/7141 3288/7142
f 3296/7143 3290/7144 3292/11098
f 3253/6620 3240/6611 3297/6628
f 3286/7137 3211/7138 3208/7139
f 3298/7171 3299/7172 3300/7173
f 3296/7143 3301/7146 3302/7147
f 3290/7144 3303/7148 3291/7149
f 3303/7148 3304/7150 3291/7149
f 3288/7151 3287/7152 3291/7149
f 3305/6690 3222/6686 3252/6687
f 3211/7138 3286/7137 3294/7136
f 3306/7153 3307/7154 3292/7145
f 3291/7149 3304/7150 3308/7155
f 3309/7156 3306/7153 3292/7145
f 3287/7152 3306/7153 3309/7156
f 3287/7152 3309/7156 3291/7149
f 3310/7174 3299/7172 3298/7171
f 3298/7171 3300/7173 3180/7175
f 3300/7173 3182/7176 3180/7175
f 3309/7156 3292/7145 3291/7149
f 3288/7151 3291/7149 3308/7155
f 3302/7147 3290/7144 3296/7143
f 3303/7148 3290/7144 3302/7147
f 3270/6882 3260/6878 3259/6877
f 3306/7131 3287/7128 3289/7130
f 3311/7179 3312/7180 3313/7181
f 3202/7046 3314/7047 3293/7044
f 3238/7182 3315/7183 3278/7184
f 3316/6888 3317/6889 3318/6890
f 3293/7044 1091/7048 1090/7049
f 3315/7071 3276/7068 3278/7070
f 3319/7050 1091/7048 3314/7047
f 3319/7050 1079/7051 1091/7048
f 1080/7185 3320/7186 1078/7187
f 1080/7189 1079/7190 3321/7191
f 3320/7192 1080/7189 3321/7191
f 3318/6890 3274/6885 3275/6886
f 3316/6888 3275/6886 3284/6887
f 3283/7078 3281/7077 3322/7080
f 3316/6888 3312/6891 3317/6889
f 3284/7157 3312/7158 3316/7159
f 3323/6892 3324/6893 3325/6894
f 3316/6888 3318/6890 3275/6886
f 3312/7158 3284/7157 3304/7150
f 3326/7160 3304/7150 3284/7157
f 3304/7150 3326/7160 3308/7155
f 3327/6629 3328/6630 3329/6631
f 3317/6889 3312/6891 3330/6895
f 3331/7195 3332/7196 3333/7197
f 3317/6889 3330/6895 3334/6896
f 3334/6896 3318/6890 3317/6889
f 3238/6609 3335/6632 3239/6610
f 3237/6608 3315/6633 3238/6609
f 3274/6885 3336/6897 3337/6898
f 3273/7043 3321/7052 1079/7051
f 3314/7047 1091/7048 3293/7044
f 3241/6612 3315/6633 3237/6608
f 3338/7200 3336/7201 3318/7202
f 3318/6890 3336/6897 3274/6885
f 3335/7225 3238/7226 3277/7227
f 3318/7202 3334/7203 3338/7200
f 3337/7053 3339/7054 3272/7042
f 3337/6898 3272/6884 3274/6885
f 3321/7052 3273/7043 3272/7042
f 3257/6875 3325/6894 3324/6893
f 3339/7193 3320/7192 3321/7191
f 3320/7186 3340/7188 1078/7187
f 3272/7042 3339/7054 3321/7052
f 3340/7272 1050/7273 1078/7274
f 3341/7275 1050/7276 3340/7277
f 3320/7192 3339/7193 3342/7194
f 1050/7278 3341/7279 1051/7280
f 3238/7072 3278/7070 3277/7069
f 3239/7228 3335/7225 3343/7229
f 1049/7281 1050/7278 1051/7280
f 3258/6876 3257/6875 3324/6893
f 3269/6881 3259/6877 3261/6879
f 3324/7298 3269/7299 3268/7300
f 3281/7077 3344/7081 3322/7080
f 3345/6899 3346/6900 3257/6875
f 3258/6876 3324/6893 3268/6880
f 3346/6900 3347/6901 3325/6894
f 3348/6902 3347/6901 3349/6903
f 3347/6901 3348/6902 3325/6894
f 3257/6875 3346/6900 3325/6894
f 3350/6634 3327/6629 3329/6631
f 3284/6887 3271/6883 3269/6881
f 3343/7229 3351/7230 3253/7231
f 3229/7301 3352/7302 3276/7303
f 3343/7229 3335/7225 3277/7227
f 3277/7227 3351/7230 3343/7229
f 3239/7228 3343/7229 3281/7232
f 3228/6626 3246/6615 3248/11080
f 3228/6626 3262/6623 3246/6615
f 3229/7301 3276/7303 3315/7304
f 3281/7232 3353/7233 3344/7234
f 3241/6612 3229/11082 3315/6633
f 3247/6619 3352/6636 3248/6616
f 3354/7235 3355/7236 3344/7234
f 3276/7068 3351/7073 3277/7069
f 3276/7305 3356/7306 3351/7307
f 3248/6616 3352/6636 3229/6635
f 1043/7282 1046/7283 3357/7284
f 3356/7306 3276/7305 3352/7308
f 3352/6636 3247/6619 3356/6637
f 1044/7285 1043/7282 1073/7286
f 1043/7282 3357/7284 1073/7286
f 3344/7234 3353/7233 3354/7235
f 3229/6717 3228/6716 3248/6721
f 3353/7233 3358/7237 3359/7238
f 3326/6904 3284/6887 3269/6881
f 3353/7233 3281/7232 3343/7229
f 3344/7081 3360/7082 3322/7080
f 3358/7237 3353/7233 3343/7229
f 3269/6881 3324/6893 3323/6892
f 3240/6611 3231/6604 3361/6638
f 3211/6596 3361/6638 3231/6604
f 3269/6881 3323/6892 3326/6904
f 3350/6634 3256/6639 3258/6640
f 3308/6905 3326/6904 3323/6892
f 3308/6905 3323/6892 3288/6906
f 3329/6631 3328/6630 3223/6598
f 3323/7310 3325/7311 3348/7312
f 3323/6892 3348/6902 3288/6906
f 3348/6902 3349/6903 3288/6906
f 3256/6874 3362/6907 3257/6875
f 3350/6634 3363/6641 3256/6639
f 3350/7313 3364/7314 3363/7315
f 3365/6642 3364/6643 3350/6634
f 3249/6617 3265/6624 3251/6625
f 3329/6631 3366/6644 3365/6642
f 1046/7318 1051/7319 3357/7320
f 3203/6592 3249/6617 3201/6590
f 3329/6631 3365/6642 3350/6634
f 3242/7321 3367/7322 3368/7323
f 3242/7321 3191/7324 3367/7322
f 3223/6598 3366/6644 3329/6631
f 3369/7330 3370/7331 3371/7332
f 3372/6645 3373/6646 3374/6647
f 3261/6648 3260/6649 3374/6647
f 3223/6598 3225/6600 3366/6644
f 3368/7333 3375/7334 3369/7335
f 3376/7338 3371/7339 3377/7340
f 3378/7325 3242/7321 3368/7323
f 3268/6650 3261/6648 3379/6651
f 3380/7342 3381/7343 3375/7344
f 3371/7345 3370/7346 3382/7347
f 3375/7364 3368/7365 3367/7366
f 3191/7324 3242/7321 3184/7326
f 3375/7367 3381/7368 3370/7369
f 3379/6651 3261/6648 3374/6647
f 3201/6590 3249/6617 3383/6652
f 3370/7346 3384/7348 3382/7347
f 3375/7371 3367/7372 3380/7373
f 3377/7349 3371/7345 3382/7347
f 3375/7334 3370/7336 3369/7335
f 3374/6647 3385/6653 3379/6651
f 3386/7376 3319/7377 3314/7378
f 3270/7041 3273/7043 3260/7055
f 3260/7055 3372/7056 3374/7057
f 3260/7055 3273/7043 3319/7050
f 3372/7056 3260/7055 3319/7050
f 1079/7051 3319/7050 3273/7043
f 3373/6646 3387/6654 3374/6647
f 3388/7350 3377/7349 3382/7347
f 3373/6646 3389/6655 3387/6654
f 3372/7056 3386/7058 3373/7059
f 3390/7351 3388/7350 3382/7347
f 3237/6608 3239/6610 3366/6644
f 3382/7347 3391/7352 3390/7351
f 3372/7056 3319/7050 3386/7058
f 3392/7379 3393/7380 3394/7381
f 1045/7383 1051/7384 1046/7385
f 3395/7386 3396/7387 3393/7388
f 3396/7392 3397/7393 3398/7394
f 3396/7387 3394/7389 3393/7388
f 3391/7396 3392/7397 3390/7398
f 3374/6647 3399/6656 3385/6653
f 3387/6654 3399/6656 3374/6647
f 3294/6657 3361/6638 3211/6596
f 3400/7060 3389/7061 3314/7047
f 3389/6655 3383/6652 3387/6654
f 3373/7059 3314/7047 3389/7061
f 3386/7058 3314/7047 3373/7059
f 3389/7061 3400/7060 3401/7062
f 3385/6653 3251/6625 3328/6630
f 3332/7196 3331/7195 3393/7198
f 3223/6598 3328/6630 3224/6599
f 3383/6652 3389/6655 3401/6658
f 3314/7047 3202/7046 3400/7060
f 3382/7347 3332/7353 3391/7352
f 3402/7239 3403/7240 3294/7241
f 3400/7399 3201/7400 3401/7401
f 3201/6590 3400/6659 3202/6591
f 3258/7402 3268/7403 3379/7404
f 3404/7242 3405/7243 3406/7244
f 3404/7242 3406/7244 3359/7238
f 3401/6658 3201/6590 3383/6652
f 3391/7352 3332/7353 3393/7354
f 3379/6651 3327/6629 3258/6640
f 3251/6625 3385/6653 3399/6656
f 3251/6625 3399/6656 3387/6654
f 3354/7235 3406/7244 3402/7239
f 3350/6634 3258/6640 3327/6629
f 3407/7245 3355/7236 3402/7239
f 3406/7244 3403/7240 3402/7239
f 3393/7354 3392/7355 3391/7352
f 3408/7405 3409/7406 3410/7407
f 3328/7439 3327/7440 3385/7441
f 3385/6653 3327/6629 3379/6651
f 3222/7442 3407/7443 3402/7444
f 3398/7382 3392/7379 3394/7381
f 3406/7244 3354/7235 3353/7233
f 3359/7238 3406/7244 3353/7233
f 3285/7246 3222/11100 3294/7241
f 3249/6617 3387/6654 3383/6652
f 3411/7390 3396/7387 3395/7386
f 3412/7083 3413/7084 3398/7085
f 3333/7408 3384/7409 3414/7410
f 3393/7445 3415/7446 3395/7447
f 3381/7368 3384/7370 3370/7369
f 3409/7450 3416/7451 3417/7452
f 3380/7373 3418/7374 3381/7375
f 3419/7411 3409/7406 3417/7412
f 3418/6504 3420/6505 3384/6506
f 3381/7458 3418/7459 3384/7460
f 3421/6507 3420/6505 3422/6508
f 3409/6908 3423/6909 3424/6910
f 3251/6625 3387/6654 3249/6617
f 3409/7450 3424/7453 3425/7454
f 3426/7413 3408/7405 3410/7407
f 3328/6630 3251/6625 3224/6599
f 3363/6641 3425/6660 3362/6661
f 3256/6639 3363/6641 3362/6661
f 3423/7461 3409/7462 3408/7463
f 3427/7414 3428/7415 3429/7416
f 3419/7411 3410/7407 3409/7406
f 3411/7417 3415/11101 3430/7419
f 3426/7413 3428/7415 3427/7414
f 3415/7446 3411/7448 3395/7447
f 3410/7407 3419/7411 3431/7420
f 3425/7454 3416/7451 3409/7450
f 3432/7467 3433/7468 3434/7469
f 3430/7419 3434/7421 3433/11102
f 3430/7086 3433/7087 3435/7088
f 3410/7407 3431/7420 3426/7413
f 3411/7089 3430/7086 3435/7088
f 3426/7413 3431/7420 3428/7415
f 3436/6911 3437/11091 3438/6913
f 3439/7423 3426/7413 3427/7414
f 3440/7471 3437/7472 3436/7473
f 3441/7424 3415/7418 3331/7425
f 3428/7415 3431/7420 3432/7426
f 3304/7475 3313/7476 3312/7477
f 3414/6509 3420/6505 3421/6507
f 3384/7478 3420/7479 3414/7480
f 3428/7470 3432/7467 3434/7469
f 3396/7392 3398/7394 3394/7395
f 3364/6643 3442/6662 3443/6663
f 3429/7416 3428/7415 3415/11101
f 3434/7421 3430/7419 3415/11101
f 3422/6508 3444/6510 3421/6507
f 3434/7421 3415/11101 3428/7415
f 3420/6505 3182/6485 3422/6508
f 3415/7446 3393/7445 3331/7449
f 3415/7481 3441/7482 3429/7483
f 3444/7484 3422/7485 3445/7486
f 3446/6914 3306/6915 3437/6912
f 3447/7489 3306/7490 3446/7491
f 3331/7425 3333/7408 3441/7424
f 3332/7196 3384/7199 3333/7197
f 3367/7322 3191/7324 3418/7327
f 3446/6914 3437/6912 3440/6916
f 3302/7147 3313/7161 3303/7148
f 3412/7492 3398/7493 3397/7494
f 3380/7373 3367/7372 3418/7374
f 3304/7495 3303/7496 3313/7497
f 3447/6917 3446/6914 3448/6918
f 3292/7498 3449/7499 3296/7500
f 3292/7145 3307/7154 3450/7162
f 3451/6919 3307/6920 3448/6918
f 3301/7146 3296/7143 3449/11099
f 3345/6899 3362/6907 3440/6916
f 3300/7501 3299/7502 3452/7503
f 3384/7348 3332/7353 3382/7347
f 3440/6916 3362/6907 3424/6910
f 3452/7177 3422/7178 3300/7173
f 3453/6921 3310/6922 3454/6923
f 3455/6924 3456/6925 3454/6923
f 3454/6923 3456/6925 3453/6921
f 3457/7487 3458/7488 3445/7486
f 3457/7504 3445/7505 3452/7506
f 3183/6926 3459/6927 3460/6928
f 3346/6900 3345/6899 3438/6913
f 3459/6511 3183/6486 3178/6481
f 3183/6926 3460/6928 3455/6924
f 3455/6924 3454/6923 3183/6926
f 3452/7508 3461/7509 3457/7510
f 3349/6903 3347/6901 3346/6900
f 3457/7164 3461/7165 3462/7166
f 3215/6501 3194/6493 3463/6512
f 3310/7511 3298/7512 3183/7513
f 3183/7514 3298/7515 3180/7516
f 3422/7507 3452/7506 3445/7505
f 3454/6923 3310/6922 3183/6926
f 3464/7090 3397/7091 3465/7092
f 3466/7464 3451/7465 3467/7466
f 3408/7463 3467/7466 3423/7461
f 3345/6899 3257/6875 3362/6907
f 3398/7085 3413/7084 3392/7093
f 3414/7410 3441/7424 3333/7408
f 3467/7466 3408/7463 3466/7464
f 3440/7471 3436/7473 3345/7474
f 3468/7427 3429/7416 3414/7410
f 3429/7416 3441/7424 3414/7410
f 3356/7306 3253/7309 3351/7307
f 3344/7234 3355/7236 3469/7248
f 3424/6910 3446/6914 3440/6916
f 3346/6900 3438/6913 3349/6903
f 3362/6907 3425/6929 3424/6910
f 3470/6930 3456/6925 3471/6931
f 3472/6932 3471/6931 3456/6925
f 3411/7390 3397/7391 3396/7387
f 3456/7517 3301/7518 3453/7519
f 3446/6914 3424/6910 3423/6909
f 3302/6933 3301/11092 3456/6925
f 3364/7314 3443/7316 3363/7315
f 3402/7239 3355/7236 3354/7235
f 3349/6903 3295/6935 3288/6906
f 3402/7239 3294/7241 3222/11100
f 3473/7428 3466/7429 3439/7423
f 3311/11093 3313/6937 3470/6930
f 3456/6925 3455/6924 3472/6932
f 3359/7520 3253/7521 3297/7522
f 3295/6935 3438/6913 3289/6938
f 3470/6930 3471/6931 3311/11093
f 3473/7428 3439/7423 3474/7430
f 3470/6930 3302/6933 3456/6925
f 3283/7078 3475/7094 3282/7079
f 3470/6930 3313/6937 3302/6933
f 3423/6909 3467/6939 3448/6918
f 3196/6495 3476/6513 3194/6493
f 3358/7523 3253/7524 3359/7525
f 3359/7526 3297/7527 3404/7528
f 3442/7529 3282/7530 3477/7531
f 3473/7428 3474/7430 3478/7431
f 3349/6903 3438/6913 3295/6935
f 3448/6918 3467/6939 3451/6919
f 3414/7410 3444/7432 3468/7427
f 3479/7433 3468/7427 3458/7434
f 3468/7533 3444/7534 3458/7535
f 3421/7435 3444/7432 3414/7410
f 3427/7414 3468/7427 3439/7423
f 3438/6913 3345/6899 3436/6911
f 3446/6914 3423/6909 3448/6918
f 3306/7536 3289/7537 3437/7538
f 3181/6484 3191/6489 3190/6488
f 3448/7540 3306/7541 3447/7542
f 3181/6484 3418/6504 3191/6489
f 3438/7539 3437/7538 3289/7537
f 3418/6504 3181/6484 3420/6505
f 3307/7543 3306/7541 3448/7540
f 3473/7428 3478/7431 3466/7429
f 3480/7167 3449/7163 3292/7145
f 3427/7414 3429/7416 3468/7427
f 3468/7427 3479/7433 3439/7423
f 3474/7430 3439/7423 3479/7433
f 3301/6934 3449/6940 3453/6921
f 3481/7095 3482/7096 3483/7097
f 3451/7544 3450/7545 3307/7546
f 3461/7165 3299/7168 3310/7169
f 3480/7167 3310/7169 3449/7163
f 3451/7436 3478/7431 3462/7437
f 3479/7548 3457/7549 3474/7550
f 3310/6922 3453/6921 3449/6940
f 3462/7166 3480/7167 3450/7162
f 3479/7548 3458/7551 3457/7549
f 3480/7167 3462/7166 3461/7165
f 3484/7098 3485/7099 3417/7100
f 3444/7484 3445/7486 3458/7488
f 3420/6505 3181/6484 3182/6485
f 3461/7165 3452/7170 3299/7168
f 3451/7436 3466/7429 3478/7431
f 3457/7549 3478/7552 3474/7550
f 3480/7167 3461/7165 3310/7169
f 3431/7101 3419/7102 3417/7100
f 3422/7178 3182/7176 3300/7173
f 3292/7145 3450/7162 3480/7167
f 3450/7545 3451/7544 3462/7547
f 3426/7413 3466/7429 3408/7405
f 3466/7429 3426/7413 3439/7423
f 3478/7552 3457/7549 3462/7553
f 3443/7554 3416/7555 3425/7556
f 3469/7248 3483/7249 3360/7250
f 3425/7317 3363/7315 3443/7316
f 3344/7234 3469/7248 3360/7250
f 3484/7098 3486/7103 3485/7099
f 3477/7557 3487/7558 3443/7559
f 3464/7090 3488/7104 3397/7091
f 3477/7531 3443/7532 3442/7529
f 3417/7452 3487/7455 3484/7456
f 3416/7560 3443/7559 3487/7558
f 3416/7451 3487/7455 3417/7452
f 3366/6644 3442/6662 3365/6642
f 3487/7455 3477/7457 3484/7456
f 3237/6608 3366/6644 3225/6600
f 3364/6643 3365/6642 3442/6662
f 3477/7105 3282/7079 3475/7094
f 3283/7078 3322/7080 3475/7094
f 3442/6662 3366/6644 3282/6664
f 3477/7105 3475/7094 3484/7098
f 3312/6891 3311/6936 3330/6895
f 3475/7094 3486/7103 3484/7098
f 3282/6664 3366/6644 3239/6610
f 3489/7106 3490/7107 3491/7108
f 3465/7092 3397/7091 3411/7089
f 3489/7106 3485/7099 3490/7107
f 3481/7095 3483/7097 3492/7109
f 3431/7101 3417/7100 3489/7106
f 3417/7100 3485/7099 3489/7106
f 3491/7108 3433/7087 3489/7106
f 3489/7438 3432/7426 3431/7420
f 3355/7236 3407/7245 3469/7248
f 3407/7245 3222/7247 3305/7251
f 3404/6665 3297/6628 3361/6638
f 3491/7108 3435/7088 3433/7087
f 3361/6638 3297/6628 3240/6611
f 3405/7243 3403/7240 3406/7244
f 3465/7092 3435/7088 3491/7108
f 3493/7252 3494/7253 3495/7254
f 3435/7088 3465/7092 3411/7089
f 3496/7255 3494/7253 3252/7256
f 3433/7422 3432/7426 3489/7438
f 3464/7090 3491/7108 3481/7095
f 3481/7095 3490/7107 3482/7096
f 3492/7257 3483/7249 3469/7248
f 3495/7254 3496/7255 3497/7258
f 3356/6637 3247/6619 3253/6620
f 3221/6684 3252/6687 3222/6686
f 3294/6657 3403/6666 3361/6638
f 3305/7251 3252/7256 3494/7253
f 3494/7253 3407/7245 3305/7251
f 3322/7080 3486/7103 3475/7094
f 3485/7099 3486/7103 3490/7107
f 3498/7259 3499/7260 3500/7261
f 3407/7245 3498/7259 3469/7248
f 3498/7259 3407/7245 3493/7252
f 3469/7248 3500/7261 3492/7257
f 3404/7561 3361/7562 3405/7563
f 3486/7103 3482/7096 3490/7107
f 3491/7108 3464/7090 3465/7092
f 3490/7107 3481/7095 3491/7108
f 3403/7240 3405/7243 3361/7262
f 3343/7229 3253/7231 3358/7237
f 3469/7248 3498/7259 3500/7261
f 3496/7255 3495/7254 3494/7253
f 3493/7252 3407/7245 3494/7253
f 3322/7080 3483/7097 3482/7096
f 3464/7090 3481/7095 3492/7109
f 3322/7080 3482/7096 3486/7103
f 3496/6691 3252/6687 3220/6683
f 3483/7097 3322/7080 3360/7082
f 3488/7104 3464/7090 3501/7110
f 3500/7111 3501/7110 3492/7109
f 3501/7110 3464/7090 3492/7109
f 3195/6494 3192/6490 3196/6495
f 3476/6513 3463/6512 3194/6493
f 3455/6924 3460/6928 3502/6941
f 3215/6501 3459/6511 3178/6481
f 3503/7564 3504/7565 3505/7566
f 3506/7567 3507/7568 3508/7569
f 3216/6552 3509/6560 3217/6553
f 3505/6561 3217/6553 3509/6560
f 3510/7629 3511/7630 3512/7631
f 3510/7629 3512/7631 3513/11104
f 3514/7633 3515/7634 3516/7635
f 3517/7713 3518/7714 3519/7715
f 3517/7713 3520/7716 3518/7714
f 3521/6562 3214/6551 3232/6554
f 3518/7714 3522/7717 3519/7715
f 3523/6563 3524/6564 3521/6562
f 3521/6562 3525/6565 3254/6559
f 3242/7321 3378/7325 3233/7328
f 3523/6563 3233/6556 3526/6566
f 3232/6554 3523/6563 3521/6562
f 3233/7328 3378/7325 3526/7329
f 3232/6554 3233/6556 3523/6563
f 3523/6563 3526/6566 3524/6564
f 3527/6567 3524/6564 3526/6566
f 3528/7718 3520/7716 3511/7719
f 3529/6568 3524/6564 3530/6569
f 3527/6567 3530/6569 3524/6564
f 3511/7719 3520/7716 3531/7720
f 3532/7636 3516/7635 3533/7637
f 3534/7570 3535/7571 3536/7572
f 3537/7638 3528/7639 3511/7630
f 3538/7640 3539/7641 3540/7642
f 3538/7640 3541/7643 3539/7641
f 3254/6559 3525/6565 3509/6560
f 1883/7644 3541/7643 1882/7645
f 3542/7573 3503/7564 3505/7566
f 3543/7646 3541/7643 1901/11105
f 3543/7646 1901/11105 3544/7648
f 3254/6559 3509/6560 3243/6558
f 3545/7649 3540/7642 3539/7641
f 3521/6562 3254/6559 3214/6551
f 3545/7649 3539/7641 3543/7646
f 3546/7891 3503/7892 3542/7893
f 1901/11105 3541/7643 1883/7644
f 3243/6558 3509/6560 3216/6552
f 3509/6560 3525/6565 3505/6561
f 3505/7566 3525/7574 3542/7573
f 3521/6562 3547/6570 3525/6565
f 3548/7575 3525/7574 3547/7576
f 3549/7721 1860/7722 1887/7723
f 3536/7572 3535/7571 3550/7577
f 3530/6569 3527/6567 3551/6571
f 3552/7894 3553/7895 3554/7896
f 3539/7641 3541/7643 3543/7646
f 3525/7574 3548/7575 3555/7578
f 1860/7722 3549/7721 3556/7724
f 3557/7725 3549/7721 1887/7723
f 3508/7569 3507/7568 3558/7579
f 3556/7897 3559/7898 3553/7895
f 1883/7644 1884/7650 1901/11105
f 3521/6562 3529/6568 3547/6570
f 3547/6570 3529/6568 3548/6572
f 3556/7724 3549/7721 3559/7726
f 3524/6564 3529/6568 3521/6562
f 3560/7899 3561/7900 3553/7901
f 3525/7574 3555/7578 3542/7573
f 3551/7580 3507/7568 3530/7581
f 3557/7725 3562/7727 3549/7721
f 3563/7582 3550/7577 3535/7571
f 3562/7727 3554/7728 3559/7726
f 3564/7583 3548/7575 3508/7569
f 3565/7651 3566/7652 3533/7637
f 3567/7584 3535/7571 3568/7585
f 3531/7905 3532/7906 3512/7907
f 3530/7581 3506/7567 3529/7586
f 3569/7653 3566/7652 3565/7651
f 3570/7587 3571/7588 3572/7589
f 3573/7729 3554/7728 3562/7727
f 3529/7586 3508/7569 3548/7575
f 3529/7586 3506/7567 3508/7569
f 3562/7727 3559/7726 3549/7721
f 3548/7575 3564/7583 3555/7578
f 3506/7567 3530/7581 3507/7568
f 3555/7578 3564/7583 3574/7590
f 3516/7908 3532/7906 3531/7905
f 3508/7569 3575/7591 3564/7583
f 3558/7579 3576/7592 3575/7591
f 3368/7911 3577/7912 3578/7913
f 3508/7569 3558/7579 3575/7591
f 3571/7588 3563/7582 3579/7593
f 3580/7923 3581/7924 3582/7925
f 3583/7929 3584/7930 3585/7931
f 3371/7940 3585/7941 3369/7942
f 3569/7653 3582/7654 3581/7655
f 3585/7931 3376/7932 3583/7929
f 3577/7912 3369/7914 3585/7915
f 3567/7584 3563/7582 3535/7571
f 3586/7656 3566/7652 3569/7653
f 3587/7657 3588/7658 3589/7659
f 3540/7642 3587/7657 3590/7660
f 3571/7588 3570/7587 3563/7582
f 3591/7943 3592/7944 3593/7945
f 3581/7655 3586/7656 3569/7653
f 3594/7661 3587/7657 3589/7659
f 3595/7662 3589/7659 3596/7663
f 3591/7967 3597/7968 3592/7969
f 3598/7970 3582/7971 3569/7972
f 3599/7664 3594/7661 3589/7659
f 3579/7593 3563/7582 3567/7584
f 3565/7651 3600/7665 3569/7653
f 3581/7655 3601/7666 3586/7656
f 3580/7923 3601/7926 3581/7924
f 3600/7973 3598/7974 3569/7975
f 3602/7667 3599/7664 3589/7659
f 3603/7668 3604/7669 3605/7670
f 3371/7976 3376/7977 3585/7978
f 3603/7668 3601/7666 3606/7671
f 3607/7946 3608/7947 3593/7945
f 3368/7333 3369/7335 3577/7337
f 3609/7672 3586/7656 3610/7673
f 3592/7979 3597/7980 3607/7981
f 3540/7642 3588/7658 3587/7657
f 3611/7985 3593/7986 3608/7987
f 3526/7329 3378/7325 3368/7323
f 3593/7945 3592/7944 3607/7946
f 3578/7992 3612/7993 3368/7994
f 3607/7996 3613/7997 3614/7998
f 3377/7340 3583/7341 3376/7338
f 3583/7929 3377/7933 3615/7934
f 3388/7350 3616/7356 3377/7349
f 3377/7349 3616/7356 3615/7357
f 3612/7993 3578/7992 3617/7995
f 3554/7896 3553/7895 3559/7898
f 3618/7358 3616/7356 3388/7350
f 3392/7093 3619/7112 3390/7113
f 3612/8000 3620/8001 3526/8002
f 3586/8009 3609/8010 3566/8011
f 3621/7948 3580/7949 3622/7950
f 3388/7114 3390/7113 3619/7112
f 3578/7913 3577/7912 3617/7916
f 3612/8000 3617/8003 3623/8004
f 3584/7917 3624/7918 3625/7919
f 3621/7948 3626/7951 3608/7947
f 3627/6692 3628/6693 3629/6694
f 3527/8013 3526/8014 3620/8015
f 3630/7674 3631/7675 3632/7676
f 3552/7730 3633/7731 3553/11106
f 3584/7917 3625/7919 3585/7915
f 3212/6682 3629/6694 3220/6683
f 3602/7667 3589/7659 3595/7662
f 3577/7912 3625/7919 3617/7916
f 3625/8017 3634/8018 3617/8019
f 3625/7919 3577/7912 3585/7915
f 3613/7677 3602/7667 3595/7662
f 3617/8003 3634/8005 3623/8004
f 3589/7659 3588/7658 3596/7663
f 3635/7594 3636/7595 3623/7596
f 3605/7670 3609/7672 3610/7673
f 3526/8002 3368/8006 3612/8000
f 3623/8004 3636/8007 3612/8000
f 3606/7671 3613/7677 3637/7678
f 3612/8000 3636/8007 3620/8001
f 3610/7673 3603/7668 3605/7670
f 3637/7678 3613/7677 3595/7662
f 3638/8020 3519/8021 3639/8022
f 3640/7733 3519/7715 3638/7734
f 3611/7985 3608/7987 3626/7988
f 3641/7735 3642/7736 3643/7737
f 3638/7734 3644/11107 3645/7739
f 3580/7949 3621/7948 3614/7952
f 3646/7740 3528/7718 3647/7741
f 3603/7668 3610/7673 3601/7666
f 3648/7679 3649/7680 3643/7681
f 3645/8023 3644/8024 3643/8025
f 3643/7737 3644/7738 3641/7735
f 3645/8023 3643/8025 3649/8026
f 3551/8008 3620/8001 3636/8007
f 3606/7927 3580/7923 3614/7928
f 3644/7738 3650/7742 3641/7735
f 3644/11107 3638/7734 3651/7743
f 3583/7929 3615/7934 3624/7935
f 3646/7740 3647/7741 3652/7744
f 3583/7929 3624/7935 3584/7930
f 3623/7596 3634/7597 3635/7594
f 3645/7739 3640/7733 3638/7734
f 3620/8015 3551/8016 3527/8013
f 3632/7676 3631/7675 3653/7682
f 3654/8027 3655/8028 3626/8029
f 3656/8030 3654/8027 3626/8029
f 3601/7666 3610/7673 3586/7656
f 3657/7936 3624/7935 3615/7934
f 3626/7951 3621/7948 3658/7953
f 3615/7357 3618/7358 3657/7359
f 3618/7358 3615/7357 3616/7356
f 3566/7652 3513/7632 3532/7636
f 3659/6695 3660/6696 3661/6697
f 3662/6698 3660/6696 3663/6699
f 3606/7671 3637/7678 3603/7668
f 3634/7920 3625/7919 3624/7918
f 3624/7935 3657/7936 3664/7937
f 3665/8034 3666/8035 3656/8036
f 3619/7360 3667/7361 3388/7350
f 3660/6696 3659/6695 3668/6700
f 3668/6700 3669/6701 3660/6696
f 3670/7954 3671/7955 3672/7956
f 3669/6701 3668/6700 3673/6702
f 3666/8035 3665/8034 3659/8037
f 3674/8038 3675/8039 3676/8040
f 3668/6700 3659/6695 3665/6703
f 3675/8039 3674/8038 3665/8034
f 3220/6683 3629/6694 3663/6699
f 3658/8031 3675/8032 3656/8030
f 3653/7682 3631/7675 3510/7629
f 3665/8034 3656/8036 3675/8039
f 3608/7947 3614/7952 3621/7948
f 3388/7350 3677/7362 3618/7358
f 3670/8041 3674/8038 3676/8040
f 3513/11104 3653/7682 3510/7629
f 3665/6703 3673/6702 3668/6700
f 3388/7350 3667/7361 3677/7362
f 3618/8093 3677/8094 3678/8095
f 3679/7957 3671/7955 3670/7954
f 3658/8031 3656/8030 3626/8029
f 3642/7598 3641/7599 3680/7600
f 3681/7601 3575/7591 3576/7592
f 3681/7601 3682/7602 3575/7591
f 3681/7745 3683/7746 3684/7747
f 3670/7954 3676/7958 3679/7957
f 3683/7746 3641/7735 3650/7742
f 3685/6704 3220/6683 3663/6699
f 3684/7747 3683/7746 3686/7748
f 3580/7923 3606/7927 3601/7926
f 3687/8096 1880/8097 3688/8098
f 3624/7918 3689/7921 3634/7920
f 3576/7592 3680/7600 3641/7599
f 3681/7601 3576/7592 3641/7599
f 3681/8104 3684/8105 3682/8106
f 3690/8112 3618/8113 3678/8114
f 3658/7953 3676/7958 3675/7959
f 3690/7363 3657/7359 3618/7358
f 3681/7601 3641/7599 3683/7603
f 3650/7742 3686/7748 3683/7746
f 3658/7953 3679/7957 3676/7958
f 3624/7935 3664/7937 3689/7938
f 3691/7604 3558/7579 3507/7568
f 3691/7604 3692/7605 3558/7579
f 3692/7605 3576/7592 3558/7579
f 3635/7922 3634/7920 3689/7921
f 3693/7606 3680/7600 3692/7605
f 3692/7605 3680/7600 3576/7592
f 3693/7606 3642/7598 3680/7600
f 3642/7598 3572/7589 3694/7607
f 3695/8116 3696/8117 3694/8118
f 3695/11103 3694/7607 3572/7589
f 3696/8139 3672/8140 3694/8141
f 3669/6701 3663/6699 3660/6696
f 3691/7604 3507/7568 3551/7580
f 3657/8142 3690/8143 3677/8144
f 3689/7938 3664/7937 3550/7939
f 3664/8145 3657/8146 3677/8147
f 3413/7084 3697/7115 3667/7116
f 3691/7604 3551/7580 3636/7595
f 3698/7117 3413/7084 3412/7083
f 3699/7118 3700/7119 3701/7120
f 3413/7084 3619/7112 3392/7093
f 3532/7636 3533/7637 3566/7652
f 3522/7717 3702/11108 3703/7750
f 3703/7750 3702/11108 3704/7751
f 3640/7733 3514/7752 3519/7715
f 3560/7899 3553/7901 3705/7902
f 3706/7753 3707/7754 3708/7755
f 3522/7717 3703/7750 3639/7756
f 3709/11109 3705/7758 3708/7755
f 3633/8148 3708/8149 3705/8150
f 3603/7668 3637/7678 3604/7669
f 3708/7755 3633/7731 3552/7730
f 3709/7903 3560/7899 3705/7902
f 3560/8152 3710/8153 3704/8154
f 3709/7903 3711/7904 3560/7899
f 3704/7751 3710/7759 3703/7750
f 3633/8148 3705/8150 3553/8151
f 3711/8155 3710/8153 3560/8152
f 3522/7717 3639/7756 3519/7715
f 3604/7669 3637/7678 3595/7662
f 1859/7760 1860/7722 3556/7724
f 3697/7115 3413/7084 3698/7117
f 3708/7755 3707/7754 3709/11109
f 3639/7756 3703/7750 3710/7759
f 3609/7672 3605/7670 3513/11104
f 3712/7761 3639/7756 3710/7759
f 3706/7753 3708/7755 3552/7730
f 3397/7091 3713/7121 3698/7117
f 3667/7116 3619/7112 3413/7084
f 3707/7754 3714/7762 3709/11109
f 3397/8159 3698/8160 3412/8161
f 3605/7670 3653/7682 3513/11104
f 3488/7104 3715/7122 3713/7121
f 3713/7121 3397/7091 3488/7104
f 3573/7729 3552/7730 3554/7728
f 3715/7122 3698/7117 3713/7121
f 3663/6699 3629/6694 3628/6693
f 3667/7116 3697/7115 3677/7123
f 3714/8162 3716/8163 3709/8164
f 3699/7118 3715/7122 3488/7104
f 3717/7263 3699/7264 3499/7260
f 3499/7124 3699/7118 3500/7111
f 3639/8168 3711/8169 3638/8170
f 3663/6699 3628/6693 3662/6698
f 3714/8162 3718/8165 3716/8163
f 3712/8171 3711/8172 3639/8173
f 3711/8155 3712/8156 3710/8153
f 3488/7104 3501/7110 3699/7118
f 3714/7762 3719/7763 3718/7764
f 3716/7765 3651/7743 3638/7734
f 3644/7738 3720/7766 3650/7742
f 3685/6704 3663/6699 3669/6701
f 3709/7757 3716/7765 3711/7767
f 3638/7734 3711/7767 3716/7765
f 3596/7663 3604/7669 3595/7662
f 3596/7663 3632/7676 3653/7682
f 3500/7111 3699/7118 3501/7110
f 3609/8010 3513/8012 3566/8011
f 3653/7682 3605/7670 3721/7683
f 3677/7609 3536/7572 3664/7610
f 3677/7123 3534/7125 3536/7126
f 3700/7119 3568/7127 3534/7125
f 3690/8112 3678/8114 3677/8115
f 3701/7120 3700/7119 3677/7123
f 3677/7123 3700/7119 3534/7125
f 3574/8107 3722/8108 3555/8109
f 3677/7123 3697/7115 3701/7120
f 3564/7583 3575/7591 3723/7611
f 3684/8105 3723/8110 3682/8106
f 3575/7591 3682/7602 3723/7611
f 3684/8105 3724/8111 3723/8110
f 3722/8108 3723/8110 3724/8111
f 3574/8107 3723/8110 3722/8108
f 3725/7612 3555/7578 3722/7613
f 3555/7578 3725/7612 3726/7614
f 3596/7663 3653/7682 3721/7683
f 3700/7265 3699/7264 3717/7263
f 3555/7578 3726/7614 3546/7615
f 3727/8119 3717/8120 3728/8121
f 3546/7615 3542/7573 3555/7578
f 3721/7683 3605/7670 3604/7669
f 3701/7120 3697/7115 3715/7122
f 3535/7571 3534/7570 3568/7585
f 3546/7615 3726/7614 3729/7616
f 3697/7115 3698/7117 3715/7122
f 3730/8174 3702/8175 3522/8176
f 3574/7590 3564/7583 3723/7611
f 3731/7684 3596/7663 3588/7658
f 3717/7263 3568/7266 3700/7265
f 3670/8041 3732/8042 3674/8038
f 3673/8122 3674/8123 3732/8124
f 3670/8125 3733/8126 3732/8124
f 3670/8125 3696/8117 3733/8126
f 3734/7617 3729/7616 3726/7614
f 3717/8178 3727/8179 3568/8180
f 3699/7118 3701/7120 3715/7122
f 3727/7618 3567/7584 3568/7585
f 3499/7260 3498/7259 3493/7252
f 3632/7676 3596/7663 3630/7674
f 3735/8181 3736/8182 3717/8183
f 3696/8117 3695/8116 3733/8126
f 3737/7267 3685/7268 3669/7269
f 3512/7631 3511/7630 3531/7685
f 3737/7267 3497/7258 3685/7268
f 3571/7588 3738/7619 3695/7608
f 3695/8185 3738/8186 3733/8187
f 3499/7260 3493/7252 3735/7270
f 3721/7683 3604/7669 3596/7663
f 3607/7946 3614/7952 3608/7947
f 3739/7768 1870/7769 3561/7770
f 3561/8157 3560/8152 3704/8154
f 3518/7714 3730/7771 3522/7717
f 3672/8127 3696/8117 3670/8125
f 3740/8188 3741/8189 3737/8190
f 3499/7260 3735/7270 3717/7263
f 3493/7252 3495/7254 3735/7270
f 3742/8128 3567/8129 3728/8121
f 3496/6691 3220/6683 3685/6704
f 3630/7674 3596/7663 3731/7684
f 3571/7588 3579/7593 3738/7619
f 3497/7258 3496/7255 3685/7268
f 3504/7565 3503/7564 3546/7615
f 3740/8130 3743/8131 3741/8132
f 3495/7254 3497/7258 3737/7267
f 3743/8131 3744/8133 3742/8128
f 3672/7956 3671/7955 3582/7960
f 3745/8134 3738/8135 3579/8136
f 3561/8157 3704/8154 3702/8158
f 3495/7254 3737/7267 3735/7270
f 3579/8136 3567/8129 3742/8128
f 3743/8131 3742/8128 3746/8137
f 3741/7271 3735/7270 3737/7267
f 3732/8124 3740/8130 3673/8122
f 3740/8188 3669/8191 3673/8192
f 3740/8130 3732/8124 3743/8131
f 3567/8129 3727/8119 3728/8121
f 3743/8131 3733/8126 3744/8133
f 3732/8124 3733/8126 3743/8131
f 3742/8128 3745/8134 3579/8136
f 3744/8133 3733/8126 3745/8134
f 3738/8135 3745/8134 3733/8126
f 3582/7960 3671/7955 3580/7949
f 3673/6702 3665/6703 3674/6705
f 3669/8191 3740/8188 3737/8190
f 3742/8128 3744/8133 3745/8134
f 3571/8193 3695/8194 3572/8195
f 3741/8132 3746/8137 3728/8121
f 3580/7949 3671/7955 3622/7950
f 3736/8182 3735/8181 3741/8184
f 3679/7957 3622/7950 3671/7955
f 3747/8196 3600/8197 3648/8198
f 3746/8137 3742/8128 3728/8121
f 3648/8198 3643/8199 3747/8196
f 3658/7953 3622/7950 3679/7957
f 3736/8138 3741/8132 3728/8121
f 3736/8138 3728/8121 3717/8120
f 3743/8131 3746/8137 3741/8132
f 3648/7679 3600/7665 3748/7686
f 3588/7658 3545/7649 3731/7684
f 3635/7594 3749/7620 3636/7595
f 3750/7772 3751/7773 3752/7774
f 3691/7604 3636/7595 3749/7620
f 3561/7770 3556/7724 3553/7732
f 3730/8174 3739/8177 3702/8175
f 3649/7775 3640/7733 3645/7739
f 3752/8200 3751/8201 3753/8202
f 3514/7752 3517/7713 3519/7715
f 3544/7648 3545/7649 3543/7646
f 1901/7647 1900/7687 1903/7688
f 3689/7621 3754/7622 3635/7594
f 3755/7689 1901/7647 1903/7688
f 3622/7950 3658/7953 3621/7948
f 3606/7999 3614/7998 3613/7997
f 3561/7770 1859/7760 3556/7724
f 3730/7771 3518/7714 3750/7772
f 3544/7648 3756/7690 3757/7691
f 3649/7680 3648/7679 3748/7686
f 3544/8203 1901/8204 3755/8205
f 3550/7577 3563/7582 3754/7622
f 3693/7606 3691/7604 3749/7620
f 1904/7692 3755/7689 1903/7688
f 1905/7693 1904/7692 1902/7694
f 1904/7692 3756/7690 3544/7648
f 3540/7642 3545/7649 3588/7658
f 3550/7577 3664/7610 3536/7572
f 3544/7648 3757/7691 3545/7649
f 3515/7634 3533/7637 3516/7635
f 3545/7649 3758/7695 3731/7684
f 3749/7620 3635/7594 3754/7622
f 3759/8206 1905/8207 1886/8208
f 3758/7695 3545/7649 3757/7691
f 3760/8212 3758/8213 1905/8214
f 1861/7776 1862/7777 3739/7768
f 3750/7772 3739/7768 3730/7771
f 1905/7693 3756/7690 1904/7692
f 3731/7684 3758/7695 3630/7674
f 3759/8099 3761/8100 3760/8101
f 3760/7696 3761/7697 3762/7698
f 3756/7690 1905/7693 3757/7691
f 3760/8209 1905/8207 3759/8206
f 3537/7638 3510/7629 3631/7675
f 3537/7638 3631/7675 3762/7698
f 3758/7695 3631/7675 3630/7674
f 3631/7675 3760/7696 3762/7698
f 3693/7606 3692/7605 3691/7604
f 3544/7648 3755/7689 1904/7692
f 3513/7909 3512/7907 3532/7906
f 3550/7577 3754/7622 3689/7621
f 1861/7776 3739/7768 3750/7772
f 3759/8206 1875/8210 1874/8211
f 1864/8215 1861/8216 3750/8217
f 3572/7589 3763/7623 3570/7587
f 3642/7598 3693/7606 3572/7589
f 3758/7695 3757/7691 1905/7693
f 1864/7778 3750/7772 3752/7774
f 3761/8100 3759/8099 1874/8102
f 1875/8210 3759/8206 1886/8208
f 3561/7770 1870/7769 1859/7760
f 3688/7779 1881/7780 1865/7781
f 3748/7686 3533/7637 3515/7634
f 3600/7665 3565/7651 3748/7686
f 3631/7675 3758/7695 3760/7696
f 3514/7752 3640/7733 3515/7782
f 3747/7961 3672/7956 3582/7960
f 3694/7962 3672/7956 3747/7961
f 3649/7775 3748/7783 3640/7733
f 3652/8218 3647/8219 3687/8220
f 3761/8100 1880/8097 3687/8096
f 3761/8221 3687/8222 3764/8223
f 3647/7699 3528/7639 3537/7638
f 3753/8224 3751/8225 3652/8226
f 3646/7740 3652/7744 3751/7773
f 3518/7714 3765/7784 3766/7785
f 3764/7700 3537/7638 3762/7698
f 3537/7638 3764/7700 3647/7699
f 3761/7697 3764/7700 3762/7698
f 1880/8097 3761/8100 1874/8102
f 3766/7785 3646/7740 3751/7773
f 3752/7774 1865/7781 1863/7786
f 3764/8228 3687/8229 3647/8230
f 3751/7773 3750/7772 3766/7785
f 3747/7961 3582/7960 3598/7963
f 3766/7785 3750/7772 3518/7714
f 3687/8096 3688/8098 3753/8103
f 3652/8226 3687/8227 3753/8224
f 1865/7781 3752/7774 3688/7779
f 1873/8231 1880/8232 1874/8233
f 3646/7740 3766/7785 3765/7784
f 3752/7774 3753/7787 3688/7779
f 3643/7964 3642/7965 3694/7962
f 3749/7620 3754/7622 3763/7623
f 3600/7966 3747/7961 3598/7963
f 3694/7962 3747/7961 3643/7964
f 3693/7606 3749/7620 3763/7623
f 3515/7782 3640/7733 3748/7783
f 3528/7718 3646/7740 3765/7784
f 1862/7777 1870/7769 3739/7768
f 3763/7623 3572/7589 3693/7606
f 3565/7651 3533/7637 3748/7686
f 3763/7623 3754/7622 3570/7587
f 3563/7582 3570/7587 3754/7622
f 1881/7780 3688/7779 1880/7788
f 3765/7784 3520/7716 3528/7718
f 3511/7630 3510/7629 3537/7638
f 3517/7713 3514/7752 3520/7716
f 3518/7714 3520/7716 3765/7784
f 3739/7768 3561/7770 3702/7749
f 3514/7910 3516/7908 3531/7905
f 3752/7774 1863/7786 1864/7778
f 3531/7720 3520/7716 3514/7752
f 3684/7747 3686/7748 3767/7789
f 3613/8234 3607/8235 3602/8236
f 3597/7980 3602/7982 3607/7981
f 3768/8237 3769/8238 3770/8239
f 3771/8240 3772/8241 3773/8242
f 3774/8249 3775/8250 3776/8251
f 3776/8251 3775/8250 3777/8252
f 3769/8253 3778/8254 3779/8255
f 3778/8254 3776/8251 3780/8256
f 3781/8330 3770/8331 3782/8332
f 3779/8255 3778/8254 3780/8256
f 3779/8395 3783/8396 3782/8397
f 3784/8410 3785/8411 3786/8412
f 3787/8416 3788/8417 3789/8418
f 3790/8419 3726/8420 3725/8421
f 3789/8435 3790/8436 3787/8437
f 3791/8438 3792/8439 3729/8440
f 3787/8416 3793/8422 3794/8423
f 3795/8424 3729/8425 3789/8418
f 3795/8441 3791/8442 3729/8443
f 3796/6942 3797/6943 3798/6944
f 3792/7624 3546/7615 3729/7616
f 3769/8398 3779/8395 3782/8397
f 3789/8418 3729/8425 3734/8426
f 3799/7790 3800/7791 3650/7742
f 3801/7792 3802/7793 3803/7794
f 3781/8330 3804/8333 3770/8331
f 3718/7764 3805/7795 3806/7796
f 3807/6945 3798/6944 3808/6946
f 3809/7797 3810/7798 3811/7799
f 3812/8444 3813/8445 3814/8446
f 3789/8418 3734/8426 3790/8419
f 3725/8421 3722/8427 3787/8416
f 3815/6947 3816/6948 3794/6949
f 3734/8426 3726/8420 3790/8419
f 3783/8257 3779/8255 3780/8256
f 3815/6947 3796/6942 3817/6950
f 3816/6948 3815/6947 3817/6950
f 3793/6951 3815/6947 3794/6949
f 3793/6951 3797/6943 3815/6947
f 3815/6947 3797/6943 3796/6942
f 3817/6950 3796/6942 3818/6952
f 3790/8419 3725/8421 3787/8416
f 3722/8427 3793/8422 3787/8416
f 3819/8450 3803/8451 3820/8452
f 3797/6943 3793/6951 3821/6953
f 3798/6944 3818/6952 3796/6942
f 3822/6954 3797/6943 3821/6953
f 3822/6954 3821/6953 3823/11094
f 3805/7795 3719/7763 3824/7800
f 3788/8417 3787/8416 3794/8423
f 3788/8417 3794/8423 3825/8428
f 3800/7791 3686/7748 3650/7742
f 3798/6944 3797/6943 3822/6954
f 3809/8459 3808/8460 3810/8461
f 3822/8472 3823/8473 3798/8474
f 3807/6945 3818/6952 3798/6944
f 3826/7801 3813/11110 3827/7803
f 3828/6956 3817/6950 3818/6952
f 3810/7798 3686/7748 3800/7791
f 3818/6952 3829/6957 3828/6956
f 3798/6944 3823/6955 3808/6946
f 3830/6958 3831/6959 3832/6960
f 3810/7798 3800/7791 3811/7799
f 3833/6961 3816/6948 3817/6950
f 3817/6950 3828/6956 3834/6962
f 3835/7804 3824/7800 3719/7763
f 3810/8461 3808/8460 3823/8462
f 3831/6959 3816/6948 3833/6961
f 3836/7805 3811/7799 3799/7790
f 3800/7791 3799/7790 3811/7799
f 3834/6962 3833/6961 3817/6950
f 3837/11095 3828/6956 3829/6957
f 3834/6962 3832/6960 3833/6961
f 3832/8475 3837/8476 3838/8477
f 3837/11095 3832/6960 3834/6962
f 3833/6961 3832/6960 3831/6959
f 3650/7742 3720/7766 3799/7790
f 3829/6957 3839/6964 3837/11095
f 3840/6965 3841/6966 3837/6963
f 1932/8481 1929/8482 1938/8483
f 3842/7806 3809/7797 3843/7807
f 3813/8484 3826/8485 3801/8486
f 3844/7808 3845/7809 3843/7807
f 3845/7809 3842/7806 3843/7807
f 3842/8463 3846/8464 3809/8459
f 3777/8252 3780/8256 3776/8251
f 3847/7810 3802/7793 3848/7811
f 3828/6956 3837/11095 3834/6962
f 3849/8487 3850/8488 3851/8489
f 3852/8490 3850/8491 1939/8492
f 1938/8493 1939/8492 3849/8494
f 3853/8497 3854/8498 3855/8499
f 2591/8500 3856/8501 2605/8502
f 1939/8258 2605/8259 3856/8260
f 2605/8259 1939/8258 1962/8261
f 3839/8504 3840/8505 3837/8506
f 3857/8508 3854/8509 3853/8510
f 3850/8491 3849/8494 1939/8492
f 3856/8260 3858/11118 1939/8258
f 3805/7795 3859/7812 3806/7796
f 3852/8517 1939/8518 3858/8519
f 3857/8522 1932/8523 3854/8524
f 3860/8263 3861/8264 3855/8265
f 1938/8525 3854/8526 1932/8527
f 3842/7806 3845/7809 3862/7813
f 2591/8500 2604/8503 3856/8501
f 3849/8266 3855/8265 3854/8267
f 3854/8526 1938/8525 3849/8528
f 3849/8266 3851/8268 3855/8265
f 3842/8463 3863/8465 3846/8464
f 3857/8508 1927/8511 1932/8512
f 3864/8243 3785/8244 3771/8240
f 3857/8508 3853/8510 3865/8513
f 3807/6945 3829/6957 3818/6952
f 3802/7793 3801/7792 3848/7811
f 3801/7792 3803/7794 3866/7814
f 1916/8529 3865/8530 3867/8531
f 1928/8514 1927/8511 3857/8508
f 1928/8514 3857/8508 3865/8513
f 3868/7815 3826/7801 3827/7803
f 3869/8269 3855/8265 3851/8268
f 1916/8515 1928/8514 3865/8513
f 3845/7809 3844/7808 3868/7815
f 3865/8513 3853/8510 3855/8516
f 3870/8533 3865/8534 3855/8535
f 3803/7794 3871/7816 3866/7814
f 3867/8537 3865/8538 3872/8539
f 3809/8459 3846/8464 3808/8460
f 3873/11111 3872/7818 3874/7819
f 3875/7820 3876/7821 3877/7822
f 3839/6964 3807/6945 3808/6946
f 3878/8270 3879/8271 3880/8272
f 3865/8534 3870/8533 3872/8536
f 3879/7823 3875/7820 3872/7818
f 3839/6964 3808/6946 3846/6967
f 3869/8269 3860/8263 3855/8265
f 3872/11119 3870/8274 3861/8264
f 3880/8540 3872/8541 3881/8542
f 3873/7817 1913/7824 1916/7825
f 3882/7826 3883/7827 3864/7828
f 1914/7829 3884/7830 1915/7831
f 1915/8453 3884/8454 1911/8455
f 3811/7799 3836/7805 3843/7807
f 3885/7832 3886/7833 3887/7834
f 3879/8271 3872/8273 3880/8272
f 3888/8546 3871/8547 3889/8548
f 3890/7835 3884/7830 1914/7829
f 3873/11111 3867/7836 3872/7818
f 3861/8264 3870/8274 3855/8265
f 3861/8543 3881/8542 3872/8541
f 3875/7820 3874/7819 3872/7818
f 3824/7800 3891/7837 3885/7832
f 1911/8455 3884/8454 3892/8456
f 3890/7835 1914/7829 3893/7838
f 1912/7839 1916/7825 1913/7824
f 3893/8550 3873/8551 3874/8552
f 3866/7814 3894/7840 3814/7841
f 3874/7819 3895/7842 3884/7830
f 3890/7835 3893/7838 3874/7819
f 3893/7838 1914/7829 1913/7824
f 3819/8450 3896/8457 3884/8454
f 3874/7819 3884/7830 3890/7835
f 1916/8529 3867/8531 3873/8532
f 3893/7838 1913/7824 3873/7817
f 3877/7822 3874/7819 3875/7820
f 3809/7797 3811/7799 3843/7807
f 3803/8451 3802/8458 3820/8452
f 3807/6945 3839/6964 3829/6957
f 1907/7843 3897/7844 1908/7845
f 3892/7846 1907/7843 1911/7847
f 3801/7792 3866/7814 3813/7802
f 3839/8504 3846/8507 3840/8505
f 3863/8465 3840/8466 3846/8464
f 3877/7822 3895/7842 3874/7819
f 3651/8166 3716/8163 3718/8165
f 1907/7843 3898/7848 3897/7844
f 3866/7814 3871/7816 3894/7840
f 3799/7790 3720/7766 3806/7796
f 1926/8553 1910/8554 1908/8555
f 3848/7811 3801/7792 3826/7801
f 3899/8556 1926/8553 1908/8555
f 1907/7843 3892/7846 3898/7848
f 3897/8557 3900/8558 3899/8556
f 3827/8560 3813/8561 3901/8562
f 3899/7849 3902/7850 3903/7851
f 3805/7795 3824/7800 3859/7812
f 3903/7851 1926/7852 3899/7849
f 3895/7842 3819/7853 3884/7830
f 3896/8457 3892/8456 3884/8454
f 3718/7764 3806/7796 3720/7766
f 3814/7841 3894/7840 3772/7854
f 3902/7850 3904/7855 3903/7851
f 3905/7856 1925/7857 3903/7851
f 1887/7723 1888/7858 3557/7725
f 3905/7856 1888/7858 1906/7859
f 3894/7840 3871/7816 3773/7860
f 3906/7861 3904/7855 3907/7862
f 3896/7863 3898/7848 3892/7846
f 3866/7814 3814/7841 3813/7802
f 3562/7727 3557/7725 1888/7858
f 3908/7864 3906/7861 3907/7862
f 1888/7858 3905/7856 3906/7861
f 1888/7858 3906/7861 3562/7727
f 3899/8556 1908/8555 3897/8557
f 3573/7729 3562/7727 3906/7861
f 3718/7764 3719/7763 3805/7795
f 3905/7856 3903/7851 3904/7855
f 1925/7857 1909/7865 1926/7852
f 3905/7856 3904/7855 3906/7861
f 3859/7812 3824/7800 3799/7790
f 3908/7864 3909/7866 3573/7729
f 3799/7790 3806/7796 3859/7812
f 3824/7800 3885/7832 3799/7790
f 3836/7805 3799/7790 3885/7832
f 3903/7851 1925/7857 1926/7852
f 3835/7804 3891/7837 3824/7800
f 3909/7866 3706/7753 3573/7729
f 3906/7861 3908/7864 3573/7729
f 3887/7834 3836/7805 3885/7832
f 3891/7837 3886/7833 3885/7832
f 3910/7867 3909/7866 3911/7868
f 3907/7862 3904/7855 3902/7850
f 3891/7837 3909/7866 3910/7867
f 3911/7868 3909/7866 3912/7869
f 3910/7867 3886/7833 3891/7837
f 3913/7870 3914/7871 3915/7872
f 3915/7872 3914/7871 3916/11112
f 3909/8568 3917/8569 3706/8570
f 3917/8571 3909/8572 3835/8573
f 3907/7862 3918/7874 3912/7869
f 3909/7866 3908/7864 3912/7869
f 3919/7875 3910/7867 3911/7868
f 3912/7869 3908/7864 3907/7862
f 3887/7834 3913/7870 3836/7805
f 3836/8574 3913/8575 3915/8576
f 3719/7763 3707/7754 3835/7804
f 3912/7869 3918/7874 3911/7868
f 3907/7862 3902/7850 3918/7874
f 3920/7876 3921/11113 3922/7878
f 3707/7754 3719/7763 3714/7762
f 3835/7804 3707/7754 3917/7879
f 3706/7753 3917/7879 3707/7754
f 3773/7860 3888/7880 3923/7881
f 3871/7816 3803/7794 3819/7853
f 3886/7833 3924/7882 3887/7834
f 3909/7866 3891/7837 3835/7804
f 3913/7870 3887/7834 3922/7878
f 3844/7808 3843/7807 3836/7805
f 1906/7859 1925/7857 3905/7856
f 3925/11114 3847/7810 3921/7877
f 3920/7876 3922/7878 3924/7882
f 3924/7882 3922/7878 3887/7834
f 3773/7860 3772/7854 3894/7840
f 3921/8577 3848/8578 3914/8579
f 3844/7808 3836/7805 3916/7873
f 3848/8580 3916/8581 3914/8582
f 3826/7801 3868/7815 3844/7808
f 3844/7808 3916/7873 3826/7801
f 3814/8446 3926/8447 3812/8444
f 3848/7811 3826/7801 3916/7873
f 3921/7877 3847/7810 3848/7811
f 3920/8583 3925/8584 3921/8585
f 3927/8587 3841/8588 3928/8589
f 3914/7871 3922/7878 3921/11113
f 3918/7874 3929/7884 3919/7875
f 3913/7870 3922/7878 3914/7871
f 3772/8448 3926/8447 3814/8446
f 3924/7882 3886/7833 3910/7867
f 3930/8334 3931/8335 3932/8336
f 3897/7844 3933/7885 3925/11114
f 3900/8558 3897/8557 3925/8559
f 3934/8275 2571/8276 2557/8277
f 3882/7826 3923/7881 3888/7880
f 3919/7875 3920/7876 3924/7882
f 3915/8591 3916/8592 3836/8593
f 3919/7875 3924/7882 3910/7867
f 3935/8278 2571/8276 3934/8275
f 3911/7868 3918/7874 3919/7875
f 3936/7886 3902/7850 3899/7849
f 3937/8594 3938/8595 3939/8596
f 3936/7886 3899/7849 3900/7887
f 2567/8279 3940/8280 2565/8281
f 3929/7884 3902/7850 3936/7886
f 2558/8282 2565/8281 3941/8283
f 3929/7884 3918/7874 3902/7850
f 3934/8275 2558/8282 3941/8283
f 3934/8275 3941/8283 3935/8278
f 2565/8281 3940/8280 3942/8284
f 3940/8280 3943/8285 3942/8284
f 3933/7885 3802/7793 3847/7810
f 3933/7885 3897/7844 3898/7848
f 3944/8337 3768/8338 3804/8333
f 3936/7886 3920/7876 3919/7875
f 3929/7884 3936/7886 3919/7875
f 3925/7883 3936/7886 3900/7887
f 3942/8284 3945/8286 3941/8283
f 3920/8583 3936/8586 3925/8584
f 3946/8413 3785/8411 3784/8410
f 3933/7885 3898/7848 3896/7863
f 3820/7888 3933/7885 3896/7863
f 2580/8598 2581/8599 3947/8600
f 3948/8605 3938/8606 3863/8607
f 3933/7885 3847/7810 3925/11114
f 3820/7888 3802/7793 3933/7885
f 3948/8608 3949/8609 3938/8610
f 3950/8611 3951/8612 3952/8613
f 3953/6968 3954/6969 3927/6970
f 3954/6969 3837/6963 3927/6970
f 3838/6971 3837/6963 3954/6969
f 3955/8614 3951/8612 3950/8611
f 3939/8615 3956/8616 3957/8617
f 3927/8587 3928/8589 3955/8590
f 3928/8618 3939/8615 3957/8617
f 3871/7816 3888/7880 3773/7860
f 3951/8612 3955/8614 3928/8618
f 3837/6963 3841/6966 3927/6970
f 3951/8612 3928/8618 3957/8617
f 3877/7822 3876/7821 3889/7889
f 3958/8619 3959/8620 3952/8613
f 3960/8621 3958/8619 3952/8613
f 3889/7889 3882/7826 3888/7880
f 3951/8612 3957/8617 3961/8622
f 3845/7809 3868/7815 3862/7813
f 3901/8562 3962/8563 3827/8560
f 3862/8564 3948/8565 3863/8566
f 3931/8335 3944/8337 3804/8333
f 3820/8452 3896/8457 3819/8450
f 3862/8564 3962/8563 3948/8565
f 3952/8613 3951/8612 3960/8621
f 3768/8338 3770/8331 3804/8333
f 3939/8615 3938/8623 3956/8616
f 3928/8597 3937/8594 3939/8596
f 3961/8622 3957/8617 3963/8624
f 3964/8658 3965/8659 3966/8660
f 3951/8612 3961/8622 3960/8621
f 3871/7816 3819/7853 3877/7822
f 3967/8287 3968/8288 3947/8289
f 3827/7803 3862/7813 3868/7815
f 3949/8686 3948/8687 3962/8688
f 3969/8689 2581/8690 2588/8691
f 3969/8399 3947/8400 2581/8401
f 3901/8562 3949/8567 3962/8563
f 3876/7821 3883/7827 3882/7826
f 3970/8339 2588/8340 3971/8341
f 3960/8621 3972/8625 3958/8619
f 3973/8342 3974/8343 3969/8344
f 3863/7890 3842/7806 3862/7813
f 3943/8285 3940/8280 3968/8288
f 3974/8402 3967/8403 3969/8399
f 3975/8290 3968/8288 3967/8287
f 3942/8692 3943/8693 3976/8694
f 3967/8403 3947/8400 3969/8399
f 3977/8291 3978/8292 3975/8290
f 3979/8345 3980/8346 2587/8347
f 3943/8285 3968/8288 3975/8290
f 3943/8285 3975/8290 3978/8292
f 2588/8340 3970/8339 3969/8344
f 3977/8404 3981/8405 3783/8396
f 3982/8348 3980/8346 3979/8345
f 3949/8695 3983/8696 3984/8697
f 3970/8339 3973/8342 3969/8344
f 3980/8346 3971/8341 2587/8347
f 3942/8284 3976/11120 3945/8286
f 3977/8404 3973/8406 3981/8405
f 3982/8348 3985/8349 3980/8346
f 3980/8346 3985/8349 3971/8341
f 3970/8339 3971/8341 3985/8349
f 3964/8658 3986/8661 3965/8659
f 3774/8449 3812/8444 3926/8447
f 3971/8341 2588/8340 2587/8347
f 3979/8345 3987/8350 3982/8348
f 3975/8290 3967/8287 3977/8291
f 2566/8601 2562/8602 3940/8603
f 3937/8700 3928/8701 3841/8702
f 3987/8350 3979/8345 2608/8351
f 3819/7853 3895/7842 3877/7822
f 2565/8281 3942/8284 3941/8283
f 3968/8604 3940/8603 2562/8602
f 3968/8604 2562/8602 2580/8598
f 3968/8604 2580/8598 3947/8600
f 3956/8616 3938/8623 3949/8626
f 3967/8403 3974/8402 3977/8404
f 3827/8560 3962/8563 3862/8564
f 3901/8698 3983/8696 3949/8695
f 3956/8616 3963/8624 3957/8617
f 3841/8467 3938/8468 3937/8469
f 3983/8696 3901/8698 3778/8699
f 3988/8352 3989/8353 3990/8354
f 3949/8703 3984/8704 3956/8705
f 3841/8467 3840/8466 3863/8465
f 3841/8467 3863/8465 3938/8468
f 3972/8710 3991/8711 3768/8712
f 3991/8713 3961/8714 3963/8715
f 3973/8406 3977/8404 3974/8402
f 3930/8716 3958/8717 3972/8718
f 3972/8625 3960/8621 3961/8622
f 3871/8547 3877/8549 3889/8548
f 3768/8720 3944/8721 3972/8722
f 3958/8717 3930/8716 3992/8719
f 3644/8724 3651/8725 3720/8726
f 3823/8462 3767/8470 3810/8461
f 3821/6953 3724/6972 3823/11094
f 3718/8165 3720/8167 3651/8166
f 3875/7820 3883/7827 3876/7821
f 3771/8240 3923/8245 3864/8243
f 3722/8727 3724/8728 3821/8729
f 3722/8427 3821/8429 3793/8422
f 3882/7826 3889/7889 3876/7821
f 3810/7798 3767/7789 3686/7748
f 3987/8350 3993/8355 3982/8348
f 3994/8294 3995/8295 3996/8296
f 3961/8622 3991/8627 3972/8625
f 3996/8296 3995/8295 3935/8278
f 3991/8706 3769/8707 3768/8708
f 3997/8297 3998/8298 3869/8269
f 3852/8490 3999/8495 4000/8496
f 4001/8730 4002/8731 3858/8732
f 3852/8490 4000/8496 3850/8491
f 3935/8278 3995/8295 2571/8276
f 4003/8299 3850/8300 4000/8301
f 3996/8296 3858/11118 3994/8294
f 3972/8722 3944/8721 3930/8723
f 4003/8299 3851/8268 3850/8300
f 3991/8706 3984/8704 3769/8707
f 3851/8268 4003/8299 3997/8297
f 3995/8295 2604/8302 2569/8303
f 4001/8304 3858/11118 3996/8296
f 3851/8268 3997/8297 3869/8269
f 3990/8354 3993/8355 3987/8350
f 3999/8520 3852/8517 3858/8519
f 2569/8303 2568/8305 3995/8295
f 3995/8295 2568/8305 2571/8276
f 4003/8299 4000/8301 4004/8306
f 4005/8307 3998/8298 3997/8297
f 3858/8519 4004/8521 3999/8520
f 3858/8262 4002/8308 4004/8306
f 3999/8309 4004/8306 4000/8301
f 4006/8310 3869/8269 3998/8298
f 3991/8706 3963/8709 3984/8704
f 4007/8628 4008/8629 3930/8630
f 4009/8311 3997/8297 4003/8299
f 3941/8283 3945/8286 4010/8312
f 4006/8310 3998/8298 4011/8313
f 3994/8294 3856/8260 2604/8302
f 3994/8294 2604/8302 3995/8295
f 3858/11118 3856/8260 3994/8294
f 3860/8263 3869/8269 4006/8310
f 4010/8312 3935/8278 3941/8283
f 4005/8307 4012/8314 3998/8298
f 4002/8308 4001/8304 4004/8306
f 3926/8246 3771/8240 3946/8247
f 4004/8306 4009/8311 4003/8299
f 4004/8306 4001/8304 4009/8311
f 3990/8354 3987/8350 3988/8352
f 4009/8311 4013/8315 3997/8297
f 4009/8311 4001/8304 4013/8315
f 4001/8304 3996/8296 4014/8316
f 4014/8316 4010/8312 3945/8286
f 3976/8293 3775/8250 4014/8316
f 4005/8307 3997/8297 4013/8315
f 3976/8293 3978/8292 3777/8252
f 3935/8278 4010/8312 3996/8296
f 3978/8292 3977/8291 3777/8252
f 4015/8317 4013/8315 3775/8250
f 4005/8307 4013/8315 3786/8318
f 4016/8407 3782/8397 3783/8396
f 3996/8296 4010/8312 4014/8316
f 3781/8408 3782/8397 4016/8407
f 4014/8733 3945/8734 3976/8735
f 3981/8405 3973/8406 4016/8407
f 3985/8349 3804/8333 4016/8356
f 3780/8256 3777/8252 3977/8291
f 3780/8256 3977/8291 3783/8257
f 3976/8293 3777/8252 3775/8250
f 3982/8348 3932/8336 3985/8349
f 4016/8356 3804/8333 3781/8330
f 3982/8348 3993/8355 3932/8336
f 4017/8357 3993/8355 3989/8353
f 3989/8353 3993/8355 3990/8354
f 4016/8356 3970/8339 3985/8349
f 3931/8335 3804/8333 3932/8336
f 3786/8318 4015/8317 3784/8319
f 4018/8358 4017/8357 3989/8353
f 4017/8357 4019/8359 3932/8336
f 3932/8336 3993/8355 4017/8357
f 3883/7827 3875/7820 3879/7823
f 3932/8336 3804/8333 3985/8349
f 4020/8360 4017/8357 4018/8358
f 4019/8359 4007/8361 3932/8336
f 3785/8244 3946/8247 3771/8240
f 3944/8337 3931/8335 3930/8334
f 3943/8285 3978/8292 3976/8293
f 3785/8411 3864/8414 3786/8412
f 4017/8357 4007/8361 4019/8359
f 4007/8628 3930/8630 3932/8631
f 3771/8240 3773/8242 3923/8245
f 3771/8240 3926/8246 3772/8241
f 3963/8709 3956/8705 3984/8704
f 3984/8736 3983/8737 3778/8738
f 4013/8315 4001/8304 4014/8316
f 3778/8254 3901/8320 3776/8251
f 3881/8321 3860/8263 4006/8310
f 3901/8739 3813/8740 3812/8741
f 3901/8320 3812/8322 3774/8249
f 3861/8264 3860/8263 3881/8321
f 3778/8742 3769/8743 3984/8744
f 3881/8542 4021/8544 3880/8540
f 3881/8321 4006/8310 4011/8313
f 4011/8313 3998/8298 4012/8314
f 3881/8542 4011/8545 4021/8544
f 3786/8318 3864/8323 4012/8314
f 4022/8324 4021/8325 3864/8323
f 4011/8313 4012/8314 3864/8323
f 3878/8270 4022/8324 3883/8326
f 3770/8409 3769/8398 3782/8397
f 3864/8323 4021/8325 4011/8313
f 3864/7828 3923/7881 3882/7826
f 4013/8315 4014/8316 3775/8250
f 4021/8325 4022/8324 3880/8272
f 3878/8270 3880/8272 4022/8324
f 3878/8270 3883/8326 3879/8271
f 4016/8356 3973/8342 3970/8339
f 3774/8248 3926/8246 3946/8247
f 4015/8745 3775/8746 3784/8747
f 3775/8746 3774/8748 3784/8747
f 3776/8251 3901/8320 3774/8249
f 3786/8318 4012/8314 4005/8307
f 3883/8326 4022/8324 3864/8323
f 3774/8415 3946/8413 3784/8410
f 4013/8315 4015/8317 3786/8318
f 4016/8407 3783/8396 3981/8405
f 2604/8302 2570/8327 2569/8303
f 3724/6972 3684/6973 3823/11094
f 3767/8470 3823/8462 3684/8471
f 3979/8749 2584/8750 2583/8751
f 3979/8753 2587/8754 2584/8755
f 2608/8351 4023/11121 3987/8350
f 3979/8749 2583/8751 2608/8752
f 3965/8756 3986/8757 2582/8758
f 3965/8756 2582/8758 4024/8759
f 3986/8757 2599/8760 2582/8758
f 2563/8328 2571/8276 2568/8305
f 2566/8766 3940/8767 2567/8768
f 3934/8275 2557/8277 2558/8282
f 2564/8329 2565/8281 2558/8282
f 3573/7729 3706/7753 3552/7730
f 2604/8769 2591/8770 2590/8771
f 3788/8417 4025/8430 3789/8418
f 3794/6949 3816/6948 3825/6974
f 4026/7701 3594/7661 3599/7664
f 3587/7657 4027/7702 3590/7660
f 4028/8772 4029/8773 4030/8774
f 4026/8885 4030/8886 3594/8887
f 1936/8775 4031/8776 1930/8777
f 4030/7703 4027/7702 3587/7657
f 4029/7704 4032/7705 4027/7702
f 3538/7640 3540/7642 3590/7660
f 4033/8888 4028/8889 4026/8885
f 4034/8890 4035/8891 4036/8892
f 4037/8910 4038/8911 4039/8912
f 4040/8958 4041/8959 4042/8960
f 4034/8778 4043/8779 4035/8780
f 4044/8781 4035/8780 4043/8779
f 4045/8782 4046/8783 4047/8784
f 4033/8969 4026/8970 4048/8971
f 4047/8784 1936/8775 1935/11123
f 4045/8782 4049/8786 4050/8787
f 4047/8784 4046/8783 1936/8775
f 1936/8775 4046/8783 4031/8776
f 4045/8782 4047/8784 4049/8786
f 4051/8662 4052/8663 4053/8664
f 4054/8665 4052/8663 4055/8666
f 4056/8043 3661/8044 4057/8045
f 4058/8893 4055/8894 4059/8895
f 4060/8667 4051/8662 4053/8664
f 4059/8895 4036/8892 4058/8893
f 4061/8975 3654/8976 3656/8977
f 4062/8046 4063/8047 4056/8043
f 3662/8048 4057/8045 3661/8044
f 4061/8987 4064/8988 4065/8989
f 3661/8044 4056/8043 4063/8047
f 4066/8896 4067/8897 4068/8898
f 3661/8044 4063/8047 3659/8037
f 4069/8049 4063/8047 4062/8046
f 4047/8997 1935/8998 4070/8999
f 3659/8037 4063/8047 3666/8035
f 4033/8969 4048/8971 4035/8972
f 4071/9000 4058/9001 4072/9002
f 4049/8786 4047/8784 4073/8788
f 4061/8050 3656/8036 3666/8035
f 4065/8978 3654/8976 4061/8975
f 3666/8035 4069/8049 4061/8050
f 3660/6696 3662/6698 3661/6697
f 3666/8035 4063/8047 4069/8049
f 4065/8978 4074/8979 3654/8976
f 4074/8979 3655/8980 3654/8976
f 4056/8043 4057/8045 4075/8051
f 4062/8990 4076/8991 4069/8992
f 4069/8992 4064/8988 4061/8987
f 4076/8991 4054/8993 4069/8992
f 4077/8052 4078/8053 4076/8054
f 4079/8899 4043/8900 4034/8890
f 4062/8046 4077/8052 4076/8054
f 4077/8052 4056/8043 4075/8051
f 2575/8789 1931/8790 4031/8776
f 4064/8988 4054/8993 4071/8994
f 4078/9003 4077/9004 4075/9005
f 4056/8043 4077/8052 4062/8046
f 4052/8663 4076/8668 4053/8664
f 4035/9007 4080/9008 4033/9009
f 4081/8791 4033/11124 4080/8793
f 4053/8055 4076/8054 4078/8053
f 4069/8992 4054/8993 4064/8988
f 4054/8665 4076/8668 4052/8663
f 4082/8056 4053/8055 4078/8053
f 4071/8994 4074/8995 4065/8989
f 4071/8994 4065/8989 4064/8988
f 4071/9010 4083/9011 4074/9012
f 4084/9014 4085/9015 4072/9016
f 4085/8981 4084/8982 4086/8983
f 4082/8056 4060/8057 4053/8055
f 4083/8984 4085/8981 3655/8980
f 4085/8981 4086/8983 3655/8980
f 4031/8776 2576/8794 2575/8789
f 2576/8794 4031/8776 4045/8782
f 2578/8795 4045/8782 4050/8787
f 4071/8994 4054/8993 4055/8996
f 4060/8667 4087/8669 4051/8662
f 3626/7988 4086/7989 4088/7990
f 4060/8057 4082/8056 4089/8058
f 4081/8791 4080/8793 4044/8781
f 4031/8776 4046/8783 4045/8782
f 3626/8029 3655/8028 4086/8033
f 2578/8795 2576/8794 4045/8782
f 4060/8667 4090/8670 4087/8669
f 4074/8979 4083/8984 3655/8980
f 4036/8892 4072/8901 4058/8893
f 4055/8894 4058/8893 4071/8902
f 4071/9010 4085/9013 4083/9011
f 4091/8671 4052/8663 4051/8662
f 4092/8672 4093/8673 4094/8674
f 4084/8982 4095/8985 4086/8983
f 4088/8986 4086/8983 4095/8985
f 4079/8899 4034/8890 4052/8903
f 4071/9017 4072/9016 4085/9015
f 4096/8675 4093/8673 4087/8669
f 4036/8892 4059/8895 4034/8890
f 4084/9018 4097/9019 4095/9020
f 4052/8903 4034/8890 4059/8895
f 4084/9022 4072/9023 4036/9024
f 4084/9022 4036/9024 4097/9025
f 4052/8903 4059/8895 4055/8894
f 4052/8903 4091/8904 4079/8899
f 4060/8057 4089/8058 4090/8059
f 1931/8790 1930/8777 4031/8776
f 4091/8904 4043/8900 4079/8899
f 4098/11115 4099/8061 4100/8062
f 4101/8063 4102/8064 4103/8065
f 4090/8059 4104/11116 4105/8067
f 4090/8059 4105/8067 4096/8068
f 4106/8796 4107/8797 4108/8798
f 4096/8675 4087/8669 4090/8670
f 4098/9028 4102/9029 4101/9030
f 4090/8059 4089/8058 4104/11116
f 1934/8799 1917/8800 4109/8801
f 4110/8802 4109/8801 1917/8800
f 4111/8676 4093/8673 4096/8675
f 4087/8669 4093/8673 4068/8677
f 4070/8803 4073/8788 4047/8784
f 4110/8802 1917/8800 1918/8804
f 1918/8804 4112/8805 4110/8802
f 4070/8803 1934/8799 4109/8801
f 1934/8799 1933/8806 1917/8800
f 1934/8799 4070/8803 1935/8785
f 4073/8788 4113/8807 4049/8786
f 4073/8788 4114/8808 4113/8807
f 4070/8803 4109/8801 4115/8809
f 4094/8069 4116/8070 4101/8063
f 4115/8809 4114/8808 4073/8788
f 4098/8060 4101/8063 4116/8070
f 4070/8803 4115/8809 4073/8788
f 4116/8070 4105/8067 4098/8060
f 4091/8904 4117/8905 4043/8900
f 4118/8810 4032/8811 4029/8773
f 4111/8676 4094/8674 4093/8673
f 4098/11115 4100/8062 4102/8064
f 4029/8773 4028/8772 4119/8812
f 4115/8809 4120/8813 4114/8808
f 4121/8678 4092/8672 4094/8674
f 4121/8071 4103/8065 4122/8072
f 4067/8897 4123/8906 4117/8905
f 4123/8906 4043/8900 4117/8905
f 4111/8073 4105/8067 4116/8070
f 4096/8068 4105/8067 4111/8073
f 4093/8907 4066/8896 4068/8898
f 4040/8958 4124/8961 4041/8959
f 4029/8773 4119/8812 4118/8810
f 4125/8913 4100/8914 4099/8915
f 4126/8814 4123/8815 4067/8816
f 4116/8070 4094/8069 4111/8073
f 4112/8805 1918/8804 1919/8817
f 4127/9031 3212/9032 3207/9033
f 4028/8772 4033/8792 4119/8812
f 4120/9034 4109/9035 4110/9036
f 4067/8897 4128/8908 4126/8909
f 4109/8801 4120/8813 4115/8809
f 4120/8813 4112/8805 4129/8818
f 4118/8810 4119/8812 4130/8819
f 4120/8813 4110/8802 4112/8805
f 4129/8818 1921/8820 4131/8821
f 4112/8805 1920/8822 4129/8818
f 4101/8063 4103/8065 4094/8069
f 4114/8808 4129/8818 4132/8823
f 4129/8818 1920/8822 1921/8820
f 4133/8824 4132/8823 4129/8818
f 4120/8813 4129/8818 4114/8808
f 4094/8069 4103/8065 4121/8071
f 4067/8897 4066/8896 4128/8908
f 4103/8065 4102/8064 4134/8074
f 4129/8818 4131/8821 4133/8824
f 4117/8679 4091/8671 4087/8669
f 4051/8662 4087/8669 4091/8671
f 4102/8064 4100/8062 4134/8074
f 4117/8905 4068/8898 4067/8897
f 4068/8677 4117/8679 4087/8669
f 4135/8825 4118/8810 4132/8823
f 4118/8810 4136/8826 4132/8823
f 4118/8810 4137/8827 4032/8811
f 4118/8810 4135/8825 4137/8827
f 1920/8822 4112/8805 1919/8817
f 4131/8821 4138/8828 4133/8824
f 4135/8825 4133/8824 4139/8829
f 4140/8830 4138/8828 1923/8831
f 4138/9037 4139/9038 4133/9039
f 4132/8823 4133/8824 4135/8825
f 1923/9042 1924/9043 4140/9044
f 4135/8825 4141/8832 4137/8827
f 4139/8829 4141/8832 4135/8825
f 4139/9038 4138/9037 4140/9040
f 1923/8831 4138/8828 1922/8833
f 4140/9040 4142/9041 4139/9038
f 4139/8829 4142/8834 4141/8832
f 4143/8680 4092/8672 4144/8681
f 4038/8911 4041/8916 4039/8912
f 4118/8810 4130/8819 4136/8826
f 4145/8835 4146/8836 4147/8837
f 4145/9046 4148/9047 4149/9048
f 4150/9051 4148/9052 4093/9053
f 4149/9064 4151/9065 4145/9066
f 4147/9049 4148/9047 4145/9046
f 4152/8917 4038/8911 4153/8918
f 1921/8820 1922/8833 4131/8821
f 4147/9049 4093/9050 4148/9047
f 4150/9051 4093/9053 4143/9054
f 1923/9042 1877/9045 1924/9043
f 4093/8838 4147/8837 4066/8839
f 4142/9069 4154/9070 4155/9071
f 4137/8827 4141/8832 4156/8840
f 4066/8839 4147/8837 4146/8836
f 1882/7645 4154/7706 1924/7707
f 4138/8828 4131/8821 1922/8833
f 4157/7708 4154/7706 1882/7645
f 4142/9074 4156/9075 4141/9076
f 4154/9070 4157/9072 4155/9071
f 4158/9055 4159/9056 4143/9054
f 4142/9069 4155/9071 4156/9073
f 1879/7709 1882/7645 1924/7707
f 3541/7643 4157/7708 1882/7645
f 4038/8911 4037/8910 4160/8919
f 4154/9077 4140/9078 1924/9079
f 4156/7710 4155/7711 3538/7640
f 4155/7711 3541/7643 3538/7640
f 4161/8920 4162/8921 4127/8922
f 3590/7660 4156/7710 3538/7640
f 4159/8841 4106/8796 4163/8842
f 4033/8792 4164/8843 4119/8812
f 4092/8672 4143/8680 4093/8673
f 4165/8844 4049/8786 4113/8807
f 4150/9051 4159/9056 4163/9057
f 4143/9054 4159/9056 4150/9051
f 4161/8920 4166/8923 4162/8921
f 4163/9057 4148/9052 4150/9051
f 4106/8796 4108/8798 4167/8845
f 4168/9080 4169/9081 4170/9082
f 4170/9082 4171/9083 4168/9080
f 4142/9096 4140/9097 4154/9098
f 4038/8911 4042/8924 4041/8916
f 4170/8925 4172/8926 4173/8927
f 4168/6746 4171/6747 4174/6748
f 4174/6748 4171/6747 4175/6749
f 4176/9084 4177/9085 4172/9086
f 4171/9083 4173/9087 4178/9088
f 4179/8962 4040/8958 4042/8960
f 4180/8928 4173/8927 4172/8926
f 4180/8928 4172/8926 4177/8929
f 4038/8911 4160/8919 4153/8918
f 4152/8917 4042/8924 4038/8911
f 2601/8846 2577/8847 2578/8795
f 4161/9099 4127/9100 3207/9101
f 4180/9089 4178/9088 4173/9087
f 4163/8842 4149/8848 4148/8849
f 4170/9082 4173/9087 4171/9083
f 4106/8796 4159/8841 4107/8797
f 4149/8848 4163/8842 4106/8796
f 4160/8919 4037/8910 4181/8930
f 3541/7643 4155/7711 4157/7708
f 4050/8787 2603/8850 2601/8846
f 4050/8787 4182/8851 2603/8850
f 4037/8910 4039/8912 4183/8931
f 4124/6750 4040/6751 4184/6752
f 3629/6694 3212/6682 3627/6692
f 4127/6706 3627/6692 3212/6682
f 4185/8852 2593/8853 2602/8854
f 4186/8855 4187/11125 4165/8844
f 4188/8075 4075/8051 4057/8045
f 4161/8963 4189/8964 4166/8965
f 4152/8966 4179/8962 4042/8960
f 4190/8932 4041/8916 4124/8933
f 4191/8934 4162/8921 4166/8923
f 3627/6692 4192/6707 3628/6693
f 4039/8912 4193/8935 4183/8931
f 4162/6708 4194/6709 4192/6707
f 4160/8919 4191/8934 4153/8918
f 4195/8967 4152/8966 4166/8965
f 2593/8853 4196/8857 2592/8858
f 3627/6692 4127/6706 4162/6708
f 4089/8058 4197/8076 4198/11117
f 4188/6710 3662/6698 3628/6693
f 2579/8761 2594/8762 2589/8763
f 4199/8078 4198/8077 4183/8079
f 4075/8051 4188/8075 4200/8080
f 4198/8077 4201/8081 4183/8079
f 4050/8787 4049/8786 4165/8844
f 4108/8798 4187/8856 4167/8845
f 4202/8859 4182/8851 4050/8787
f 4192/6707 3627/6692 4162/6708
f 4165/8844 4187/11125 4202/8859
f 4182/8851 4185/8852 2603/8850
f 4108/8798 4203/8860 4187/8856
f 4202/8859 4187/11125 4182/8851
f 4187/9103 4185/9104 4182/9105
f 2602/8854 2603/8850 4185/8852
f 4187/8856 4203/8860 4185/8852
f 4196/8857 4185/8852 4203/8860
f 4108/8798 4107/8797 4203/8860
f 4203/8860 4159/8841 4158/8861
f 4204/8862 4196/8857 4203/8860
f 4107/8797 4159/8841 4203/8860
f 2592/8858 4196/8857 4204/8862
f 2592/8858 4204/8862 2594/8863
f 4204/8862 4203/8860 4205/8864
f 2593/8853 4185/8852 4196/8857
f 4203/8860 4158/8861 4205/8864
f 4204/8862 4206/8865 2594/8863
f 2589/8763 2594/8762 4207/8764
f 2589/8763 4207/8764 4024/8759
f 4204/8862 4205/8864 4208/8866
f 4050/8787 2601/8846 2578/8795
f 4206/9106 3966/9107 4207/9108
f 4206/8865 4204/8862 4208/8866
f 4206/8865 4207/8867 2594/8863
f 4200/8080 4188/8075 4209/8082
f 4165/8844 4202/8859 4050/8787
f 4208/8866 4210/8868 4206/8865
f 4208/9058 4205/9059 4158/9055
f 4210/9060 4208/9058 4158/9055
f 4211/9061 3966/9062 4210/9060
f 4210/9060 4144/9063 4211/9061
f 3662/8048 4188/8075 4057/8045
f 4188/6710 3628/6693 4192/6707
f 4075/9005 4200/9006 4078/9003
f 4192/9109 4209/9110 4188/9111
f 4210/9060 4158/9055 4144/9063
f 4210/9112 3966/9113 4206/9114
f 4153/8918 4191/8934 4166/8923
f 4183/8931 4181/8930 4037/8910
f 4024/9115 4207/9116 3966/9117
f 4166/8923 4152/8917 4153/8918
f 4125/8913 4183/8931 4193/8935
f 4104/8066 4199/8078 4099/8061
f 4212/9090 4124/9091 4213/9092
f 4160/8919 4194/8936 4162/8921
f 4191/8934 4160/8919 4162/8921
f 4199/8078 4183/8079 4099/8061
f 4212/8937 4214/8938 4215/8939
f 4105/9118 4104/9119 4098/9120
f 4160/8919 4181/8930 4194/8936
f 3965/9121 4024/9122 3966/9123
f 4099/8915 4183/8931 4125/8913
f 4098/11115 4104/8066 4099/8061
f 4195/8967 4179/8962 4152/8966
f 4200/9124 4216/9125 4078/9126
f 4215/8939 4124/8933 4212/8937
f 4158/9055 4143/9054 4144/9063
f 4124/8933 4215/8939 4217/8940
f 4198/11117 4104/11116 4089/8058
f 4198/9129 4199/9130 4104/9131
f 4200/8080 4209/8082 4216/8083
f 4026/8885 4028/8889 4030/8886
f 4218/8941 4219/8942 4220/8943
f 4217/8940 4193/8935 4039/8912
f 2600/9132 2596/9133 2597/9134
f 4221/8944 4220/8943 4219/8942
f 4078/9126 4216/9125 4197/9127
f 2595/9135 2598/9136 2597/9137
f 4134/8074 4122/8072 4103/8065
f 4222/8084 4122/8072 4218/8085
f 4223/8945 4134/8946 4100/8914
f 4134/8074 4218/8085 4122/8072
f 4218/8941 4134/8946 4219/8942
f 4121/8071 4122/8072 4224/8086
f 4201/8081 4216/8083 4209/8082
f 4121/8678 4224/8682 4225/8683
f 4225/8087 4122/8072 4222/8084
f 2607/9138 4226/9139 4222/9140
f 4211/8684 4144/8681 4092/8672
f 4227/8947 4219/8942 4228/8948
f 4222/8084 4218/8085 2607/8088
f 4225/8087 4222/8084 4229/8089
f 4218/8085 2606/8090 2607/8088
f 4121/8678 4211/8684 4092/8672
f 4225/8087 4224/8086 4122/8072
f 2598/9141 4169/9142 2597/9143
f 4222/8084 4226/8091 4229/8089
f 4218/8941 4220/8943 2606/8949
f 2582/8758 2599/8760 2561/8765
f 4170/9082 4230/9093 4172/9086
f 4229/8685 4211/8684 4225/8683
f 2598/8950 4221/8944 4230/8951
f 4192/6707 4194/6709 4209/6711
f 4227/8947 4221/8944 4219/8942
f 4169/9081 2598/9094 4230/9093
f 4221/8944 4227/8947 4230/8951
f 4121/8678 4225/8683 4211/8684
f 2572/6753 4168/6746 2573/6754
f 4221/8944 2598/8950 4220/8943
f 2572/6753 2560/6755 4168/6746
f 4169/9081 4230/9093 4170/9082
f 2560/9144 4169/9145 4168/9146
f 2598/8950 2586/8952 4220/8943
f 3964/8658 4211/8684 4229/8685
f 2597/9147 4169/9145 2560/9144
f 4177/8929 4176/8953 4228/8948
f 4223/8945 4219/8942 4134/8946
f 4215/8939 4214/8938 4231/8954
f 4078/8053 4197/8076 4082/8056
f 4227/8947 4228/8948 4176/8953
f 4024/8759 2582/8758 2589/8763
f 2560/9144 2600/9148 2597/9147
f 4172/9086 4230/9093 4176/9084
f 4227/8947 4176/8953 4230/8951
f 4209/8955 4181/8930 4183/8931
f 4201/8081 4209/8082 4183/8079
f 4211/8684 3964/8658 3966/8660
f 4198/8077 4216/8083 4201/8081
f 4216/9125 4198/9128 4197/9127
f 4029/8773 4027/8869 4030/8774
f 4088/7990 3611/7985 3626/7988
f 4232/9149 4088/9150 4233/9151
f 4194/8936 4181/8930 4209/8955
f 4232/7991 3593/7986 3611/7985
f 4089/8058 4082/8056 4197/8076
f 2607/9154 3964/9155 4226/9156
f 4156/7710 3590/7660 4032/7705
f 4226/8091 3964/8092 4229/8089
f 4234/8956 4193/8935 4217/8940
f 4044/8781 4043/8779 4123/8815
f 4233/9151 3593/9152 4232/9149
f 4235/9157 3591/9158 4233/9159
f 4232/7991 3611/7985 4088/7990
f 4190/8932 4124/8933 4217/8940
f 4027/7702 4032/7705 3590/7660
f 3593/9152 4233/9151 3591/9153
f 4236/9160 4235/9157 4048/9161
f 3599/9162 3591/9158 4235/9157
f 4036/9024 4035/9026 4097/9025
f 4048/9163 4088/9164 4097/9165
f 4095/9020 4097/9019 4088/9021
f 4041/8916 4190/8932 4039/8912
f 4233/9166 4088/9164 4048/9163
f 4048/8971 4026/8970 4236/8973
f 4048/9163 4235/9167 4233/9166
f 4113/8807 4237/8870 4186/8855
f 4236/8973 4026/8970 3599/8974
f 4035/9026 4048/9027 4097/9025
f 4032/7705 4137/7712 4156/7710
f 4235/9157 4236/9160 3599/9162
f 4238/9168 4167/9169 4187/9170
f 4113/8807 4186/8855 4165/8844
f 4186/8855 4237/8870 4239/8871
f 4044/8781 4080/8793 4035/8780
f 4186/8855 4239/8871 4238/8872
f 4240/8873 4238/8872 4239/8871
f 4238/9168 4241/9171 4167/9169
f 4106/8796 4167/8845 4242/8874
f 4243/6756 4178/6757 4213/6758
f 4149/8848 4106/8796 4242/8874
f 4241/8875 4242/8874 4167/8845
f 4113/8807 4114/8808 4237/8870
f 4241/9171 4238/9168 4240/9172
f 4149/8848 4242/8874 4151/8876
f 4239/8871 4237/8870 4244/8877
f 4241/8875 4151/8876 4242/8874
f 4237/8870 4114/8808 4132/8823
f 4151/9065 4245/9067 4145/9066
f 4244/8877 4246/8878 4136/8826
f 4217/8940 4215/8939 4231/8954
f 4244/8877 4136/8826 4130/8819
f 4247/9173 4241/9171 4240/9172
f 4248/8879 4244/8877 4130/8819
f 4241/8875 4247/8880 4249/8881
f 4130/8819 4247/8880 4248/8879
f 4186/8855 4238/8872 4187/11125
f 4248/8879 4240/8873 4244/8877
f 4247/8880 4130/8819 4250/8882
f 4247/8880 4240/8873 4248/8879
f 4250/9174 4164/9175 4033/9176
f 4136/8826 4246/8878 4132/8823
f 4241/8875 4245/8883 4151/8876
f 4249/9068 4145/9066 4245/9067
f 4081/8791 4250/8882 4033/11124
f 4146/8836 4145/8835 4249/8881
f 4249/8881 4250/8882 4081/8791
f 3594/7661 4030/7703 3587/7657
f 4164/8843 4130/8819 4119/8812
f 4081/8791 4126/8814 4249/8881
f 4066/8839 4146/8836 4128/8884
f 4128/8884 4146/8836 4249/8881
f 4126/8814 4128/8884 4249/8881
f 4249/8881 4245/8883 4241/8875
f 4223/8945 4100/8914 4234/8956
f 4219/8942 4223/8945 4234/8956
f 4132/8823 4246/8878 4237/8870
f 4228/8948 4219/8942 4234/8956
f 4081/8791 4044/8781 4126/8814
f 4237/8870 4246/8878 4244/8877
f 4126/8814 4044/8781 4123/8815
f 4130/8819 4164/8843 4250/8882
f 4234/8956 4100/8914 4125/8913
f 4249/8881 4247/8880 4250/8882
f 4239/8871 4244/8877 4240/8873
f 4228/8948 4234/8956 4231/8954
f 4177/8929 4228/8948 4231/8954
f 4234/8956 4217/8940 4231/8954
f 4193/8935 4234/8956 4125/8913
f 4214/8938 4180/8928 4177/8929
f 4212/9090 4213/9092 4178/9088
f 4212/9090 4178/9088 4180/9089
f 4212/8937 4180/8928 4214/8938
f 4177/8929 4231/8954 4214/8938
f 4039/8912 4190/8932 4217/8940
f 4251/6759 4178/6757 4243/6756
f 3591/7983 3599/7984 3597/7980
f 3599/7984 3602/7982 3597/7980
f 3964/9177 2607/9178 3986/9179
f 2607/9178 2599/9180 3986/9179
f 2606/8949 4220/8943 2586/8952
f 2606/9181 2585/9182 2599/9183
f 2585/8957 2606/8949 2586/8952
f 4174/6748 2627/6760 2573/6754
f 4252/6761 4253/6762 4254/6763
f 4174/6748 2573/6754 4168/6746
f 4252/9184 4254/9185 4255/9186
f 4178/6757 4251/6759 4175/6749
f 4255/11085 3255/6735 4252/6761
f 4256/9187 4257/9188 4258/9189
f 4254/6763 4253/6762 4259/6765
f 4178/6757 4175/6749 4171/6747
f 4256/9187 4260/9190 4257/9188
f 4261/9191 1084/9192 4260/9190
f 4258/9194 4262/9195 4263/9196
f 4264/6766 4265/6767 4263/6768
f 4265/7063 4266/7064 4258/7065
f 4262/9197 4258/9198 4257/9199
f 4262/9197 4257/9199 4267/9200
f 4260/9201 4267/9200 4257/9199
f 1088/9215 1090/9216 1089/9217
f 4262/6769 4268/6770 4263/6768
f 4269/6771 4264/6766 4270/6772
f 1087/9218 1085/9219 4261/9220
f 4270/6772 4264/6766 4263/6768
f 4271/6773 4272/6774 4273/6775
f 1037/9223 1082/9224 1081/9225
f 2625/9244 2629/9245 2630/9246
f 1082/9224 4260/9226 1084/9227
f 4274/6776 4269/6771 4253/6762
f 2632/6777 2626/6778 2630/6779
f 1082/9224 1084/9227 1083/9228
f 1082/9224 4267/9229 4260/9226
f 4268/6770 4262/6769 4275/6780
f 4276/9230 1082/9224 1037/9223
f 2628/6781 4175/6749 4277/6782
f 4274/6776 4264/6766 4269/6771
f 2628/6781 4277/6782 4278/6783
f 2628/6781 4278/6783 2629/6784
f 4268/6770 4270/6772 4263/6768
f 2629/6784 4278/6783 4279/6785
f 4175/6749 2628/6781 4174/6748
f 4277/6782 4251/6759 4278/6783
f 2627/6760 4174/6748 2628/6781
f 2632/6777 2630/6779 4280/6786
f 4281/9247 2630/9246 2629/9245
f 4281/9247 2629/9245 4279/9248
f 4282/6787 4280/6786 4283/6788
f 4279/6785 4284/6789 4285/6790
f 4283/6788 4280/6786 4281/6791
f 4282/6787 4286/6792 4280/6786
f 2632/6777 4286/6792 2631/6793
f 4286/6792 2632/6777 4280/6786
f 4287/6794 4286/6792 4282/6787
f 4175/6749 4251/6759 4277/6782
f 4286/6792 2633/11086 2631/6793
f 4284/6789 4279/6785 4278/6783
f 4286/6792 4287/6794 2633/11086
f 2634/9250 2633/9251 2646/9252
f 4288/9253 4287/9254 4289/9255
f 4290/6796 4291/6797 4288/6798
f 1024/9257 2638/9258 1025/9259
f 4281/9247 4279/9248 4285/9249
f 4288/6798 4291/6797 2633/6795
f 4290/6796 4288/6798 4289/11087
f 1082/9224 4276/9230 4267/9229
f 2638/9258 1024/9257 1023/9260
f 4287/9254 4288/9253 2633/9256
f 4291/6797 4292/6800 2642/6801
f 4292/6800 4293/6802 2641/6803
f 2640/6804 2641/6803 4294/6805
f 2642/6801 2633/6795 4291/6797
f 4294/6805 2641/6803 4293/6802
f 4295/6806 2640/6804 4294/6805
f 2644/9231 2656/9232 4296/9233
f 2641/6803 2642/6801 4292/6800
f 4297/6807 4293/6802 4292/6800
f 4290/6796 4289/11087 4292/6800
f 2644/9231 4296/9233 1025/9234
f 2655/6808 2640/6804 4295/6806
f 4298/9235 4296/9233 4299/9236
f 4280/6786 2630/6779 4281/6791
f 4300/6809 4294/6805 4293/6802
f 1026/9237 4298/9235 1027/9238
f 1025/9234 4296/9233 4298/9235
f 4295/9202 4299/9203 4296/9204
f 4298/9235 1026/9237 1025/9234
f 4291/6797 4290/6796 4292/6800
f 4299/9203 4295/9202 4301/9205
f 4302/6810 4259/6765 4253/6762
f 4303/11088 4302/6810 4253/6762
f 4269/6771 4303/11088 4253/6762
f 4195/6812 4189/6813 4304/6814
f 2574/9261 2573/9262 2627/9263
f 4303/11088 4269/6771 4270/6772
f 4270/6772 4268/6770 4305/6815
f 4254/6763 4259/6765 4306/6816
f 4305/9264 4303/9265 4270/9266
f 4307/6817 4308/6818 4306/6816
f 3236/6819 3244/6736 4309/6820
f 4308/6818 4255/6764 4306/6816
f 3244/9267 3255/9268 4255/9269
f 4255/9269 4308/9270 3244/9267
f 4255/6764 4254/6763 4306/6816
f 3280/9271 4310/9272 4311/9273
f 4273/6775 4307/6817 4271/6773
f 3280/7045 3293/7044 4312/7066
f 4312/9221 1090/9216 1088/9215
f 4312/7066 3293/7044 1090/7049
f 1088/9215 4261/9220 4312/9221
f 4310/6821 3280/6745 4266/6822
f 3244/6736 4307/6817 4309/6820
f 4266/7064 4312/7066 4256/7067
f 4313/6823 4314/6824 4315/11089
f 4261/9191 4256/9187 4312/9193
f 4306/6816 4271/6773 4307/6817
f 4295/9202 4296/9204 2656/9206
f 4295/9202 2656/9206 2655/9207
f 3244/6736 4308/6818 4307/6817
f 4312/7066 4266/7064 3280/7045
f 4306/6816 4259/6765 4271/6773
f 4311/9273 4310/9272 4264/9274
f 4258/7065 4266/7064 4256/7067
f 1087/9218 4261/9220 1088/9215
f 3266/6740 3279/6743 4311/6826
f 3280/11084 4311/6826 3279/6743
f 4307/9276 4316/9277 4309/9278
f 4124/9091 4184/9095 4213/9092
f 4317/6827 4243/6756 4213/6758
f 4256/9187 4261/9191 4260/9190
f 4184/6752 4317/6827 4213/6758
f 4307/6817 4273/6775 4316/6828
f 1085/9219 1084/9222 4261/9220
f 4311/9273 4264/9274 3267/9275
f 1085/9279 1086/9280 1084/9281
f 4266/6822 4265/6767 4310/6821
f 4315/6667 3236/6607 4313/6668
f 4313/6823 3236/6819 4309/6820
f 3267/6742 3255/6735 3264/6741
f 3236/6607 4315/6667 3230/6603
f 4315/9282 4314/9283 4304/9284
f 4311/6826 3267/6742 3266/6740
f 4265/6767 4264/6766 4310/6821
f 4309/6820 4314/6824 4313/6823
f 4318/6829 4179/6830 4319/6831
f 4320/9285 4321/9286 4303/9287
f 3213/6602 3230/6603 4315/6667
f 4195/8967 4319/8968 4179/8962
f 4259/6765 4302/6810 4322/6832
f 4189/8964 4195/8967 4166/8965
f 3267/6742 4252/6761 3255/6735
f 3267/6742 4264/6766 4274/6776
f 4316/6828 4314/6824 4309/6820
f 4315/9288 4161/9289 3213/9290
f 4274/6776 4253/6762 3267/6742
f 4253/6762 4252/6761 3267/6742
f 4263/6768 4265/6767 4258/6833
f 4189/6813 4315/6825 4304/6814
f 4323/6834 4324/6835 4325/6836
f 4326/9291 4327/9292 4328/9293
f 3207/9101 3213/9102 4161/9099
f 4243/6756 4317/6827 4251/6759
f 4251/6759 4284/6789 4278/6783
f 4323/6834 4317/6827 4184/6752
f 4281/6791 4285/6790 4326/6837
f 4284/6789 4251/6759 4325/6836
f 4325/6836 4317/6827 4323/6834
f 4285/6790 4284/6789 4327/6838
f 4326/6837 4283/6788 4281/6791
f 4189/9294 4161/9295 4315/9296
f 4324/6835 4284/6789 4325/6836
f 4329/6839 4289/6799 4282/6787
f 4289/6799 4287/6794 4282/6787
f 4330/6840 4329/6839 4282/6787
f 4330/6840 4282/6787 4331/6841
f 4329/9297 4332/9298 4289/9299
f 4333/6842 4330/6840 4331/6841
f 4184/6752 4334/6843 4323/6834
f 4325/6836 4251/6759 4317/6827
f 4334/6843 4324/6835 4323/6834
f 4040/6751 4334/6843 4184/6752
f 4326/6837 4328/6844 4331/6841
f 4334/6843 4335/6845 4327/6838
f 4334/6843 4179/6830 4336/6846
f 4337/6847 4328/6844 4327/6838
f 4336/6846 4179/6830 4318/6829
f 4324/6835 4334/6843 4327/6838
f 4336/6846 4318/6829 4335/6845
f 4327/6838 4335/6845 4338/6848
f 4337/6847 4327/6838 4338/6848
f 4282/6787 4283/6788 4331/6841
f 4335/6845 4334/6843 4336/6846
f 4285/6790 4327/6838 4326/6837
f 4284/6789 4324/6835 4327/6838
f 4283/6788 4326/6837 4331/6841
f 4334/6843 4040/6751 4179/6830
f 4328/6844 4337/6847 4333/6842
f 4338/9301 4339/9302 4340/9303
f 4337/6847 4341/6849 4333/6842
f 4331/6841 4328/6844 4333/6842
f 4339/6850 4335/6845 4340/6851
f 4329/6839 4330/6840 4342/6852
f 4330/6840 4341/6849 4342/6852
f 4332/9298 4329/9297 4342/9300
f 4320/6853 4343/6854 4321/6855
f 4341/6849 4330/6840 4333/6842
f 4343/6854 4344/6856 4341/6849
f 4322/6832 4343/6854 4345/6857
f 4343/6854 4322/6832 4321/6855
f 4344/6856 4342/6852 4341/6849
f 4343/6854 4320/6853 4344/6856
f 4332/6858 4346/6859 4289/11087
f 4347/6860 4346/6859 4332/6858
f 4337/6847 4343/6854 4341/6849
f 4297/6807 4300/6809 4293/6802
f 4338/9304 4335/9305 4339/9306
f 4346/6859 4347/6860 4297/6807
f 4338/6848 4345/6857 4343/6854
f 4292/6800 4289/11087 4346/6859
f 4348/6861 4297/6807 4347/6860
f 4300/6809 4297/6807 4348/6861
f 4338/6848 4340/6851 4345/6857
f 4337/6847 4338/6848 4343/6854
f 4348/6861 4349/6862 4300/6809
f 4350/9208 4351/9209 4352/9210
f 4349/6862 4353/6863 4300/6809
f 4297/6807 4292/6800 4346/6859
f 4295/6806 4294/6805 4301/6864
f 4353/6863 4301/6864 4294/6805
f 4299/9203 4301/9205 4352/9210
f 1028/9239 1027/9238 1035/9240
f 4352/9210 4301/9205 4353/9211
f 4300/6809 4353/6863 4294/6805
f 1027/9238 4298/9235 4299/9236
f 4353/9307 4354/9308 4350/9309
f 4350/9208 4352/9210 4353/9211
f 4354/9314 4351/9315 4350/9316
f 1035/9240 1027/9238 4352/9241
f 4299/9236 4352/9241 1027/9238
f 4348/6861 4355/6865 4356/6866
f 4352/9210 4351/9209 4276/9212
f 1035/9240 4352/9241 4276/9230
f 4355/6865 4342/6852 4344/6856
f 4347/6860 4355/6865 4348/6861
f 4332/6858 4342/6852 4355/6865
f 4275/6780 4349/6862 4348/6861
f 4332/6858 4355/6865 4347/6860
f 4356/6866 4357/6867 4305/6815
f 4305/6815 4348/6861 4356/6866
f 4357/6867 4355/6865 4344/6856
f 4355/6865 4357/6867 4356/6866
f 4357/6867 4303/6811 4305/6815
f 4320/6853 4303/6811 4344/6856
f 4354/9308 4353/9307 4349/9310
f 4275/6780 4305/6815 4268/6770
f 4305/6815 4275/6780 4348/6861
f 4344/6856 4303/6811 4357/6867
f 1037/9223 1035/9240 4276/9230
f 4275/6780 4262/6769 4349/6862
f 4276/9212 4351/9209 4358/9213
f 1038/9242 1037/9223 1081/9225
f 1037/9223 1036/9243 1035/9240
f 4349/9310 4351/9311 4354/9308
f 4262/9312 4358/9313 4351/9311
f 4262/9197 4267/9200 4358/9213
f 4349/9310 4262/9312 4351/9311
f 4318/6829 4319/6831 4359/6868
f 4360/6869 4318/6829 4359/6868
f 4359/9317 4319/9318 4195/9319
f 4340/6851 4335/6845 4361/6870
f 4267/9200 4276/9212 4358/9213
f 4345/6857 4340/6851 4272/6774
f 4304/6814 4314/6824 4360/6869
f 4359/6868 4304/6814 4360/6869
f 4335/6845 4318/6829 4360/6869
f 4360/6869 4314/6824 4316/6828
f 4340/6851 4361/6870 4316/6828
f 4322/6832 4345/6857 4272/6774
f 4361/6870 4335/6845 4360/6869
f 4316/6828 4272/6774 4340/6851
f 4359/6868 4195/6812 4304/6814
f 4322/6832 4302/6810 4321/6855
f 4322/6832 4271/6773 4259/6765
f 4361/6870 4360/6869 4316/6828
f 4322/6832 4272/6774 4271/6773
f 4302/6810 4303/11088 4321/6855
f 4316/6828 4273/6775 4272/6774
f 2655/9207 2656/9206 2654/9214
f 4362/9320 4363/9321 4364/9322
f 4362/9325 4364/9326 4365/9327
f 4366/9344 4367/9345 4368/9346
f 4369/9359 4370/9360 4371/9361
f 4372/9328 4369/9329 4363/9330
f 4373/9363 4374/9364 4375/9365
f 4376/9386 4377/9387 4372/9388
f 4377/9389 4378/9390 4375/9391
f 4372/9328 4363/9330 4379/9331
f 4376/9408 4380/9409 4377/9410
f 4366/9344 4368/9346 4381/9347
f 4373/9363 4378/9366 4376/9367
f 4364/9326 4382/9332 4365/9327
f 4365/9327 4382/9332 4383/9333
f 4362/9411 4365/9412 4384/9413
f 4381/9414 4385/9415 4366/9416
f 2658/9334 2617/9335 4376/9336
f 4376/9367 2618/9368 4386/9369
f 2658/9425 4365/9426 2645/9427
f 4363/9330 4371/9337 4364/9326
f 4362/9320 4384/9323 4379/9324
f 2624/9417 2653/9418 2621/9419
f 2617/9370 2618/9368 4376/9367
f 4366/9416 4385/9415 2653/9418
f 4373/9363 4376/9367 4386/9369
f 4384/9428 2658/9429 4379/9430
f 4368/9346 4387/9348 4381/9347
f 2658/9431 4384/9432 4365/9433
f 2645/9434 4365/9435 4383/9436
f 2616/9371 2615/9372 2618/9368
f 4388/9437 4389/9438 4381/9439
f 4379/9331 2658/9334 4376/9336
f 4374/9364 4390/9373 4375/9365
f 4391/8363 4392/8364 4393/8365
f 4379/9324 4363/9321 4362/9320
f 4380/9452 4378/9453 4377/9454
f 4394/9440 4395/9441 4396/9442
f 4397/9455 4398/9456 4399/9457
f 4373/9363 4375/9365 4378/9366
f 4369/9329 4371/9337 4363/9330
f 2621/9419 4385/9415 4394/9420
f 4400/9392 4377/9389 4375/9391
f 4396/9442 4401/9443 4394/9440
f 4402/8632 4403/8633 4399/8634
f 4381/9439 4389/9438 4385/9444
f 4404/9458 4405/9459 4406/9460
f 4407/6975 4408/6976 4409/6977
f 4410/9461 4411/11126 4412/9463
f 4413/9487 4411/9488 4410/9489
f 1008/9490 1009/9491 1003/9492
f 4414/9445 4394/9440 4401/9443
f 4415/9503 4416/9504 4417/9505
f 4418/6978 4419/6979 4420/6980
f 4401/9508 4402/9509 4414/9510
f 4421/9515 4415/9516 4417/9517
f 4422/9464 4423/9465 4424/9466
f 4415/9516 4421/9515 4425/9518
f 1004/9525 1011/9526 1005/9527
f 3988/9538 4426/9539 4427/9540
f 4421/9541 4428/9542 4425/9543
f 4410/9544 4429/9545 4430/9546
f 4430/9564 4429/9565 4411/9566
f 3988/9568 4023/9569 4431/9570
f 4413/9572 4430/9573 4432/9574
f 4427/9576 3989/9577 3988/9578
f 4421/9580 4433/9581 4428/9582
f 4421/9547 4417/9548 4434/9549
f 4435/9586 4422/9587 4413/9588
f 4410/9544 4430/9546 4413/9550
f 4417/9548 4436/9551 4429/9545
f 4424/9466 4413/9467 4422/9464
f 4435/9575 4413/9572 4432/9574
f 1061/9468 1058/9469 1056/9470
f 3988/8352 3987/8350 4023/11121
f 4432/9589 4437/9590 4435/9591
f 4430/9595 4438/9596 4432/9597
f 4424/7204 4438/7205 4430/7206
f 4432/9597 4438/9596 4419/9598
f 4432/9589 4419/9592 4437/9590
f 4418/6978 4437/6981 4419/6979
f 4410/9544 4417/9548 4429/9545
f 4413/9467 4424/9466 4411/9462
f 4424/7204 4439/7207 4438/7205
f 4430/9564 4411/9566 4424/9567
f 1054/9599 4440/9600 4441/9601
f 4436/9506 4416/9504 4415/9503
f 4394/9440 4414/9445 4442/9446
f 1053/9623 1061/9624 1052/9625
f 1058/9469 1061/9468 4443/9471
f 4444/6982 4437/6981 4445/6983
f 4445/6983 4437/6981 4418/6978
f 1053/9552 4446/9553 4447/9554
f 1053/9472 4443/9471 1061/9468
f 4448/9473 1058/9469 4443/9471
f 2653/9418 4385/9415 2621/9419
f 4447/9474 4412/9463 4449/9475
f 4399/9626 4450/9627 4397/9628
f 4449/9475 4448/9473 4447/9474
f 4448/9602 4451/9603 4452/9604
f 4451/9476 4448/9473 4449/9475
f 4447/9474 4410/9461 4412/9463
f 4422/9464 4435/9477 4423/9465
f 4398/9511 4397/9512 4414/9510
f 4453/9632 4454/9633 4455/9634
f 4394/9420 4442/9421 2621/9419
f 4443/9471 1053/9472 4447/9474
f 4447/9474 4448/9473 4443/9471
f 4453/9632 4455/9634 4456/9635
f 4448/9602 4452/9604 4440/9600
f 4447/9554 4446/9553 4434/9549
f 4446/9553 4457/9555 4458/9556
f 4446/9553 4458/9556 4434/9549
f 4434/9549 4458/9556 4421/9547
f 4457/9664 4440/9665 4458/9666
f 4458/9670 4440/9671 4452/9672
f 4458/9670 4452/9672 4459/9673
f 4410/9544 4447/9554 4434/9549
f 4410/9544 4434/9549 4417/9548
f 4452/9604 4451/9603 4460/9605
f 4458/9556 4459/9557 4421/9547
f 4460/9605 4461/9606 4462/9607
f 4460/9605 4463/9608 4459/9609
f 1058/9675 1057/9676 1056/9677
f 4460/9674 4459/9673 4452/9672
f 4457/9664 4464/9667 4440/9665
f 4465/6984 4464/6985 4463/6986
f 4440/9600 1058/9610 4448/9602
f 2559/9678 2609/9679 4023/9680
f 4465/6984 4462/6987 4466/6988
f 1058/9610 4440/9600 1077/9611
f 4431/8366 2609/8367 4467/8368
f 4468/9478 4449/9475 4412/9463
f 4426/9571 3988/9568 4431/9570
f 4469/9681 4470/9682 4436/9683
f 2610/8369 4467/8368 2609/8367
f 4411/9697 4429/9698 4436/9699
f 4411/11126 4471/11127 4412/9463
f 4436/9683 4423/9684 4411/9685
f 4472/7208 4424/7204 4423/7209
f 4436/9683 4472/9686 4423/9684
f 4467/8368 4473/8370 4474/8371
f 4475/7210 4439/7207 4472/7208
f 2650/8372 4467/8368 2610/8369
f 4431/8366 4023/8362 2609/8367
f 4440/9600 1054/9599 1077/9611
f 4465/6984 4466/6988 4476/6989
f 4477/8373 4467/8368 2650/8372
f 4423/9465 4471/11127 4411/11126
f 2650/8372 4478/8374 4477/8373
f 4478/8374 2651/8375 2652/8376
f 4477/8373 4473/8370 4467/8368
f 2651/9700 2649/9701 2648/9702
f 4478/8374 2650/8372 2649/8377
f 4478/8374 2649/8377 2651/8375
f 4451/9603 4461/9606 4460/9605
f 4479/9703 4462/9704 4461/9705
f 4412/9463 4471/11127 4468/9478
f 4471/11127 4423/9465 4480/9480
f 4481/8378 4478/8374 2652/8376
f 4451/9476 4449/9475 4471/9479
f 4471/9706 4449/9707 4468/9708
f 4479/6990 4466/6988 4462/6987
f 4417/9548 4416/9558 4436/9551
f 4479/9709 4482/9710 4466/9711
f 4451/9476 4471/9479 4483/9481
f 4435/9591 4437/9590 4480/9593
f 4482/9612 4479/9613 4461/9606
f 4482/9712 4484/9713 4466/9714
f 4451/9603 4482/9612 4461/9606
f 4451/9603 4483/9614 4482/9612
f 4436/9683 4470/9682 4472/9686
f 4406/9717 4444/9718 4445/9719
f 4480/9593 4437/9590 4485/9594
f 4486/6991 4487/6992 3471/6931
f 4480/9480 4488/9482 4489/9483
f 4489/9483 4471/11127 4480/9480
f 4485/6993 4444/6982 4490/6994
f 4483/9721 4484/9722 4482/9723
f 4491/9724 4407/9725 4466/9726
f 4407/9725 4492/9727 4466/9726
f 4472/9686 4470/9682 4475/9687
f 4439/9729 4470/9730 4493/9731
f 4470/7211 4439/7207 4475/7210
f 4470/9732 4494/9733 4493/9734
f 4480/9480 4423/9465 4435/9477
f 4483/9737 4471/9738 4489/9739
f 4483/9737 4489/9739 4484/9740
f 4495/9484 4488/9482 4480/9480
f 4480/9480 4496/9485 4495/9484
f 4466/6988 4456/6995 4476/6989
f 4496/9741 4497/9742 4495/9743
f 4496/9746 4480/9747 4490/9748
f 4480/9747 4485/9749 4490/9748
f 4439/7207 4424/7204 4472/7208
f 4406/9750 4445/9751 4404/9752
f 4437/6981 4444/6982 4485/6993
f 4406/9717 4405/9720 4444/9718
f 4466/6988 4492/6996 4456/6995
f 4486/6991 4498/6997 4487/6992
f 4484/9754 4499/9755 4500/9756
f 4484/9713 4500/9715 4491/9716
f 4473/8370 4477/8373 4478/8374
f 4407/9725 4491/9724 4500/9728
f 4455/9634 4476/9636 4456/9635
f 4484/9754 4489/9757 4499/9755
f 4501/9637 4502/9638 4503/9639
f 4501/9637 4504/9640 4502/9638
f 4453/9632 4409/9641 4503/9639
f 4503/9639 4409/9641 4501/9637
f 4409/6977 4492/6996 4407/6975
f 4503/9758 4505/9759 4506/9760
f 4502/9761 4505/9759 4503/9758
f 4489/9483 4488/9482 4499/9486
f 4495/9763 4499/9764 4488/9765
f 4495/9766 4507/9767 4499/9768
f 4456/6995 4492/6996 4409/6977
f 4499/9768 4507/9767 4500/9769
f 4497/9742 4507/9744 4495/9743
f 4453/9770 4503/9771 4508/9772
f 4456/9635 4409/9641 4453/9632
f 4484/9713 4491/9716 4466/9714
f 4408/9642 4501/9637 4409/9641
f 4500/6998 4408/6976 4407/6975
f 4509/9643 4501/9637 4408/9642
f 4453/9770 4508/9772 4510/9773
f 4401/9775 4396/9776 4403/9777
f 4511/6514 4512/6515 4513/6516
f 3196/6495 4513/6516 3476/6513
f 4404/9778 4514/9779 4515/9780
f 4514/9753 4404/9752 4445/9751
f 4513/6516 4516/6517 4517/6518
f 4516/9781 4518/9782 4517/9783
f 2619/9422 2621/9419 4442/9421
f 4518/9784 4519/9785 4520/9786
f 4518/9787 4520/9788 4521/9789
f 3463/9790 4517/9791 4522/9792
f 4522/9792 4517/9791 4523/9793
f 4517/9791 4521/9794 4523/9793
f 4524/9803 4519/9804 4518/9805
f 4520/9814 4525/9815 4526/9816
f 4393/8365 4527/8379 4391/8363
f 4402/9509 4399/9513 4414/9510
f 4528/9817 4529/9818 4519/9819
f 4450/9627 2623/9629 4397/9628
f 4519/9819 4529/9818 4520/9814
f 4514/11096 4418/6978 4530/7000
f 4518/9835 4521/9836 4517/9837
f 4020/8360 4531/11122 4532/8381
f 2619/9422 4442/9421 2622/9423
f 4533/7001 4534/7002 4500/6998
f 3471/9838 4487/9839 3311/9840
f 4486/6991 4535/7003 4536/7004
f 3476/6513 4513/6516 4517/6518
f 3463/6512 3476/6513 4517/6518
f 2652/9630 2623/9629 4481/9631
f 3472/6932 4535/7003 3471/6931
f 4537/8382 4538/8383 4539/8384
f 3311/9840 4487/9839 4530/9841
f 4535/7003 4486/6991 3471/6931
f 4418/6978 4514/11096 4445/6983
f 4534/7002 4408/6976 4500/6998
f 4522/9792 4523/9793 4540/9795
f 4541/9796 4520/9797 4526/9798
f 4025/9799 4523/9793 4541/9796
f 4542/8431 4543/8432 4540/8433
f 4541/9796 4526/9798 4025/9799
f 4535/7003 4544/7005 4536/7004
f 4544/7005 4545/7006 4536/7004
f 4543/7007 4546/7008 4545/7006
f 4543/7007 4545/7006 4547/7009
f 4536/7004 4545/7006 4548/7010
f 4548/7010 4545/7006 4546/7008
f 4542/8431 3825/8428 4543/8432
f 3825/6974 4546/7008 4543/7007
f 4414/9445 2622/9447 4442/9446
f 4025/9799 4540/9795 4523/9793
f 4530/9841 4487/9839 4514/9842
f 4414/9445 4397/9448 2622/9447
f 4487/6992 4498/6997 4514/6999
f 4549/9843 3463/9844 4522/9845
f 4549/9843 4522/9845 4550/9846
f 4551/7011 4552/7012 4553/7013
f 4523/9793 4521/9794 4520/9797
f 4541/9796 4523/9793 4520/9797
f 4025/9799 4542/9800 4540/9795
f 4554/9847 4527/9848 4393/9849
f 4522/9851 4544/9852 4550/9853
f 4547/9854 4544/9855 4522/9856
f 3472/9857 4550/9858 4535/9859
f 4550/11097 3472/6932 3502/6941
f 4535/7003 4550/7014 4544/7005
f 4547/7009 4545/7006 4544/7005
f 4540/8433 4543/8432 4547/8434
f 4547/9801 4522/9792 4540/9795
f 4555/7015 4553/7013 4556/7016
f 4444/6982 4557/7017 4490/6994
f 4551/7011 4486/6991 4536/7004
f 4551/7011 4498/6997 4486/6991
f 4551/7011 4536/7004 4548/7010
f 4558/9860 4559/9861 4560/9862
f 4557/7017 4514/6999 4561/7018
f 4557/7017 4515/7019 4514/6999
f 3460/9863 3459/9864 3502/9865
f 4496/9741 4490/9745 4497/9742
f 4553/7013 4552/7012 4556/7016
f 4507/7020 4497/7021 4557/7017
f 4561/7018 4514/6999 4498/6997
f 4562/7022 4557/7017 4561/7018
f 4404/9867 4515/9868 4405/9869
f 4534/7002 4533/7001 4563/7023
f 4508/9644 4506/9645 4510/9646
f 4515/9868 4444/9870 4405/9869
f 4408/9642 4534/9647 4564/9648
f 4509/9643 4408/9642 4564/9648
f 4565/9871 4566/9872 4567/9873
f 4515/7019 4557/7017 4444/6982
f 4568/9393 4569/9394 4570/9395
f 4557/7017 4497/7021 4490/6994
f 4507/7020 4557/7017 4562/7022
f 4571/9874 4559/9875 4572/9876
f 4573/9891 4574/9892 4509/9893
f 4509/9897 4574/9898 4504/9899
f 4501/9900 4509/9897 4504/9899
f 4507/7020 4562/7022 4533/7001
f 4507/7020 4533/7001 4500/6998
f 4561/9901 4563/9902 4562/9903
f 4575/9894 4564/9895 4576/9896
f 4576/9896 4574/9892 4575/9894
f 4562/7022 4563/7023 4533/7001
f 4577/9649 4510/9646 4506/9645
f 4578/9905 4579/9906 4580/9907
f 4537/8382 4539/8384 4581/8385
f 4551/7011 4561/7018 4498/6997
f 3838/8477 4582/8478 3830/8479
f 4552/7012 4583/7024 4556/7016
f 4552/7012 4584/7025 4583/7024
f 4584/7025 4585/7026 4583/7024
f 4584/7025 4548/7010 3830/6958
f 4586/9909 4558/9910 4587/9911
f 4582/7027 4585/7026 4584/7025
f 4534/7002 4563/7023 4555/7015
f 4561/9901 4553/9904 4563/9902
f 4584/8480 3830/8479 4582/8478
f 4573/9916 4564/9917 4575/9918
f 4551/7011 4548/7010 4552/7012
f 4556/9920 4534/9921 4555/9922
f 4588/9877 4559/9875 4586/9878
f 4587/9911 4558/9910 4589/9912
f 4587/9911 4589/9912 4590/9913
f 4534/9923 4591/9924 4564/9925
f 4592/7028 4548/7010 4546/7008
f 4592/7028 3830/6958 4548/7010
f 4551/7011 4553/7013 4561/7018
f 4573/9891 4575/9894 4574/9892
f 2639/9349 4593/9350 4366/9344
f 4594/9927 4595/9928 4596/9929
f 4503/9758 4506/9760 4508/9762
f 4595/9928 4597/9930 4569/9931
f 4598/9351 4367/9345 4593/9350
f 4553/7013 4555/7015 4563/7023
f 4592/7028 4546/7008 3825/6974
f 2639/9424 4366/9416 2653/9418
f 4548/7010 4584/7025 4552/7012
f 4599/9946 4600/9947 2657/9948
f 4598/9956 4600/9957 4601/9958
f 4602/9959 4601/9960 4600/9961
f 4603/9879 987/9880 4588/9877
f 4366/9344 4593/9350 4367/9345
f 4604/9963 4588/9964 987/9965
f 4599/9946 4605/9949 4602/9950
f 4593/9951 2637/9952 4600/9947
f 4383/9953 4602/9950 4605/9949
f 4606/9932 4595/9928 4569/9931
f 2635/9966 4599/9967 2657/9968
f 2657/9948 4600/9947 2637/9952
f 4599/9946 4602/9950 4600/9947
f 4605/9969 2645/9970 4383/9971
f 4602/9959 4383/9962 4601/9960
f 2645/9970 4605/9969 4599/9972
f 4382/9973 4601/9974 4383/9975
f 1002/9976 1000/9977 4607/9978
f 2637/9952 4593/9951 2639/9954
f 4572/9876 4559/9875 4588/9877
f 4608/9374 1017/9375 1012/9376
f 4572/9876 4588/9877 4604/9881
f 1016/9882 4609/9883 1006/9884
f 4598/9351 4368/9346 4367/9345
f 4610/9493 1002/9494 4607/9495
f 4611/9338 4601/9339 4382/9332
f 2635/9982 2645/9983 4599/9984
f 4610/9493 4612/9496 1002/9494
f 4606/9396 4569/9394 4613/9397
f 4567/9985 4614/9986 4565/9987
f 4612/9496 4615/9497 1010/9498
f 1010/9498 1008/9490 4612/9496
f 1002/9494 4612/9496 1008/9490
f 4616/9992 4617/9993 4618/9994
f 4565/9987 4614/9986 4619/9988
f 987/9880 4609/9883 1016/9882
f 4558/9398 4620/9399 4621/9400
f 4580/9907 4579/9906 4622/9908
f 4558/10023 4621/10024 4622/10025
f 4558/10026 4622/10027 4579/10028
f 4621/10029 4623/10030 4622/10031
f 4565/10034 4619/10035 4624/10036
f 4625/10060 4566/10061 4626/10062
f 4588/9877 4586/9878 4603/9879
f 4580/9340 4622/9341 4627/9342
f 4606/9396 4613/9397 4625/9401
f 4571/10070 4572/10071 4628/10072
f 4625/10060 4613/10063 4566/10061
f 4586/10074 4587/10075 4629/10076
f 4603/9879 4630/9885 4607/9886
f 4603/9879 4586/9878 4630/9885
f 4630/10082 4612/10083 4610/10084
f 1009/9491 1008/9490 1010/9498
f 4631/9352 4623/9353 4579/9354
f 4611/10085 4632/10086 4601/10087
f 4607/10090 4630/10091 4610/10092
f 4633/10077 4630/10078 4586/10074
f 4611/9338 4382/9332 4627/9342
f 4623/9343 4611/9338 4622/9341
f 4621/10029 4589/10032 4623/10030
f 4589/9912 4579/9914 4623/9915
f 4621/9400 4634/9402 4590/9403
f 4621/10029 4590/10033 4589/10032
f 4586/10074 4629/10076 4633/10077
f 4630/10078 4633/10077 4374/10079
f 4635/10093 4636/10094 4637/10095
f 4613/9397 4568/9393 4560/9404
f 4637/9995 4638/9996 4639/9997
f 4629/10097 4634/10098 4640/10099
f 4621/9400 4640/9405 4634/9402
f 4587/10075 4634/10080 4629/10076
f 4587/10075 4590/10081 4634/10080
f 4560/9887 4559/9875 4566/9888
f 4570/9395 4400/9392 4640/9405
f 4568/9393 4620/9399 4560/9404
f 4641/10100 4387/10101 4368/10102
f 4598/10088 4601/10087 4632/10086
f 4566/9888 4559/9875 4571/9874
f 4623/10089 4632/10086 4611/10085
f 4635/10104 4637/10105 4642/10106
f 4643/9998 4642/9999 4644/10000
f 4645/10037 4635/10038 4646/10039
f 4631/9352 4632/9355 4623/9353
f 4598/9351 4632/9355 4368/9346
f 4632/9355 4631/9352 4368/9346
f 4645/10037 4646/10039 4647/10040
f 4648/10001 4649/10002 4618/9994
f 4642/10106 4637/10105 4644/10107
f 4637/9995 4639/9997 4644/10000
f 4642/10108 4646/10109 4635/10110
f 4598/10111 4593/10112 4600/10113
f 4650/10041 4651/10042 1014/10043
f 1001/9979 1006/9980 1000/9977
f 4638/9996 4650/10003 4652/10004
f 4653/10005 4638/9996 4654/10006
f 4642/10114 4655/10115 4646/10116
f 4558/9910 4579/9914 4589/9912
f 4643/9998 4655/10007 4642/9999
f 4656/10044 4655/10045 4643/10046
f 1013/10117 4657/10118 4658/10119
f 4659/10008 4650/10003 4638/9996
f 4658/10119 4657/10118 4652/10120
f 4650/10041 4659/10047 4660/10048
f 4651/10042 4650/10041 4660/10048
f 1015/10049 4658/10050 1014/10043
f 4647/10040 4655/10045 4656/10044
f 4596/9929 4595/9928 4606/9932
f 995/10125 991/10126 1006/10127
f 4571/9989 4647/9990 4656/9991
f 1000/9977 1006/9980 4609/9981
f 4607/9978 1000/9977 4609/9981
f 4658/10050 4650/10041 1014/10043
f 4652/10004 4654/10006 4638/9996
f 4658/10129 1015/10130 985/10131
f 4658/10119 985/10121 993/10122
f 4652/10004 4657/10009 4661/10010
f 4661/10010 4654/10006 4652/10004
f 4638/9996 4637/9995 4659/10008
f 4647/10040 4646/10039 4655/10045
f 993/10122 1013/10117 4658/10119
f 4660/10048 4659/10047 4636/10051
f 4662/10052 4663/10053 4664/10054
f 4616/9992 4618/9994 4665/10011
f 4636/10132 4659/10133 4637/10134
f 4647/10135 4604/10136 4662/10137
f 4663/10142 4666/10143 4664/10144
f 4662/10137 4604/10136 4667/10138
f 4647/10040 4662/10052 4645/10037
f 4635/10093 4660/10096 4636/10094
f 4565/10034 4665/10055 4618/10056
f 4572/10071 4604/10073 4628/10072
f 1013/10117 989/10123 990/10124
f 1016/10128 1006/10127 991/10126
f 4645/10037 4660/10048 4635/10038
f 4667/10057 4663/10053 4662/10052
f 4645/10037 4664/10054 4660/10048
f 988/9889 987/9880 1016/9882
f 994/10139 4667/10138 987/10140
f 4647/10146 4571/10147 4628/10148
f 4664/10054 4651/10042 4660/10048
f 4604/10136 4647/10135 4628/10141
f 4664/10054 4666/10058 4651/10042
f 990/10124 4657/10118 1013/10117
f 4604/10136 987/10140 4667/10138
f 4662/10052 4664/10054 4645/10037
f 4666/10058 1014/10043 4651/10042
f 4663/10142 4668/10145 4666/10143
f 4665/10011 4644/10000 4616/9992
f 4650/10003 4658/10012 4652/10004
f 4669/10149 4639/10150 4653/10151
f 4665/10055 4565/10034 4624/10036
f 4624/10036 4656/10044 4643/10046
f 4596/10167 4670/10168 4671/10169
f 4624/10036 4619/10035 4656/10044
f 4672/10013 4644/10000 4639/9997
f 4672/10013 4673/10014 4616/9992
f 994/10177 4674/10178 4667/10179
f 4673/10184 4672/10185 4675/10186
f 4676/10152 4677/10153 4669/10149
f 4673/10187 4675/10188 4678/10189
f 4677/10153 4678/10154 4679/10155
f 4677/10153 4679/10155 4639/10150
f 4677/10153 4639/10150 4669/10149
f 4663/10180 4667/10179 4668/10181
f 4674/10178 4668/10181 4667/10179
f 4668/10190 1014/10191 4666/10192
f 4675/10156 4672/10157 4679/10155
f 4674/10178 994/10177 4668/10181
f 4672/10013 4639/9997 4679/10015
f 4616/9992 4673/10014 4680/10016
f 4678/10154 4675/10156 4679/10155
f 4677/10193 4676/10194 4678/10195
f 4681/10206 4673/10207 4678/10208
f 4682/9650 4577/9649 4506/9645
f 4673/10207 4682/10209 4680/10210
f 4683/9651 4684/9652 4577/9649
f 4510/9646 4577/9649 4684/9652
f 4616/9992 4644/10000 4672/10013
f 4510/9646 4684/9652 4685/9653
f 4682/10209 4673/10207 4681/10206
f 4686/10196 4687/10197 4688/10198
f 4685/9653 4689/9654 4510/9646
f 4681/10199 4678/10195 4688/10198
f 4688/10198 4678/10195 4676/10194
f 4688/9655 4687/9656 4577/9649
f 4681/9657 4688/9655 4682/9650
f 4688/10198 4676/10194 4686/10196
f 4690/10211 4691/10212 4692/10213
f 4661/10158 4693/10159 4694/10160
f 4691/10218 4690/10219 4695/10220
f 4653/10005 4639/9997 4638/9996
f 4691/10218 4695/10220 4696/10221
f 997/10225 998/10226 4696/10227
f 4697/10232 4698/10233 4661/10234
f 4697/10235 4661/10236 4657/10237
f 4697/10238 4657/10239 4698/10240
f 4661/10158 4698/10161 4693/10159
f 4699/10214 4692/10213 4691/10212
f 4700/10241 4693/10242 4695/10243
f 4695/10244 4693/10245 4701/10246
f 996/10162 4702/10163 4698/10161
f 4698/10161 4702/10163 4693/10159
f 4682/9650 4688/9655 4577/9649
f 4687/10197 4683/10200 4577/10201
f 4505/9658 4680/9659 4682/9650
f 4703/10248 4696/10249 4695/10250
f 4653/10151 4654/10164 4694/10160
f 4694/10160 4654/10164 4661/10158
f 996/10251 4698/10252 990/10253
f 4691/10255 1048/10256 1055/10257
f 4702/10260 4701/10261 4693/10262
f 4704/10263 4701/10264 4702/10265
f 4669/10149 4653/10151 4705/10165
f 4657/10254 990/10253 4698/10252
f 998/10226 1047/10228 4696/10227
f 4644/10000 4665/10011 4643/9998
f 997/10225 4696/10227 4702/10229
f 4704/10230 4702/10229 4696/10227
f 4624/10036 4643/10046 4665/10055
f 4706/10202 4705/10203 4700/10204
f 4696/10221 1047/10222 4691/10218
f 1047/10266 4707/10267 4691/10268
f 1048/10256 4691/10255 4707/10258
f 997/10270 4702/10271 996/10272
f 4653/10151 4694/10160 4705/10165
f 4708/10205 4683/10200 4686/10196
f 4694/10160 4693/10159 4700/10166
f 4676/10152 4669/10149 4705/10165
f 4705/10165 4694/10160 4700/10166
f 4695/10244 4701/10246 4704/10247
f 4709/9660 4710/9661 4684/9652
f 4708/9662 4684/9652 4683/9651
f 4686/10196 4683/10200 4687/10197
f 4708/10205 4686/10196 4706/10202
f 4711/10273 4712/10274 4690/10275
f 4706/10276 4700/10277 4712/10278
f 4695/10220 4690/10219 4712/10223
f 4712/10279 4711/10280 4706/10281
f 4700/10224 4695/10220 4712/10223
f 4711/10280 4708/10282 4706/10281
f 4711/10280 4690/10283 4713/10284
f 4709/10286 4684/10287 4708/10288
f 4703/10291 4695/10292 4704/10293
f 4686/10196 4676/10194 4706/10202
f 4703/10231 4704/10230 4696/10227
f 4685/9653 4684/9652 4710/9661
f 4713/10215 4690/10211 4692/10213
f 4711/10280 4713/10284 4714/10285
f 4708/10282 4711/10280 4714/10285
f 4709/10286 4714/10289 4692/10290
f 4713/10215 4692/10213 4714/10216
f 4707/10267 1047/10266 4715/10269
f 4715/10294 1048/10295 4707/10296
f 4399/8386 4537/8382 4581/8385
f 3330/6895 3311/6936 4530/7000
f 4537/8635 4716/8636 4538/8637
f 4418/6978 3330/6895 4530/7000
f 4616/9992 4504/10017 4617/9993
f 4538/8383 4531/8380 4539/8384
f 4560/9404 4620/9399 4558/9398
f 4617/9993 4504/10017 4574/10018
f 4505/10019 4502/10020 4616/9992
f 4680/10016 4505/10019 4616/9992
f 4717/10297 1055/10298 4718/10299
f 4539/8384 4391/8363 4581/8385
f 4710/10302 4692/10303 4719/10304
f 4603/9879 4607/9886 4609/9883
f 4470/9682 4469/9681 4720/9688
f 987/9880 4603/9879 4609/9883
f 4721/7212 4722/7213 4723/7214
f 4506/9645 4505/9658 4682/9650
f 4453/9770 4510/9773 4689/9774
f 4722/7213 4494/7215 4723/7214
f 4722/7213 4724/7216 4494/7215
f 4671/10310 4670/10311 4725/10312
f 4494/7215 4724/7216 4439/7207
f 4493/7217 4494/7215 4439/7207
f 4439/7207 4724/7216 4419/7218
f 4721/9689 4720/9688 4726/9690
f 4710/10317 4719/10318 4727/10319
f 4728/9691 4721/9689 4726/9690
f 4717/10259 4691/10255 1055/10257
f 4699/10300 4717/10297 4718/10299
f 4729/10320 4710/10317 4727/10319
f 4504/10017 4616/9992 4502/10020
f 4714/10289 4709/10286 4708/10288
f 4699/10214 4691/10212 4717/10217
f 4726/9690 4720/9688 4469/9681
f 4730/7219 4722/7213 4721/7212
f 4464/9615 4731/9616 4732/9617
f 4720/9735 4494/9733 4470/9732
f 1065/10305 4733/10306 4718/10307
f 4494/9733 4720/9735 4723/9736
f 4730/10328 4721/10329 4728/10330
f 4454/9633 4453/9632 4689/9654
f 4721/9689 4723/9692 4720/9688
f 4465/10321 4476/10322 4731/10323
f 4692/9663 4710/9661 4709/9660
f 4464/9615 4465/9618 4731/9616
f 4454/9633 4689/9654 4685/9653
f 4464/10334 4734/10335 4463/10336
f 4454/9633 4710/9661 4455/9634
f 4454/9633 4685/9653 4710/9661
f 4732/10324 4729/10320 4727/10319
f 4735/10337 4736/10338 4737/10339
f 4440/9600 4464/9615 4441/9601
f 4464/9615 4732/9617 4441/9601
f 4732/9617 4738/9619 4441/9601
f 4735/10340 4737/10341 4739/10342
f 4735/10343 1067/10344 4736/10345
f 4719/10304 4699/10308 4733/10306
f 4676/10194 4705/10203 4706/10202
f 4731/10346 4729/10347 4732/10348
f 4733/10306 4699/10308 4718/10307
f 4719/10304 4692/10303 4699/10308
f 4719/10318 4733/10325 4740/10326
f 4641/9356 4368/9346 4741/9357
f 4433/10349 4463/10350 4734/10351
f 4742/10352 4739/10353 4743/10354
f 4742/10359 4743/10360 4744/10361
f 4465/6984 4463/6986 4462/6987
f 4460/9605 4462/9607 4463/9608
f 4459/10362 4463/10363 4433/10364
f 4421/9580 4459/9583 4433/9581
f 4742/10352 4745/10355 4739/10353
f 4746/9519 4739/9520 4737/9521
f 4747/10365 4739/10366 4745/10367
f 4742/10369 4457/10370 4748/10371
f 4749/10356 4745/10355 4742/10352
f 4749/10372 4742/10369 4748/10371
f 4745/10367 4750/10368 4747/10365
f 4719/10318 4740/10326 4727/10319
f 4750/10375 1067/10376 4735/10377
f 4631/9352 4741/9357 4368/9346
f 4441/9601 4738/9619 1054/9599
f 4744/10381 4743/10382 4425/10383
f 4743/9522 4746/9519 4425/9518
f 4742/10384 4744/10381 4425/10383
f 4433/9581 4742/9584 4428/9582
f 4742/10385 4425/10386 4428/10387
f 4740/10326 4732/10324 4727/10319
f 4740/9620 4738/9619 4732/9617
f 4738/9619 4740/9620 4733/9621
f 4733/9621 1065/9622 4738/9619
f 4749/10372 1060/10373 1059/10374
f 4747/10378 4750/10375 4735/10377
f 1063/9559 4748/9560 4751/9561
f 4735/10377 4739/10379 4747/10378
f 1063/9559 1060/9562 4748/9560
f 4749/10356 1059/10357 4750/10358
f 4415/9516 4425/9518 4746/9519
f 4749/10356 4750/10358 4745/10355
f 4457/9664 4734/9668 4464/9667
f 4748/9560 4457/9555 4446/9553
f 4734/9585 4742/9584 4433/9581
f 4742/9669 4734/9668 4457/9664
f 4739/9520 4746/9519 4743/9522
f 1053/9552 4751/9561 4446/9553
f 1063/10388 4751/10389 1062/10390
f 4752/10331 4753/10332 4730/10328
f 1053/9552 1062/9563 4751/9561
f 4748/9560 4446/9553 4751/9561
f 4752/10331 4754/10333 4753/10332
f 4749/10372 4748/10371 1060/10373
f 4476/10322 4729/10320 4731/10323
f 4476/10322 4455/10327 4729/10320
f 4752/10331 4730/10328 4728/10330
f 4755/7220 4730/7219 4756/7221
f 4455/10327 4710/10317 4729/10320
f 4757/9693 4728/9691 4726/9690
f 4755/7220 4722/7213 4730/7219
f 4756/7221 4730/7219 4753/7222
f 4757/9693 4752/9694 4728/9691
f 4436/9683 4758/9695 4469/9681
f 4726/9690 4469/9681 4758/9695
f 4724/7216 4722/7213 4755/7220
f 4419/7218 4724/7216 4755/7220
f 4390/9406 4400/9392 4375/9391
f 4418/6978 4420/6980 4759/7029
f 4436/9683 4760/9696 4758/9695
f 4756/7221 4419/7218 4755/7220
f 4420/6980 4419/6979 4756/7030
f 4759/7029 4420/6980 4756/7030
f 4760/10391 4415/10392 4761/10393
f 4759/7223 3334/7203 4418/7224
f 4760/9507 4436/9506 4415/9503
f 3334/7203 4759/7223 3338/7200
f 3338/7200 4759/7223 4753/7222
f 4753/7222 3336/7201 3338/7200
f 3334/6896 3330/6895 4418/6978
f 4762/10394 4754/10395 4752/10396
f 4392/8364 4018/8358 4393/8365
f 3339/10399 3337/10400 4762/10401
f 4581/8385 4391/8363 4763/8387
f 4431/8366 4467/8368 4474/8371
f 4581/8385 4763/8387 4399/8386
f 3336/6897 4753/7031 3337/6898
f 4392/10402 4531/10403 4020/10404
f 4018/8358 4427/8388 4393/8365
f 4754/10395 4762/10394 3337/10397
f 4439/7207 4419/7218 4438/7205
f 3342/10406 3339/10407 4762/10408
f 4763/8387 4450/8389 4399/8386
f 2623/9629 4450/9627 4481/9631
f 4527/8379 4763/8387 4391/8363
f 3342/7287 4764/7288 3340/7289
f 4473/8370 4450/8389 4763/8387
f 3320/7290 3342/7287 3340/7289
f 4481/8378 4450/8389 4473/8370
f 4765/10409 4737/10410 4736/10411
f 4752/10417 4757/10418 4766/10419
f 4763/8387 4527/8379 4473/8370
f 4766/7291 4757/7292 4758/7293
f 4758/9695 4757/9693 4726/9690
f 4386/9369 2618/9368 2615/9372
f 4473/8370 4478/8374 4481/8378
f 4554/9847 4474/9850 4527/9848
f 4767/9523 4761/9524 4746/9519
f 4746/9519 4761/9524 4415/9516
f 4768/7294 4769/7295 4764/7288
f 4762/10394 4752/10396 4766/10398
f 4746/9519 4737/9521 4767/9523
f 4737/10420 4765/10421 4767/10422
f 4764/7288 4766/7291 4768/7294
f 4760/10430 4768/10431 4758/10432
f 4770/10434 4761/10435 4767/10436
f 4765/10421 4771/10423 4770/10424
f 3341/10442 3340/10443 4764/10444
f 4766/7291 4758/7293 4768/7294
f 4761/10445 4772/10446 4760/10447
f 4770/10424 4767/10422 4765/10421
f 1070/10412 4771/10413 4736/10411
f 4759/7223 4756/7221 4753/7222
f 4750/10375 1059/10380 1067/10376
f 1070/10412 1067/10414 1068/10415
f 3337/10448 4753/10449 4754/10450
f 4771/10423 1071/10425 4773/10426
f 4771/10413 1070/10412 1071/10416
f 4773/10426 4770/10424 4771/10423
f 4427/8388 4554/8390 4393/8365
f 3342/7287 4762/7296 4764/7288
f 1067/10414 1070/10412 4736/10411
f 4774/10433 4768/10431 4760/10430
f 4761/10435 4770/10434 4772/10437
f 4774/10451 4769/10452 4768/10453
f 4474/8371 4473/8370 4527/8379
f 4775/7297 3341/7279 4769/7295
f 3341/7279 4764/7288 4769/7295
f 4774/10454 4760/10455 4772/10456
f 4765/10409 4736/10411 4771/10413
f 1073/10460 4769/10461 4774/10462
f 3357/7284 3341/7279 4775/7297
f 1075/10438 4770/10434 4773/10439
f 3357/7284 1051/7280 3341/7279
f 1073/7286 3357/7284 4775/7297
f 4762/7296 4766/7291 4764/7288
f 4776/9933 4369/9934 4372/9935
f 4020/8360 4532/8381 4007/8361
f 4376/10463 4378/10464 4380/10465
f 4426/8391 4554/8390 4427/8388
f 4474/8371 4554/8390 4426/8391
f 4431/8366 4474/8371 4426/8391
f 1071/10425 1074/10427 4773/10426
f 1041/10457 1073/10458 4774/10454
f 1076/10440 4772/10437 4770/10434
f 1075/10438 1076/10440 4770/10434
f 4774/10454 4772/10456 1041/10457
f 4769/7295 1073/7286 4775/7297
f 1042/10459 1041/10457 4772/10456
f 2623/10466 2622/10467 4397/10468
f 4392/8364 4020/8360 4018/8358
f 4772/10437 1076/10440 1042/10441
f 4017/8357 4020/8360 4007/8361
f 4656/9991 4619/9988 4571/9989
f 4614/9986 4571/9989 4619/9988
f 4613/9397 4569/9394 4568/9393
f 4586/9878 4559/9875 4558/9890
f 1075/10428 4773/10426 1074/10427
f 4777/9528 1007/9529 1011/9526
f 4671/10169 4370/10170 4596/10167
f 4741/9357 4579/9354 4578/9358
f 4741/9357 4631/9352 4579/9354
f 4597/9930 4570/9936 4569/9931
f 4629/9377 4390/9373 4633/9378
f 4614/10469 4567/10470 4566/10471
f 4597/9930 4778/9937 4400/9938
f 4633/9378 4390/9373 4374/9364
f 4400/9392 4390/9406 4640/9405
f 4566/10061 4613/10063 4560/10064
f 4570/9936 4597/9930 4400/9938
f 4741/10473 4580/10474 4627/10475
f 4741/10473 4627/10475 4371/10476
f 4620/9399 4570/9395 4640/9405
f 4390/9406 4629/9407 4640/9405
f 4369/9934 4776/9933 4597/9930
f 4614/10469 4566/10471 4571/10472
f 4778/9937 4597/9930 4776/9933
f 4779/10313 4780/10314 4781/10315
f 4627/9342 4364/9326 4371/9337
f 4627/9342 4622/9341 4611/9338
f 4382/9332 4364/9326 4627/9342
f 4597/9930 4594/9927 4370/9939
f 4621/9400 4620/9399 4640/9405
f 4568/9393 4570/9395 4620/9399
f 4671/10169 4387/10171 4370/10170
f 4597/10479 4595/10480 4594/10481
f 4578/10477 4580/10474 4741/10473
f 4782/10482 4783/10483 4648/10484
f 4741/10473 4371/10476 4641/10478
f 4387/9362 4371/9361 4370/9360
f 4387/10101 4641/10100 4371/10103
f 4369/9934 4597/9930 4370/9939
f 4370/9939 4594/9927 4596/9929
f 4387/10316 4671/10310 4725/10312
f 4381/9439 4387/9449 4388/9437
f 4564/9925 4591/9924 4784/9926
f 4591/10485 4785/10486 4784/10487
f 4782/10021 4648/10001 4618/9994
f 4786/10065 4626/10062 4787/10066
f 4565/10488 4626/10489 4566/10490
f 4626/10062 4649/10067 4787/10066
f 4565/10491 4649/10492 4626/10493
f 4649/10002 4565/10022 4618/9994
f 4787/10066 4648/10068 4783/10069
f 4787/10066 4649/10067 4648/10068
f 4534/10494 4556/10495 4591/10496
f 4788/9940 4784/9941 4789/9942
f 4388/9437 4387/9449 4725/9450
f 4790/9943 4606/9932 4789/9942
f 4372/10498 4377/10499 4778/10500
f 4791/8638 4008/8629 4792/8639
f 4789/9942 4784/9941 4785/9944
f 4789/10172 4793/10173 4790/10174
f 4794/10175 4790/10174 4793/10173
f 4596/10167 4790/10174 4795/10176
f 4789/10501 4785/10502 4793/10503
f 4796/7032 4793/7033 4785/7034
f 4797/9530 4386/9531 4798/9532
f 4799/10504 4625/10505 4786/10506
f 4798/9379 2614/9380 4800/9381
f 4625/10507 4799/10508 4606/10509
f 4793/10510 4796/10511 4801/10512
f 4798/9532 4800/9533 1007/9529
f 4798/9379 4386/9369 2614/9380
f 4802/8640 4803/8641 4780/8642
f 4389/9438 4394/9440 4385/9444
f 4576/10518 4804/10519 4574/10520
f 4805/9534 4806/9535 4777/9528
f 4630/10521 4806/10522 4805/10523
f 4509/9919 4564/9917 4573/9916
f 4403/8633 4537/8635 4399/8634
f 4539/8384 4392/8364 4391/8363
f 4778/9937 4776/9933 4372/9935
f 4630/10525 4797/10526 4806/10527
f 986/10059 1015/10049 1014/10043
f 4803/8641 4802/8640 4807/8643
f 4788/9940 4789/9942 4606/9932
f 4808/10528 4804/10529 4576/10530
f 4809/8644 3952/8613 3959/8620
f 4810/10535 2614/10536 2612/10537
f 4612/10524 4630/10521 4805/10523
f 4810/9382 4608/9374 4800/9381
f 2614/9380 4810/9382 4800/9381
f 4810/9382 1017/9375 4608/9374
f 4800/9533 4608/9536 1007/9529
f 1012/9537 1007/9529 4608/9536
f 4790/9943 4596/9929 4606/9932
f 4806/9535 1007/9529 4777/9528
f 4377/9945 4400/9938 4778/9937
f 4796/10511 4811/10513 4801/10512
f 4810/10535 2612/10537 1017/10538
f 4782/10021 4617/9993 4574/10018
f 4574/10531 4804/10529 4782/10532
f 4788/10540 4782/10541 4808/10542
f 4782/10021 4618/9994 4617/9993
f 4782/10532 4804/10529 4808/10528
f 4797/9383 4374/9364 4373/9363
f 4386/9369 4797/9383 4373/9363
f 4630/9384 4374/9364 4797/9383
f 4798/9532 1007/9529 4797/9530
f 1007/9529 4806/9535 4797/9530
f 4615/9497 4777/9499 1004/9500
f 1004/9525 4777/9528 1011/9526
f 4782/10541 4788/10540 4783/10543
f 4783/10546 4799/10547 4786/10548
f 4786/10065 4787/10066 4783/10069
f 4564/10533 4784/10534 4576/10530
f 4801/8645 4811/8646 4802/8640
f 4808/10528 4576/10530 4784/10534
f 4783/10543 4788/10540 4799/10544
f 4615/9497 4612/9496 4805/9501
f 1010/9498 1004/9500 999/9502
f 4615/9497 1004/9500 1010/9498
f 4795/10176 4790/10174 4794/10175
f 4793/10510 4801/10512 4794/10514
f 4788/10549 4606/10550 4799/10551
f 4715/10552 1047/10553 1048/10554
f 4784/10545 4788/10540 4808/10542
f 4794/8647 4779/8648 4795/8649
f 4801/8645 4780/8642 4794/8647
f 4018/9579 3989/9577 4427/9576
f 4809/8644 4812/8650 4813/8651
f 4786/10065 4625/10060 4626/10062
f 4779/8648 4794/8647 4780/8642
f 4591/10496 4556/10495 4583/10497
f 4802/8640 4780/8642 4801/8645
f 3954/6969 4585/7026 4582/7027
f 4811/10513 4796/10511 4814/10515
f 2614/9380 4386/9369 2615/9372
f 4796/7032 4591/7035 4583/7024
f 4814/7036 4796/7032 4583/7024
f 4811/8646 3950/8611 4809/8644
f 4582/7027 3838/6971 3954/6969
f 4811/8646 4809/8644 4813/8651
f 4781/10555 4780/10556 4815/10557
f 4585/7026 3953/6968 4814/7036
f 4814/10515 3953/10516 4811/10513
f 4585/7026 4814/7036 4583/7024
f 4812/8650 4809/8644 4791/8638
f 4803/8641 4815/8652 4780/8642
f 4785/7034 4591/7035 4796/7032
f 4811/8646 4816/8653 4802/8640
f 3953/10516 3955/10517 4811/10513
f 3950/8611 4811/8646 3955/8614
f 4809/8644 3950/8611 3952/8613
f 4802/8640 4816/8653 4807/8643
f 4811/8646 4813/8651 4816/8653
f 4816/8653 4813/8651 4716/8636
f 4403/8633 4817/8654 4537/8635
f 992/10182 4668/10181 994/10177
f 4795/8649 4779/8648 4670/8655
f 4670/10311 4779/10313 4725/10312
f 4817/8654 4403/8633 4807/8643
f 4817/8654 4807/8643 4816/8653
f 1055/10298 1064/10301 4718/10299
f 4777/9499 4615/9497 4805/9501
f 4670/10168 4596/10167 4795/10176
f 4791/8638 4809/8644 3959/8620
f 4718/10307 1064/10309 1065/10305
f 4803/8641 4807/8643 4403/8633
f 4725/10312 4779/10313 4781/10315
f 4379/9331 4376/9336 4372/9328
f 4398/9511 4414/9510 4399/9513
f 4792/10559 4531/10560 4538/10561
f 4395/10558 4781/10555 4815/10557
f 4392/10402 4539/10405 4531/10403
f 4388/9437 4725/9450 4781/9451
f 3959/8620 3958/8619 3992/8656
f 4395/8657 4815/8652 4803/8641
f 4396/10562 4395/10563 4403/10564
f 4388/9437 4781/9451 4395/9441
f 4803/10565 4403/10564 4395/10563
f 3953/6968 4585/7026 3954/6969
f 4388/9437 4395/9441 4389/9438
f 4716/8636 4813/8651 4812/8650
f 3955/7037 3953/6968 3927/6970
f 3959/8620 3992/8656 4791/8638
f 1069/10429 1074/10427 1071/10425
f 4817/8654 4716/8636 4537/8635
f 4394/9440 4389/9438 4395/9441
f 4401/9508 4403/9514 4402/9509
f 4592/7028 3831/6959 3830/6958
f 3832/8475 3838/8477 3830/8479
f 3831/6959 4592/7028 3816/6948
f 4025/8430 3795/8424 3789/8418
f 4791/8638 3992/8656 4008/8629
f 3788/8417 3825/8428 4542/8431
f 4592/7028 3825/6974 3816/6948
f 4532/8381 4792/8392 4008/8393
f 4816/8653 4716/8636 4817/8654
f 4716/8636 4812/8650 4792/8639
f 4025/9799 3788/9802 4542/9800
f 4526/9816 3791/9820 4025/9821
f 4812/8650 4791/8638 4792/8639
f 4538/8637 4716/8636 4792/8639
f 4025/10566 3791/10567 3795/10568
f 4531/11122 4792/8392 4532/8381
f 4008/8629 3992/8656 3930/8630
f 1066/10569 1044/10570 1072/10571
f 4007/8361 4532/8381 4008/8393
f 4668/10181 992/10182 1014/10183
f 4738/9619 1065/9622 1054/9599
f 978/9385 1012/9376 1017/9375
f 2658/10572 2645/10573 2611/10574
f 2637/9952 2636/9955 2657/9948
f 3472/6932 3455/6924 3502/6941
f 3502/9865 3459/9864 3215/9866
f 4550/10575 3502/10576 3215/10577
f 4549/10578 4550/10575 3215/10577
f 3463/10579 4549/10580 3215/10581
f 4513/10582 3196/10583 4511/10584
f 4513/6516 4512/6515 4516/6517
f 2652/10589 2620/10590 2623/10591
f 2643/10592 2639/10593 2653/10594
f 2610/10595 2647/10596 2650/10597
f 2559/8394 4023/11121 2608/8351
f 2612/10537 984/10539 1017/10538
f 2614/10598 2613/10599 2612/10600
f 3192/6573 3188/6543 3187/6542
f 4818/6574 3217/6553 3504/6575
f 4818/6574 3197/6545 3217/6553
f 4819/10601 4820/10602 4821/10603
f 3189/6544 3197/6545 3187/6542
f 3197/6545 3198/6546 3217/6553
f 4822/6576 3187/6542 3197/6545
f 4823/7625 3792/7624 4824/7626
f 4825/10605 4826/10606 4820/10607
f 4824/7626 3792/7624 3791/7627
f 4827/10608 4820/10609 4819/10610
f 4828/10611 4820/10612 4827/10613
f 4829/9822 4820/9823 4826/9824
f 4830/10618 4831/10619 4832/10620
f 4824/7626 4826/7628 4823/7625
f 4833/10657 4834/10658 4835/10659
f 3505/6561 3504/6575 3217/6553
f 4827/10613 4836/10614 4828/10611
f 3791/9820 4829/9822 4824/9825
f 4837/10679 4838/10680 4839/10681
f 4840/10682 4841/10683 4842/10684
f 4826/9824 4824/9825 4829/9822
f 4843/10621 4844/10622 4845/10623
f 4846/10690 4847/10691 4848/10692
f 4846/10690 4848/10692 4849/10693
f 4847/10691 4850/10694 4851/10695
f 4845/10701 4844/10702 4852/10703
f 4834/10658 4833/10657 4853/10660
f 4854/10714 4850/10715 4855/10716
f 4853/10718 4856/10719 4857/10720
f 4858/10724 4849/10725 4835/10726
f 4853/10729 4857/10730 4834/10731
f 4851/10695 4848/10692 4847/10691
f 4851/10738 4859/10739 4848/10740
f 4857/10730 4860/10732 4834/10731
f 4857/10720 4856/10719 4858/10721
f 4858/10721 4856/10719 4849/10722
f 4861/10624 4862/10625 4863/10626
f 4833/10742 4864/10743 4855/10744
f 4856/10748 4846/10749 4849/10750
f 4835/10659 4865/10661 4866/10662
f 4867/10627 4868/10628 4863/10626
f 4869/10663 4870/10664 4834/10658
f 4857/10720 4858/10721 4860/10723
f 4860/10732 4869/10733 4834/10731
f 4847/10745 4856/10746 4853/10747
f 4833/10742 4855/10744 4847/10745
f 4870/10664 4869/10663 4839/10665
f 4839/10704 4838/10705 4845/10701
f 4833/10742 4847/10745 4853/10747
f 4864/10717 4854/10714 4855/10716
f 4845/10701 4838/10705 4831/10706
f 4847/10691 4855/10696 4850/10694
f 4834/10658 4870/10664 4835/10659
f 4858/10724 4835/10726 4870/10727
f 4858/10724 4870/10727 4860/10728
f 4831/10619 4830/10618 4845/10623
f 4865/10751 4844/10752 4871/10753
f 4844/10754 4865/10755 4852/10756
f 4856/10697 4847/10691 4846/10690
f 4872/10757 4865/10758 4871/10759
f 4845/10623 4830/10618 4843/10621
f 4873/10760 4870/10761 4839/10762
f 4874/10763 4875/10764 4871/10765
f 4843/10766 4875/10767 4874/10768
f 4876/10773 4861/10774 4877/10775
f 4852/10788 4865/10789 4878/10790
f 4852/10703 4878/10707 4879/10708
f 4871/10791 4880/10792 4872/10793
f 4860/10794 4870/10795 4873/10796
f 4843/10621 4874/10629 4844/10622
f 4837/10666 4839/10665 4869/10663
f 4876/10773 4877/10775 4881/10776
f 4869/10733 4860/10732 4837/10734
f 4860/10732 4882/10735 4837/10734
f 4882/10797 4860/10794 4873/10796
f 4875/10767 4830/10769 4883/10770
f 4852/10703 4839/10704 4845/10701
f 4864/10667 4866/10662 4884/10668
f 4871/10799 4875/10800 4880/10801
f 4872/10669 4884/10668 4866/10662
f 4864/10667 4884/10668 4854/10670
f 4865/10802 4849/10803 4848/10804
f 4835/10805 4849/10803 4865/10802
f 4865/10661 4872/10669 4866/10662
f 4864/10667 4833/10657 4866/10662
f 4885/10671 4886/10672 4880/10673
f 4885/10671 4867/10674 4886/10672
f 4872/10669 4880/10673 4884/10668
f 4886/10672 4884/10668 4880/10673
f 4885/10806 4887/10807 4867/10808
f 4833/10657 4835/10659 4866/10662
f 4839/10815 4879/10816 4873/10817
f 4852/10703 4879/10708 4839/10704
f 4875/10767 4843/10766 4830/10769
f 4882/10797 4873/10796 4879/10798
f 4882/10818 4879/10819 4888/10820
f 4879/10819 4889/10821 4888/10820
f 4889/10821 4879/10819 4885/10822
f 4890/6519 4891/6520 4892/6521
f 4865/10741 4848/10740 4859/10739
f 4865/10709 4859/10710 4878/10707
f 4863/10626 4893/10630 4886/10631
f 4884/10668 4886/10672 4893/10675
f 4859/10710 4887/10711 4878/10707
f 4879/10708 4878/10707 4887/10711
f 4894/10827 4890/10828 4895/10829
f 4896/10836 4881/10837 4897/10838
f 4859/10710 4898/10712 4887/10711
f 4875/10676 4885/10671 4880/10673
f 4875/10676 4889/10677 4885/10671
f 4875/10823 4899/10824 4889/10821
f 4879/10809 4887/10807 4885/10806
f 4850/10694 4854/10698 4851/10695
f 4842/10684 4859/10685 4840/10682
f 4875/10767 4883/10770 4899/10771
f 4859/10685 4842/10684 4898/10686
f 4900/10632 4901/10633 4902/10634
f 4881/10776 4877/10775 4903/10777
f 4876/10773 4862/10778 4861/10774
f 4890/10840 4904/10841 4905/10842
f 4890/10844 4894/10845 4904/10846
f 4871/10848 4844/10849 4874/10850
f 4851/10695 4854/10698 4840/10699
f 4862/10625 4841/10635 4893/10630
f 4854/10670 4884/10668 4840/10678
f 4893/10630 4863/10626 4862/10625
f 4861/10774 4906/10779 4877/10775
f 4867/10627 4863/10626 4886/10631
f 4851/10695 4840/10699 4859/10700
f 4842/10684 4881/10687 4896/10688
f 4841/10851 4862/10852 4876/10853
f 4898/10854 4842/10855 4896/10856
f 4893/10675 4840/10678 4884/10668
f 4831/10619 4902/10634 4832/10620
f 4832/10620 4902/10634 4907/10636
f 4841/10635 4840/10637 4893/10630
f 4832/10772 4883/10770 4830/10769
f 4876/10689 4842/10684 4841/10683
f 4908/6522 4892/6521 4909/6523
f 4838/10736 4882/10735 4888/10737
f 4883/10858 4832/10859 4910/10860
f 4876/10689 4881/10687 4842/10684
f 4908/6522 4838/6524 4888/6525
f 4908/6522 4911/6526 4892/6521
f 4902/10634 4831/10619 4912/10638
f 4902/10634 4912/10638 4913/10639
f 4888/6525 4911/6526 4908/6522
f 4837/10734 4882/10735 4838/10736
f 4892/6521 4911/6526 4890/6519
f 4892/6521 4512/6515 4909/6523
f 4910/10860 4832/10859 4907/10861
f 4512/6515 4892/6521 4914/6527
f 4831/10619 4838/10640 4912/10638
f 4915/10862 4916/10863 4917/10864
f 4887/10711 4898/10712 4918/10713
f 4887/10807 4918/10810 4867/10808
f 4919/10865 4867/10866 4903/10867
f 4912/10868 4909/10869 4913/10870
f 4912/6528 4838/6524 4909/6523
f 3192/10585 4913/10586 4511/10584
f 4511/10584 3196/10583 3192/10585
f 4909/10869 4512/10871 4913/10870
f 4920/10587 4913/10586 3192/10585
f 4909/6523 4838/6524 4908/6522
f 4921/10872 4891/10873 4922/10874
f 4512/6515 4914/6527 4923/6529
f 4924/10879 4925/10880 4926/10881
f 4907/10636 4927/10641 4910/10642
f 4927/10641 4928/10643 4910/10642
f 4511/10891 4913/10892 4512/10893
f 4929/10894 4930/10895 4906/10896
f 4929/10644 4928/10643 4927/10641
f 4512/6515 4923/6529 4516/6517
f 4931/10897 4922/10898 4891/10899
f 4901/10633 4907/10636 4902/10634
f 4898/10811 4932/10812 4918/10810
f 4896/10856 4932/10857 4898/10854
f 4901/10633 4933/10645 4929/10644
f 4927/10641 4907/10636 4901/10633
f 4934/10830 4894/10827 4935/10831
f 4894/10827 4930/10832 4935/10831
f 4905/9826 4931/9827 4891/9828
f 4903/10777 4897/10780 4881/10776
f 4896/10836 4897/10838 4932/10839
f 4867/10808 4918/10810 4903/10813
f 4903/10813 4918/10810 4936/10814
f 4937/10905 4932/10906 4938/10907
f 4921/10872 4916/10875 4915/10876
f 4926/10881 4925/10880 4939/10882
f 4903/10777 4936/10781 4897/10780
f 4920/10646 4940/10647 4900/10632
f 4931/10897 4941/10900 4922/10898
f 4942/10648 4943/10649 4944/10650
f 4929/10644 4927/10641 4901/10633
f 4945/10911 4946/10912 4944/10913
f 4942/10914 4944/10913 4947/10915
f 4902/10634 4913/10639 4900/10632
f 4948/10916 4947/10915 4944/10913
f 3187/6542 4920/6577 3192/6573
f 4949/10923 4935/10924 4930/10925
f 4901/10917 4950/10918 4933/10919
f 4901/10633 4900/10632 4940/10647
f 4822/6576 4920/6577 3187/6542
f 4930/10928 4951/10929 4906/10930
f 4863/10626 4868/10628 4928/10643
f 3792/7624 4823/7625 3546/7615
f 4818/6574 4952/6578 4953/6579
f 3504/7565 3546/7615 4823/7625
f 4920/6577 4822/6576 4954/6580
f 4920/10931 4954/10932 4940/10933
f 4868/10628 4910/10642 4928/10643
f 4954/10943 4822/10944 4955/10945
f 4956/10934 4955/10935 4953/10936
f 4920/10587 4900/10588 4913/10586
f 3197/6545 4953/6579 4822/6576
f 4953/6579 4955/6581 4822/6576
f 4953/6579 3197/6545 4818/6574
f 4952/10937 4957/10938 4953/10936
f 4956/10934 4954/10932 4955/10935
f 4956/10934 4953/10936 4957/10938
f 4957/10938 4958/10939 4956/10934
f 4936/10946 4959/10947 4960/10948
f 4940/10933 4954/10932 4961/10940
f 4956/10934 4961/10940 4954/10932
f 4962/10883 4926/10881 4939/10882
f 4868/10952 4895/10953 4910/10954
f 4911/6526 4895/6530 4890/6519
f 4963/10956 4819/10957 4821/10958
f 4940/10960 4961/10961 4925/10962
f 4938/10782 4960/10783 4964/10784
f 4964/10784 4960/10783 4965/10785
f 4820/9823 4829/9822 4966/9829
f 4938/10907 4964/10908 4959/10909
f 4905/9826 4967/9830 4528/9817
f 4925/10880 4821/10884 4939/10882
f 4820/10602 4966/10604 4821/10603
f 4963/10963 4925/10964 4961/10965
f 4956/10934 4968/10941 4961/10940
f 4950/10885 4924/10879 4926/10881
f 4958/10939 4836/10942 4956/10934
f 4956/10934 4836/10942 4968/10941
f 4963/10966 4961/10967 4968/10968
f 4901/10633 4924/10651 4950/10652
f 4931/9827 4905/9826 4528/9817
f 4965/10949 4959/10947 4964/10950
f 4968/10968 4836/10969 4963/10966
f 4963/10956 4827/10959 4819/10957
f 4963/10966 4836/10969 4827/10970
f 4966/10886 4939/10882 4821/10884
f 4969/10971 4916/10972 4970/10973
f 4925/10880 4924/10879 4940/10887
f 4963/10974 4821/10975 4925/10976
f 4971/6531 4972/6532 4973/6533
f 4916/10977 4969/10978 4917/10979
f 4901/10633 4940/10647 4924/10651
f 4971/6531 4973/6533 4915/6534
f 4868/10952 4919/10955 4895/10953
f 4895/10829 4919/10833 4951/10834
f 4868/10981 4867/10982 4919/10983
f 4965/10949 4960/10948 4959/10947
f 4973/6533 4972/6532 4923/6529
f 4936/10814 4918/10810 4932/10812
f 4937/10984 4936/10985 4932/10986
f 4923/9806 4972/9807 4516/9808
f 4974/9809 4518/9805 4516/9808
f 4974/9831 4528/9817 4524/9832
f 4899/10987 4910/10988 4895/10989
f 4914/10877 4892/10878 4921/10872
f 4888/10820 4889/10821 4899/10824
f 4883/10990 4910/10988 4899/10987
f 4888/10820 4899/10824 4911/10825
f 4899/10824 4895/10826 4911/10825
f 4973/6533 4914/6527 4921/6535
f 4972/9807 4974/9809 4516/9808
f 4915/6534 4917/6536 4971/6531
f 4518/9805 4974/9809 4524/9803
f 4941/9810 4974/9809 4972/9807
f 4891/10873 4921/10872 4892/10878
f 4931/10897 4974/10901 4941/10900
f 4921/6535 4915/6534 4973/6533
f 4945/10911 4933/10919 4946/10912
f 4972/9807 4971/9811 4941/9810
f 4914/6527 4973/6533 4923/6529
f 4969/10978 4970/10980 4917/10979
f 4941/10900 4916/10902 4922/10898
f 4971/9811 4917/9812 4975/9813
f 4975/9813 4941/9810 4971/9811
f 4891/9828 4890/9833 4905/9826
f 4916/10902 4975/10903 4970/10904
f 4921/10872 4922/10874 4916/10875
f 4931/9827 4528/9817 4974/9831
f 4929/10644 4906/10653 4928/10643
f 4928/10643 4861/10624 4863/10626
f 4861/10774 4928/10786 4906/10779
f 4957/10938 4952/10937 4958/10939
f 4943/10649 4930/10654 4945/10655
f 4944/10650 4943/10649 4945/10655
f 4970/10991 4975/10992 4917/10993
f 4941/10900 4975/10903 4916/10902
f 4946/10994 4950/10995 4926/10996
f 4894/10827 4951/10834 4930/10832
f 4945/10655 4929/10644 4933/10645
f 4950/10918 4946/10912 4933/10919
f 4930/10654 4929/10644 4945/10655
f 4904/10846 4894/10845 4934/10847
f 4926/10881 4962/10883 4976/10888
f 4948/10916 4944/10913 4946/10912
f 4895/10829 4951/10834 4894/10827
f 4943/10649 4977/10656 4930/10654
f 4877/10775 4906/10779 4951/10787
f 4946/10994 4978/10997 4948/10998
f 4976/11001 4978/11002 4926/11003
f 4979/11004 4976/11005 4980/11006
f 4979/11004 4980/11006 4981/11007
f 4977/11010 4980/11011 4949/11012
f 4978/10997 4979/10999 4948/10998
f 4946/10994 4926/10996 4978/10997
f 4877/11014 4951/11015 4903/11016
f 4919/11017 4903/11018 4951/11019
f 4982/11020 4983/11021 4984/11022
f 4983/10920 4985/10921 4984/10922
f 4949/10923 4930/10925 4977/10926
f 4986/11029 4967/11030 4934/11031
f 4934/10830 4935/10831 4986/10835
f 4977/11023 4981/11024 4980/11025
f 4528/9817 4519/9819 4524/9832
f 4818/6574 4823/6582 4826/6583
f 4949/10923 4986/10927 4935/10924
f 4966/10886 4962/10883 4939/10882
f 4829/9822 4525/9815 4529/9818
f 4905/10842 4904/10841 4934/10843
f 4823/6582 4818/6574 3504/6575
f 4980/11011 4976/11013 4949/11012
f 4529/11033 4966/11034 4829/11035
f 4978/11008 4976/11005 4979/11004
f 4976/10888 4962/10883 4949/10889
f 4967/11030 4986/11029 4528/11032
f 4818/6574 4826/6583 4952/6578
f 4977/11023 4982/11020 4981/11024
f 4905/9826 4934/9834 4967/9830
f 4982/11036 4984/11037 4981/11038
f 4526/9816 4525/9815 4829/9822
f 4947/10915 4948/10916 4985/10921
f 4529/11039 4986/11040 4962/11041
f 4529/10890 4962/10883 4966/10886
f 4985/11000 4948/10998 4979/10999
f 4526/9816 4829/9822 3791/9820
f 4949/11042 4962/11043 4986/11044
f 4986/11045 4529/11046 4528/11047
f 4977/11023 4943/11026 4982/11020
f 4952/10615 4825/10616 4958/10617
f 4958/10617 4828/10611 4836/10614
f 4938/10782 4897/10780 4960/10783
f 4943/11026 4942/11027 4987/11028
f 4988/11048 4989/11049 4990/11050
f 4987/11053 4947/11054 4983/11055
f 4987/11053 4942/11056 4947/11054
f 4991/11057 4989/11058 4992/11059
f 4982/11020 4943/11026 4987/11028
f 4932/10906 4897/10910 4938/10907
f 4937/10905 4938/10907 4959/10909
f 4960/10783 4897/10780 4936/10781
f 4937/10951 4959/10947 4936/10946
f 4988/11060 4992/11059 4989/11058
f 4993/11061 4992/11059 4988/11060
f 4994/11064 4990/11065 4991/11066
f 4989/11049 4991/11051 4990/11050
f 4982/11020 4987/11028 4983/11021
f 4995/11062 4994/11063 4992/11059
f 4985/11009 4979/11004 4981/11007
f 4990/11067 4995/11068 4993/11069
f 4993/11061 4995/11062 4992/11059
f 4981/11071 4984/11072 4985/11073
f 4947/10915 4985/10921 4983/10920
f 4994/11063 4991/11057 4992/11059
f 4988/11048 4990/11050 4993/11052
f 4994/11070 4995/11068 4990/11067
f 4825/10616 4820/10612 4828/10611
f 4826/11074 4825/11075 4952/11076
f 4958/10617 4825/10616 4828/10611
f 4525/9815 4520/9814 4529/9818
f 3192/6490 3195/6494 3193/11077
