v 0.062820 -0.009349 -0.049620
v 0.066473 -0.010227 -0.048289
v 0.067115 -0.008635 -0.047818
v 0.063614 -0.008147 -0.049235
v 0.073178 -0.008952 -0.059026
v 0.074171 -0.005651 -0.054151
v 0.074063 -0.003463 -0.053214
v 0.073773 -0.003205 -0.056507
v 0.025828 -0.044978 -0.112449
v 0.011450 -0.044716 -0.116489
v 0.011726 -0.056512 -0.115731
v 0.025797 -0.059596 -0.110532
v 0.044271 -0.082884 -0.090282
v 0.038879 -0.074703 -0.095443
v 0.037227 -0.086872 -0.099767
v 0.047092 -0.090481 -0.090816
v 0.039715 0.048733 0.039741
v 0.047135 0.047479 0.033875
v 0.046092 0.041430 0.037679
v -0.062902 -0.009468 -0.052242
v -0.066574 -0.010325 -0.050900
v -0.067253 -0.008736 -0.050494
v -0.063542 -0.008169 -0.051935
v -0.072993 -0.008892 -0.062169
v -0.074302 -0.005582 -0.057240
v -0.074158 -0.003488 -0.056297
v -0.073699 -0.003174 -0.059591
v 0.038904 0.041803 0.042286
v 0.091378 0.013357 -0.067678
v 0.091625 0.010832 -0.069245
v 0.092685 0.008807 -0.066732
v 0.092268 0.010827 -0.065123
v 0.087050 -0.004389 -0.067948
v 0.087731 0.002826 -0.067572
v 0.088618 0.005145 -0.067490
v 0.088225 0.003159 -0.067376
v 0.086227 -0.014513 -0.064927
v 0.085303 -0.014055 -0.065015
v 0.086581 -0.009496 -0.067061
v 0.087471 -0.009551 -0.067098
v 0.073107 -0.034786 -0.041023
v 0.076307 -0.031806 -0.043205
v 0.075868 -0.035043 -0.044990
v 0.071435 -0.036267 -0.043248
v 0.068286 -0.034766 -0.044405
v 0.072715 -0.035342 -0.048708
v 0.071823 -0.032094 -0.050368
v 0.068246 -0.031996 -0.047182
v 0.085474 0.021735 -0.055021
v 0.086456 0.018338 -0.053828
v 0.085526 0.017228 -0.051623
v 0.084264 0.020663 -0.052610
v 0.070216 -0.007993 -0.064246
v 0.069122 -0.014515 -0.063163
v 0.075788 -0.010031 -0.064674
v 0.076264 -0.007438 -0.064686
v 0.086737 0.012355 -0.059938
v 0.086630 0.012907 -0.062905
v 0.087143 0.010842 -0.063952
v 0.086822 0.009695 -0.062085
v 0.087593 0.014924 -0.068712
v 0.087664 0.012138 -0.070528
v 0.072508 -0.024880 -0.039709
v 0.071503 -0.021691 -0.039193
v 0.071793 -0.020189 -0.040820
v 0.072086 -0.021059 -0.042275
v 0.072744 -0.008877 -0.055776
v 0.074421 -0.004407 -0.052944
v 0.084492 -0.025762 -0.060001
v 0.083894 -0.023085 -0.058401
v 0.085583 -0.019081 -0.061791
v 0.086085 -0.020805 -0.063555
v 0.080323 -0.020870 -0.056700
v 0.082216 -0.018027 -0.060221
v 0.083057 -0.017285 -0.061995
v 0.082521 -0.019405 -0.059725
v 0.086711 0.014462 -0.061374
v 0.085840 0.017073 -0.056587
v 0.087325 0.015789 -0.055227
v 0.089251 0.013480 -0.059091
v 0.077934 0.004113 -0.065679
v 0.076353 0.009341 -0.063873
v 0.075661 0.008744 -0.064021
v 0.076746 0.004183 -0.065627
v 0.087586 0.011623 -0.065099
v 0.088211 0.009563 -0.066148
v 0.087619 0.008597 -0.065320
v 0.078687 0.009531 -0.048604
v 0.080173 0.010677 -0.050428
v 0.080418 0.009055 -0.051425
v 0.080031 0.007826 -0.050600
v 0.075479 -0.035756 -0.048463
v 0.068020 -0.024061 -0.057884
v 0.069685 -0.023596 -0.059594
v 0.072642 -0.019062 -0.061859
v 0.071001 -0.017698 -0.062015
v 0.068273 -0.032778 -0.038540
v 0.071961 -0.032558 -0.038792
v 0.072443 -0.033701 -0.040019
v 0.069153 -0.034876 -0.040523
v 0.080618 0.013766 -0.050827
v 0.082677 0.013067 -0.052378
v 0.081049 0.012201 -0.051872
v 0.079924 0.012821 -0.050678
v 0.086365 0.001069 -0.066412
v 0.086942 0.007216 -0.063696
v 0.084116 -0.007822 -0.062212
v 0.084215 -0.007507 -0.064827
v 0.083888 -0.011436 -0.063390
v -0.028406 -0.045130 -0.112564
v -0.014088 -0.044748 -0.116520
v -0.014251 -0.056603 -0.115804
v -0.028226 -0.059831 -0.110663
v 0.083347 -0.011624 -0.061322
v 0.085526 -0.000103 -0.061533
v 0.085687 0.000017 -0.064749
v 0.088414 0.007744 -0.064664
v 0.088999 0.002352 -0.066226
v 0.087607 0.008458 -0.065908
v 0.075840 0.011538 -0.060682
v 0.075797 0.014860 -0.064842
v 0.075023 0.008770 -0.066870
v 0.075950 0.009449 -0.062582
v 0.071701 -0.016140 -0.041048
v 0.072436 -0.013749 -0.042507
v 0.071172 -0.015952 -0.044116
v 0.070692 -0.018633 -0.043749
v 0.073474 -0.021587 -0.061037
v 0.070685 -0.024969 -0.058823
v 0.071524 -0.025943 -0.057979
v 0.074225 -0.023576 -0.059729
v 0.084840 0.013918 -0.054459
v 0.085450 0.009626 -0.055663
v 0.083635 0.009439 -0.054078
v 0.076226 -0.019772 -0.049695
v 0.076261 -0.018594 -0.051813
v 0.078171 -0.021259 -0.052790
v 0.078292 -0.023247 -0.050851
v 0.080242 -0.032310 -0.054272
v 0.076875 -0.032463 -0.055441
v 0.074769 -0.034208 -0.051758
v 0.077818 -0.034410 -0.051324
v 0.071622 -0.019632 -0.043087
v 0.071631 -0.018762 -0.041070
v 0.079856 0.004285 -0.067240
v 0.078646 0.010319 -0.064768
v 0.086594 0.008193 -0.059961
v 0.086675 0.006116 -0.061737
v 0.073803 -0.003772 -0.045397
v 0.072325 -0.003135 -0.046978
v 0.072617 -0.004088 -0.046756
v 0.074307 -0.005195 -0.045122
v 0.073720 -0.004216 -0.044477
v 0.074027 -0.005718 -0.044540
v 0.073446 -0.005732 -0.043963
v 0.073127 -0.004927 -0.043636
v 0.071817 -0.002457 -0.048060
v 0.072192 -0.003168 -0.047067
v 0.072470 -0.002223 -0.047812
v 0.076309 -0.000503 -0.058618
v 0.075886 -0.007483 -0.061803
v 0.074163 -0.008593 -0.061061
v 0.076336 -0.003194 -0.058406
v 0.084911 -0.006504 -0.066628
v 0.082432 0.017459 -0.048224
v 0.081219 0.019996 -0.048607
v 0.083577 0.022072 -0.052524
v 0.070404 -0.017147 -0.054129
v 0.073781 -0.017027 -0.051810
v 0.073335 -0.017139 -0.050135
v 0.070934 -0.017283 -0.052354
v 0.071842 -0.011778 -0.046134
v 0.069697 -0.014877 -0.046570
v 0.072957 -0.013202 -0.044529
v 0.074853 0.001561 -0.043741
v 0.073675 -0.001788 -0.046737
v 0.073434 -0.003049 -0.045367
v 0.073473 -0.002517 -0.044165
v 0.086409 -0.015030 -0.065799
v 0.087085 -0.009491 -0.067572
v 0.086171 -0.009621 -0.068395
v 0.085217 -0.015502 -0.067105
v 0.069782 -0.028645 -0.036878
v 0.065105 -0.031365 -0.041186
v 0.069839 -0.025689 -0.037623
v 0.088881 0.019213 -0.062387
v 0.087130 0.020531 -0.062369
v 0.087467 0.019012 -0.064598
v 0.089923 0.017516 -0.064346
v 0.074938 0.002567 -0.051361
v 0.074139 0.000759 -0.051378
v 0.074735 0.001965 -0.050207
v 0.075121 0.003939 -0.050060
v 0.050894 -0.031612 -0.096539
v 0.059077 -0.031583 -0.077469
v 0.062437 -0.017597 -0.085537
v 0.055370 -0.017807 -0.101528
v 0.081280 -0.028582 -0.052853
v 0.080401 -0.030865 -0.050525
v 0.077141 0.009117 -0.041769
v 0.076557 0.010851 -0.041262
v 0.076610 0.016390 -0.043679
v 0.077920 0.013309 -0.043041
v 0.088511 0.004491 -0.072137
v 0.091467 0.003619 -0.070562
v 0.080177 0.013824 -0.049825
v 0.081875 0.016807 -0.052465
v 0.080846 0.014667 -0.051135
v 0.079814 0.013073 -0.049899
v 0.080331 0.005671 -0.047092
v 0.080885 0.006886 -0.047540
v 0.078307 0.008118 -0.048282
v 0.077468 0.006948 -0.048413
v 0.075391 0.015809 -0.041169
v 0.075547 0.020951 -0.044985
v 0.067030 -0.024286 -0.057155
v 0.079415 0.007739 -0.043496
v 0.080019 0.010509 -0.043817
v 0.081654 0.008661 -0.046383
v -0.046382 -0.083463 -0.090526
v -0.040928 -0.075235 -0.095545
v -0.039459 -0.087336 -0.099957
v -0.049153 -0.091071 -0.091083
v 0.070467 -0.020913 -0.037519
v 0.071298 -0.019211 -0.039428
v 0.079434 0.012661 -0.049645
v 0.078999 0.011841 -0.049302
v 0.077762 0.007645 -0.047581
v 0.078266 0.006361 -0.049682
v 0.081324 0.000546 -0.057428
v 0.081773 -0.007358 -0.060380
v 0.065472 -0.017096 -0.071343
v 0.063037 -0.030318 -0.057390
v 0.077314 0.008541 -0.048540
v 0.077654 0.008735 -0.048546
v 0.077698 0.007847 -0.047134
v 0.076519 0.007641 -0.048860
v 0.078894 -0.032859 -0.048201
v 0.082179 0.006350 -0.054576
v 0.078909 0.004139 -0.052693
v 0.081144 0.006290 -0.052759
v 0.088440 -0.005273 -0.067301
v 0.090578 0.002012 -0.066044
v 0.092219 0.002187 -0.067796
v 0.089139 -0.005213 -0.067830
v 0.066222 -0.033553 -0.043000
v 0.073826 -0.000020 -0.052656
v 0.074624 -0.001422 -0.051823
v 0.076727 0.004820 -0.050253
v 0.076171 0.005957 -0.047583
v 0.070887 -0.016109 -0.039092
v 0.086847 0.015411 -0.062863
v 0.087426 0.013691 -0.063943
v 0.086323 0.014434 -0.061773
v 0.085981 0.015543 -0.060294
v 0.085022 0.017839 -0.058815
v 0.084638 0.018715 -0.058312
v 0.086201 0.017122 -0.061404
v 0.078695 0.005402 -0.050806
v 0.080491 0.006884 -0.051592
v 0.076531 -0.020976 -0.047858
v 0.077944 -0.026477 -0.047674
v 0.083205 -0.014995 -0.061448
v 0.082071 -0.014489 -0.059304
v 0.084224 -0.004285 -0.069298
v 0.083527 0.004454 -0.070622
v 0.081570 0.004280 -0.068595
v 0.083103 -0.004093 -0.068175
v 0.076303 -0.001958 -0.065327
v 0.072523 -0.000930 -0.065591
v 0.072855 -0.003922 -0.042987
v 0.072959 -0.000183 -0.040729
v 0.075549 0.004255 -0.049626
v 0.075796 0.005803 -0.048044
v 0.077421 -0.018935 -0.063234
v 0.073563 -0.026560 -0.056290
v 0.077548 -0.021279 -0.061677
v 0.069565 -0.027217 -0.054037
v 0.069169 -0.028099 -0.051801
v 0.071607 -0.028091 -0.053481
v 0.079784 -0.018982 -0.056083
v 0.081653 -0.017652 -0.058699
v 0.072522 -0.002958 -0.048939
v 0.071573 -0.004521 -0.050914
v 0.070635 -0.002841 -0.048240
v 0.084263 0.000013 -0.059383
v 0.083641 -0.007631 -0.061017
v 0.079722 0.009222 -0.048695
v 0.076714 0.000156 -0.047193
v 0.077995 0.003236 -0.044936
v 0.083277 0.012264 -0.047309
v 0.081682 0.010418 -0.048959
v 0.081047 0.009562 -0.048720
v 0.082349 0.010350 -0.046442
v 0.065508 -0.012581 -0.049699
v 0.067782 -0.014087 -0.048024
v 0.069456 -0.010891 -0.046874
v 0.084050 0.017736 -0.055831
v 0.085013 0.015989 -0.056736
v 0.080406 0.010743 -0.066066
v 0.080812 0.010856 -0.051402
v 0.080796 0.009338 -0.052384
v 0.077488 0.023151 -0.059477
v 0.078277 0.020474 -0.055729
v 0.078039 0.020684 -0.054463
v 0.077329 0.025360 -0.054958
v 0.068457 -0.030392 -0.048594
v 0.071000 -0.030126 -0.051216
v 0.070670 -0.029017 -0.051792
v 0.068838 -0.029080 -0.049960
v 0.072821 -0.017235 -0.049460
v 0.070933 -0.017439 -0.051329
v 0.083714 -0.013395 -0.063817
v 0.083336 -0.014423 -0.063158
v 0.084043 -0.010403 -0.065043
v 0.084157 -0.008729 -0.065766
v 0.075589 0.002939 -0.054275
v 0.075375 0.002362 -0.053387
v 0.077166 0.015829 -0.057273
v 0.079705 0.017358 -0.058194
v 0.080069 0.019112 -0.054965
v 0.078026 0.017846 -0.055195
v 0.082333 0.011498 -0.068005
v 0.080948 0.008274 -0.052682
v 0.081138 0.008375 -0.053271
v 0.080813 0.008569 -0.052070
v 0.076622 0.006232 -0.048623
v 0.079271 0.004771 -0.048153
v 0.082574 0.012104 -0.049654
v 0.085037 0.015644 -0.051740
v 0.083992 0.016358 -0.053035
v 0.081449 0.013247 -0.049842
v 0.079016 0.010401 -0.048031
v 0.013006 -0.033181 -0.124202
v 0.014927 -0.023207 -0.131909
v -0.038795 0.048500 0.038930
v -0.046462 0.047217 0.033252
v -0.045262 0.041152 0.036796
v -0.037894 0.041667 0.041156
v 0.080351 0.019632 -0.048161
v 0.080932 0.020988 -0.051312
v 0.081604 0.021476 -0.051921
v 0.080974 0.020220 -0.048655
v 0.086208 0.014480 -0.059863
v 0.087185 0.010784 -0.064871
v 0.075371 -0.002963 -0.051023
v 0.072746 -0.005432 -0.052251
v 0.062848 -0.006226 -0.050880
v 0.063359 -0.004965 -0.050365
v 0.064724 -0.005257 -0.052445
v 0.064731 -0.006134 -0.053010
v 0.068096 -0.011928 -0.053878
v 0.069709 -0.012985 -0.052880
v 0.068778 -0.014511 -0.050992
v 0.067322 -0.013738 -0.052766
v 0.062309 -0.008907 -0.051660
v 0.062587 -0.007366 -0.051283
v 0.064253 -0.007791 -0.053599
v 0.063778 -0.009446 -0.054307
v 0.083431 0.018495 -0.054135
v 0.085041 0.018165 -0.056360
v 0.090637 0.009213 -0.063185
v 0.090965 0.007560 -0.064285
v 0.087210 0.014574 -0.062330
v 0.087272 0.012786 -0.063489
v 0.072331 -0.011262 -0.042591
v 0.073260 -0.011053 -0.044004
v 0.073132 -0.012503 -0.043936
v 0.092094 0.012343 -0.063541
v 0.090812 0.015406 -0.065897
v 0.073022 -0.028175 -0.038979
v 0.071648 -0.030180 -0.037728
v 0.045840 -0.100886 -0.023353
v 0.055616 -0.095583 -0.036076
v 0.053513 -0.105551 -0.036278
v 0.043818 -0.110670 -0.024789
v 0.081589 0.015671 -0.046468
v 0.079676 0.018338 -0.047123
v 0.062810 -0.011536 -0.050828
v 0.062422 -0.011691 -0.052065
v 0.065556 -0.013759 -0.051452
v 0.067651 -0.007116 -0.047779
v 0.063980 -0.006777 -0.049024
v 0.068818 -0.010181 -0.053779
v 0.068385 -0.004751 -0.051792
v 0.067874 -0.003291 -0.049957
v 0.068585 -0.016890 -0.047922
v 0.069617 -0.017769 -0.049803
v 0.071235 -0.018143 -0.046760
v 0.064120 -0.012303 -0.054165
v 0.076668 0.004215 -0.052501
v 0.071080 -0.009697 -0.053423
v 0.071632 -0.011835 -0.054998
v 0.070953 -0.013819 -0.054034
v 0.070353 -0.011651 -0.053406
v 0.078927 -0.021717 -0.054113
v 0.078489 -0.019999 -0.054265
v 0.070392 -0.016390 -0.056334
v 0.073747 -0.016884 -0.054657
v 0.075964 -0.000586 -0.050800
v 0.077974 0.002333 -0.048840
v 0.073371 -0.002872 -0.049457
v 0.071311 -0.007468 -0.052485
v 0.072193 -0.009866 -0.054430
v 0.067786 -0.005895 -0.047997
v 0.070985 -0.005633 -0.046651
v 0.070745 -0.004545 -0.047071
v 0.067755 -0.004892 -0.048348
v 0.082081 0.009372 -0.053351
v 0.078621 0.016463 -0.045036
v 0.081034 0.013183 -0.044905
v 0.077626 0.027798 -0.071168
v 0.075780 0.019674 -0.075994
v 0.077064 0.020130 -0.063094
v 0.069638 -0.008397 -0.053487
v 0.064404 -0.004016 -0.050855
v 0.064759 -0.005056 -0.049380
v 0.084153 -0.017877 -0.061870
v 0.071857 -0.018893 -0.046282
v 0.075616 0.004428 -0.048802
v 0.083576 -0.009116 -0.067973
v 0.082418 -0.014604 -0.066703
v 0.075844 0.005497 -0.048832
v 0.075817 0.006542 -0.049204
v 0.070398 -0.017735 -0.050746
v 0.072334 -0.017729 -0.048230
v 0.076051 0.006823 -0.049038
v 0.073554 -0.011382 -0.044557
v 0.086654 0.009549 -0.058700
v 0.074852 -0.029659 -0.056167
v 0.073045 -0.031017 -0.053042
v 0.064582 -0.005602 -0.048926
v 0.067626 -0.014501 -0.049936
v 0.068754 -0.006444 -0.052428
v 0.072728 -0.007565 -0.045879
v 0.072349 -0.009895 -0.045658
v 0.073537 -0.009127 -0.044378
v 0.074655 -0.016379 -0.056403
v 0.070822 -0.014484 -0.058551
v 0.072192 -0.013879 -0.060733
v 0.076619 -0.015449 -0.057824
v 0.080724 -0.019960 -0.065300
v 0.078589 -0.024702 -0.062533
v 0.081513 -0.027154 -0.062641
v 0.084019 -0.021802 -0.065624
v 0.080762 0.043633 -0.080565
v 0.079168 0.033223 -0.064522
v 0.080804 0.050059 -0.068936
v 0.082646 0.018632 -0.062572
v 0.082210 0.016676 -0.064345
v 0.087587 0.017157 -0.066675
v 0.077024 0.023302 -0.049740
v 0.077831 0.020481 -0.052812
v 0.079876 0.020068 -0.051209
v 0.087383 -0.004744 -0.069804
v 0.076280 0.005177 -0.041962
v 0.078546 0.005226 -0.043940
v 0.076327 -0.017467 -0.063932
v 0.077857 -0.016951 -0.055168
v 0.080163 -0.016167 -0.056979
v 0.087818 0.018433 -0.056129
v 0.086045 0.016103 -0.053497
v 0.009751 -0.111454 0.005292
v 0.009785 -0.118784 0.001211
v 0.008150 -0.008333 0.058570
v 0.009329 -0.008623 0.057096
v 0.007636 -0.006890 0.056086
v 0.007276 -0.006867 0.056718
v 0.008007 -0.017706 0.057807
v 0.007139 -0.016565 0.056923
v 0.008501 -0.016573 0.055917
v 0.009508 -0.017419 0.056997
v 0.005423 -0.006659 0.056388
v 0.003596 -0.009182 0.058559
v 0.005388 -0.008353 0.059740
v 0.006028 -0.006677 0.056693
v 0.087567 0.021138 -0.056992
v 0.011852 -0.016930 0.057498
v 0.010963 -0.015319 0.056642
v 0.011384 -0.014495 0.058488
v 0.013095 -0.015590 0.058985
v 0.004065 -0.015457 0.065328
v 0.005026 -0.013054 0.065543
v 0.003951 -0.014737 0.063184
v 0.004323 -0.016561 0.062761
v 0.007618 -0.012422 0.064720
v 0.009183 -0.012385 0.066109
v 0.011013 -0.012549 0.064242
v 0.009295 -0.013017 0.062978
v 0.003997 -0.013515 0.058682
v 0.005316 -0.015417 0.059890
v 0.003135 -0.012494 0.061861
v 0.011336 -0.012448 0.057008
v 0.010609 -0.013711 0.055399
v 0.008628 -0.010363 0.054684
v 0.009726 -0.009463 0.055514
v 0.047757 -0.083793 -0.023392
v 0.054943 -0.081583 -0.038055
v 0.034792 0.005697 0.038823
v 0.033880 0.002735 0.039472
v 0.029742 0.003994 0.040383
v 0.030704 0.006511 0.039729
v 0.073943 -0.007249 -0.044436
v 0.073327 -0.006698 -0.043639
v 0.081930 0.014282 -0.066163
v 0.086240 0.015892 -0.061944
v 0.083130 0.019894 -0.060664
v 0.082802 0.021211 -0.056044
v 0.081361 0.020214 -0.055436
v 0.081208 0.018693 -0.059355
v 0.090162 0.015930 -0.060519
v 0.073127 -0.020271 -0.045929
v 0.083675 0.005624 -0.056413
v 0.082271 0.021541 -0.053714
v 0.084876 0.022465 -0.054430
v 0.087303 -0.004936 -0.067184
v 0.090996 0.014607 -0.062179
v 0.089788 0.012523 -0.060640
v 0.084024 0.014319 -0.048266
v 0.075120 -0.010974 -0.062293
v 0.080705 -0.011054 -0.060161
v 0.078886 -0.013931 -0.059043
v -0.091133 0.013322 -0.070561
v -0.091490 0.010768 -0.072112
v -0.092348 0.008757 -0.069503
v -0.091960 0.010763 -0.067952
v -0.086768 -0.004479 -0.070779
v -0.087415 0.002700 -0.070547
v -0.088192 0.005066 -0.070522
v -0.088090 0.003023 -0.070344
v 0.074194 -0.013255 -0.061717
v 0.074709 0.001148 -0.053094
v 0.070571 -0.015446 -0.037029
v 0.079322 -0.025919 -0.051133
v -0.086281 -0.014546 -0.067348
v -0.085455 -0.014189 -0.067585
v -0.086619 -0.009568 -0.069597
v -0.087490 -0.009628 -0.069469
v 0.079934 -0.024698 -0.053305
v 0.029337 -0.032712 -0.118625
v 0.033087 -0.021757 -0.125272
v 0.088757 -0.004975 -0.068787
v 0.083808 0.018467 -0.055687
v 0.074996 -0.020685 -0.046905
v 0.075900 -0.025884 -0.044512
v 0.074339 -0.025115 -0.042956
v 0.080887 0.008467 -0.052963
v 0.075595 -0.015904 -0.063570
v 0.075405 -0.013479 -0.064382
v 0.065101 -0.004619 -0.052075
v 0.077627 -0.022698 -0.061832
v 0.074043 -0.027706 -0.056147
v 0.057035 -0.078350 -0.052045
v 0.054127 -0.075085 -0.067900
v -0.073908 -0.034413 -0.042701
v -0.076869 -0.031466 -0.045049
v -0.076489 -0.034555 -0.046720
v -0.072079 -0.035707 -0.045125
v 0.055903 -0.086852 -0.065953
v 0.058960 -0.090990 -0.050785
v 0.071324 -0.001878 -0.037878
v 0.071142 -0.008735 -0.040416
v 0.070712 -0.009978 -0.038649
v 0.024619 -0.102746 0.000464
v 0.020479 -0.114385 -0.004609
v 0.069830 -0.014819 -0.033446
v 0.069272 -0.015437 -0.021780
v 0.071226 0.000272 -0.022160
v 0.069659 -0.004980 -0.032693
v 0.059112 0.030870 0.014135
v 0.060993 0.031523 0.009648
v 0.061382 0.022011 0.009677
v 0.059162 0.023243 0.013428
v 0.020303 0.087352 0.031071
v 0.010224 0.088310 0.033162
v 0.009858 0.094694 0.026447
v 0.020019 0.093444 0.023971
v 0.034206 -0.012614 -0.128106
v 0.036256 -0.002243 -0.132898
v 0.016615 -0.004821 -0.139515
v 0.015596 -0.014752 -0.134896
v 0.020803 0.112552 0.002830
v 0.010238 0.114172 0.005577
v 0.010274 0.119022 -0.004766
v -0.069069 -0.034598 -0.046160
v -0.072889 -0.034948 -0.050656
v -0.071962 -0.031917 -0.052323
v -0.068981 -0.032057 -0.048906
v 0.021060 0.117442 -0.007039
v 0.053561 0.003368 0.028746
v 0.054834 -0.002711 0.028401
v 0.051068 -0.003215 0.031945
v 0.050171 0.002920 0.031716
v 0.075548 -0.030586 -0.041861
v 0.074549 -0.029407 -0.040582
v -0.085185 0.021534 -0.057491
v -0.086108 0.018135 -0.056447
v -0.085086 0.017006 -0.054300
v -0.083866 0.020486 -0.054992
v -0.072034 -0.008664 -0.066430
v -0.071145 -0.015458 -0.065326
v -0.077478 -0.010696 -0.067015
v -0.077782 -0.007931 -0.067192
v 0.010296 0.122675 -0.016899
v 0.021291 0.121116 -0.018729
v 0.012528 0.013209 0.045014
v -0.085352 0.012338 -0.063276
v -0.085671 0.012817 -0.066049
v -0.086371 0.010751 -0.067004
v -0.085866 0.009626 -0.065107
v -0.087369 0.014832 -0.071605
v -0.087463 0.012064 -0.073502
v -0.073497 -0.025185 -0.041327
v -0.072329 -0.021963 -0.040815
v -0.072474 -0.020348 -0.042596
v -0.073055 -0.021212 -0.043982
v -0.072598 -0.008790 -0.058885
v -0.074441 -0.004358 -0.056066
v -0.084241 -0.025412 -0.062191
v -0.083997 -0.022912 -0.060646
v -0.085613 -0.018987 -0.064097
v -0.085867 -0.020606 -0.065839
v 0.012627 0.014905 0.042136
v 0.016534 0.011669 0.041406
v 0.016303 0.009747 0.043611
v 0.008103 0.060773 0.044229
v 0.009069 0.068786 0.042387
v 0.018019 0.068666 0.040996
v 0.016439 0.060747 0.043370
v 0.020965 0.009142 0.040787
v 0.020198 0.007188 0.042177
v 0.009903 0.101488 0.020213
v 0.020182 0.100000 0.017310
v 0.020405 0.126454 -0.068981
v -0.080679 -0.020944 -0.059100
v -0.082508 -0.018085 -0.062693
v -0.083276 -0.017364 -0.064500
v -0.082831 -0.019492 -0.062209
v 0.020867 0.126577 -0.060603
v 0.009723 0.128992 -0.060985
v -0.085871 0.014394 -0.064504
v -0.084977 0.016981 -0.059715
v -0.086552 0.015646 -0.058217
v -0.088382 0.013362 -0.062135
v 0.010830 0.128255 -0.073404
v 0.068021 0.000704 -0.093167
v 0.070612 -0.000759 -0.077121
v 0.074883 0.010872 -0.078808
v 0.072193 0.017215 -0.095712
v 0.035972 -0.096199 -0.009207
v 0.032350 -0.108037 -0.013498
v -0.078637 0.003710 -0.068100
v -0.076769 0.008921 -0.066143
v -0.076486 0.008325 -0.066191
v -0.077943 0.003795 -0.068068
v -0.086961 0.011534 -0.068195
v -0.087659 0.009480 -0.069199
v -0.086950 0.008518 -0.068332
v -0.078198 0.009290 -0.051835
v -0.079859 0.010304 -0.053702
v -0.079859 0.008802 -0.054751
v -0.079628 0.007650 -0.053893
v -0.075810 -0.035240 -0.050390
v -0.069554 -0.024915 -0.059868
v -0.071071 -0.024359 -0.061679
v -0.074011 -0.019848 -0.064136
v -0.072657 -0.018633 -0.064236
v 0.053204 0.052890 0.021576
v 0.054384 0.057788 0.016744
v 0.058739 0.051090 0.013739
v 0.057258 0.047073 0.018804
v 0.006651 0.048798 0.049385
v 0.014225 0.048718 0.049170
v 0.012410 0.042383 0.049790
v 0.006036 0.042429 0.050213
v -0.069180 -0.032904 -0.040076
v -0.072817 -0.032563 -0.040376
v -0.073274 -0.033502 -0.041692
v -0.069971 -0.034578 -0.042274
v 0.060373 0.015801 0.014859
v 0.063313 0.013111 0.012242
v 0.062485 0.005042 0.017392
v 0.059685 0.008948 0.019615
v 0.056229 0.004562 0.025612
v -0.080156 0.013544 -0.054168
v -0.081900 0.012980 -0.055872
v -0.080421 0.012036 -0.055308
v -0.079536 0.012578 -0.054010
v 0.057865 -0.001316 0.024917
v -0.086060 0.000920 -0.069263
v -0.086182 0.007169 -0.066647
v 0.019774 0.078581 0.038348
v 0.009909 0.079182 0.039987
v 0.061606 0.041865 0.011282
v 0.059340 0.039353 0.016151
v 0.009454 0.016298 0.047042
v 0.009843 0.017626 0.043451
v 0.007009 0.022022 0.045294
v -0.084117 -0.007924 -0.064669
v -0.083985 -0.007617 -0.067400
v -0.083842 -0.011519 -0.065879
v -0.083455 -0.011664 -0.063631
v 0.003742 0.021611 0.051017
v 0.003865 0.025663 0.048948
v 0.006498 0.025837 0.045744
v 0.033540 0.060401 0.036359
v 0.035468 0.067565 0.033288
v 0.042702 0.066185 0.027649
v 0.040876 0.059533 0.031137
v 0.020530 0.106510 0.010686
v -0.085285 -0.000253 -0.064209
v -0.085358 -0.000146 -0.067492
v 0.010087 0.108141 0.013646
v 0.005110 0.034972 0.048830
v 0.009417 0.035125 0.046997
v 0.007972 0.031742 0.045745
v -0.088037 0.007686 -0.067665
v -0.088893 0.002280 -0.069102
v -0.087229 0.008355 -0.068888
v -0.076715 0.011120 -0.062327
v -0.076684 0.014377 -0.066143
v -0.076560 0.008398 -0.068416
v -0.077104 0.009112 -0.064263
v 0.004756 0.031719 0.048216
v 0.024796 0.005314 0.041240
v 0.025618 0.007531 0.040412
v 0.066075 -0.030347 -0.048074
v 0.066628 -0.031515 -0.046796
v 0.073827 0.016055 -0.035103
v 0.072643 0.005377 -0.033305
v 0.072889 0.013383 -0.023179
v 0.071681 0.026577 -0.025913
v 0.075904 0.038642 -0.029187
v 0.076801 0.046966 -0.034571
v 0.076266 0.030710 -0.041797
v 0.074562 0.025291 -0.037919
v 0.050959 -0.084071 -0.079227
v 0.048220 -0.073602 -0.082513
v 0.004426 0.018733 0.054156
v 0.004781 0.016111 0.057235
v 0.019469 0.036851 -0.151726
v -0.071861 -0.016398 -0.043284
v -0.072570 -0.013999 -0.044894
v -0.071348 -0.016162 -0.046454
v -0.071248 -0.018828 -0.045878
v 0.018379 0.023507 -0.148544
v 0.038459 0.027468 -0.140059
v 0.039967 0.040170 -0.143245
v 0.063597 -0.009429 -0.088961
v -0.074683 -0.022240 -0.063203
v -0.071890 -0.025614 -0.060855
v -0.072590 -0.026490 -0.059992
v -0.075214 -0.024118 -0.061883
v 0.066949 -0.009077 -0.074300
v 0.010394 -0.011384 0.059095
v 0.006969 -0.007798 0.053878
v 0.007044 -0.010713 0.055160
v 0.006424 -0.008185 0.054131
v 0.010593 -0.013649 0.060843
v 0.012638 -0.013514 0.061794
v 0.007792 -0.014797 0.054997
v 0.006502 -0.014836 0.055554
v 0.006295 -0.010524 0.055407
v 0.007980 -0.007034 0.054704
v 0.001849 -0.016943 0.067559
v 0.002400 -0.015110 0.070318
v 0.005834 -0.013577 0.069132
v 0.004403 -0.015435 0.067251
v 0.005050 -0.007724 0.055210
v 0.004047 -0.010174 0.056943
v 0.004401 -0.011020 0.063731
v 0.006984 -0.008220 0.059525
v 0.006693 -0.006723 0.056818
v 0.007127 -0.010592 0.062793
v 0.005653 -0.017254 0.060404
v 0.008860 -0.010870 0.061163
v -0.083436 0.013893 -0.058049
v -0.084426 0.009655 -0.059037
v -0.082838 0.009418 -0.057494
v -0.076971 -0.019829 -0.051870
v -0.077102 -0.018628 -0.053995
v -0.078676 -0.021287 -0.055055
v -0.078695 -0.023231 -0.053086
v 0.076575 -0.017773 -0.053618
v 0.057864 -0.063713 -0.032527
v 0.059060 -0.048417 -0.040481
v 0.058837 -0.049378 -0.046208
v -0.080096 -0.031778 -0.056301
v -0.076965 -0.032329 -0.057607
v -0.075078 -0.034024 -0.053803
v -0.077918 -0.033903 -0.053343
v -0.072486 -0.019746 -0.044984
v -0.072082 -0.018989 -0.043079
v -0.080205 0.003957 -0.069902
v -0.079086 0.009929 -0.067300
v 0.058693 -0.065250 -0.041942
v 0.082130 0.007916 -0.053996
v 0.065936 0.058063 -0.005052
v 0.067669 0.069324 -0.014420
v 0.072036 0.058116 -0.026268
v -0.085529 0.008124 -0.063047
v -0.085844 0.006073 -0.064623
v 0.073889 0.048087 -0.020460
v 0.069377 0.079499 -0.022211
v 0.073315 0.068855 -0.033445
v 0.075736 0.057034 -0.043125
v 0.079130 0.036540 -0.056187
v 0.042669 0.017584 0.032882
v 0.042822 0.017463 0.032994
v 0.041276 0.017196 0.034345
v -0.073876 -0.004004 -0.048209
v -0.072383 -0.003339 -0.049858
v -0.072686 -0.004261 -0.049574
v -0.074398 -0.005422 -0.047856
v 0.041302 0.017332 0.034172
v 0.042255 0.017764 0.032297
v 0.040713 0.017423 0.033402
v -0.073813 -0.004522 -0.047205
v -0.074151 -0.006022 -0.047220
v -0.073582 -0.006066 -0.046604
v -0.073243 -0.005258 -0.046269
v 0.043222 0.018024 0.031307
v 0.043674 0.017810 0.031797
v 0.043886 0.017662 0.031883
v 0.024905 0.018429 0.036182
v 0.025635 0.018701 0.035688
v 0.028338 0.017875 0.035972
v 0.027601 0.017850 0.036957
v 0.024670 0.018244 0.036569
v 0.027547 0.017636 0.037331
v -0.071902 -0.002554 -0.050973
v -0.072252 -0.003300 -0.049966
v -0.072520 -0.002358 -0.050733
v -0.075911 -0.000316 -0.062364
v -0.076217 -0.007577 -0.065113
v -0.074220 -0.008639 -0.064488
v -0.075853 -0.003168 -0.061823
v 0.028681 0.020209 0.029874
v 0.028125 0.020476 0.029719
v -0.084600 -0.006594 -0.069359
v 0.029539 0.019892 0.030036
v 0.022923 0.020174 0.033568
v 0.022759 0.022184 0.033409
v -0.082319 0.017135 -0.050581
v -0.081153 0.019653 -0.050695
v -0.083479 0.021730 -0.054720
v 0.027519 0.022520 0.029506
v 0.027689 0.020798 0.029520
v 0.023351 0.019665 0.034029
v -0.070881 -0.017331 -0.056617
v -0.074534 -0.017110 -0.054091
v -0.073859 -0.017151 -0.052367
v -0.071527 -0.017418 -0.054724
v -0.071994 -0.011945 -0.048680
v -0.069882 -0.015076 -0.049003
v -0.073141 -0.013415 -0.047002
v -0.074756 0.001366 -0.046643
v -0.073577 -0.001903 -0.049632
v -0.073511 -0.003341 -0.048168
v -0.073549 -0.002844 -0.046893
v -0.086328 -0.014989 -0.068222
v -0.087003 -0.009547 -0.070080
v -0.086158 -0.009740 -0.071170
v -0.085246 -0.015608 -0.069753
v 0.021786 0.019339 0.034140
v 0.020667 0.019738 0.033444
v -0.070656 -0.028944 -0.038348
v -0.066252 -0.031721 -0.042683
v -0.070953 -0.026200 -0.039052
v -0.088661 0.019047 -0.065053
v -0.086947 0.020294 -0.064944
v -0.087282 0.018805 -0.067297
v -0.089705 0.017395 -0.067117
v -0.074840 0.002416 -0.054553
v -0.074023 0.000664 -0.054538
v -0.074551 0.001794 -0.053326
v -0.075029 0.003682 -0.053168
v 0.020543 0.022377 0.033544
v 0.032832 0.016661 0.037537
v 0.033051 0.015876 0.037733
v 0.028217 0.016254 0.037905
v 0.027828 0.017114 0.037642
v 0.032637 0.017112 0.037303
v 0.036118 0.017163 0.036355
v 0.036209 0.016704 0.036562
v 0.036372 0.015927 0.036696
v -0.053064 -0.032012 -0.097029
v -0.060915 -0.032183 -0.078204
v -0.064584 -0.018203 -0.086560
v -0.057596 -0.018282 -0.102285
v -0.081410 -0.028255 -0.054998
v -0.080583 -0.030421 -0.052595
v -0.077266 0.008624 -0.044560
v -0.076668 0.010350 -0.043440
v -0.076602 0.015954 -0.045401
v -0.077854 0.012932 -0.045235
v 0.024847 0.017203 0.037460
v 0.024766 0.017987 0.036984
v 0.036443 0.015185 0.036811
v 0.033295 0.015162 0.037796
v -0.088386 0.004441 -0.075185
v -0.091241 0.003591 -0.073355
v 0.028415 0.015560 0.038018
v 0.024810 0.016776 0.037640
v 0.021997 0.017982 0.036687
v 0.023174 0.018140 0.036728
v 0.033410 0.014322 0.037777
v 0.033351 0.013512 0.037845
v 0.028360 0.013969 0.038311
v 0.028443 0.014771 0.038131
v -0.079621 0.013489 -0.053261
v -0.080824 0.016634 -0.055914
v -0.080008 0.014522 -0.054601
v -0.079363 0.012914 -0.053188
v -0.080001 0.005485 -0.050219
v -0.080481 0.006703 -0.050681
v -0.077890 0.007841 -0.051454
v -0.077139 0.006671 -0.051556
v 0.036549 0.014342 0.036661
v 0.036607 0.013500 0.036691
v -0.075488 0.015166 -0.042766
v -0.075481 0.020256 -0.046353
v 0.045034 0.017732 0.030147
v 0.045501 0.018196 0.029183
v 0.045547 0.017665 0.029318
v -0.068665 -0.025224 -0.058851
v 0.045252 0.017251 0.029840
v 0.048147 0.015193 0.026818
v 0.048986 0.016521 0.025839
v 0.050633 0.016018 0.024361
v -0.079117 0.007431 -0.046672
v -0.079794 0.010128 -0.046754
v -0.081174 0.008432 -0.049550
v -0.071224 -0.021391 -0.039181
v -0.071765 -0.019549 -0.041304
v -0.079026 0.012381 -0.052910
v -0.078632 0.011537 -0.052527
v -0.077394 0.007442 -0.050788
v -0.078010 0.006121 -0.052893
v 0.049616 0.014587 0.025854
v -0.081159 0.000487 -0.060436
v -0.081879 -0.007400 -0.063108
v 0.058302 0.006297 0.022390
v 0.052260 0.011980 0.025500
v 0.053579 0.013364 0.023260
v 0.044537 0.017540 0.030969
v 0.043922 0.017278 0.031934
v 0.044469 0.017818 0.030949
v 0.044923 0.018109 0.029971
v 0.044788 0.016867 0.030708
v 0.044095 0.016604 0.031802
v 0.042902 0.017126 0.033036
v 0.043035 0.016380 0.033036
v 0.041396 0.016110 0.034466
v 0.041240 0.016870 0.034411
v 0.039108 0.016751 0.035542
v -0.067504 -0.017926 -0.072781
v -0.064341 -0.031122 -0.058344
v 0.039406 0.017168 0.035308
v 0.039261 0.015955 0.035614
v 0.041609 0.015362 0.034306
v 0.039435 0.015204 0.035619
v 0.043174 0.015636 0.032732
v 0.044284 0.015998 0.031413
v 0.045011 0.016397 0.030241
v 0.045636 0.016809 0.029382
v 0.046022 0.017465 0.028734
v 0.045420 0.015863 0.029685
v 0.046149 0.015186 0.028958
v 0.044971 0.014633 0.030404
v 0.044570 0.015399 0.030962
v 0.046231 0.016393 0.028693
v 0.047127 0.015812 0.027769
v -0.076869 0.008241 -0.051737
v -0.077217 0.008443 -0.051744
v -0.077334 0.007618 -0.050250
v -0.076145 0.007349 -0.052031
v 0.043473 0.014996 0.032337
v 0.043635 0.014242 0.031962
v 0.041805 0.013785 0.033661
v 0.041743 0.014604 0.034036
v -0.079278 -0.032383 -0.050134
v -0.081558 0.006339 -0.057719
v -0.078693 0.003880 -0.055830
v -0.080799 0.006156 -0.055948
v 0.039561 0.014448 0.035419
v 0.039751 0.013520 0.035145
v -0.088204 -0.005255 -0.069851
v -0.090505 0.001970 -0.068673
v -0.092087 0.002141 -0.070419
v -0.088809 -0.005139 -0.070278
v 0.032588 0.017178 0.037056
v 0.032257 0.017359 0.035914
v 0.035737 0.017192 0.035319
v 0.036173 0.017188 0.036074
v 0.039452 0.017213 0.035133
v -0.067152 -0.033601 -0.044614
v -0.073671 -0.000059 -0.055826
v -0.074601 -0.001474 -0.054966
v 0.038707 0.017277 0.034455
v 0.035591 0.017212 0.034196
v 0.033850 0.019137 0.029840
v 0.035216 0.019148 0.029458
v 0.038321 0.017246 0.033431
v -0.076589 0.004468 -0.053427
v -0.075944 0.005728 -0.050695
v 0.032449 0.017449 0.034690
v 0.032305 0.019262 0.030099
v 0.029110 0.018081 0.034733
v -0.071286 -0.016531 -0.041143
v 0.030771 0.019550 0.030131
v 0.026360 0.018733 0.034918
v 0.034098 0.030078 0.036365
v 0.034124 0.030927 0.036999
v 0.039328 0.030245 0.035818
v 0.038742 0.029337 0.035340
v 0.049503 0.000795 -0.122858
v 0.051200 0.015721 -0.128452
v 0.038972 0.011047 -0.138887
v 0.040904 0.026703 0.034475
v 0.040971 0.027813 0.034239
v 0.043335 0.026760 0.032460
v 0.043095 0.025684 0.032611
v 0.040979 0.025960 0.034692
v -0.085946 0.015310 -0.066062
v -0.086651 0.013599 -0.067076
v -0.085302 0.014299 -0.065003
v -0.084955 0.015404 -0.063570
v -0.084016 0.017748 -0.062034
v -0.083655 0.018633 -0.061583
v -0.085246 0.017024 -0.064677
v -0.078434 0.005127 -0.053987
v -0.080071 0.006760 -0.054809
v 0.043011 0.024848 0.032820
v 0.038457 0.027183 0.036514
v -0.077346 -0.021017 -0.050005
v -0.078307 -0.026305 -0.049827
v -0.083385 -0.015012 -0.063839
v -0.082608 -0.014560 -0.061515
v -0.084303 -0.004434 -0.072078
v -0.083717 0.004215 -0.073394
v -0.081919 0.003976 -0.071311
v -0.083361 -0.004299 -0.070946
v 0.038453 0.027912 0.036331
v 0.038481 0.028492 0.036021
v 0.042885 0.023783 0.028925
v 0.042114 0.024864 0.029736
v -0.077620 -0.002373 -0.067844
v -0.074168 -0.001356 -0.067890
v -0.073017 -0.004288 -0.045562
v -0.073080 -0.000573 -0.043161
v -0.075431 0.003965 -0.052780
v -0.075656 0.005513 -0.051151
v -0.078407 -0.019509 -0.065573
v -0.074325 -0.026961 -0.058451
v -0.078243 -0.021757 -0.064065
v -0.070630 -0.027761 -0.055956
v -0.070119 -0.028540 -0.053665
v -0.072343 -0.028428 -0.055506
v 0.042973 0.024704 0.031540
v 0.043987 0.023815 0.030082
v 0.043558 0.022997 0.028282
v 0.044631 0.022960 0.029026
v 0.038240 0.022906 0.026790
v 0.037864 0.023312 0.027109
v 0.037250 0.023882 0.027645
v -0.080338 -0.019025 -0.058311
v -0.082011 -0.017663 -0.061033
v 0.038491 0.022347 0.026489
v -0.072622 -0.003013 -0.051899
v -0.071473 -0.004465 -0.053961
v -0.070715 -0.002944 -0.051141
v -0.083931 -0.000066 -0.062130
v -0.083652 -0.007732 -0.063594
v -0.079265 0.008985 -0.051871
v 0.038596 0.021701 0.026357
v -0.076583 0.000058 -0.050284
v -0.077777 0.003102 -0.048079
v -0.082940 0.011896 -0.050253
v -0.081319 0.010107 -0.051998
v -0.080551 0.009342 -0.051806
v -0.081804 0.010096 -0.049484
v -0.065619 -0.012669 -0.052246
v -0.067930 -0.014194 -0.050569
v -0.069584 -0.011000 -0.049488
v 0.038536 0.020979 0.026431
v 0.038340 0.020403 0.026772
v 0.059066 -0.009434 0.022196
v 0.060331 0.001045 0.021216
v -0.082935 0.017662 -0.059199
v -0.083800 0.015888 -0.060109
v -0.080380 0.010477 -0.068802
v 0.061378 -0.006787 0.017772
v 0.044228 0.018033 0.030790
v -0.080530 0.010565 -0.054850
v -0.080240 0.009202 -0.055769
v 0.044731 0.018372 0.029816
v -0.077319 0.022392 -0.060242
v -0.078160 0.019734 -0.056832
v -0.077844 0.020020 -0.055756
v -0.076954 0.024631 -0.055848
v 0.043768 0.018253 0.030411
v -0.069197 -0.030573 -0.050359
v -0.071648 -0.030274 -0.053146
v -0.071416 -0.029307 -0.053723
v -0.069625 -0.029364 -0.051775
v -0.073305 -0.017271 -0.051696
v -0.071569 -0.017569 -0.053633
v 0.044252 0.018617 0.029553
v -0.083893 -0.013575 -0.066471
v -0.083539 -0.014555 -0.065692
v -0.083982 -0.010581 -0.067742
v -0.084172 -0.009096 -0.068936
v 0.045251 0.018956 0.028798
v 0.045526 0.018738 0.028812
v 0.041612 0.017854 0.031554
v 0.037085 0.019416 0.028527
v 0.037606 0.019579 0.028046
v -0.075313 0.002731 -0.057665
v -0.075148 0.002289 -0.056751
v -0.077168 0.015391 -0.059192
v -0.079425 0.017015 -0.060280
v -0.079704 0.018803 -0.056937
v -0.077898 0.017390 -0.056981
v -0.082260 0.011295 -0.070856
v 0.042408 0.018247 0.030613
v 0.040142 0.017519 0.032502
v 0.036264 0.019262 0.029005
v 0.037869 0.019809 0.027641
v 0.038115 0.020019 0.027204
v -0.080441 0.008173 -0.055842
v -0.080688 0.008267 -0.056500
v 0.042738 0.018553 0.029872
v -0.080272 0.008477 -0.055319
v 0.043246 0.018958 0.029041
v 0.044653 0.019254 0.028800
v -0.076389 0.005958 -0.051745
v -0.079024 0.004592 -0.051263
v -0.082079 0.011903 -0.052763
v -0.084210 0.015577 -0.054826
v -0.083133 0.016202 -0.056269
v -0.080872 0.012935 -0.053079
v 0.043879 0.020261 0.027819
v 0.044000 0.021148 0.027705
v 0.044784 0.019918 0.028378
v -0.078559 0.010164 -0.051208
v 0.044968 0.020971 0.028137
v 0.043628 0.019560 0.028279
v -0.015573 -0.033236 -0.124260
v -0.017409 -0.023281 -0.132012
v 0.043910 0.022083 0.027844
v 0.044985 0.021919 0.028458
v 0.045793 0.018346 0.028726
v 0.045770 0.019244 0.028361
v 0.046098 0.020483 0.027567
v 0.046244 0.018419 0.028177
v -0.080252 0.019244 -0.050070
v -0.080727 0.020576 -0.053246
v -0.081442 0.021105 -0.054001
v -0.080827 0.019846 -0.050666
v -0.084912 0.014371 -0.063197
v 0.046919 0.018524 0.027384
v 0.046669 0.017197 0.027910
v 0.046997 0.021433 0.026985
v 0.048278 0.021988 0.026087
v -0.086684 0.010682 -0.067919
v -0.075334 -0.003002 -0.054114
v -0.072632 -0.005406 -0.055314
v 0.048099 0.018606 0.026289
v 0.047611 0.016979 0.026915
v 0.045528 0.019702 0.028267
v -0.062729 -0.006288 -0.053559
v -0.063290 -0.005018 -0.053069
v -0.064563 -0.005374 -0.055332
v -0.064558 -0.006201 -0.055791
v 0.045593 0.020667 0.027855
v 0.046290 0.022771 0.028224
v -0.068042 -0.012060 -0.056437
v -0.069800 -0.013092 -0.055437
v -0.068922 -0.014582 -0.053498
v -0.067396 -0.013782 -0.055251
v 0.047011 0.023776 0.027832
v 0.045806 0.022101 0.028482
v 0.045243 0.023115 0.029654
v 0.045506 0.023784 0.029520
v -0.062176 -0.009029 -0.054219
v -0.062454 -0.007452 -0.053955
v -0.064061 -0.007929 -0.056281
v -0.063662 -0.009631 -0.056748
v 0.046044 0.024681 0.029225
v 0.044534 0.024658 0.030986
v -0.082348 0.018376 -0.057504
v -0.083996 0.018125 -0.059627
v 0.044944 0.025660 0.030794
v 0.044357 0.024006 0.031113
v 0.045534 0.021851 0.028478
v -0.090150 0.009179 -0.066080
v -0.090566 0.007558 -0.067067
v -0.086447 0.014495 -0.065473
v -0.086644 0.012689 -0.066587
v 0.045228 0.022862 0.029505
v 0.044483 0.023924 0.030911
v 0.043391 0.024661 0.032812
v -0.072485 -0.011554 -0.045013
v -0.073421 -0.011294 -0.046537
v -0.073295 -0.012754 -0.046431
v -0.091708 0.012275 -0.066436
v -0.090541 0.015339 -0.068752
v -0.073755 -0.028355 -0.040675
v -0.072476 -0.030320 -0.039253
v -0.046265 -0.101315 -0.023977
v -0.056341 -0.096137 -0.036596
v -0.054399 -0.106298 -0.036920
v -0.044528 -0.111226 -0.025328
v -0.081512 0.015318 -0.048864
v -0.079705 0.017973 -0.049116
v 0.041470 0.025774 0.034732
v 0.040974 0.025756 0.033376
v 0.038641 0.027016 0.036480
v -0.062907 -0.011625 -0.053391
v -0.062517 -0.011785 -0.054575
v -0.065661 -0.013807 -0.053962
v -0.067775 -0.007227 -0.050536
v -0.064103 -0.006879 -0.051775
v 0.038039 0.026615 0.034949
v 0.034606 0.031661 0.037803
v 0.040231 0.031174 0.036452
v 0.037419 0.026736 0.032921
v 0.034853 0.024774 0.029134
v 0.033221 0.024909 0.029715
v 0.034130 0.026785 0.033942
v -0.068643 -0.010304 -0.056578
v 0.023279 0.023481 0.034007
v 0.024273 0.024654 0.034686
v -0.068267 -0.004727 -0.054858
v -0.067943 -0.003354 -0.052851
v -0.069090 -0.017132 -0.050216
v -0.070191 -0.017909 -0.052069
v -0.071852 -0.018290 -0.048936
v -0.064060 -0.012287 -0.056454
v -0.076479 0.003931 -0.055801
v 0.028440 0.023752 0.030124
v 0.027870 0.023214 0.029818
v 0.021876 0.023561 0.034669
v 0.023229 0.024734 0.035472
v -0.070957 -0.009746 -0.056394
v -0.071617 -0.011945 -0.057848
v -0.071014 -0.013915 -0.056680
v -0.070238 -0.011760 -0.056146
v -0.079310 -0.021769 -0.056453
v -0.079004 -0.020046 -0.056497
v -0.070372 -0.016540 -0.059069
v -0.074119 -0.016914 -0.057132
v -0.075901 -0.000657 -0.053986
v -0.077819 0.002194 -0.051964
v -0.073463 -0.002949 -0.052454
v -0.071229 -0.007458 -0.055511
v -0.072102 -0.009884 -0.057412
v -0.067889 -0.005992 -0.050839
v -0.071082 -0.005747 -0.049468
v -0.070832 -0.004639 -0.049947
v -0.067845 -0.004988 -0.051267
v -0.081412 0.009287 -0.056686
v -0.078456 0.016204 -0.046931
v -0.080509 0.012903 -0.047506
v -0.078031 0.027140 -0.071834
v -0.076912 0.019094 -0.076933
v -0.077261 0.019423 -0.064039
v -0.069483 -0.008385 -0.056489
v -0.064276 -0.004026 -0.053668
v -0.064874 -0.005175 -0.052287
v -0.084203 -0.017957 -0.064425
v -0.072631 -0.018989 -0.048337
v -0.075437 0.004177 -0.051882
v -0.083969 -0.009402 -0.070713
v -0.082753 -0.014934 -0.069447
v -0.075709 0.005196 -0.051918
v -0.075646 0.006249 -0.052331
v -0.070981 -0.017867 -0.053044
v -0.072807 -0.017781 -0.050427
v -0.075790 0.006562 -0.052186
v -0.073723 -0.011575 -0.047103
v -0.085539 0.009542 -0.061943
v 0.028059 0.026207 0.034963
v 0.030221 0.024505 0.030331
v -0.075081 -0.029709 -0.058374
v -0.073409 -0.031045 -0.055107
v 0.029166 0.024158 0.030301
v -0.064699 -0.005694 -0.051753
v 0.026168 0.025474 0.034786
v -0.067755 -0.014563 -0.052469
v -0.068627 -0.006492 -0.055381
v 0.027418 0.026763 0.036937
v 0.024962 0.025738 0.036178
v 0.034462 0.027103 0.036030
v -0.072868 -0.007756 -0.048556
v -0.072477 -0.010056 -0.048281
v -0.073722 -0.009346 -0.046962
v 0.021156 0.072766 -0.148600
v 0.020169 0.056974 -0.150572
v -0.075111 -0.016363 -0.058874
v -0.071171 -0.014692 -0.061324
v -0.072752 -0.014067 -0.063398
v -0.077111 -0.015348 -0.060234
v -0.080940 -0.020237 -0.067911
v -0.078799 -0.024867 -0.064901
v -0.081528 -0.027052 -0.064850
v -0.084018 -0.021774 -0.067968
v 0.039405 0.058755 -0.141532
v 0.040256 0.072464 -0.140211
v -0.081172 0.043107 -0.080929
v -0.079138 0.032527 -0.065087
v -0.081059 0.049429 -0.069281
v -0.082467 0.018352 -0.065076
v -0.082073 0.016442 -0.066969
v -0.087279 0.017042 -0.069514
v -0.076851 0.022634 -0.050976
v -0.077692 0.019902 -0.054264
v -0.079781 0.019628 -0.052902
v -0.087210 -0.004797 -0.072766
v 0.039998 0.025951 0.031444
v 0.036212 0.024406 0.028392
v 0.050416 0.073546 -0.132482
v 0.049804 0.082283 -0.129731
v 0.040850 0.084177 -0.135172
v 0.036067 -0.061367 -0.101440
v 0.025114 -0.072816 -0.106727
v -0.076184 0.004898 -0.045051
v -0.078272 0.005035 -0.047106
v 0.019769 0.023193 0.035916
v -0.077539 -0.018110 -0.066227
v 0.021692 0.024617 0.036245
v -0.078452 -0.016930 -0.057344
v -0.080601 -0.016119 -0.059184
v -0.087452 0.018255 -0.058804
v -0.085185 0.015995 -0.056504
v 0.018465 0.021798 0.035620
v 0.018297 0.021242 0.035370
v 0.019718 0.022495 0.035566
v 0.021444 0.023959 0.035962
v 0.024017 0.025860 0.036723
v 0.023755 0.025530 0.036787
v 0.027082 0.026941 0.037786
v 0.026980 0.026968 0.037881
v 0.034452 0.027654 0.037478
v 0.034467 0.027765 0.037640
v 0.026719 0.027395 0.037441
v 0.023441 0.025774 0.036366
v 0.026063 0.028552 0.036978
v 0.023168 0.026982 0.036069
v 0.034412 0.029136 0.036997
v 0.034543 0.028459 0.037533
v 0.021838 0.018739 0.036079
v 0.019543 0.019135 0.035773
v 0.022352 0.018868 0.036029
v 0.019815 0.019160 0.035752
v 0.023560 0.019169 0.035110
v 0.018751 0.019763 0.035382
v 0.018311 0.019760 0.035411
v -0.010049 -0.111385 0.004973
v -0.010215 -0.118751 0.000851
v 0.024336 0.019272 0.034637
v 0.019017 0.022394 0.035158
v 0.017504 0.020855 0.035268
v 0.017663 0.023229 0.034178
v 0.016719 0.020948 0.034724
v 0.020201 0.025828 0.034709
v 0.020818 0.024101 0.035200
v 0.017369 0.019704 0.035294
v 0.018008 0.019144 0.035618
v 0.016633 0.019695 0.035099
v 0.017270 0.018941 0.035527
v 0.024552 0.016117 0.037839
v 0.024271 0.015444 0.037963
v 0.021208 0.017505 0.036867
v 0.020566 0.017064 0.036841
v 0.033153 0.012661 0.037814
v 0.036538 0.012619 0.036809
v 0.032851 0.011724 0.038004
v -0.008231 -0.008283 0.058435
v -0.009414 -0.008562 0.056954
v -0.007726 -0.006845 0.055955
v -0.007357 -0.006821 0.056595
v 0.036412 0.011664 0.036871
v 0.027587 0.012266 0.038759
v 0.028094 0.013113 0.038515
v 0.031855 -0.116216 -0.015318
v 0.047029 0.014437 0.028373
v 0.048138 0.013594 0.027852
v 0.046551 0.012840 0.029764
v 0.045573 0.013930 0.029943
v 0.043929 0.013441 0.031638
v -0.008151 -0.017667 0.057624
v -0.007297 -0.016519 0.056776
v -0.008664 -0.016515 0.055763
v -0.009649 -0.017363 0.056793
v 0.044438 0.012341 0.031728
v 0.042030 0.012002 0.033611
v 0.041844 0.012917 0.033491
v 0.039800 0.012774 0.035089
v 0.039660 0.011659 0.035295
v 0.049757 0.018171 0.024965
v 0.050334 0.021844 0.024061
v 0.051458 0.017552 0.023415
v 0.052504 0.021445 0.021936
v 0.015435 0.024530 0.034251
v -0.005528 -0.006623 0.056271
v -0.003692 -0.009171 0.058444
v -0.005483 -0.008325 0.059620
v -0.006112 -0.006641 0.056575
v 0.015188 0.021464 0.034297
v 0.013464 0.025404 0.035329
v 0.013357 0.022168 0.035132
v 0.015085 0.028610 0.036411
v 0.017269 0.027648 0.034999
v 0.015623 0.019694 0.034998
v 0.016457 0.018619 0.035364
v 0.014301 0.019546 0.035394
v 0.015486 0.018139 0.035828
v 0.023728 0.014695 0.038044
v 0.023208 0.013876 0.038241
v 0.019910 0.016500 0.037084
v 0.019018 0.015771 0.037285
v 0.046660 -0.009759 -0.117188
v 0.051373 0.031660 -0.130396
v 0.047690 0.034797 0.034367
v 0.045093 0.032117 0.034724
v 0.041771 0.033286 0.037162
v 0.043898 0.036527 0.037885
v 0.050869 0.038818 0.032584
v 0.052628 0.035214 0.029297
v 0.049910 0.032513 0.031068
v 0.047458 0.030489 0.032191
v 0.051002 0.025014 0.024673
v 0.049303 0.025008 0.026298
v 0.049294 0.026847 0.027668
v 0.050988 0.027478 0.026147
v 0.053035 0.024972 0.022484
v 0.053322 0.028280 0.024167
v 0.050607 0.029844 0.028392
v 0.048515 0.028599 0.029730
v 0.053159 0.031292 0.026657
v 0.023675 0.033225 0.039297
v 0.024220 0.031811 0.037819
v 0.021328 0.029628 0.036258
v 0.019805 0.030405 0.037045
v 0.022520 0.034433 0.040495
v 0.017721 0.031276 0.038003
v 0.037028 0.036963 0.040930
v 0.035877 0.034152 0.039305
v 0.025657 0.029026 0.036637
v 0.023732 0.027933 0.036297
v 0.025114 0.030001 0.036488
v 0.023007 0.028278 0.036047
v 0.057529 0.092053 -0.110797
v 0.059652 0.097828 -0.098383
v 0.044408 0.110069 -0.105466
v 0.042759 0.101653 -0.117131
v 0.041266 0.028498 0.034352
v 0.042021 0.029213 0.034277
v 0.044321 0.028181 0.032490
v 0.043641 0.027561 0.032625
v 0.045398 0.026517 0.030708
v 0.046117 0.027178 0.030635
v 0.047235 0.026088 0.028980
v 0.046584 0.025613 0.029153
v 0.047191 0.024765 0.028005
v 0.047750 0.024804 0.027520
v 0.022870 0.029409 0.036388
v 0.024900 0.030549 0.037037
v 0.050453 0.061519 -0.132325
v 0.045527 0.073895 0.023566
v 0.052011 0.070173 0.016512
v 0.049204 0.063453 0.021499
v 0.043025 0.030179 0.034763
v 0.045454 0.029028 0.032633
v 0.047063 0.027795 0.030468
v 0.048083 0.026437 0.028670
v 0.048529 0.025523 0.027518
v 0.070799 -0.012734 -0.038619
v 0.071037 -0.012644 -0.040412
v 0.078134 -0.002677 -0.065312
v 0.075822 0.004079 -0.065577
v 0.075474 0.007476 -0.064383
v 0.080410 0.014021 -0.049834
v 0.082265 0.017451 -0.052206
v 0.082715 -0.020949 -0.058508
v 0.079628 -0.022761 -0.054658
v -0.087353 0.020943 -0.059554
v 0.082351 -0.020063 -0.059136
v 0.087832 0.012907 -0.061260
v 0.088042 0.011291 -0.062394
v 0.090257 0.010941 -0.061721
v 0.040920 -0.032058 -0.108465
v 0.045199 -0.019240 -0.114202
v 0.088190 0.009486 -0.063601
v 0.072550 -0.008102 -0.042946
v 0.079717 -0.003141 -0.065488
v 0.081579 -0.003720 -0.067218
v 0.082871 -0.008678 -0.067185
v 0.081861 -0.008134 -0.066430
v 0.081841 -0.013750 -0.065827
v 0.080896 -0.012765 -0.065100
v 0.083560 -0.017441 -0.062095
v 0.083439 -0.013365 -0.065642
v 0.083301 0.017925 -0.053556
v 0.083170 0.017037 -0.052909
v 0.084088 0.017904 -0.053991
v 0.073347 -0.009133 -0.044239
v 0.079268 0.011717 -0.049780
v 0.078521 0.010029 -0.048707
v 0.078584 0.010339 -0.048873
v 0.072168 -0.004236 -0.046741
v 0.071933 -0.003451 -0.047024
v 0.072958 -0.005731 -0.046376
v 0.074246 -0.006921 -0.044640
v 0.069180 -0.014521 -0.046915
v 0.068709 -0.015287 -0.049116
v 0.068240 -0.015993 -0.048389
v 0.085956 0.022516 -0.056968
v 0.078446 0.009235 -0.048431
v 0.079482 0.010231 -0.048754
v 0.080071 0.011310 -0.048981
v 0.084729 0.017113 -0.054217
v 0.080516 0.012122 -0.049068
v 0.079859 0.012128 -0.049204
v 0.080806 0.013765 -0.049783
v 0.079577 0.012169 -0.049287
v 0.073638 -0.011647 -0.061254
v 0.072657 -0.011563 -0.059007
v 0.074288 0.007128 -0.038545
v 0.074621 0.005106 -0.040223
v 0.078927 -0.023585 -0.052696
v 0.076140 0.012511 -0.057979
v 0.077017 0.016000 -0.060182
v 0.085617 -0.009287 -0.067235
v 0.078547 -0.015629 -0.057045
v 0.076464 -0.016481 -0.055579
v 0.080657 -0.014213 -0.058744
v 0.082440 -0.011445 -0.060503
v 0.075582 0.003284 -0.051349
v 0.085129 0.007491 -0.056759
v 0.085440 0.005574 -0.058150
v 0.083506 0.007566 -0.055218
v 0.077625 0.019430 -0.058678
v 0.077946 0.019118 -0.056092
v 0.075317 0.016024 -0.057005
v 0.078118 0.017168 -0.055466
v 0.071057 -0.011232 -0.045994
v 0.068863 -0.016736 -0.050938
v 0.070810 -0.015514 -0.052441
v 0.070030 -0.017355 -0.051882
v 0.071430 -0.016412 -0.053524
v 0.071455 -0.015042 -0.054882
v 0.071724 -0.013145 -0.056060
v 0.072802 -0.011383 -0.056197
v 0.070802 -0.007155 -0.046440
v 0.077508 0.019287 -0.046977
v 0.070255 -0.008984 -0.046506
v 0.072472 -0.005520 -0.046339
v 0.072332 -0.007151 -0.045918
v 0.071707 -0.009110 -0.045726
v 0.074946 -0.018874 -0.049207
v 0.074898 -0.017574 -0.051800
v 0.073847 -0.018377 -0.048549
v 0.075307 -0.017180 -0.053984
v 0.072796 -0.018022 -0.048120
v 0.077607 0.013534 -0.056995
v 0.078238 0.016768 -0.057372
v 0.070277 -0.009410 -0.037062
v 0.064094 -0.001768 0.012717
v 0.066904 0.007838 0.007436
v 0.027012 -0.049743 0.036033
v 0.025778 -0.052661 0.036135
v 0.056251 -0.011957 0.026611
v 0.052279 -0.014789 0.031725
v 0.025146 -0.044185 0.045753
v 0.023887 -0.045396 0.046051
v 0.022831 -0.045013 0.046504
v 0.024144 -0.044441 0.045765
v 0.022618 -0.044623 0.046518
v 0.023610 -0.045081 0.045455
v 0.022863 -0.045145 0.046275
v 0.021957 -0.044718 0.046967
v 0.029054 -0.029715 0.048417
v 0.032828 -0.025650 0.047233
v 0.035850 -0.030092 0.045709
v 0.032149 -0.033472 0.046700
v 0.025675 -0.046669 0.038430
v 0.025745 -0.045044 0.038758
v 0.025076 -0.044271 0.041258
v 0.024981 -0.045588 0.041089
v 0.025458 -0.047755 0.038507
v 0.024617 -0.046233 0.041298
v 0.027240 -0.047973 0.036029
v 0.027246 -0.045386 0.036307
v 0.034169 -0.050642 0.042579
v 0.030449 -0.048463 0.043922
v 0.031304 -0.045333 0.043901
v 0.034842 -0.046078 0.042314
v 0.025200 -0.017859 0.046878
v 0.029219 -0.021428 0.047414
v 0.026400 -0.025832 0.048790
v 0.022241 -0.021407 0.048284
v 0.018210 -0.017032 0.047803
v 0.020959 -0.013799 0.046143
v 0.015090 -0.009335 0.050793
v 0.016071 -0.012863 0.052339
v 0.015739 -0.013756 0.055653
v 0.015714 -0.011915 0.054516
v 0.014865 -0.018099 0.054487
v 0.016627 -0.014859 0.050804
v 0.011010 -0.019686 0.055321
v -0.011975 -0.016824 0.057283
v -0.011109 -0.015233 0.056457
v -0.011492 -0.014391 0.058308
v -0.013160 -0.015454 0.058757
v 0.010752 -0.019090 0.056291
v 0.015051 -0.018524 0.052963
v -0.004138 -0.015461 0.065189
v -0.005068 -0.013044 0.065379
v -0.004128 -0.014742 0.063049
v -0.004471 -0.016592 0.062664
v 0.015429 -0.019336 0.051240
v 0.011682 -0.020034 0.054325
v 0.010088 -0.018135 0.057123
v 0.012990 -0.017734 0.056950
v -0.007641 -0.012389 0.064561
v -0.009160 -0.012332 0.065946
v -0.011031 -0.012461 0.064067
v -0.009329 -0.012944 0.062816
v -0.004160 -0.013489 0.058573
v -0.005501 -0.015385 0.059768
v -0.003286 -0.012494 0.061738
v -0.011445 -0.012353 0.056859
v -0.010743 -0.013626 0.055237
v -0.008699 -0.010305 0.054555
v -0.009807 -0.009395 0.055377
v 0.014210 -0.015191 0.058128
v 0.003787 -0.016494 0.064999
v 0.004773 -0.014899 0.067107
v 0.009827 0.014319 0.050199
v 0.012875 0.010948 0.047600
v 0.010279 0.011785 0.052640
v 0.012911 0.008623 0.049777
v 0.013275 -0.012710 0.061218
v 0.014290 -0.011317 0.059752
v 0.010754 -0.011441 0.064789
v 0.011282 -0.009311 0.064513
v 0.004213 0.028919 0.048199
v 0.002201 -0.020727 0.061413
v 0.002553 -0.021252 0.061159
v 0.001812 -0.019269 0.062773
v 0.021661 0.094350 -0.134700
v 0.022701 0.107742 -0.124774
v 0.021928 0.120697 -0.101404
v 0.019499 0.124042 -0.088747
v 0.005527 -0.037416 0.060829
v 0.005351 -0.034756 0.061427
v 0.012944 -0.041511 0.046037
v 0.007477 -0.041606 0.047298
v 0.007337 -0.042482 0.050098
v 0.012803 -0.042712 0.048990
v 0.016576 -0.042654 0.047455
v 0.017247 -0.041513 0.044377
v 0.013172 -0.040166 0.043589
v 0.007522 -0.040229 0.044484
v 0.012082 -0.043599 0.054162
v 0.006848 -0.043237 0.056042
v 0.006287 -0.041865 0.057851
v 0.011432 -0.042350 0.055463
v 0.018416 -0.023178 0.050718
v 0.014432 -0.022709 0.053114
v 0.010381 -0.022728 0.056648
v 0.007082 -0.023015 0.059403
v 0.006207 -0.021119 0.059348
v 0.008689 -0.020555 0.057048
v 0.005752 -0.020431 0.059454
v 0.008043 -0.020065 0.057451
v 0.007786 -0.019405 0.057875
v 0.008110 -0.018374 0.058041
v 0.006442 -0.018407 0.059231
v 0.006826 -0.017643 0.058977
v 0.005578 -0.019773 0.059638
v 0.005099 0.006770 0.065877
v 0.005061 0.010214 0.063003
v 0.010120 -0.033145 0.059814
v 0.005300 -0.032497 0.061332
v 0.004430 -0.028334 0.061179
v 0.009084 -0.028359 0.059727
v 0.013693 -0.029120 0.057098
v 0.014921 -0.034878 0.056883
v 0.002917 -0.021933 0.061007
v 0.010266 -0.035536 0.059522
v 0.010462 -0.037924 0.058754
v 0.015119 -0.037245 0.056479
v 0.015209 -0.039248 0.055704
v 0.019317 -0.037242 0.053303
v 0.018865 -0.031075 0.053986
v 0.024396 -0.033227 0.050538
v 0.023016 -0.039507 0.049944
v 0.030954 -0.042344 0.044741
v 0.026575 -0.044519 0.045472
v 0.026451 -0.043077 0.045997
v 0.025989 -0.042023 0.046884
v 0.030318 -0.039507 0.046008
v 0.034275 -0.041754 0.043237
v 0.033649 -0.037508 0.044818
v 0.028461 -0.036502 0.047906
v 0.025066 -0.040928 0.047991
v 0.025106 -0.043118 0.046490
v 0.024406 -0.043110 0.046563
v 0.024624 -0.042578 0.047264
v 0.023887 -0.042901 0.047272
v 0.023951 -0.042169 0.048071
v 0.023224 -0.042835 0.047874
v 0.021995 -0.042450 0.049002
v 0.022476 -0.041311 0.049557
v 0.022537 -0.043351 0.046133
v 0.021572 -0.043651 0.047136
v 0.021141 -0.043664 0.047770
v 0.022183 -0.043489 0.046909
v 0.023124 -0.043186 0.045261
v 0.022732 -0.043299 0.046411
v 0.024151 -0.043363 0.041859
v 0.023198 -0.043031 0.042573
v -0.048254 -0.084381 -0.023866
v -0.055471 -0.082185 -0.038623
v 0.024601 -0.044830 0.045225
v 0.022544 -0.044062 0.045763
v 0.022705 -0.044777 0.046389
v 0.023154 -0.043129 0.047067
v 0.022564 -0.043260 0.047500
v 0.021458 -0.043297 0.048303
v 0.015219 -0.041050 0.054518
v 0.018748 -0.040839 0.052394
v 0.018551 -0.042323 0.051259
v 0.015215 -0.042992 0.052919
v 0.018396 -0.043469 0.050159
v 0.017953 -0.040264 0.041806
v 0.015701 -0.043812 0.051822
v 0.021272 -0.041830 0.041839
v 0.022354 -0.040837 0.039407
v 0.020227 -0.042761 0.044911
v 0.025320 -0.043688 0.039407
v 0.024273 -0.042580 0.039823
v 0.026743 -0.043485 0.036739
v 0.025578 -0.041899 0.037477
v 0.018973 -0.043804 0.049396
v 0.019050 -0.039315 0.052990
v 0.010791 -0.040108 0.057237
v 0.005839 -0.039607 0.059352
v -0.034543 0.005682 0.037734
v -0.033699 0.002747 0.038509
v -0.029592 0.004151 0.039713
v -0.030477 0.006661 0.038929
v 0.005085 -0.001711 0.071561
v 0.005177 0.003008 0.068648
v 0.022090 -0.044667 0.046882
v 0.010227 -0.125001 -0.001345
v -0.074095 -0.007550 -0.047031
v -0.073485 -0.007037 -0.046212
v -0.081797 0.014090 -0.068945
v 0.025442 -0.045911 0.045562
v 0.024580 -0.049906 0.038589
v 0.023761 -0.047047 0.041895
v 0.031628 -0.055156 0.043994
v 0.026917 -0.058473 0.047101
v 0.024631 -0.054382 0.048002
v 0.028319 -0.051766 0.045140
v 0.021027 -0.048510 0.049219
v 0.023680 -0.047108 0.046875
v -0.085363 0.015831 -0.065162
v 0.022241 -0.045902 0.047552
v 0.019589 -0.046391 0.049915
v 0.018717 -0.044835 0.050381
v 0.021224 -0.044862 0.047886
v 0.017993 -0.043238 0.051363
v 0.013535 -0.042434 0.053732
v 0.013278 -0.046691 0.049062
v 0.017893 -0.047118 0.046730
v 0.022323 -0.047115 0.043520
v 0.021505 -0.044078 0.047786
v -0.082918 0.019605 -0.063066
v -0.082687 0.020862 -0.058366
v -0.080971 0.019907 -0.057606
v -0.080867 0.018387 -0.061615
v 0.017654 -0.043240 0.050655
v 0.020665 -0.044141 0.048155
v 0.013500 -0.042575 0.053719
v 0.020837 -0.121349 -0.007051
v 0.020763 -0.044149 0.047999
v 0.018035 -0.043514 0.050403
v 0.013883 -0.043146 0.053803
v 0.014677 -0.044990 0.054004
v 0.015591 -0.047057 0.054045
v 0.016690 -0.049890 0.053504
v 0.019668 -0.057313 0.052077
v 0.021287 -0.062263 0.051082
v 0.013384 -0.058784 0.055393
v 0.014589 -0.063782 0.055062
v 0.011797 -0.050904 0.057240
v 0.011032 -0.047418 0.057981
v 0.010272 -0.044968 0.057530
v 0.009729 -0.042915 0.056863
v 0.003570 -0.023427 0.060890
v 0.005205 -0.018247 0.060445
v 0.004036 -0.017545 0.062488
v 0.007082 -0.012984 0.067825
v 0.001644 -0.018120 0.064941
v 0.009411 -0.011498 0.066688
v 0.007817 -0.011888 0.068292
v 0.008149 -0.010429 0.068949
v 0.009176 -0.010001 0.067750
v 0.006450 -0.012543 0.069636
v 0.007491 -0.010686 0.069894
v 0.002850 -0.013828 0.071548
v 0.003678 -0.010454 0.073136
v 0.004742 -0.005452 0.073045
v 0.004097 -0.008557 0.073471
v 0.008598 -0.009106 0.069333
v 0.009741 -0.007593 0.067774
v -0.089752 0.015778 -0.063298
v 0.010167 -0.004682 0.065943
v 0.011871 -0.006968 0.062300
v 0.010234 0.128292 -0.045169
v 0.009284 -0.042027 0.056530
v 0.008750 -0.041804 0.055841
v -0.074188 -0.020351 -0.047826
v -0.082949 0.005621 -0.059347
v 0.012640 -0.056193 0.040977
v 0.012952 -0.051973 0.044034
v 0.008101 -0.052060 0.045547
v -0.082153 0.021181 -0.055928
v -0.084786 0.022146 -0.056779
v 0.007777 -0.056245 0.042716
v 0.004719 -0.041338 0.056885
v -0.087172 -0.004989 -0.069807
v -0.090602 0.014486 -0.065034
v -0.089057 0.012407 -0.063617
v -0.083639 0.013969 -0.051175
v -0.075593 -0.011131 -0.065080
v -0.081050 -0.011053 -0.062673
v -0.079332 -0.013850 -0.061439
v -0.074655 -0.013268 -0.064284
v -0.074656 0.001123 -0.056321
v 0.004601 -0.046092 0.051489
v 0.008471 -0.046230 0.050721
v 0.004874 -0.041722 0.057675
v 0.005287 -0.042764 0.058406
v 0.005736 -0.044865 0.059383
v 0.004380 -0.052054 0.046182
v 0.004254 -0.056530 0.043326
v -0.071145 -0.015986 -0.038851
v 0.022696 -0.051234 0.039657
v -0.079540 -0.025683 -0.053309
v -0.080078 -0.024523 -0.055596
v -0.031872 -0.032814 -0.118749
v -0.035507 -0.021911 -0.125516
v -0.088377 -0.004942 -0.071528
v 0.022936 -0.054731 0.036978
v 0.017893 -0.052273 0.042157
v 0.017959 -0.055586 0.039371
v 0.007706 -0.063930 0.058176
v 0.006856 -0.059147 0.057821
v 0.006293 -0.047715 0.059921
v 0.006349 -0.051591 0.059306
v 0.022863 0.116002 -0.114034
v 0.063521 0.076466 -0.006602
v 0.061159 0.069544 0.000980
v -0.082660 0.018395 -0.059038
v 0.055438 0.077212 0.008647
v 0.056948 0.082481 0.001113
v 0.063778 0.084338 -0.015055
v 0.056510 0.088698 -0.007328
v 0.040095 0.121769 -0.064524
v 0.040709 0.121181 -0.050203
v 0.021383 0.126010 -0.046402
v 0.034924 0.121854 -0.078528
v 0.047825 0.114619 -0.088134
v 0.050044 0.117086 -0.068503
v 0.049979 0.116837 -0.053004
v -0.075991 -0.020726 -0.048884
v -0.076677 -0.025973 -0.046556
v -0.075229 -0.025278 -0.044784
v -0.080378 0.008456 -0.056197
v 0.025078 -0.084775 -0.108051
v 0.052780 0.044150 -0.133203
v 0.048695 0.115806 -0.039045
v 0.040189 0.119604 -0.036288
v 0.039886 0.116796 -0.023651
v 0.047391 0.113424 -0.027159
v 0.021332 0.123917 -0.031920
v 0.010275 0.125709 -0.030159
v 0.018353 0.007144 -0.146821
v 0.004917 0.013418 0.060052
v 0.045494 -0.047947 -0.091060
v 0.054706 -0.048219 -0.073372
v 0.058767 -0.100962 -0.050366
v 0.068438 -0.026488 -0.055020
v 0.067943 -0.025591 -0.055737
v 0.058908 -0.063605 -0.054483
v 0.058064 -0.049217 -0.055218
v 0.036090 -0.046776 -0.102588
v 0.077215 -0.014176 -0.064506
v 0.077973 -0.010552 -0.064872
v 0.078692 -0.015199 -0.064340
v 0.079566 -0.011164 -0.064888
v 0.080069 -0.007104 -0.065286
v 0.079545 -0.017162 -0.063814
v 0.078344 0.018562 -0.054109
v 0.080229 0.019764 -0.052755
v -0.076939 -0.016652 -0.065918
v -0.076968 -0.014243 -0.066705
v 0.067990 -0.028186 -0.050876
v 0.067948 -0.027488 -0.052442
v -0.064943 -0.004727 -0.055047
v 0.067755 -0.027815 -0.051689
v 0.067494 -0.028319 -0.050423
v 0.067822 -0.028941 -0.049469
v 0.067552 -0.028760 -0.049510
v 0.078032 0.035866 -0.047447
v 0.066916 -0.027915 -0.052771
v 0.067585 -0.026076 -0.055410
v 0.067745 -0.026877 -0.053747
v 0.067637 -0.027581 -0.052392
v 0.067587 -0.028674 -0.050407
v 0.067373 -0.029552 -0.048923
v 0.067319 -0.029985 -0.048491
v -0.078080 -0.022965 -0.064156
v -0.074493 -0.027863 -0.058325
v -0.057817 -0.078808 -0.052783
v -0.055481 -0.075953 -0.068138
v -0.057575 -0.087538 -0.066286
v -0.060109 -0.091561 -0.051169
v -0.072015 -0.002587 -0.039869
v -0.071455 -0.009173 -0.042646
v -0.071307 -0.010522 -0.040639
v 0.079882 -0.018450 -0.064312
v 0.072271 -0.029075 -0.053466
v -0.025062 -0.103000 0.000216
v -0.020999 -0.114521 -0.005051
v 0.076421 0.013158 -0.060138
v 0.076235 0.011460 -0.061935
v 0.078524 0.012602 -0.062865
v 0.078730 0.014516 -0.061222
v 0.056680 -0.008880 -0.104921
v 0.060336 0.001484 -0.110810
v 0.011643 -0.082565 -0.112180
v 0.011710 -0.069818 -0.112952
v 0.074773 0.033984 -0.095285
v 0.076679 0.014495 -0.058668
v 0.079229 0.016043 -0.059713
v 0.078419 -0.006640 -0.065090
v 0.074298 0.014547 -0.058763
v 0.074720 0.012960 -0.060644
v 0.080779 0.017401 -0.061058
v 0.080202 0.015654 -0.062656
v 0.079699 0.013451 -0.064295
v 0.075065 0.011176 -0.062224
v -0.070965 -0.015528 -0.034993
v -0.070404 -0.016184 -0.023098
v -0.071876 -0.000524 -0.023455
v -0.070769 -0.005810 -0.034290
v 0.077711 0.017885 -0.060410
v 0.078962 0.064113 -0.071748
v 0.078006 0.058418 -0.085612
v 0.077669 0.081377 -0.075401
v 0.076578 0.076399 -0.090892
v 0.071001 0.070354 -0.106643
v 0.074273 0.051606 -0.101928
v 0.077997 0.019065 -0.054759
v 0.081331 0.020791 -0.053169
v 0.063200 0.090320 -0.023442
v 0.069175 0.085897 -0.030381
v 0.056065 0.094194 -0.014920
v 0.056144 0.099636 -0.021557
v 0.062166 0.096199 -0.030571
v 0.069836 0.089986 -0.042503
v 0.078548 0.054903 -0.056769
v 0.078235 0.069511 -0.057624
v 0.075987 0.073546 -0.043896
v -0.058771 0.030455 0.013387
v -0.060677 0.030984 0.008959
v -0.061174 0.021493 0.008843
v -0.058748 0.022791 0.012535
v 0.074944 0.085936 -0.059665
v 0.065336 0.098774 -0.048937
v 0.068840 0.095144 -0.063498
v 0.059480 0.108225 -0.052702
v 0.061338 0.106146 -0.067451
v 0.060752 0.103233 -0.083426
v 0.070680 0.091504 -0.078592
v 0.060866 0.102032 -0.036566
v 0.055181 0.105025 -0.026703
v 0.056691 0.109275 -0.039879
v 0.053379 0.109655 -0.031112
v 0.074180 0.075170 -0.036599
v 0.062235 -0.033335 -0.048200
v 0.064604 -0.034022 -0.043030
v -0.019480 0.087296 0.030863
v -0.009259 0.088290 0.033019
v -0.009322 0.094800 0.026218
v -0.019601 0.093612 0.023637
v 0.069880 -0.023524 -0.034651
v -0.036541 -0.012776 -0.128359
v -0.038421 -0.002367 -0.133086
v -0.018915 -0.004890 -0.139612
v -0.018028 -0.014834 -0.135016
v 0.068660 0.000924 0.000414
v 0.069142 0.013597 -0.002282
v 0.072454 0.005719 -0.012712
v 0.068613 -0.008918 -0.011058
v -0.020555 0.112502 0.002805
v -0.009929 0.114161 0.005546
v -0.009985 0.118987 -0.004764
v -0.020819 0.117351 -0.007014
v -0.053214 0.003085 0.027733
v -0.054519 -0.003046 0.027346
v -0.050741 -0.003496 0.030828
v -0.049804 0.002698 0.030655
v 0.065901 0.027281 -0.004844
v 0.070046 0.019879 -0.014839
v 0.071242 0.034650 -0.017017
v 0.068602 0.042005 -0.004776
v 0.061307 0.064934 -0.121268
v 0.064795 0.048189 -0.120349
v -0.076223 -0.030380 -0.043649
v -0.075248 -0.029407 -0.042337
v 0.064553 0.035406 -0.118044
v 0.047726 0.057691 0.025546
v -0.010011 0.122622 -0.016873
v -0.021044 0.120998 -0.018666
v 0.021604 0.086320 -0.142040
v 0.047706 0.081425 0.016033
v 0.054771 0.085482 -0.122394
v -0.001256 -0.068281 -0.114864
v 0.041083 0.090866 -0.128219
v 0.070571 0.087295 -0.093828
v 0.068008 0.082532 -0.107799
v 0.059904 0.076224 -0.122900
v 0.062979 0.019275 -0.115738
v 0.047722 0.108976 -0.019598
v 0.055534 0.024703 0.019385
v 0.055294 0.019953 0.018997
v 0.055824 0.029437 0.020901
v 0.054293 0.015117 0.021539
v 0.016072 0.007627 0.045616
v 0.015638 0.005462 0.047376
v 0.014980 0.002780 0.049181
v 0.018646 0.002569 0.045260
v 0.017674 -0.000551 0.046679
v 0.011995 0.003186 0.054225
v 0.012641 0.005906 0.052026
v 0.013952 0.000189 0.050760
v 0.013013 -0.002980 0.052298
v 0.011412 0.000089 0.056342
v 0.017139 -0.015015 0.048529
v 0.017930 -0.010427 0.046466
v 0.015051 -0.006576 0.048649
v 0.021249 -0.003509 0.044913
v 0.019834 -0.006667 0.045715
v 0.016397 -0.003240 0.047649
v 0.022626 -0.000169 0.043506
v 0.013467 -0.006592 0.054695
v 0.014555 -0.009819 0.057674
v 0.011266 -0.003548 0.059342
v 0.010070 -0.001191 0.062829
v 0.010234 0.002610 0.059863
v 0.019410 0.004959 0.043810
v 0.023881 0.002545 0.042367
v 0.023718 -0.009943 0.045229
v 0.028380 -0.012963 0.045283
v 0.025833 -0.005960 0.043769
v 0.030078 -0.008498 0.043223
v 0.027089 -0.002487 0.042487
v 0.031434 -0.004855 0.041634
v 0.032606 -0.016752 0.045589
v 0.036548 -0.020623 0.045382
v 0.040159 -0.026238 0.044176
v 0.039030 -0.015670 0.042471
v 0.043432 -0.020983 0.041511
v 0.040551 -0.010692 0.039674
v 0.045364 -0.015688 0.038387
v -0.012410 0.013277 0.044602
v -0.012491 0.014978 0.041708
v -0.016450 0.011768 0.040949
v -0.016227 0.009835 0.043146
v -0.006930 0.060722 0.043967
v -0.007947 0.068702 0.042162
v -0.016973 0.068514 0.040658
v -0.015313 0.060661 0.042941
v 0.034714 -0.011617 0.042737
v 0.036275 -0.007724 0.040630
v 0.032810 -0.001118 0.040345
v 0.028499 0.000835 0.041346
v 0.042065 0.000118 0.036887
v 0.041564 -0.005490 0.037865
v 0.037291 -0.003192 0.039163
v 0.038065 0.001443 0.038217
v 0.046468 -0.009026 0.035686
v 0.046621 -0.001583 0.034918
v 0.046108 0.003532 0.034169
v 0.032078 0.009889 0.038674
v 0.026917 0.010605 0.039311
v 0.035841 0.009652 0.037670
v 0.042084 0.004198 0.036106
v 0.038643 0.004870 0.037552
v 0.050249 0.010937 0.027900
v 0.048045 0.010142 0.030269
v 0.042286 0.009501 0.034683
v 0.039313 0.009484 0.036302
v 0.045321 0.009741 0.032580
v 0.022290 0.012246 0.039033
v 0.017615 0.014273 0.038600
v 0.055388 -0.061664 -0.071059
v 0.010271 0.005971 0.057624
v 0.010384 0.008923 0.055107
v 0.015021 0.031689 0.039559
v 0.012270 0.028934 0.038440
v 0.006904 0.028894 0.045623
v 0.019368 0.035310 0.042719
v 0.014279 0.016793 0.037977
v -0.020848 0.009303 0.040262
v -0.020106 0.007307 0.041705
v 0.012138 0.019183 0.037490
v 0.010885 0.022068 0.037328
v 0.010588 0.025697 0.037615
v -0.009476 0.101559 0.020082
v -0.019862 0.100106 0.017135
v -0.020148 0.126345 -0.068925
v -0.020590 0.126416 -0.060524
v -0.009427 0.128907 -0.060950
v -0.010562 0.128228 -0.073389
v 0.031072 0.048814 0.044738
v 0.027707 0.041897 0.046908
v 0.057371 0.062619 0.009725
v 0.061603 0.054499 0.006162
v 0.052006 0.044355 0.029432
v 0.054916 0.039979 0.026121
v 0.055983 0.034663 0.023063
v 0.064878 0.043091 0.004057
v 0.063453 0.030471 0.002786
v 0.064962 0.018708 0.004119
v -0.069766 0.000308 -0.094011
v -0.072349 -0.001244 -0.078484
v -0.076490 0.010427 -0.079888
v -0.073698 0.016786 -0.096445
v 0.047843 0.092275 0.000697
v -0.036552 -0.096752 -0.009630
v -0.032809 -0.108360 -0.014062
v -0.001281 -0.081438 -0.113349
v 0.047725 0.097955 -0.006235
v 0.048192 0.086721 0.008471
v 0.039655 0.112567 -0.014052
v 0.039455 0.107492 -0.005793
v 0.047936 0.103710 -0.012788
v 0.039337 0.101468 0.001069
v 0.039340 0.095366 0.007600
v 0.039280 0.089706 0.015169
v 0.039264 0.084380 0.022719
v 0.037947 0.076174 0.029907
v 0.046352 -0.060780 -0.089822
v 0.007185 -0.006413 0.055458
v 0.006602 -0.006477 0.055980
v -0.052532 0.052427 0.021045
v -0.053668 0.057295 0.016259
v -0.058137 0.050543 0.013224
v -0.056735 0.046624 0.018230
v 0.005843 -0.007569 0.054183
v 0.005230 -0.006935 0.055169
v 0.005950 -0.008350 0.054678
v 0.006159 -0.016202 0.058208
v 0.004891 -0.014207 0.056918
v 0.005250 -0.010553 0.055652
v 0.069172 -0.030168 -0.037240
v -0.005622 0.048794 0.049149
v -0.013166 0.048666 0.048552
v -0.011432 0.042382 0.049217
v -0.005057 0.042431 0.049997
v -0.059864 0.015341 0.013943
v -0.063066 0.012607 0.011434
v -0.062217 0.004620 0.016529
v -0.059303 0.008580 0.018736
v -0.055855 0.004273 0.024691
v -0.057586 -0.001681 0.023919
v -0.018804 0.078405 0.038076
v -0.008850 0.079098 0.039835
v -0.061068 0.041341 0.010655
v -0.058945 0.038906 0.015528
v -0.009254 0.016341 0.046700
v -0.009652 0.017660 0.043071
v -0.006535 0.021867 0.044932
v -0.002930 0.021399 0.050668
v -0.002653 0.025409 0.048474
v -0.005724 0.025598 0.045207
v -0.032648 0.060176 0.035860
v -0.034611 0.067273 0.032866
v -0.041856 0.065794 0.027191
v -0.040011 0.059208 0.030605
v -0.020260 0.106530 0.010603
v -0.009734 0.108170 0.013576
v -0.003924 0.034976 0.048284
v -0.008432 0.035088 0.046471
v -0.007004 0.031654 0.045179
v -0.003417 0.031680 0.047600
v -0.024835 0.005456 0.040749
v -0.025626 0.007683 0.039826
v -0.066978 -0.030809 -0.049388
v -0.067607 -0.031742 -0.048340
v -0.073952 0.015303 -0.036551
v -0.073013 0.004663 -0.034888
v -0.073195 0.012696 -0.024364
v -0.071287 0.025722 -0.026989
v -0.075202 0.037612 -0.030137
v -0.076856 0.046033 -0.035141
v -0.076076 0.029802 -0.042776
v -0.074185 0.024433 -0.039175
v -0.052900 -0.084727 -0.079541
v -0.049966 -0.074294 -0.082718
v -0.003525 0.018604 0.053906
v -0.003855 0.015971 0.056978
v -0.021004 0.036791 -0.151772
v -0.020189 0.023434 -0.148632
v -0.040085 0.027330 -0.140202
v -0.041313 0.040059 -0.143330
v -0.065621 -0.009937 -0.089991
v -0.068937 -0.009704 -0.075819
v -0.010472 -0.011309 0.058937
v -0.006985 -0.007809 0.053754
v -0.007156 -0.010671 0.055058
v -0.006522 -0.008141 0.054041
v -0.010658 -0.013540 0.060661
v -0.012661 -0.013404 0.061594
v -0.007935 -0.014734 0.054874
v -0.006662 -0.014779 0.055449
v -0.006427 -0.010489 0.055306
v -0.008061 -0.006986 0.054569
v -0.001740 -0.016932 0.067510
v -0.002115 -0.015013 0.070197
v -0.005664 -0.013486 0.068929
v -0.004327 -0.015393 0.067103
v -0.005175 -0.007705 0.055079
v -0.004191 -0.010153 0.056836
v -0.004483 -0.011014 0.063592
v -0.007068 -0.008178 0.059398
v -0.006776 -0.006682 0.056694
v -0.007196 -0.010557 0.062651
v -0.005820 -0.017245 0.060268
v -0.008928 -0.010810 0.061013
v -0.077134 -0.017755 -0.055862
v -0.059016 -0.064597 -0.033106
v -0.061441 -0.049756 -0.041264
v -0.060851 -0.050449 -0.046979
v -0.059743 -0.066174 -0.042563
v -0.081557 0.007862 -0.057207
v -0.065804 0.057266 -0.005398
v -0.067816 0.068847 -0.014598
v -0.072288 0.057437 -0.026596
v -0.073592 0.047020 -0.021065
v -0.069460 0.079004 -0.022263
v -0.073282 0.068232 -0.033636
v -0.075866 0.056317 -0.043439
v -0.078979 0.035794 -0.056742
v -0.042235 0.017569 0.031859
v -0.042427 0.017431 0.032001
v -0.040882 0.017174 0.033333
v -0.040906 0.017312 0.033149
v -0.041804 0.017686 0.031234
v -0.040377 0.017227 0.032324
v -0.042749 0.018029 0.030223
v -0.043221 0.017797 0.030769
v -0.043409 0.017648 0.030868
v -0.024518 0.018363 0.035025
v -0.025232 0.018411 0.034594
v -0.028004 0.017700 0.034773
v -0.027229 0.017803 0.035813
v -0.024285 0.018198 0.035377
v -0.027154 0.017590 0.036164
v -0.028258 0.019955 0.028764
v -0.027608 0.020300 0.028610
v -0.029140 0.019654 0.028878
v -0.022302 0.020396 0.032380
v -0.022462 0.022358 0.032445
v -0.027144 0.022502 0.028537
v -0.027078 0.020792 0.028392
v -0.022791 0.019611 0.032900
v -0.021245 0.019457 0.032912
v -0.020134 0.019996 0.032180
v -0.020116 0.022600 0.032447
v -0.032450 0.016618 0.036395
v -0.032658 0.015835 0.036589
v -0.027822 0.016198 0.036735
v -0.027435 0.017052 0.036480
v -0.032257 0.017074 0.036151
v -0.035732 0.017152 0.035238
v -0.035821 0.016686 0.035446
v -0.035968 0.015920 0.035586
v -0.024444 0.017142 0.036280
v -0.024372 0.017929 0.035802
v -0.036018 0.015167 0.035705
v -0.032883 0.015137 0.036623
v -0.028012 0.015521 0.036823
v -0.024406 0.016724 0.036449
v -0.021594 0.017933 0.035495
v -0.022768 0.018087 0.035532
v -0.032977 0.014297 0.036586
v -0.032927 0.013499 0.036634
v -0.027970 0.013985 0.037125
v -0.028042 0.014760 0.036929
v -0.036106 0.014285 0.035520
v -0.036168 0.013462 0.035532
v -0.044537 0.017693 0.029182
v -0.044999 0.018150 0.028236
v -0.045045 0.017604 0.028392
v -0.044767 0.017194 0.028901
v -0.047766 0.014987 0.025991
v -0.048537 0.016266 0.024997
v -0.050146 0.015719 0.023490
v -0.049229 0.014331 0.025027
v -0.058005 0.005959 0.021519
v -0.051869 0.011682 0.024624
v -0.053123 0.013049 0.022354
v -0.044047 0.017515 0.029976
v -0.043436 0.017259 0.030921
v -0.043989 0.017801 0.029949
v -0.044434 0.018081 0.028992
v -0.044331 0.016822 0.029730
v -0.043604 0.016584 0.030792
v -0.042494 0.017092 0.032040
v -0.042629 0.016343 0.032036
v -0.040990 0.016079 0.033447
v -0.040835 0.016857 0.033392
v -0.038704 0.016751 0.034452
v -0.039008 0.017163 0.034236
v -0.038849 0.015948 0.034541
v -0.041168 0.015291 0.033270
v -0.038995 0.015129 0.034508
v -0.042754 0.015578 0.031733
v -0.043790 0.015954 0.030431
v -0.044555 0.016330 0.029299
v -0.045160 0.016733 0.028477
v -0.045522 0.017374 0.027840
v -0.044980 0.015767 0.028786
v -0.045737 0.015061 0.028087
v -0.044539 0.014539 0.029491
v -0.044074 0.015335 0.030019
v -0.045768 0.016285 0.027822
v -0.046665 0.015670 0.026927
v -0.042978 0.014944 0.031324
v -0.043145 0.014189 0.030987
v -0.041301 0.013722 0.032683
v -0.041235 0.014550 0.033038
v -0.038688 0.014446 0.034249
v -0.038856 0.013534 0.034024
v -0.032222 0.017181 0.035896
v -0.031976 0.017233 0.034600
v -0.035424 0.017092 0.033967
v -0.035792 0.017201 0.034957
v -0.039063 0.017203 0.034051
v -0.038354 0.017038 0.033245
v -0.035219 0.016991 0.032968
v -0.033367 0.018946 0.028691
v -0.034594 0.018972 0.028304
v -0.037930 0.017005 0.032248
v -0.032095 0.017244 0.033450
v -0.031871 0.019063 0.028956
v -0.028768 0.017866 0.033495
v -0.030364 0.019340 0.028960
v -0.026001 0.018450 0.033753
v -0.033416 0.030010 0.034962
v -0.033394 0.030836 0.035673
v -0.038621 0.030111 0.034505
v -0.038102 0.029243 0.033982
v -0.051478 0.000619 -0.123134
v -0.052943 0.015499 -0.128767
v -0.040901 0.010933 -0.139084
v -0.040210 0.026499 0.033169
v -0.040283 0.027640 0.032884
v -0.042603 0.026612 0.031141
v -0.042348 0.025514 0.031341
v -0.040313 0.025779 0.033438
v -0.042239 0.024659 0.031613
v -0.037790 0.027000 0.035185
v -0.037784 0.027680 0.034949
v -0.037819 0.028324 0.034614
v -0.042437 0.023661 0.027855
v -0.041676 0.024822 0.028675
v -0.042572 0.024678 0.030440
v -0.043584 0.023734 0.028966
v -0.043039 0.022842 0.027248
v -0.044115 0.022803 0.027965
v -0.037728 0.022712 0.025736
v -0.037376 0.023176 0.026057
v -0.036756 0.023788 0.026641
v -0.037940 0.022131 0.025483
v -0.038035 0.021468 0.025399
v -0.037967 0.020757 0.025535
v -0.037778 0.020254 0.025857
v -0.058939 -0.009862 0.021162
v -0.060087 0.000648 0.020308
v -0.061283 -0.007230 0.016791
v -0.043767 0.018013 0.029777
v -0.044255 0.018343 0.028823
v -0.043256 0.018264 0.029348
v -0.043742 0.018593 0.028569
v -0.044749 0.018913 0.027827
v -0.045022 0.018690 0.027859
v -0.041115 0.017724 0.030480
v -0.036589 0.019253 0.027391
v -0.037060 0.019476 0.026971
v -0.041864 0.018216 0.029541
v -0.039822 0.017219 0.031337
v -0.035792 0.019052 0.027867
v -0.037313 0.019710 0.026606
v -0.037541 0.019922 0.026236
v -0.042185 0.018510 0.028833
v -0.042694 0.018878 0.028094
v -0.044183 0.019155 0.027897
v -0.043413 0.020199 0.026859
v -0.043479 0.021089 0.026742
v -0.044365 0.019811 0.027438
v -0.044519 0.020891 0.027152
v -0.043157 0.019423 0.027355
v -0.043343 0.021950 0.026867
v -0.044411 0.021814 0.027464
v -0.045281 0.018273 0.027803
v -0.045202 0.019158 0.027409
v -0.045601 0.020345 0.026623
v -0.045723 0.018314 0.027253
v -0.046379 0.018362 0.026450
v -0.046174 0.017065 0.027034
v -0.046365 0.021223 0.025988
v -0.047447 0.021742 0.024973
v -0.047582 0.018350 0.025375
v -0.047172 0.016773 0.026070
v -0.044890 0.019651 0.027288
v -0.045100 0.020582 0.026877
v -0.045618 0.022564 0.027116
v -0.046232 0.023548 0.026687
v -0.045225 0.021934 0.027417
v -0.044596 0.022911 0.028531
v -0.044757 0.023566 0.028340
v -0.045266 0.024486 0.027991
v -0.043730 0.024477 0.029757
v -0.044150 0.025526 0.029504
v -0.043620 0.023771 0.029938
v -0.045013 0.021750 0.027435
v -0.044709 0.022745 0.028417
v -0.043976 0.023790 0.029820
v -0.042821 0.024536 0.031680
v -0.040824 0.025660 0.033529
v -0.040541 0.025693 0.032266
v -0.037996 0.026904 0.035195
v -0.037616 0.026675 0.034022
v -0.033783 0.031538 0.036473
v -0.039444 0.031025 0.035161
v -0.037002 0.026631 0.031963
v -0.034361 0.024595 0.028222
v -0.032718 0.024678 0.028806
v -0.033691 0.026638 0.033071
v -0.023054 0.023334 0.033024
v -0.023924 0.024381 0.033626
v -0.028012 0.023485 0.029065
v -0.027469 0.023007 0.028794
v -0.021597 0.023503 0.033563
v -0.023001 0.024509 0.034221
v -0.027700 0.025954 0.033933
v -0.029789 0.024211 0.029349
v -0.028748 0.023868 0.029263
v -0.025778 0.025222 0.033706
v -0.027086 0.026616 0.035679
v -0.024622 0.025480 0.034929
v -0.034068 0.027213 0.035125
v -0.022103 0.072709 -0.148604
v -0.021397 0.056907 -0.150616
v -0.040468 0.058624 -0.141595
v -0.041061 0.072351 -0.140205
v -0.039554 0.025902 0.030427
v -0.035718 0.024270 0.027449
v -0.051047 0.073346 -0.132456
v -0.050321 0.082122 -0.129716
v -0.041459 0.084086 -0.135169
v -0.038280 -0.061780 -0.101647
v -0.027264 -0.073091 -0.106815
v -0.019294 0.023214 0.034628
v -0.021231 0.024583 0.034892
v -0.017952 0.021797 0.034373
v -0.017749 0.021249 0.034166
v -0.019165 0.022518 0.034306
v -0.020882 0.023973 0.034673
v -0.023566 0.025804 0.035359
v -0.023197 0.025511 0.035487
v -0.026540 0.026867 0.036456
v -0.026516 0.026918 0.036485
v -0.033914 0.027548 0.036118
v -0.033918 0.027542 0.036270
v -0.026115 0.027297 0.036105
v -0.022853 0.025713 0.035075
v -0.025426 0.028434 0.035589
v -0.022559 0.026893 0.034710
v -0.033776 0.028972 0.035565
v -0.033939 0.028211 0.036109
v -0.021423 0.018692 0.034870
v -0.019146 0.019083 0.034589
v -0.021936 0.018834 0.034806
v -0.019431 0.019135 0.034505
v -0.023074 0.018961 0.034035
v -0.018316 0.019732 0.034141
v -0.017858 0.019726 0.034236
v -0.023914 0.019002 0.033558
v -0.018481 0.022401 0.033959
v -0.017004 0.020851 0.034136
v -0.017088 0.023217 0.033051
v -0.016248 0.020938 0.033692
v -0.019564 0.025814 0.033340
v -0.020263 0.024069 0.033957
v -0.016920 0.019676 0.034180
v -0.017601 0.019091 0.034469
v -0.016184 0.019664 0.034062
v -0.016867 0.018890 0.034456
v -0.024155 0.016089 0.036639
v -0.023904 0.015458 0.036794
v -0.020835 0.017467 0.035699
v -0.020211 0.017049 0.035726
v -0.032746 0.012659 0.036623
v -0.036096 0.012601 0.035620
v -0.032377 0.011786 0.036827
v -0.035973 0.011607 0.035668
v -0.027276 0.012369 0.037722
v -0.027718 0.013177 0.037379
v -0.032425 -0.116554 -0.015708
v -0.046654 0.014262 0.027528
v -0.047815 0.013372 0.027007
v -0.046136 0.012654 0.028860
v -0.045192 0.013774 0.029056
v -0.043514 0.013322 0.030714
v -0.044023 0.012166 0.030787
v -0.041545 0.011869 0.032587
v -0.041316 0.012826 0.032521
v -0.038931 0.012822 0.033924
v -0.039176 0.011599 0.034137
v -0.049169 0.017872 0.024008
v -0.049537 0.021541 0.022892
v -0.050802 0.017216 0.022427
v -0.051754 0.021100 0.020808
v -0.014875 0.024489 0.033428
v -0.014724 0.021448 0.033431
v -0.013032 0.025272 0.034772
v -0.012995 0.022128 0.034546
v -0.014445 0.028454 0.035762
v -0.016602 0.027620 0.033989
v -0.015218 0.019674 0.034121
v -0.016104 0.018593 0.034429
v -0.014017 0.019557 0.034684
v -0.015224 0.018155 0.035040
v -0.023422 0.014758 0.036975
v -0.022921 0.013974 0.037288
v -0.019586 0.016532 0.036062
v -0.018795 0.015823 0.036406
v -0.048855 -0.010025 -0.117552
v -0.052742 0.031429 -0.130569
v -0.046858 0.034590 0.033236
v -0.044201 0.031967 0.033479
v -0.040886 0.033136 0.035897
v -0.043026 0.036344 0.036696
v -0.050220 0.038516 0.031780
v -0.051994 0.034946 0.028378
v -0.049114 0.032327 0.029929
v -0.046622 0.030339 0.030952
v -0.050183 0.024783 0.023464
v -0.048423 0.024811 0.025081
v -0.048415 0.026695 0.026453
v -0.050239 0.027279 0.024965
v -0.052272 0.024706 0.021327
v -0.052625 0.028057 0.023048
v -0.049813 0.029671 0.027212
v -0.047682 0.028444 0.028508
v -0.052462 0.031081 0.025604
v -0.022801 0.033088 0.038198
v -0.023440 0.031741 0.036575
v -0.020624 0.029622 0.034992
v -0.019060 0.030321 0.036011
v -0.021657 0.034318 0.039522
v -0.016962 0.031132 0.037187
v -0.036070 0.036817 0.039712
v -0.034942 0.034015 0.038049
v -0.024984 0.028972 0.035215
v -0.023082 0.027851 0.034901
v -0.024431 0.029959 0.035121
v -0.022357 0.028245 0.034670
v -0.057748 0.091869 -0.110772
v -0.059700 0.097538 -0.098328
v -0.044456 0.109876 -0.105393
v -0.042970 0.101508 -0.117078
v -0.040582 0.028353 0.033033
v -0.041280 0.029075 0.032980
v -0.043574 0.028042 0.031201
v -0.042928 0.027407 0.031316
v -0.044675 0.026396 0.029430
v -0.045354 0.027025 0.029384
v -0.046384 0.025929 0.027756
v -0.045771 0.025478 0.027908
v -0.046366 0.024565 0.026779
v -0.046889 0.024598 0.026320
v -0.022172 0.029365 0.035058
v -0.024187 0.030485 0.035703
v -0.051308 0.061300 -0.132381
v -0.044761 0.073492 0.023241
v -0.051278 0.069673 0.016138
v -0.048389 0.062999 0.021018
v -0.042233 0.030016 0.033516
v -0.044651 0.028858 0.031381
v -0.046243 0.027628 0.029229
v -0.047191 0.026285 0.027458
v -0.047640 0.025340 0.026301
v -0.071267 -0.013223 -0.040607
v -0.071411 -0.013058 -0.042587
v -0.079166 -0.003067 -0.067850
v -0.077210 0.003694 -0.068013
v -0.076888 0.007155 -0.066528
v -0.079897 0.013678 -0.053168
v -0.081276 0.017274 -0.055604
v -0.082788 -0.020946 -0.060987
v -0.079978 -0.022801 -0.057037
v -0.082624 -0.020157 -0.061616
v -0.087124 0.012808 -0.064366
v -0.087468 0.011190 -0.065466
v -0.089679 0.010868 -0.064688
v -0.043320 -0.032269 -0.108705
v -0.047522 -0.019562 -0.114665
v -0.087730 0.009407 -0.066634
v -0.072759 -0.008434 -0.045437
v -0.080555 -0.003486 -0.068151
v -0.082166 -0.004020 -0.069922
v -0.083338 -0.008971 -0.069930
v -0.082548 -0.008463 -0.069157
v -0.082371 -0.014164 -0.068552
v -0.081701 -0.013257 -0.067806
v -0.083724 -0.017537 -0.064633
v -0.083621 -0.013531 -0.068230
v -0.082253 0.017784 -0.056941
v -0.082279 0.016833 -0.056242
v -0.083042 0.017820 -0.057298
v -0.073526 -0.009410 -0.046770
v -0.078874 0.011398 -0.053023
v -0.077990 0.009736 -0.051925
v -0.078031 0.010018 -0.052096
v -0.072247 -0.004352 -0.049596
v -0.072003 -0.003569 -0.049921
v -0.073060 -0.005921 -0.049111
v -0.074390 -0.007144 -0.047302
v -0.069343 -0.014659 -0.049447
v -0.068909 -0.015430 -0.051577
v -0.068464 -0.016164 -0.050776
v -0.085733 0.022256 -0.059430
v -0.077966 0.008966 -0.051628
v -0.078950 0.009972 -0.051950
v -0.079652 0.010959 -0.052193
v -0.083737 0.017066 -0.057405
v -0.080022 0.011792 -0.052301
v -0.079416 0.011764 -0.052468
v -0.080232 0.013425 -0.053078
v -0.079124 0.011795 -0.052580
v -0.073771 -0.011828 -0.064332
v -0.072748 -0.011727 -0.061953
v -0.074767 0.006534 -0.040532
v -0.074903 0.004650 -0.042828
v -0.079300 -0.023570 -0.054975
v -0.076789 0.012007 -0.059836
v -0.077319 0.015488 -0.061661
v -0.085700 -0.009407 -0.069806
v -0.079008 -0.015537 -0.059315
v -0.076949 -0.016410 -0.057875
v -0.081235 -0.014242 -0.061033
v -0.082724 -0.011519 -0.062891
v -0.075477 0.003056 -0.054588
v -0.084336 0.007441 -0.059900
v -0.084502 0.005636 -0.061114
v -0.082828 0.007514 -0.058360
v -0.077660 0.018703 -0.059774
v -0.078051 0.018437 -0.057473
v -0.075377 0.015452 -0.058656
v -0.078319 0.016564 -0.057167
v -0.071179 -0.011358 -0.048609
v -0.069364 -0.016934 -0.053320
v -0.070921 -0.015600 -0.054954
v -0.070587 -0.017528 -0.054279
v -0.071576 -0.016513 -0.056056
v -0.071529 -0.015159 -0.057525
v -0.071746 -0.013242 -0.058891
v -0.072761 -0.011439 -0.059162
v -0.070923 -0.007276 -0.049189
v -0.077574 0.018819 -0.048596
v -0.070402 -0.009102 -0.049177
v -0.072558 -0.005657 -0.049124
v -0.072442 -0.007307 -0.048649
v -0.071847 -0.009257 -0.048406
v -0.075860 -0.018893 -0.051306
v -0.075698 -0.017617 -0.054030
v -0.074508 -0.018344 -0.050634
v -0.075799 -0.017147 -0.056290
v -0.073383 -0.018036 -0.050236
v -0.078043 0.012892 -0.058673
v -0.078602 0.016124 -0.058830
v -0.071098 -0.010049 -0.038855
v -0.064077 -0.002317 0.011794
v -0.066921 0.007251 0.006608
v -0.027050 -0.049370 0.035596
v -0.025859 -0.052142 0.035772
v -0.056120 -0.012335 0.025593
v -0.052200 -0.014983 0.030672
v -0.025133 -0.044069 0.045243
v -0.023957 -0.045305 0.045650
v -0.022961 -0.044897 0.046178
v -0.024157 -0.044319 0.045353
v -0.022634 -0.044312 0.046118
v -0.023533 -0.044893 0.045101
v -0.022824 -0.044894 0.045842
v -0.021999 -0.044465 0.046513
v -0.029266 -0.029657 0.047647
v -0.032954 -0.025663 0.046135
v -0.035882 -0.030048 0.044696
v -0.032267 -0.033395 0.045933
v -0.025838 -0.046377 0.038055
v -0.025863 -0.044731 0.038388
v -0.025042 -0.043816 0.040888
v -0.025124 -0.045288 0.040739
v -0.025600 -0.047394 0.038158
v -0.024735 -0.045969 0.040955
v -0.027274 -0.047645 0.035558
v -0.027297 -0.045109 0.035860
v -0.034176 -0.050591 0.041601
v -0.030473 -0.048400 0.043009
v -0.031348 -0.045224 0.043046
v -0.034884 -0.045999 0.041405
v -0.025379 -0.017902 0.045910
v -0.029340 -0.021499 0.046341
v -0.026629 -0.025767 0.047939
v -0.022441 -0.021399 0.047470
v -0.018551 -0.017002 0.047258
v -0.021218 -0.013778 0.045384
v -0.015817 -0.009197 0.050596
v -0.016624 -0.012683 0.052046
v -0.015979 -0.013575 0.055314
v -0.016147 -0.011751 0.054194
v -0.015059 -0.017904 0.054152
v -0.017090 -0.014718 0.050501
v -0.011121 -0.019483 0.054911
v -0.010844 -0.018925 0.055938
v -0.015360 -0.018363 0.052612
v -0.015770 -0.019279 0.050853
v -0.011818 -0.019921 0.053873
v -0.010201 -0.018056 0.056884
v -0.013077 -0.017600 0.056697
v -0.014228 -0.015051 0.057863
v -0.003832 -0.016533 0.064905
v -0.004738 -0.014860 0.066945
v -0.009564 0.014379 0.049903
v -0.012769 0.011037 0.047234
v -0.010041 0.011872 0.052386
v -0.012846 0.008723 0.049441
v -0.013260 -0.012616 0.061002
v -0.014320 -0.011162 0.059438
v -0.010737 -0.011392 0.064616
v -0.011283 -0.009242 0.064293
v -0.002819 0.028742 0.047599
v -0.002273 -0.020754 0.061331
v -0.002627 -0.021276 0.060992
v -0.001851 -0.019292 0.062760
v -0.022149 0.094297 -0.134688
v -0.022974 0.107676 -0.124739
v -0.021860 0.120583 -0.101360
v -0.019325 0.123941 -0.088698
v -0.005218 -0.037383 0.060611
v -0.005160 -0.034760 0.061142
v -0.012680 -0.041346 0.045724
v -0.007124 -0.041483 0.047130
v -0.006976 -0.042342 0.049934
v -0.012502 -0.042507 0.048710
v -0.016357 -0.042433 0.047053
v -0.017037 -0.041282 0.043981
v -0.012881 -0.040044 0.043269
v -0.007183 -0.040077 0.044303
v -0.011815 -0.043410 0.053874
v -0.006471 -0.043053 0.055852
v -0.005959 -0.041787 0.057691
v -0.011259 -0.042221 0.055215
v -0.018656 -0.023136 0.050159
v -0.014609 -0.022623 0.052678
v -0.010464 -0.022640 0.056227
v -0.007097 -0.022976 0.058954
v -0.006241 -0.021098 0.058968
v -0.008747 -0.020471 0.056632
v -0.005808 -0.020424 0.059163
v -0.008107 -0.019982 0.057082
v -0.007855 -0.019342 0.057580
v -0.008229 -0.018338 0.057821
v -0.006562 -0.018387 0.059040
v -0.006969 -0.017610 0.058803
v -0.005654 -0.019771 0.059445
v -0.004437 0.006623 0.065560
v -0.004304 0.010072 0.062697
v -0.010038 -0.033143 0.059431
v -0.005282 -0.032526 0.060942
v -0.004453 -0.028331 0.060807
v -0.009098 -0.028342 0.059310
v -0.013807 -0.029058 0.056740
v -0.014901 -0.034792 0.056537
v -0.002990 -0.021938 0.060760
v -0.010116 -0.035487 0.059213
v -0.010225 -0.037841 0.058476
v -0.015042 -0.037167 0.056168
v -0.015099 -0.039164 0.055399
v -0.019316 -0.037124 0.052982
v -0.019018 -0.030982 0.053605
v -0.024472 -0.033097 0.050080
v -0.022988 -0.039416 0.049553
v -0.031015 -0.042244 0.044017
v -0.026590 -0.044388 0.044803
v -0.026396 -0.042936 0.045434
v -0.025931 -0.041907 0.046358
v -0.030382 -0.039420 0.045358
v -0.034376 -0.041675 0.042482
v -0.033791 -0.037451 0.044112
v -0.028570 -0.036421 0.047309
v -0.025013 -0.040826 0.047514
v -0.025112 -0.043011 0.046001
v -0.024465 -0.042969 0.046122
v -0.024630 -0.042476 0.046802
v -0.023924 -0.042763 0.046845
v -0.023948 -0.042082 0.047637
v -0.023232 -0.042701 0.047479
v -0.021996 -0.042343 0.048642
v -0.022481 -0.041241 0.049176
v -0.022611 -0.043171 0.045832
v -0.021622 -0.043429 0.046807
v -0.021161 -0.043464 0.047463
v -0.022196 -0.043302 0.046553
v -0.023103 -0.043034 0.044917
v -0.022744 -0.043125 0.046029
v -0.024120 -0.043166 0.041500
v -0.023186 -0.042815 0.042220
v -0.024576 -0.044676 0.044908
v -0.022586 -0.043815 0.045361
v -0.022733 -0.044543 0.046037
v -0.023211 -0.042960 0.046687
v -0.022580 -0.043092 0.047135
v -0.021453 -0.043144 0.047960
v -0.015087 -0.040954 0.054212
v -0.018740 -0.040755 0.052080
v -0.018527 -0.042209 0.050951
v -0.015128 -0.042833 0.052648
v -0.018382 -0.043275 0.049880
v -0.017780 -0.040032 0.041447
v -0.015538 -0.043567 0.051484
v -0.021137 -0.041607 0.041483
v -0.022274 -0.040621 0.039075
v -0.020136 -0.042509 0.044488
v -0.025240 -0.043478 0.039045
v -0.024228 -0.042398 0.039461
v -0.026726 -0.043210 0.036348
v -0.025548 -0.041693 0.037120
v -0.018938 -0.043512 0.049048
v -0.019064 -0.039246 0.052672
v -0.010596 -0.040011 0.056961
v -0.005517 -0.039540 0.059157
v -0.004396 -0.001833 0.071249
v -0.004548 0.002864 0.068358
v -0.022254 -0.044522 0.046577
v -0.010959 -0.125014 -0.001685
v -0.025453 -0.045852 0.044981
v -0.024729 -0.049438 0.038271
v -0.023910 -0.046646 0.041557
v -0.031768 -0.055116 0.043229
v -0.027265 -0.058463 0.046724
v -0.024953 -0.054349 0.047667
v -0.028522 -0.051749 0.044452
v -0.021412 -0.048509 0.049017
v -0.023829 -0.047070 0.046481
v -0.022479 -0.045858 0.047268
v -0.019975 -0.046385 0.049730
v -0.019047 -0.044810 0.050150
v -0.021483 -0.044804 0.047625
v -0.018276 -0.042922 0.050987
v -0.013794 -0.042225 0.053354
v -0.013426 -0.046356 0.048758
v -0.018081 -0.046721 0.046382
v -0.022548 -0.046624 0.043139
v -0.021718 -0.043675 0.047368
v -0.017889 -0.043040 0.050308
v -0.020763 -0.043883 0.047702
v -0.013711 -0.042430 0.053377
v -0.021370 -0.121598 -0.007396
v -0.021008 -0.044050 0.047716
v -0.018332 -0.043440 0.050137
v -0.014170 -0.043079 0.053513
v -0.015028 -0.044942 0.053756
v -0.015933 -0.047022 0.053890
v -0.017082 -0.049850 0.053426
v -0.019979 -0.057301 0.051799
v -0.021578 -0.062270 0.050759
v -0.013654 -0.058777 0.055091
v -0.014818 -0.063815 0.054711
v -0.012152 -0.050860 0.057062
v -0.011431 -0.047347 0.057683
v -0.010612 -0.044932 0.057188
v -0.010010 -0.042886 0.056544
v -0.003627 -0.023416 0.060518
v -0.005347 -0.018275 0.060327
v -0.004156 -0.017624 0.062426
v -0.007010 -0.012925 0.067648
v -0.001643 -0.018158 0.064927
v -0.009355 -0.011468 0.066522
v -0.007708 -0.011855 0.068108
v -0.008030 -0.010426 0.068763
v -0.009107 -0.009991 0.067567
v -0.006238 -0.012469 0.069416
v -0.007282 -0.010687 0.069694
v -0.002396 -0.013696 0.071360
v -0.002994 -0.010373 0.072878
v -0.003979 -0.005537 0.072688
v -0.003351 -0.008557 0.073172
v -0.008423 -0.009129 0.069135
v -0.009626 -0.007588 0.067562
v -0.010125 -0.004646 0.065704
v -0.011987 -0.006864 0.062036
v -0.009933 0.128149 -0.045104
v -0.009521 -0.041971 0.056239
v -0.009007 -0.041711 0.055588
v -0.012701 -0.055750 0.040755
v -0.013034 -0.051607 0.043803
v -0.008192 -0.051771 0.045361
v -0.007855 -0.055873 0.042522
v -0.004820 -0.041383 0.056767
v -0.004772 -0.046117 0.051346
v -0.008657 -0.046129 0.050456
v -0.004950 -0.041751 0.057504
v -0.005362 -0.042809 0.058152
v -0.005841 -0.044876 0.059070
v -0.004495 -0.051928 0.046094
v -0.004288 -0.056269 0.043242
v -0.022927 -0.050598 0.039341
v -0.023001 -0.054336 0.036667
v -0.018067 -0.051640 0.041786
v -0.018081 -0.055082 0.039098
v -0.007926 -0.063975 0.057723
v -0.007124 -0.059116 0.057430
v -0.006435 -0.047674 0.059538
v -0.006697 -0.051491 0.058985
v -0.022965 0.115935 -0.113994
v -0.063700 0.076195 -0.006683
v -0.060962 0.069071 0.000785
v -0.055193 0.076831 0.008592
v -0.057105 0.082392 0.001055
v -0.063930 0.083988 -0.015061
v -0.056612 0.088487 -0.007324
v -0.039907 0.121546 -0.064411
v -0.040504 0.120925 -0.050067
v -0.021107 0.125820 -0.046301
v -0.034781 0.121676 -0.078444
v -0.047757 0.114373 -0.088044
v -0.049905 0.116765 -0.068387
v -0.049799 0.116486 -0.052868
v -0.027422 -0.085106 -0.108138
v -0.053916 0.043955 -0.133318
v -0.048500 0.115430 -0.038904
v -0.039986 0.119326 -0.036147
v -0.039693 0.116501 -0.023531
v -0.047193 0.113020 -0.027035
v -0.021070 0.123764 -0.031834
v -0.009981 0.125627 -0.030117
v -0.020422 0.007084 -0.146915
v -0.004069 0.013286 0.059775
v -0.047690 -0.048488 -0.091512
v -0.056825 -0.049051 -0.073939
v -0.060261 -0.101713 -0.050748
v -0.069705 -0.027163 -0.056915
v -0.069337 -0.026337 -0.057667
v -0.060250 -0.064535 -0.054908
v -0.060043 -0.050303 -0.055855
v -0.038487 -0.047117 -0.102873
v -0.078512 -0.014792 -0.066922
v -0.079356 -0.011083 -0.067346
v -0.079679 -0.015739 -0.066828
v -0.080682 -0.011669 -0.067443
v -0.080981 -0.007457 -0.067935
v -0.080215 -0.017653 -0.066396
v -0.078225 0.018111 -0.055795
v -0.080057 0.019378 -0.054619
v -0.069129 -0.028724 -0.052582
v -0.069239 -0.028142 -0.054183
v -0.069003 -0.028509 -0.053257
v -0.068663 -0.028941 -0.052009
v -0.068743 -0.029332 -0.051151
v -0.068455 -0.029336 -0.051073
v -0.077819 0.035043 -0.048144
v -0.067644 -0.028399 -0.054203
v -0.069010 -0.026927 -0.057146
v -0.069017 -0.027617 -0.055492
v -0.068765 -0.028457 -0.054011
v -0.068242 -0.029210 -0.051965
v -0.068047 -0.029949 -0.050474
v -0.068260 -0.030370 -0.050058
v -0.080302 -0.018798 -0.066854
v -0.072780 -0.029227 -0.055506
v -0.076675 0.012720 -0.062235
v -0.076606 0.011024 -0.064021
v -0.078591 0.012274 -0.065262
v -0.078641 0.014155 -0.063523
v -0.058781 -0.009268 -0.105541
v -0.062137 0.001202 -0.111277
v -0.014123 -0.082735 -0.112251
v -0.014098 -0.069935 -0.112985
v -0.075588 0.033543 -0.095741
v -0.076807 0.014071 -0.060718
v -0.078998 0.015700 -0.061907
v -0.079549 -0.007029 -0.067633
v -0.074518 0.013954 -0.060589
v -0.075103 0.012460 -0.062580
v -0.080422 0.017113 -0.063389
v -0.079940 0.015359 -0.065108
v -0.079927 0.013075 -0.066848
v -0.075539 0.010752 -0.064206
v -0.078007 0.017184 -0.061623
v -0.079005 0.063538 -0.071942
v -0.078363 0.057924 -0.085837
v -0.077729 0.080901 -0.075441
v -0.076709 0.075972 -0.090937
v -0.071333 0.069989 -0.106686
v -0.075007 0.051232 -0.102174
v -0.078000 0.018433 -0.056303
v -0.081184 0.020393 -0.055236
v -0.063255 0.089917 -0.023377
v -0.069257 0.085436 -0.030336
v -0.056061 0.093864 -0.014871
v -0.056013 0.099206 -0.021492
v -0.062070 0.095723 -0.030497
v -0.069854 0.089503 -0.042452
v -0.078697 0.054210 -0.057118
v -0.078115 0.068884 -0.057801
v -0.075889 0.072929 -0.044021
v -0.074989 0.085456 -0.059654
v -0.065166 0.098264 -0.048858
v -0.068751 0.094700 -0.063424
v -0.059268 0.107741 -0.052588
v -0.061149 0.105670 -0.067347
v -0.060639 0.102829 -0.083336
v -0.070687 0.091106 -0.078556
v -0.060656 0.101507 -0.036480
v -0.054974 0.104535 -0.026617
v -0.056467 0.108782 -0.039761
v -0.053160 0.109171 -0.030999
v -0.074149 0.074611 -0.036664
v -0.063376 -0.034268 -0.049201
v -0.065337 -0.034681 -0.043894
v -0.070991 -0.024234 -0.035966
v -0.068665 0.000300 -0.000524
v -0.069310 0.013019 -0.003053
v -0.072671 0.004945 -0.013735
v -0.069012 -0.009614 -0.012167
v -0.065808 0.026599 -0.005558
v -0.070296 0.019204 -0.015626
v -0.070624 0.033734 -0.017917
v -0.068035 0.041171 -0.005472
v -0.061921 0.064631 -0.121318
v -0.065732 0.047937 -0.120499
v -0.065587 0.035104 -0.118249
v -0.046923 0.057252 0.025022
v -0.022308 0.086275 -0.142044
v -0.047311 0.081117 0.015980
v -0.055153 0.085309 -0.122380
v -0.041503 0.090765 -0.128205
v -0.070705 0.086952 -0.093824
v -0.068290 0.082261 -0.107793
v -0.060354 0.075971 -0.122877
v -0.064460 0.018933 -0.116161
v -0.047531 0.108566 -0.019518
v -0.054780 0.024434 0.018356
v -0.054496 0.019605 0.017965
v -0.055247 0.029183 0.019912
v -0.053706 0.014771 0.020591
v -0.016030 0.007710 0.045154
v -0.015634 0.005557 0.046965
v -0.015060 0.002858 0.048757
v -0.018640 0.002640 0.044732
v -0.017738 -0.000498 0.046115
v -0.012109 0.003305 0.053994
v -0.012675 0.006011 0.051720
v -0.014169 0.000286 0.050429
v -0.013437 -0.002876 0.052051
v -0.011708 0.000200 0.056115
v -0.017742 -0.014905 0.048265
v -0.018359 -0.010367 0.046049
v -0.015577 -0.006504 0.048394
v -0.021240 -0.003446 0.044189
v -0.019963 -0.006635 0.045018
v -0.016623 -0.003188 0.047177
v -0.022560 -0.000071 0.042893
v -0.013942 -0.006465 0.054433
v -0.014756 -0.009673 0.057352
v -0.011559 -0.003444 0.059103
v -0.010132 -0.001131 0.062609
v -0.010262 0.002693 0.059663
v -0.019370 0.005038 0.043299
v -0.023865 0.002677 0.041867
v -0.023828 -0.009920 0.044375
v -0.028536 -0.013006 0.044372
v -0.025818 -0.005882 0.042956
v -0.030035 -0.008468 0.042360
v -0.027028 -0.002343 0.041849
v -0.031316 -0.004794 0.040840
v -0.032718 -0.016829 0.044579
v -0.036611 -0.020731 0.044298
v -0.040131 -0.026230 0.043088
v -0.038927 -0.015716 0.041474
v -0.043357 -0.021053 0.040500
v -0.040332 -0.010784 0.038719
v -0.045210 -0.015771 0.037375
v -0.034595 -0.011641 0.041807
v -0.036076 -0.007748 0.039714
v -0.032614 -0.001061 0.039531
v -0.028426 0.001003 0.040807
v -0.041698 -0.000038 0.035689
v -0.041206 -0.005595 0.036822
v -0.036986 -0.003253 0.038129
v -0.037749 0.001340 0.037010
v -0.046126 -0.009181 0.034670
v -0.046159 -0.001727 0.033816
v -0.045702 0.003379 0.033074
v -0.031686 0.010001 0.037595
v -0.026711 0.010747 0.038422
v -0.035452 0.009614 0.036475
v -0.041654 0.004073 0.034885
v -0.038265 0.004771 0.036297
v -0.049933 0.010653 0.027006
v -0.047621 0.009909 0.029330
v -0.041823 0.009346 0.033561
v -0.038855 0.009367 0.035080
v -0.044892 0.009550 0.031572
v -0.022061 0.012381 0.038220
v -0.017484 0.014367 0.037866
v -0.057227 -0.062538 -0.071470
v -0.010149 0.006060 0.057428
v -0.010222 0.009016 0.054890
v -0.014299 0.031525 0.038940
v -0.011696 0.028710 0.038022
v -0.005903 0.028747 0.045022
v -0.018512 0.035239 0.041920
v -0.014127 0.016855 0.037342
v -0.011961 0.019211 0.036931
v -0.010645 0.021991 0.036942
v -0.010230 0.025504 0.037270
v -0.029986 0.048663 0.043764
v -0.026578 0.041865 0.045737
v -0.056720 0.062061 0.009267
v -0.061080 0.053847 0.005695
v -0.051509 0.044043 0.028862
v -0.054491 0.039643 0.025500
v -0.055513 0.034363 0.022292
v -0.064319 0.042417 0.003446
v -0.063189 0.029866 0.002103
v -0.065051 0.018140 0.003369
v -0.047857 0.092183 0.000668
v -0.047665 0.097719 -0.006216
v -0.048214 0.086797 0.008351
v -0.039472 0.112276 -0.013982
v -0.039294 0.107255 -0.005768
v -0.047789 0.103358 -0.012742
v -0.039220 0.101343 0.001050
v -0.039252 0.095385 0.007509
v -0.039144 0.089884 0.014929
v -0.038752 0.084246 0.022718
v -0.037118 0.075861 0.029616
v -0.048414 -0.061423 -0.090143
v -0.007274 -0.006369 0.055327
v -0.006693 -0.006436 0.055858
v -0.005921 -0.007613 0.054071
v -0.005251 -0.007020 0.055050
v -0.006097 -0.008325 0.054569
v -0.006330 -0.016155 0.058084
v -0.005049 -0.014169 0.056815
v -0.005392 -0.010524 0.055549
v -0.069987 -0.030728 -0.038234
v -0.059372 -0.097379 -0.066078
v -0.055525 -0.093836 -0.079842
v 0.057711 -0.096697 -0.065752
v 0.053693 -0.093168 -0.079535
v 0.021289 -0.127582 -0.008343
v 0.032975 -0.123459 -0.015518
v 0.034522 -0.132111 -0.016228
v 0.021753 -0.135500 -0.010417
v 0.058996 -0.115167 -0.071261
v 0.057580 -0.105945 -0.066993
v 0.054608 -0.102221 -0.081843
v 0.056500 -0.111697 -0.086666
v 0.047760 -0.099888 -0.094876
v 0.049627 -0.110525 -0.099710
v 0.039077 -0.110754 -0.109454
v 0.037957 -0.098395 -0.104983
v 0.025828 -0.097615 -0.112361
v 0.026607 -0.111118 -0.115658
v 0.044242 -0.118620 -0.025372
v 0.052720 -0.113768 -0.037642
v 0.055231 -0.123108 -0.039567
v 0.046527 -0.127717 -0.026030
v 0.057620 -0.109645 -0.051481
v 0.059293 -0.118978 -0.055082
v 0.012943 -0.111108 -0.118657
v 0.012449 -0.096621 -0.115999
v 0.022938 -0.154900 -0.015048
v 0.009941 -0.157221 -0.013331
v 0.009951 -0.146537 -0.011459
v 0.021906 -0.144772 -0.013950
v 0.053999 -0.158292 -0.033150
v 0.067242 -0.152423 -0.047464
v 0.074421 -0.159951 -0.043120
v 0.058449 -0.167330 -0.029671
v 0.095894 -0.157680 -0.055456
v 0.104893 -0.147678 -0.077857
v 0.038547 -0.162148 -0.021588
v 0.040695 -0.171754 -0.018569
v -0.001128 -0.123090 -0.127133
v -0.001175 -0.110721 -0.119143
v 0.095194 -0.141729 -0.080259
v 0.094804 -0.137238 -0.104357
v 0.106524 -0.143973 -0.102540
v 0.053194 -0.158962 -0.143830
v 0.053454 -0.165551 -0.147325
v 0.068605 -0.160891 -0.144599
v 0.064309 -0.155111 -0.139999
v 0.074107 -0.124944 -0.099219
v 0.063126 -0.125577 -0.114700
v 0.071260 -0.133003 -0.120310
v 0.084545 -0.130542 -0.103449
v 0.036108 -0.143434 -0.135903
v 0.054178 -0.137762 -0.130518
v 0.048529 -0.128856 -0.125731
v 0.032302 -0.132012 -0.131938
v 0.086034 -0.135876 -0.080621
v 0.076148 -0.129803 -0.078821
v 0.077633 -0.145357 -0.063258
v 0.070298 -0.137202 -0.061735
v 0.061589 -0.143337 -0.046633
v 0.055404 -0.119245 -0.106996
v 0.043284 -0.120608 -0.117220
v 0.029098 -0.122087 -0.123758
v 0.014035 -0.122984 -0.126694
v -0.000774 -0.172218 -0.145431
v -0.000825 -0.159883 -0.143610
v 0.017344 -0.146192 -0.137242
v 0.015723 -0.134176 -0.134222
v 0.086163 -0.151893 -0.061326
v 0.064472 -0.128214 -0.058927
v 0.058828 -0.133078 -0.042667
v 0.064677 -0.175276 -0.019839
v 0.082879 -0.168043 -0.035003
v 0.044715 -0.180465 -0.009209
v 0.026831 -0.184225 -0.003011
v 0.018992 -0.158620 -0.142295
v 0.018362 -0.170639 -0.145002
v 0.037523 -0.167728 -0.146256
v 0.041166 -0.155474 -0.141536
v 0.049616 -0.148357 -0.033001
v 0.036492 -0.152165 -0.021849
v 0.023633 -0.164648 -0.013833
v 0.063562 -0.119449 -0.092845
v 0.066014 -0.123033 -0.075738
v 0.048176 -0.137701 -0.029380
v 0.034966 -0.141951 -0.019900
v 0.009940 -0.137807 -0.006971
v 0.024530 -0.174511 -0.010783
v 0.095442 -0.148644 -0.123255
v 0.082709 -0.155274 -0.136592
v 0.075524 -0.151818 -0.134520
v -0.001133 -0.147118 -0.138253
v -0.001046 -0.147180 -0.011058
v -0.001387 -0.157749 -0.013179
v -0.000618 -0.138450 -0.005915
v 0.080073 -0.143061 -0.125255
v 0.059733 -0.148036 -0.134855
v -0.000513 -0.131692 -0.001751
v -0.001248 -0.096011 -0.116911
v -0.001501 -0.168745 -0.014843
v -0.001450 -0.181355 -0.013126
v -0.001279 -0.190275 -0.002419
v 0.010322 -0.130658 -0.003432
v 0.011131 -0.178833 -0.011519
v 0.010159 -0.167530 -0.013522
v 0.012216 -0.188481 -0.002288
v -0.001054 -0.134460 -0.134813
v -0.022037 -0.127871 -0.008575
v -0.033723 -0.123793 -0.015794
v -0.035458 -0.132396 -0.016461
v -0.022671 -0.135701 -0.010632
v -0.060630 -0.115922 -0.071647
v -0.059143 -0.106775 -0.067367
v -0.056300 -0.102970 -0.082080
v -0.058216 -0.112406 -0.086928
v -0.049675 -0.100547 -0.094983
v -0.051520 -0.111109 -0.099848
v -0.041074 -0.111207 -0.109543
v -0.040034 -0.098912 -0.105039
v -0.027989 -0.097974 -0.112402
v -0.028683 -0.111437 -0.115730
v -0.045236 -0.119239 -0.025683
v -0.053761 -0.114666 -0.038146
v -0.056276 -0.123676 -0.039846
v -0.047632 -0.128120 -0.026248
v -0.059124 -0.110617 -0.051946
v -0.060729 -0.119886 -0.055468
v -0.015117 -0.111300 -0.118650
v -0.014814 -0.096826 -0.116000
v -0.024781 -0.155127 -0.014944
v -0.012203 -0.157243 -0.013251
v -0.011446 -0.146576 -0.011559
v -0.023354 -0.144964 -0.014144
v -0.055058 -0.159197 -0.033844
v -0.068321 -0.153119 -0.048130
v -0.075506 -0.160503 -0.043729
v -0.059783 -0.167893 -0.030029
v -0.097046 -0.158249 -0.056033
v -0.106119 -0.148307 -0.078457
v -0.040269 -0.162713 -0.021701
v -0.042634 -0.172546 -0.018799
v -0.096511 -0.142369 -0.080770
v -0.096337 -0.137733 -0.104698
v -0.107989 -0.144490 -0.102978
v -0.054916 -0.159172 -0.144135
v -0.055167 -0.165742 -0.147591
v -0.070238 -0.161102 -0.144945
v -0.066022 -0.155371 -0.140281
v -0.075850 -0.125379 -0.099424
v -0.064928 -0.126163 -0.114912
v -0.072978 -0.133477 -0.120444
v -0.086136 -0.131043 -0.103666
v -0.037929 -0.143702 -0.136004
v -0.056004 -0.137976 -0.130632
v -0.050353 -0.128671 -0.125648
v -0.034169 -0.132253 -0.131965
v -0.087398 -0.136516 -0.081041
v -0.077546 -0.130407 -0.079171
v -0.078856 -0.146041 -0.063837
v -0.071475 -0.137944 -0.062356
v -0.062370 -0.144150 -0.047620
v -0.057277 -0.119649 -0.107192
v -0.045250 -0.120913 -0.117374
v -0.031120 -0.122289 -0.123815
v -0.015980 -0.123553 -0.126875
v -0.019409 -0.146923 -0.137381
v -0.018195 -0.132821 -0.134155
v -0.087369 -0.152508 -0.061917
v -0.065677 -0.128997 -0.059529
v -0.059804 -0.133736 -0.043375
v -0.066302 -0.176189 -0.020020
v -0.084114 -0.168728 -0.035527
v -0.046843 -0.181192 -0.009187
v -0.029287 -0.184501 -0.002711
v -0.020868 -0.158665 -0.142446
v -0.020049 -0.170700 -0.145035
v -0.039088 -0.167987 -0.146435
v -0.042905 -0.155692 -0.141770
v -0.050803 -0.148960 -0.033709
v -0.038144 -0.152605 -0.021841
v -0.025861 -0.165158 -0.013977
v -0.065358 -0.119954 -0.093099
v -0.067676 -0.123653 -0.076091
v -0.049469 -0.138128 -0.029814
v -0.036292 -0.142288 -0.020190
v -0.011365 -0.137918 -0.007228
v -0.027009 -0.174918 -0.010753
v -0.097001 -0.149076 -0.123561
v -0.084358 -0.155565 -0.136929
v -0.077193 -0.152132 -0.134760
v -0.081708 -0.143534 -0.125462
v -0.061443 -0.148386 -0.135045
v -0.011290 -0.130748 -0.003714
v -0.013790 -0.179110 -0.011404
v -0.012727 -0.167895 -0.013649
v -0.014608 -0.188448 -0.002115
v -0.006350 -0.008314 0.054317
v -0.068311 -0.032787 -0.015465
v -0.066333 -0.040200 -0.023028
v -0.063962 -0.051608 -0.015190
v -0.063989 -0.042940 -0.007593
v -0.060307 -0.062185 -0.006848
v -0.061956 -0.051623 -0.001036
v -0.053474 -0.069527 0.002503
v -0.058803 -0.059749 0.006811
v -0.047853 -0.073566 0.012538
v -0.053955 -0.064640 0.015401
v -0.032990 -0.076162 0.034650
v -0.031431 -0.081237 0.031048
v -0.024886 -0.083905 0.039239
v -0.025116 -0.079663 0.043119
v -0.017803 -0.086197 0.046367
v -0.018021 -0.081855 0.050037
v -0.009832 -0.087024 0.050466
v -0.009702 -0.082718 0.054291
v -0.000127 -0.086908 0.052411
v -0.000129 -0.082432 0.056035
v -0.000068 -0.073322 0.059005
v -0.008723 -0.073655 0.057696
v -0.009104 -0.078234 0.056320
v -0.000150 -0.078443 0.057667
v -0.016118 -0.072997 0.053964
v -0.017198 -0.077794 0.052168
v -0.023003 -0.070879 0.048649
v -0.024260 -0.075653 0.046024
v -0.031213 -0.067154 0.042296
v -0.032453 -0.071984 0.038627
v -0.037865 -0.062788 0.038449
v -0.041024 -0.065893 0.033717
v -0.009128 -0.090752 0.044063
v -0.000125 -0.090472 0.046460
v -0.016783 -0.090019 0.040293
v -0.023671 -0.087827 0.034037
v -0.029605 -0.085878 0.026745
v -0.041099 -0.076371 0.022245
v -0.035818 -0.083777 0.018276
v -0.042671 -0.079439 0.009547
v -0.047632 -0.075251 -0.001531
v -0.056123 -0.068130 -0.012492
v -0.063043 -0.057228 -0.022639
v -0.064871 -0.044499 -0.030426
v -0.069173 -0.032536 -0.028472
v -0.015246 -0.068692 0.054829
v -0.008328 -0.068916 0.058149
v -0.021631 -0.066849 0.050410
v -0.029180 -0.062859 0.045045
v -0.035043 -0.058867 0.041416
v -0.038745 -0.046865 0.038993
v -0.038186 -0.053142 0.039631
v -0.037741 -0.035254 0.042285
v -0.038133 -0.040919 0.040131
v -0.046537 -0.028812 0.037934
v -0.047082 -0.037312 0.033675
v -0.042569 -0.039872 0.037035
v -0.042238 -0.032527 0.040301
v -0.049946 -0.022854 0.034791
v -0.051760 -0.033275 0.030093
v -0.008298 -0.093755 0.038259
v -0.000115 -0.093897 0.039534
v -0.015236 -0.093404 0.034725
v -0.021320 -0.092439 0.028879
v -0.025831 -0.091983 0.021906
v -0.030749 -0.090854 0.014117
v -0.035683 -0.088128 0.005123
v -0.041592 -0.083431 -0.005691
v -0.050155 -0.074983 -0.017899
v -0.060869 -0.062233 -0.029090
v -0.062654 -0.048603 -0.037138
v -0.022429 -0.099301 0.009484
v -0.018316 -0.098724 0.015826
v -0.014711 -0.098897 0.021391
v -0.011420 -0.098572 0.026283
v -0.006569 -0.099737 0.025742
v -0.000053 -0.100540 0.025304
v -0.005823 -0.101677 0.017799
v 0.000148 -0.102362 0.018337
v -0.008103 -0.103721 0.013075
v 0.000164 -0.104442 0.014369
v -0.010140 -0.106550 0.009381
v 0.000001 -0.108447 0.009977
v -0.042109 -0.056013 0.036551
v -0.046485 -0.056958 0.031602
v -0.046980 -0.046767 0.031008
v -0.051125 -0.044068 0.025645
v -0.051173 -0.056303 0.025139
v -0.042904 -0.047940 0.035633
v -0.055889 -0.052713 0.017106
v -0.055706 -0.039645 0.019925
v -0.056302 -0.027361 0.026394
v -0.059912 -0.034012 0.015288
v -0.058960 -0.046967 0.009472
v -0.059588 -0.023095 0.021636
v -0.061603 -0.018791 0.017089
v -0.062964 -0.029358 0.010981
v -0.061535 -0.040360 0.004394
v -0.045857 -0.068835 0.025140
v -0.064799 -0.034347 -0.000738
v -0.063108 -0.014812 0.012102
v -0.065075 -0.024326 0.006174
v -0.064901 -0.009324 0.005984
v -0.066997 -0.018437 -0.002257
v -0.068553 -0.026738 -0.008985
v -0.070733 -0.024411 -0.024473
v -0.000124 -0.068525 0.059656
v -0.063941 -0.032924 -0.053628
v -0.022220 -0.028493 0.050630
v -0.017101 -0.026511 0.053401
v -0.012183 -0.025782 0.056631
v -0.008063 -0.025612 0.059206
v -0.003921 -0.025857 0.060746
v -0.000239 -0.120144 0.003399
v 0.000575 0.042267 0.050459
v -0.000174 -0.112903 0.006660
v -0.000134 -0.056383 0.043562
v 0.000158 0.126511 -0.029080
v -0.000158 -0.063596 0.059710
v -0.000093 -0.051784 0.046602
v 0.000382 0.003939 0.070473
v -0.000165 -0.059307 0.058806
v -0.000036 -0.048088 0.060485
v 0.000034 -0.042736 0.058752
v 0.000647 0.078983 0.040775
v 0.000019 -0.044880 0.059875
v -0.000147 -0.023906 0.060996
v 0.000438 -0.000670 0.073251
v 0.000021 -0.041592 0.057919
v -0.001316 -0.044540 -0.117007
v -0.000061 -0.051898 0.059652
v -0.000155 -0.046207 0.051656
v -0.000027 -0.041164 0.057185
v 0.000243 -0.040349 0.044691
v -0.000044 -0.026601 0.061044
v 0.000564 0.019889 0.055109
v -0.001198 -0.005699 -0.141124
v 0.000427 0.017222 0.058185
v 0.000254 0.102154 0.021429
v 0.000540 0.088609 0.033789
v 0.000361 0.008046 0.067499
v -0.000675 0.056586 -0.154110
v -0.000530 0.073289 -0.152361
v 0.000583 0.060884 0.044224
v 0.000085 0.125396 -0.091941
v 0.000481 -0.004778 0.074664
v 0.000005 -0.018713 0.065122
v 0.000164 0.119708 -0.003590
v -0.000963 0.022381 -0.151716
v -0.000079 0.117845 -0.117047
v 0.000153 -0.041909 0.058442
v 0.000157 0.123349 -0.015892
v 0.000191 -0.043074 0.056186
v 0.000204 -0.014358 0.072193
v -0.001085 0.006029 -0.149386
v -0.000834 0.035875 -0.154773
v -0.000023 -0.032979 0.060997
v -0.000049 -0.029081 0.060888
v 0.000009 0.122445 -0.104741
v 0.000732 0.048536 0.049526
v 0.000041 -0.035558 0.061328
v 0.000693 0.028920 0.049174
v 0.000126 -0.037887 0.061157
v -0.000375 -0.126226 0.000730
v -0.000287 0.096219 -0.137770
v 0.000136 -0.039871 0.059848
v 0.000238 -0.042287 0.050549
v 0.000418 0.011575 0.064396
v 0.000241 -0.041500 0.047647
v 0.000617 0.068588 0.042772
v -0.000079 -0.021751 0.061772
v -0.000028 -0.021219 0.062178
v 0.000601 0.026070 0.050001
v 0.000311 0.095415 0.027294
v 0.000746 0.031643 0.049257
v -0.000051 -0.022320 0.061424
v -0.000398 0.087722 -0.145063
v 0.000136 0.129470 -0.074597
v 0.000146 0.130368 -0.061509
v 0.000565 0.022660 0.052369
v 0.000494 0.014640 0.061088
v -0.001280 -0.054883 -0.116823
v 0.000411 -0.010851 0.074310
v 0.000464 -0.008300 0.074922
v 0.000179 0.114848 0.006997
v -0.001246 -0.015584 -0.136553
v 0.000157 0.129608 -0.044471
v 0.000209 0.108814 0.015047
v -0.001292 -0.033574 -0.125298
v -0.001259 -0.024063 -0.133409
v 0.000107 -0.015749 0.070659
v 0.000514 0.035003 0.049485
v 0.000028 -0.017525 0.067691
v -0.000174 0.110244 -0.128018
v 0.000006 -0.020082 0.063165
v 0.006233 -0.008352 0.054424
v 0.067602 -0.032121 -0.014444
v 0.064856 -0.039198 -0.022145
v 0.062329 -0.050778 -0.014262
v 0.063165 -0.042383 -0.006509
v 0.059348 -0.061567 -0.006068
v 0.061194 -0.051100 -0.000151
v 0.052730 -0.069005 0.003137
v 0.058176 -0.059292 0.007524
v -0.003932 -0.014297 0.069602
v -0.003085 -0.016220 0.067320
v 0.047342 -0.073167 0.013095
v 0.053534 -0.064312 0.016017
v -0.014978 0.020460 0.033760
v -0.008015 -0.018722 0.057741
v -0.007633 0.005096 0.063105
v -0.013478 0.020750 0.034542
v 0.032575 -0.075771 0.034889
v 0.030965 -0.080747 0.031179
v 0.024190 -0.083229 0.039153
v 0.024491 -0.079170 0.043083
v -0.010439 -0.018287 0.056519
v 0.017258 -0.085742 0.046328
v 0.017535 -0.081606 0.050076
v 0.009500 -0.086907 0.050535
v 0.009447 -0.082719 0.054456
v -0.007346 0.011676 0.057655
v -0.007752 0.019950 0.044063
v 0.008397 -0.073644 0.058028
v 0.008777 -0.078282 0.056606
v -0.007427 0.008402 0.060574
v -0.015246 -0.014487 0.056371
v -0.014050 -0.017624 0.055488
v -0.006116 -0.008844 0.071369
v -0.007044 -0.006414 0.070583
v 0.015745 -0.072983 0.054132
v -0.006885 -0.011358 0.069645
v -0.004403 -0.013093 0.070474
v 0.016657 -0.077714 0.052318
v -0.016674 0.020412 0.034086
v -0.026844 0.021703 0.028266
v -0.005435 -0.010460 0.071353
v -0.002634 -0.012329 0.072183
v -0.019527 0.021317 0.031897
v -0.016079 0.020423 0.033867
v -0.010945 -0.010083 0.064565
v -0.006567 0.018988 0.048445
v 0.022555 -0.070770 0.048857
v 0.023665 -0.075415 0.046180
v 0.030840 -0.067037 0.042755
v 0.032014 -0.071758 0.039038
v -0.013728 -0.011648 0.060326
v 0.037610 -0.062722 0.039170
v 0.040665 -0.065759 0.034359
v 0.008948 -0.090490 0.043991
v -0.017412 0.020530 0.033985
v -0.017671 0.020688 0.033972
v -0.007783 0.001151 0.065848
v 0.016404 -0.089410 0.040108
v 0.023160 -0.087048 0.033851
v 0.029283 -0.085227 0.026713
v 0.040810 -0.076134 0.022670
v -0.022290 0.021384 0.032140
v -0.003063 -0.018514 0.062608
v -0.009226 -0.010665 0.067030
v -0.007928 -0.011021 0.068547
v -0.003655 -0.019399 0.060878
v 0.035600 -0.083433 0.018442
v 0.042155 -0.078845 0.009787
v -0.011155 0.020592 0.036937
v 0.046802 -0.074486 -0.001211
v -0.006613 0.016936 0.052244
v -0.006902 0.014397 0.055366
v 0.055278 -0.067390 -0.012009
v 0.061224 -0.056114 -0.022023
v -0.002825 -0.017410 0.064933
v 0.063095 -0.043346 -0.029726
v 0.068227 -0.031784 -0.027420
v 0.014970 -0.068663 0.055123
v 0.008118 -0.068881 0.058534
v 0.021290 -0.066808 0.050699
v -0.007583 -0.002926 0.068849
v 0.028812 -0.062820 0.045463
v 0.034881 -0.058859 0.042191
v 0.038656 -0.046894 0.039895
v -0.006050 -0.018805 0.059328
v 0.038059 -0.053138 0.040567
v 0.037644 -0.035280 0.043171
v 0.038009 -0.040956 0.040956
v 0.046493 -0.028805 0.038912
v 0.046850 -0.037234 0.034582
v 0.042407 -0.039835 0.037951
v 0.000311 -0.012745 0.073351
v -0.004854 -0.011904 0.071012
v 0.042213 -0.032538 0.041298
v 0.049990 -0.022761 0.035734
v 0.051532 -0.033192 0.030992
v 0.008212 -0.093424 0.038157
v -0.029040 0.035256 0.039794
v -0.028945 0.033176 0.037984
v 0.015001 -0.092831 0.034577
v 0.021007 -0.091765 0.028734
v 0.025462 -0.091391 0.021870
v 0.030416 -0.090401 0.014120
v 0.035121 -0.087542 0.005137
v 0.040658 -0.082560 -0.005482
v -0.022249 0.037977 0.043977
v -0.004548 0.038411 0.049221
v -0.009916 0.038343 0.048079
v 0.049549 -0.074325 -0.017432
v -0.029967 0.027690 0.036143
v -0.030335 0.027068 0.035484
v -0.028811 0.031262 0.036307
v -0.030120 0.027315 0.036505
v -0.030179 0.027245 0.036376
v 0.059410 -0.061256 -0.028517
v -0.028891 0.030353 0.035795
v 0.060360 -0.047221 -0.036337
v -0.028875 0.029702 0.035686
v 0.022161 -0.099047 0.009369
v -0.027210 0.037199 0.041875
v 0.018157 -0.098426 0.015704
v 0.014681 -0.098540 0.021278
v -0.029342 0.028799 0.035625
v -0.030458 0.026423 0.033775
v 0.011431 -0.098241 0.026162
v -0.031138 0.024511 0.029214
v 0.006561 -0.099600 0.025690
v 0.000538 0.038554 0.050123
v -0.021203 0.048627 0.046901
v -0.052007 0.048043 0.025271
v 0.006008 -0.101611 0.017747
v -0.055493 0.042725 0.022503
v 0.008136 -0.103622 0.013014
v -0.048660 0.006824 0.030012
v -0.051428 0.007724 0.027447
v -0.018490 0.042175 0.047873
v 0.010052 -0.106497 0.009502
v 0.041839 -0.055922 0.037312
v 0.045978 -0.056803 0.032259
v 0.046541 -0.046625 0.031792
v 0.050702 -0.043894 0.026449
v -0.026031 0.067883 0.037603
v -0.031064 0.115060 -0.010069
v -0.024222 0.060513 0.040221
v -0.038865 0.053394 0.035236
v 0.050717 -0.056133 0.025822
v -0.031110 0.110115 -0.000949
v 0.042616 -0.047867 0.036445
v 0.055342 -0.052493 0.017877
v 0.055264 -0.039421 0.020847
v 0.056191 -0.027157 0.027322
v 0.059578 -0.033657 0.016227
v -0.046452 0.051953 0.029289
v 0.058351 -0.046672 0.010394
v -0.056050 0.012386 0.019950
v -0.006075 0.054352 0.046843
v -0.056635 0.017891 0.016295
v 0.059443 -0.022795 0.022654
v -0.014255 0.054349 0.046126
v -0.026965 0.124254 -0.073171
v 0.061436 -0.018300 0.018050
v 0.062563 -0.028955 0.011986
v 0.061042 -0.039930 0.005361
v 0.045644 -0.068598 0.025695
v -0.013154 0.035211 0.044229
v 0.064321 -0.033915 0.000331
v -0.038632 0.007400 0.035592
v -0.041718 0.006962 0.034182
v 0.062865 -0.014281 0.013060
v -0.030861 0.124008 -0.061923
v -0.055245 0.010417 0.022154
v -0.029543 0.086084 0.027619
v -0.008325 0.028848 0.041647
v -0.010580 0.031736 0.041930
v -0.029830 0.092109 0.020075
v 0.064610 -0.023758 0.007104
v 0.064701 -0.008770 0.006932
v 0.066507 -0.017833 -0.001297
v -0.030154 0.098112 0.013125
v 0.067987 -0.026113 -0.007928
v 0.069864 -0.023719 -0.023275
v -0.031217 0.118911 -0.020963
v -0.021492 0.010968 0.039149
v 0.062723 -0.032002 -0.052614
v 0.021993 -0.028594 0.051175
v 0.016908 -0.026618 0.053812
v -0.056993 0.036322 0.019557
v -0.056708 0.029737 0.017402
v -0.031503 0.123439 -0.048057
v -0.031148 0.008542 0.038208
v -0.056384 0.023828 0.016062
v -0.015217 0.125919 -0.081183
v 0.012079 -0.025870 0.057013
v -0.053677 0.008800 0.024799
v 0.008085 -0.025655 0.059651
v 0.003885 -0.025868 0.061113
v -0.031407 0.054166 0.040007
v -0.035113 0.007854 0.037032
v -0.007588 0.025569 0.041193
v -0.016986 0.013239 0.039140
v -0.013395 0.015968 0.039111
v -0.030666 0.104249 0.006534
v -0.010581 0.018660 0.039711
v -0.008221 0.021938 0.040776
v -0.026233 0.009402 0.039093
v -0.028463 0.077344 0.034610
v -0.031209 0.121625 -0.033900
v -0.045216 0.006788 0.032278
v 0.000122 0.127062 -0.083950
v 0.000557 0.054433 0.046908
v -0.009256 0.020240 0.040403
v -0.015926 0.038235 0.046397
v -0.022984 0.054303 0.043873
v -0.000087 -0.055739 0.058850
v -0.026472 -0.039015 0.047569
v -0.027851 -0.040860 0.045974
v -0.027696 -0.046701 0.044145
v -0.019528 -0.034299 0.053386
v -0.023713 -0.036875 0.050012
v -0.018508 -0.053343 0.052706
v -0.028353 -0.042648 0.044913
v -0.012907 -0.054626 0.056076
v -0.028643 -0.044617 0.044158
v -0.006942 -0.055134 0.057839
v -0.000025 -0.030855 0.061038
v -0.009647 -0.030642 0.059474
v -0.004649 -0.030400 0.061039
v -0.014649 -0.031984 0.056736
v -0.025625 -0.048993 0.045583
v -0.022870 -0.051376 0.048611
v 0.004182 -0.014412 0.069787
v 0.003192 -0.016244 0.067425
v 0.015401 0.020479 0.034624
v 0.007923 -0.018768 0.057994
v 0.008003 0.005106 0.063340
v 0.013793 0.020759 0.035209
v 0.010351 -0.018405 0.056814
v 0.007872 0.011670 0.057886
v 0.008002 0.019985 0.044411
v 0.007878 0.008407 0.060805
v 0.015191 -0.014666 0.056701
v 0.013971 -0.017797 0.055796
v 0.006497 -0.008803 0.071623
v 0.007400 -0.006361 0.070849
v 0.007108 -0.011400 0.069856
v 0.004745 -0.013216 0.070708
v 0.017149 0.020432 0.035179
v 0.027378 0.021572 0.029328
v 0.005833 -0.010486 0.071603
v 0.003220 -0.012454 0.072413
v 0.020012 0.021170 0.033127
v 0.016551 0.020432 0.034907
v 0.010975 -0.010134 0.064752
v 0.006966 0.019042 0.048781
v 0.013742 -0.011766 0.060575
v 0.017929 0.020559 0.035142
v 0.018164 0.020724 0.035185
v 0.008007 0.001159 0.066077
v 0.022754 0.021015 0.033319
v 0.002989 -0.018447 0.062646
v 0.009284 -0.010690 0.067200
v 0.008046 -0.011049 0.068726
v 0.003546 -0.019347 0.060977
v 0.011374 0.020589 0.037436
v 0.007146 0.016983 0.052542
v 0.007554 0.014432 0.055610
v 0.002802 -0.017345 0.064979
v 0.007896 -0.002884 0.069100
v 0.005950 -0.018814 0.059515
v 0.005242 -0.011990 0.071258
v 0.029993 0.035410 0.040944
v 0.029834 0.033287 0.039241
v 0.023247 0.037996 0.044950
v 0.005596 0.038426 0.049563
v 0.010900 0.038334 0.048607
v 0.030550 0.027875 0.037524
v 0.030688 0.027134 0.036582
v 0.029577 0.031347 0.037635
v 0.030623 0.027367 0.037889
v 0.030712 0.027376 0.037742
v 0.029601 0.030366 0.037139
v 0.029562 0.029796 0.037159
v 0.028208 0.037309 0.042972
v 0.029972 0.028957 0.037021
v 0.030859 0.026667 0.034692
v 0.031611 0.024786 0.030126
v 0.022335 0.048727 0.047830
v 0.052574 0.048429 0.025839
v 0.055927 0.043092 0.023096
v 0.049054 0.007026 0.031027
v 0.051771 0.008004 0.028399
v 0.019539 0.042177 0.048821
v 0.026904 0.068118 0.038014
v 0.031262 0.115241 -0.010126
v 0.025184 0.060659 0.040710
v 0.039721 0.053666 0.035876
v 0.031302 0.110239 -0.000949
v 0.047168 0.052318 0.029871
v 0.056566 0.012745 0.020888
v 0.007193 0.054385 0.047129
v 0.057332 0.018301 0.017290
v 0.015390 0.054421 0.046669
v 0.027174 0.124400 -0.073246
v 0.014027 0.035258 0.044849
v 0.039056 0.007507 0.036829
v 0.042179 0.007087 0.035368
v 0.031096 0.124189 -0.062024
v 0.055643 0.010732 0.023053
v 0.030213 0.086170 0.027704
v 0.009013 0.029057 0.042087
v 0.011335 0.031903 0.042409
v 0.030116 0.091909 0.020402
v 0.030355 0.098022 0.013276
v 0.031430 0.119109 -0.021061
v 0.021654 0.010791 0.039818
v 0.057350 0.036711 0.020200
v 0.057137 0.030053 0.018264
v 0.031746 0.123646 -0.048177
v 0.031460 0.008397 0.039152
v 0.056999 0.024168 0.017024
v 0.015445 0.125975 -0.081216
v 0.054086 0.009087 0.025703
v 0.032340 0.054349 0.040660
v 0.035435 0.007880 0.038176
v 0.007999 0.025783 0.041558
v 0.017063 0.013111 0.039717
v 0.013502 0.015885 0.039604
v 0.030852 0.104276 0.006594
v 0.010727 0.018619 0.040147
v 0.008461 0.022043 0.041103
v 0.026318 0.009240 0.039828
v 0.029286 0.077622 0.034931
v 0.031440 0.121835 -0.034021
v 0.045637 0.006930 0.033362
v 0.009449 0.020252 0.040779
v 0.016896 0.038207 0.047163
v 0.024052 0.054408 0.044551
v 0.026473 -0.039113 0.048095
v 0.027875 -0.040973 0.046577
v 0.027669 -0.046796 0.044940
v 0.019500 -0.034424 0.053737
v 0.023682 -0.036992 0.050434
v 0.017967 -0.053336 0.052881
v 0.028322 -0.042767 0.045568
v 0.012569 -0.054639 0.056296
v 0.028601 -0.044745 0.044926
v 0.006621 -0.055251 0.058206
v 0.009665 -0.030643 0.059882
v 0.004625 -0.030370 0.061371
v 0.014577 -0.032036 0.057089
v 0.025511 -0.049029 0.046100
v 0.022473 -0.051378 0.048824
v 0.031606 0.022145 0.024157
v -0.031059 0.021955 0.023142
v 0.030281 0.021398 0.037123
v 0.028824 0.021399 0.036684
v 0.027524 0.021399 0.035991
v 0.026341 0.021399 0.035016
v 0.030282 0.021684 0.037064
v 0.028934 0.021954 0.036602
v 0.027685 0.022190 0.035883
v 0.026560 0.022439 0.034889
v 0.030403 0.021955 0.037025
v 0.029098 0.022484 0.036513
v 0.027955 0.022950 0.035778
v 0.026930 0.023411 0.034786
v 0.030550 0.022181 0.036990
v 0.029423 0.022937 0.036473
v 0.028373 0.023641 0.035714
v 0.027451 0.024273 0.034726
v 0.030700 0.022420 0.036947
v 0.029738 0.023384 0.036401
v 0.028902 0.024223 0.035682
v 0.028089 0.025037 0.034688
v 0.030946 0.022577 0.036928
v 0.030197 0.023678 0.036391
v 0.029506 0.024718 0.035650
v 0.028868 0.025654 0.034690
v 0.031191 0.022701 0.036910
v 0.030655 0.023964 0.036352
v 0.030210 0.025088 0.035639
v 0.029738 0.026133 0.034693
v 0.031449 0.022759 0.036903
v 0.031189 0.024065 0.036364
v 0.030951 0.025268 0.035664
v 0.030719 0.026437 0.034703
v 0.031718 0.022832 0.036888
v 0.031718 0.024180 0.036332
v 0.031704 0.025383 0.035634
v 0.031727 0.026545 0.034700
v 0.031988 0.022759 0.036902
v 0.032248 0.024065 0.036363
v 0.032472 0.025285 0.035652
v 0.032730 0.026429 0.034704
v 0.032267 0.022726 0.036901
v 0.032782 0.023973 0.036345
v 0.033227 0.025087 0.035636
v 0.033699 0.026131 0.034690
v 0.032491 0.022557 0.036929
v 0.033234 0.023670 0.036393
v 0.033931 0.024716 0.035646
v 0.034569 0.025651 0.034686
v 0.032738 0.022420 0.036944
v 0.033699 0.023383 0.036397
v 0.034535 0.024221 0.035677
v 0.035348 0.025034 0.034682
v 0.032887 0.022180 0.036986
v 0.034015 0.022935 0.036468
v 0.035065 0.023638 0.035708
v 0.035986 0.024269 0.034719
v 0.033064 0.021957 0.037015
v 0.034346 0.022488 0.036504
v 0.035483 0.022946 0.035771
v 0.036508 0.023406 0.034777
v 0.033118 0.021676 0.037069
v 0.034489 0.021949 0.036601
v 0.035753 0.022186 0.035874
v 0.036879 0.022434 0.034879
v 0.033195 0.021397 0.037110
v 0.034628 0.021396 0.036670
v 0.035915 0.021395 0.035982
v 0.037100 0.021394 0.035004
v 0.033143 0.021113 0.037169
v 0.034574 0.020826 0.036786
v 0.035919 0.020567 0.036115
v 0.037105 0.020314 0.035171
v 0.033102 0.020822 0.037215
v 0.034481 0.020249 0.036873
v 0.035774 0.019717 0.036246
v 0.036918 0.019229 0.035341
v 0.032948 0.020574 0.037271
v 0.034217 0.019723 0.036985
v 0.035443 0.018902 0.036385
v 0.036509 0.018187 0.035512
v 0.032791 0.020322 0.037311
v 0.033887 0.019224 0.037067
v 0.034945 0.018165 0.036512
v 0.035879 0.017231 0.035667
v 0.032552 0.020148 0.037355
v 0.033432 0.018830 0.037152
v 0.034295 0.017538 0.036615
v 0.035039 0.016418 0.035790
v 0.032306 0.019981 0.037379
v 0.032915 0.018510 0.037204
v 0.033515 0.017063 0.036693
v 0.034030 0.015800 0.035882
v 0.032015 0.019912 0.037402
v 0.032332 0.018327 0.037246
v 0.032645 0.016762 0.036741
v 0.032908 0.015414 0.035935
v 0.031721 0.019859 0.037404
v 0.031722 0.018253 0.037254
v 0.031725 0.016663 0.036759
v 0.031721 0.015287 0.035958
v 0.031427 0.019912 0.037403
v 0.031113 0.018327 0.037248
v 0.030803 0.016760 0.036741
v 0.030537 0.015417 0.035938
v 0.031136 0.019981 0.037380
v 0.030529 0.018510 0.037207
v 0.029931 0.017064 0.036696
v 0.029418 0.015801 0.035884
v 0.030889 0.020148 0.037357
v 0.030011 0.018831 0.037156
v 0.029151 0.017540 0.036619
v 0.028407 0.016420 0.035793
v 0.030649 0.020324 0.037314
v 0.029555 0.019226 0.037071
v 0.028499 0.018167 0.036517
v 0.027568 0.017234 0.035672
v 0.030492 0.020575 0.037275
v 0.029224 0.019725 0.036992
v 0.027999 0.018905 0.036392
v 0.026935 0.018191 0.035519
v 0.031719 0.021398 0.037258
v 0.030360 0.020826 0.037223
v 0.028963 0.020255 0.036881
v 0.027666 0.019721 0.036255
v 0.026524 0.019234 0.035351
v 0.030263 0.021108 0.037166
v 0.028854 0.020827 0.036788
v 0.027520 0.020571 0.036125
v 0.026335 0.020319 0.035182
v 0.025170 0.021400 0.034167
v 0.023414 0.021401 0.032774
v 0.021960 0.021401 0.030998
v 0.020872 0.021401 0.028960
v 0.020201 0.021401 0.026727
v 0.019981 0.021402 0.024455
v 0.020203 0.021400 0.022181
v 0.020876 0.021400 0.019947
v 0.021964 0.021399 0.017907
v 0.023422 0.021398 0.016127
v 0.025211 0.021397 0.014655
v 0.027217 0.021396 0.013580
v 0.029434 0.021395 0.012905
v 0.025406 0.022645 0.034004
v 0.023749 0.023014 0.032608
v 0.022364 0.023238 0.030847
v 0.021356 0.023500 0.028850
v 0.020724 0.023596 0.026692
v 0.020506 0.023602 0.024454
v 0.020725 0.023596 0.022216
v 0.021359 0.023499 0.020058
v 0.022368 0.023235 0.018059
v 0.023747 0.023002 0.016301
v 0.025435 0.022652 0.014826
v 0.027405 0.022258 0.013689
v 0.029532 0.021832 0.012969
v 0.025845 0.023830 0.033895
v 0.024293 0.024502 0.032499
v 0.023001 0.024986 0.030775
v 0.022064 0.025425 0.028820
v 0.021472 0.025683 0.026693
v 0.021243 0.025710 0.024454
v 0.021473 0.025683 0.022214
v 0.022067 0.025424 0.020087
v 0.023005 0.024984 0.018132
v 0.024310 0.024486 0.016391
v 0.025872 0.023841 0.014939
v 0.027645 0.023090 0.013816
v 0.029634 0.022264 0.013044
v 0.026473 0.024907 0.033847
v 0.025083 0.025845 0.032512
v 0.023876 0.026654 0.030774
v 0.022966 0.027243 0.028808
v 0.022438 0.027660 0.026686
v 0.022207 0.027729 0.024453
v 0.022439 0.027659 0.022220
v 0.022969 0.027242 0.020098
v 0.023880 0.026652 0.018132
v 0.025090 0.025841 0.016391
v 0.026503 0.024888 0.014979
v 0.028123 0.023824 0.013869
v 0.029890 0.022624 0.013088
v 0.027262 0.025866 0.033833
v 0.026016 0.027093 0.032502
v 0.024999 0.028149 0.030851
v 0.024177 0.028960 0.028883
v 0.023667 0.029471 0.026726
v 0.023493 0.029646 0.024453
v 0.023669 0.029470 0.022180
v 0.024164 0.028952 0.020039
v 0.025010 0.028167 0.018068
v 0.026037 0.027085 0.016387
v 0.027278 0.025827 0.014993
v 0.028667 0.024460 0.013915
v 0.030138 0.022985 0.013142
v 0.028217 0.026661 0.033852
v 0.027210 0.028127 0.032586
v 0.026361 0.029457 0.030905
v 0.025692 0.030459 0.028955
v 0.025247 0.031087 0.026759
v 0.025112 0.031311 0.024453
v 0.025248 0.031086 0.022146
v 0.025690 0.030449 0.019941
v 0.026381 0.029453 0.017983
v 0.027219 0.028138 0.016327
v 0.028218 0.026636 0.014987
v 0.029317 0.024979 0.013937
v 0.030509 0.023218 0.013162
v 0.029300 0.027271 0.033872
v 0.028578 0.028960 0.032626
v 0.027998 0.030455 0.031002
v 0.027491 0.031612 0.029044
v 0.027196 0.032366 0.026823
v 0.027070 0.032615 0.024453
v 0.027196 0.032365 0.022082
v 0.027493 0.031610 0.019861
v 0.028001 0.030453 0.017901
v 0.028593 0.028948 0.016263
v 0.029291 0.027245 0.014967
v 0.030056 0.025430 0.013967
v 0.030869 0.023462 0.013196
v 0.030494 0.027647 0.033896
v 0.030096 0.029463 0.032682
v 0.029813 0.031092 0.031058
v 0.029530 0.032360 0.029084
v 0.029386 0.033176 0.026847
v 0.029327 0.033455 0.024453
v 0.029386 0.033176 0.022059
v 0.029531 0.032359 0.019819
v 0.029815 0.031089 0.017845
v 0.030108 0.029467 0.016224
v 0.030486 0.027624 0.014942
v 0.030882 0.025621 0.013945
v 0.031306 0.023555 0.013201
v 0.031719 0.027765 0.033911
v 0.031719 0.029646 0.032694
v 0.031719 0.031306 0.031078
v 0.031719 0.032618 0.029100
v 0.031719 0.033456 0.026843
v 0.031720 0.033743 0.024454
v 0.031720 0.033455 0.022062
v 0.031720 0.032617 0.019803
v 0.031721 0.031304 0.017824
v 0.031721 0.029641 0.016203
v 0.031722 0.027738 0.014924
v 0.031719 0.025751 0.013965
v 0.031734 0.023595 0.013205
v 0.032943 0.027646 0.033894
v 0.033341 0.029462 0.032680
v 0.033624 0.031090 0.031056
v 0.033908 0.032358 0.029083
v 0.034058 0.033174 0.026841
v 0.034105 0.033454 0.024452
v 0.034058 0.033173 0.022063
v 0.033909 0.032357 0.019819
v 0.033626 0.031088 0.017844
v 0.033335 0.029466 0.016224
v 0.032958 0.027623 0.014942
v 0.032559 0.025610 0.013940
v 0.032149 0.023536 0.013196
v 0.034136 0.027269 0.033868
v 0.034859 0.028957 0.032623
v 0.035440 0.030452 0.030999
v 0.035947 0.031608 0.029041
v 0.036260 0.032355 0.026821
v 0.036346 0.032621 0.024451
v 0.036260 0.032354 0.022081
v 0.035948 0.031607 0.019860
v 0.035441 0.030450 0.017901
v 0.034850 0.028946 0.016262
v 0.034154 0.027243 0.014966
v 0.033390 0.025428 0.013967
v 0.032579 0.023461 0.013195
v 0.035221 0.026657 0.033847
v 0.036206 0.028124 0.032593
v 0.037082 0.029437 0.030914
v 0.037746 0.030453 0.028951
v 0.038198 0.031074 0.026770
v 0.038311 0.031317 0.024450
v 0.038198 0.031073 0.022131
v 0.037746 0.030452 0.019949
v 0.037083 0.029436 0.017985
v 0.036206 0.028133 0.016314
v 0.035227 0.026633 0.014986
v 0.034129 0.024977 0.013936
v 0.032939 0.023217 0.013162
v 0.036175 0.025861 0.033826
v 0.037400 0.027110 0.032496
v 0.038453 0.028129 0.030845
v 0.039262 0.028952 0.028878
v 0.039773 0.029464 0.026722
v 0.039948 0.029639 0.024450
v 0.039773 0.029463 0.022178
v 0.039263 0.028951 0.020021
v 0.038454 0.028127 0.018053
v 0.037383 0.027105 0.016385
v 0.036168 0.025823 0.014992
v 0.034780 0.024457 0.013914
v 0.033310 0.022983 0.013141
v 0.036966 0.024902 0.033839
v 0.038355 0.025863 0.032491
v 0.039583 0.026640 0.030750
v 0.040475 0.027235 0.028802
v 0.041016 0.027641 0.026660
v 0.041215 0.027750 0.024450
v 0.041016 0.027640 0.022240
v 0.040475 0.027234 0.020096
v 0.039583 0.026638 0.018147
v 0.038354 0.025859 0.016401
v 0.036944 0.024883 0.014978
v 0.035324 0.023821 0.013868
v 0.033558 0.022622 0.013087
v 0.037594 0.023825 0.033885
v 0.039148 0.024495 0.032490
v 0.040442 0.024978 0.030767
v 0.041381 0.025415 0.028814
v 0.041992 0.025629 0.026689
v 0.042173 0.025771 0.024450
v 0.041991 0.025629 0.022211
v 0.041380 0.025415 0.020085
v 0.040441 0.024977 0.018129
v 0.039137 0.024479 0.016389
v 0.037576 0.023836 0.014937
v 0.035804 0.023087 0.013815
v 0.033815 0.022262 0.013043
v 0.038035 0.022638 0.033994
v 0.039695 0.023005 0.032600
v 0.041082 0.023228 0.030839
v 0.042092 0.023490 0.028845
v 0.042725 0.023570 0.026704
v 0.042936 0.023626 0.024451
v 0.042724 0.023569 0.022197
v 0.042090 0.023490 0.020055
v 0.041080 0.023227 0.018057
v 0.039702 0.022995 0.016299
v 0.038025 0.022655 0.014832
v 0.036068 0.022250 0.013698
v 0.033932 0.021825 0.012972
v 0.038274 0.021393 0.034157
v 0.040032 0.021392 0.032767
v 0.041490 0.021391 0.030993
v 0.042578 0.021391 0.028956
v 0.043251 0.021391 0.026723
v 0.043472 0.021391 0.024452
v 0.043249 0.021391 0.022178
v 0.042576 0.021390 0.019945
v 0.041487 0.021391 0.017904
v 0.040028 0.021391 0.016125
v 0.038224 0.021391 0.014643
v 0.036189 0.021392 0.013559
v 0.033979 0.021393 0.012895
v 0.038301 0.020090 0.034348
v 0.040087 0.019715 0.032994
v 0.041615 0.019431 0.031200
v 0.042753 0.019183 0.029119
v 0.043462 0.019051 0.026836
v 0.043702 0.019014 0.024450
v 0.043460 0.019051 0.022065
v 0.042751 0.019182 0.019781
v 0.041613 0.019431 0.017697
v 0.040090 0.019718 0.015903
v 0.038262 0.020084 0.014461
v 0.036187 0.020508 0.013417
v 0.033967 0.020953 0.012820
v 0.038070 0.018761 0.034561
v 0.039832 0.018025 0.033238
v 0.041358 0.017393 0.031429
v 0.042513 0.016916 0.029293
v 0.043231 0.016620 0.026928
v 0.043470 0.016510 0.024449
v 0.043230 0.016620 0.021971
v 0.042511 0.016916 0.019606
v 0.041357 0.017393 0.017468
v 0.039831 0.018027 0.015653
v 0.038014 0.018778 0.014237
v 0.036004 0.019616 0.013263
v 0.033871 0.020502 0.012743
v 0.037568 0.017481 0.034771
v 0.039221 0.016379 0.033470
v 0.040653 0.015402 0.031639
v 0.041750 0.014679 0.029451
v 0.042436 0.014232 0.027005
v 0.042654 0.014062 0.024437
v 0.042441 0.014242 0.021884
v 0.041750 0.014679 0.019447
v 0.040654 0.015408 0.017253
v 0.039216 0.016377 0.015422
v 0.037505 0.017522 0.014022
v 0.035617 0.018783 0.013099
v 0.033649 0.020105 0.012659
v 0.036793 0.016315 0.034953
v 0.038235 0.014871 0.033667
v 0.039497 0.013589 0.031796
v 0.040460 0.012663 0.029584
v 0.041033 0.012051 0.027085
v 0.041256 0.011872 0.024467
v 0.041045 0.012058 0.021825
v 0.040460 0.012662 0.019313
v 0.039498 0.013588 0.017100
v 0.038237 0.014869 0.015229
v 0.036731 0.016377 0.013834
v 0.035082 0.018029 0.012958
v 0.033389 0.019727 0.012593
v 0.035771 0.015331 0.035097
v 0.036915 0.013590 0.033805
v 0.037936 0.012106 0.031936
v 0.038694 0.010975 0.029655
v 0.039117 0.010252 0.027108
v 0.039331 0.010059 0.024449
v 0.039117 0.010252 0.021789
v 0.038695 0.010974 0.019243
v 0.037937 0.012105 0.016960
v 0.036918 0.013588 0.015091
v 0.035721 0.015407 0.013689
v 0.034391 0.017395 0.012840
v 0.033029 0.019439 0.012529
v 0.031725 0.021394 0.012678
v 0.034543 0.014589 0.035201
v 0.035328 0.012654 0.033917
v 0.036066 0.010973 0.031988
v 0.036546 0.009708 0.029666
v 0.036849 0.008950 0.027103
v 0.037009 0.008724 0.024449
v 0.036849 0.008949 0.021795
v 0.036546 0.009707 0.019233
v 0.036067 0.010972 0.016908
v 0.035339 0.012644 0.014988
v 0.034495 0.014681 0.013576
v 0.033576 0.016920 0.012751
v 0.032634 0.019196 0.012488
v 0.033178 0.014123 0.035262
v 0.033558 0.012057 0.033963
v 0.033965 0.010277 0.032022
v 0.034161 0.008956 0.029697
v 0.034351 0.008172 0.027130
v 0.034444 0.007918 0.024450
v 0.034351 0.008172 0.021770
v 0.034162 0.008955 0.019203
v 0.033966 0.010275 0.016875
v 0.033568 0.012061 0.014927
v 0.033150 0.014229 0.013514
v 0.032675 0.016614 0.012700
v 0.032187 0.019071 0.012456
v 0.031725 0.013960 0.035279
v 0.031726 0.011866 0.033985
v 0.031727 0.010037 0.032030
v 0.031727 0.008711 0.029704
v 0.031728 0.007919 0.027169
v 0.031729 0.007645 0.024452
v 0.031729 0.007919 0.021731
v 0.031728 0.008710 0.019196
v 0.031728 0.010036 0.016867
v 0.031727 0.011861 0.014915
v 0.031727 0.014067 0.013498
v 0.031726 0.016524 0.012678
v 0.031726 0.019008 0.012450
v 0.030272 0.014124 0.035263
v 0.029894 0.012058 0.033964
v 0.029489 0.010278 0.032022
v 0.029294 0.008958 0.029697
v 0.029088 0.008175 0.027113
v 0.029051 0.007912 0.024451
v 0.029088 0.008174 0.021787
v 0.029295 0.008957 0.019203
v 0.029490 0.010277 0.016876
v 0.029887 0.012063 0.014928
v 0.030304 0.014230 0.013514
v 0.030777 0.016615 0.012700
v 0.031265 0.019071 0.012456
v 0.028906 0.014591 0.035203
v 0.028124 0.012656 0.033919
v 0.027387 0.010976 0.031989
v 0.026909 0.009711 0.029667
v 0.026564 0.008971 0.027104
v 0.026520 0.008699 0.024450
v 0.026564 0.008971 0.021796
v 0.026910 0.009711 0.019233
v 0.027388 0.010975 0.016909
v 0.028116 0.012647 0.014989
v 0.028959 0.014683 0.013577
v 0.029877 0.016921 0.012751
v 0.030817 0.019197 0.012488
v 0.027678 0.015334 0.035100
v 0.026536 0.013594 0.033807
v 0.025517 0.012111 0.031938
v 0.024760 0.010981 0.029656
v 0.024328 0.010270 0.027130
v 0.024155 0.010044 0.024450
v 0.024329 0.010269 0.021770
v 0.024767 0.010969 0.019257
v 0.025502 0.012107 0.016978
v 0.026536 0.013592 0.015093
v 0.027733 0.015410 0.013690
v 0.029061 0.017397 0.012841
v 0.030422 0.019440 0.012529
v 0.026652 0.016322 0.034956
v 0.025215 0.014871 0.033665
v 0.023942 0.013601 0.031790
v 0.023000 0.012656 0.029572
v 0.022411 0.012066 0.027074
v 0.022212 0.011866 0.024451
v 0.022411 0.012065 0.021827
v 0.023014 0.012650 0.019315
v 0.023938 0.013612 0.017102
v 0.025217 0.014874 0.015231
v 0.026722 0.016381 0.013835
v 0.028370 0.018032 0.012959
v 0.030062 0.019728 0.012594
v 0.025880 0.017486 0.034775
v 0.024233 0.016385 0.033475
v 0.022800 0.015417 0.031648
v 0.021709 0.014684 0.029459
v 0.021020 0.014246 0.027027
v 0.020794 0.014081 0.024451
v 0.021021 0.014245 0.021875
v 0.021711 0.014683 0.019443
v 0.022801 0.015422 0.017248
v 0.024237 0.016383 0.015424
v 0.025947 0.017527 0.014024
v 0.027834 0.018786 0.013100
v 0.029802 0.020107 0.012659
v 0.025376 0.018766 0.034568
v 0.023617 0.018032 0.033242
v 0.022094 0.017402 0.031431
v 0.020942 0.016926 0.029295
v 0.020227 0.016623 0.026930
v 0.019981 0.016532 0.024452
v 0.020227 0.016623 0.021974
v 0.020943 0.016925 0.019609
v 0.022096 0.017401 0.017470
v 0.023622 0.018034 0.015655
v 0.025438 0.018783 0.014239
v 0.027447 0.019619 0.013265
v 0.029580 0.020504 0.012744
v 0.025143 0.020096 0.034357
v 0.023361 0.019723 0.033000
v 0.021837 0.019441 0.031204
v 0.020700 0.019193 0.029122
v 0.019992 0.019067 0.026843
v 0.019754 0.019014 0.024453
v 0.019993 0.019066 0.022063
v 0.020702 0.019191 0.019784
v 0.021840 0.019439 0.017699
v 0.023362 0.019724 0.015905
v 0.025195 0.020094 0.014459
v 0.027279 0.020509 0.013412
v 0.029496 0.020951 0.012818
v -0.032921 0.021493 0.036018
v -0.034352 0.021494 0.035580
v -0.035634 0.021494 0.034892
v -0.036818 0.021494 0.033914
v -0.032843 0.021771 0.035978
v -0.034213 0.022046 0.035513
v -0.035475 0.022283 0.034787
v -0.036600 0.022532 0.033792
v -0.032792 0.022052 0.035925
v -0.034072 0.022583 0.035416
v -0.035208 0.023042 0.034686
v -0.036233 0.023504 0.033692
v -0.032615 0.022274 0.035897
v -0.033742 0.023030 0.035382
v -0.034792 0.023734 0.034624
v -0.035715 0.024366 0.033637
v -0.032467 0.022514 0.035855
v -0.033428 0.023477 0.035312
v -0.034265 0.024316 0.034595
v -0.035079 0.025131 0.033603
v -0.032221 0.022650 0.035841
v -0.032963 0.023763 0.035309
v -0.033662 0.024811 0.034566
v -0.034302 0.025749 0.033609
v -0.031998 0.022819 0.035813
v -0.032513 0.024067 0.035262
v -0.032960 0.025182 0.034557
v -0.033433 0.026229 0.033615
v -0.031719 0.022851 0.035814
v -0.031979 0.024158 0.035280
v -0.032204 0.025380 0.034574
v -0.032464 0.026527 0.033630
v -0.031449 0.022925 0.035800
v -0.031450 0.024273 0.035249
v -0.031437 0.025478 0.034556
v -0.031460 0.026643 0.033626
v -0.031180 0.022851 0.035815
v -0.030921 0.024157 0.035281
v -0.030683 0.025362 0.034586
v -0.030451 0.026533 0.033628
v -0.030923 0.022793 0.035822
v -0.030388 0.024056 0.035268
v -0.029942 0.025181 0.034560
v -0.029470 0.026227 0.033618
v -0.030678 0.022669 0.035839
v -0.029930 0.023769 0.035307
v -0.029239 0.024810 0.034570
v -0.028600 0.025747 0.033613
v -0.030432 0.022513 0.035857
v -0.029471 0.023476 0.035315
v -0.028635 0.024314 0.034600
v -0.027822 0.025129 0.033608
v -0.030283 0.022273 0.035899
v -0.029157 0.023028 0.035386
v -0.028108 0.023731 0.034630
v -0.027185 0.024363 0.033644
v -0.030136 0.022048 0.035934
v -0.028833 0.022575 0.035424
v -0.027691 0.023039 0.034691
v -0.026666 0.023500 0.033700
v -0.030014 0.021778 0.035972
v -0.028670 0.022046 0.035511
v -0.027422 0.022280 0.034794
v -0.026297 0.022528 0.033800
v -0.030015 0.021492 0.036030
v -0.028560 0.021491 0.035591
v -0.027262 0.021490 0.034900
v -0.026080 0.021490 0.033924
v -0.029994 0.021202 0.036073
v -0.028590 0.020920 0.035695
v -0.027259 0.020664 0.035032
v -0.026075 0.020411 0.034089
v -0.030092 0.020920 0.036130
v -0.028698 0.020350 0.035787
v -0.027404 0.019816 0.035161
v -0.026262 0.019329 0.034257
v -0.030224 0.020671 0.036181
v -0.028959 0.019822 0.035897
v -0.027736 0.019003 0.035298
v -0.026672 0.018289 0.034426
v -0.030380 0.020420 0.036219
v -0.029288 0.019324 0.035976
v -0.028234 0.018267 0.035423
v -0.027302 0.017334 0.034578
v -0.030620 0.020246 0.036263
v -0.029743 0.018931 0.036061
v -0.028883 0.017642 0.035525
v -0.028140 0.016523 0.034700
v -0.030865 0.020079 0.036285
v -0.030259 0.018611 0.036111
v -0.029661 0.017167 0.035602
v -0.029147 0.015906 0.034791
v -0.031156 0.020011 0.036308
v -0.030841 0.018430 0.036152
v -0.030531 0.016866 0.035648
v -0.030264 0.015523 0.034845
v -0.031449 0.019957 0.036309
v -0.031449 0.018355 0.036159
v -0.031451 0.016769 0.035665
v -0.031447 0.015393 0.034865
v -0.031742 0.020012 0.036308
v -0.032057 0.018430 0.036151
v -0.032369 0.016869 0.035647
v -0.032631 0.015522 0.034843
v -0.032033 0.020079 0.036284
v -0.032639 0.018612 0.036109
v -0.033237 0.017169 0.035599
v -0.033751 0.015907 0.034789
v -0.032278 0.020247 0.036261
v -0.033155 0.018933 0.036057
v -0.034015 0.017644 0.035521
v -0.034758 0.016526 0.034696
v -0.032517 0.020420 0.036217
v -0.033610 0.019326 0.035972
v -0.034664 0.018270 0.035418
v -0.035596 0.017337 0.034573
v -0.032673 0.020672 0.036178
v -0.033938 0.019825 0.035892
v -0.035161 0.019006 0.035291
v -0.036225 0.018293 0.034418
v -0.031449 0.021492 0.036166
v -0.032828 0.020919 0.036122
v -0.034203 0.020349 0.035780
v -0.035492 0.019820 0.035153
v -0.036633 0.019333 0.034248
v -0.032867 0.021210 0.036077
v -0.034296 0.020925 0.035694
v -0.035637 0.020668 0.035024
v -0.036821 0.020416 0.034079
v -0.037991 0.021494 0.033066
v -0.039748 0.021494 0.031675
v -0.041204 0.021494 0.029904
v -0.042292 0.021494 0.027871
v -0.042964 0.021495 0.025641
v -0.043183 0.021495 0.023374
v -0.042961 0.021494 0.021103
v -0.042289 0.021494 0.018873
v -0.041202 0.021493 0.016835
v -0.039745 0.021492 0.015058
v -0.037943 0.021491 0.013578
v -0.035910 0.021490 0.012495
v -0.033703 0.021490 0.011832
v -0.037757 0.022738 0.032906
v -0.039416 0.023107 0.031512
v -0.040804 0.023329 0.029755
v -0.041815 0.023592 0.027763
v -0.042447 0.023672 0.025624
v -0.042657 0.023728 0.023373
v -0.042445 0.023672 0.021121
v -0.041812 0.023592 0.018981
v -0.040802 0.023328 0.016984
v -0.039424 0.023095 0.015229
v -0.037748 0.022754 0.013764
v -0.035792 0.022347 0.012632
v -0.033658 0.021920 0.011907
v -0.037320 0.023924 0.032802
v -0.038875 0.024595 0.031408
v -0.040172 0.025080 0.029688
v -0.041112 0.025518 0.027736
v -0.041724 0.025732 0.025611
v -0.041906 0.025876 0.023372
v -0.041723 0.025732 0.021133
v -0.041110 0.025517 0.019007
v -0.040157 0.025082 0.017036
v -0.038860 0.024559 0.015302
v -0.037303 0.023934 0.013866
v -0.035530 0.023183 0.012746
v -0.033542 0.022357 0.011978
v -0.036696 0.025001 0.032759
v -0.038089 0.025965 0.031414
v -0.039316 0.026722 0.029697
v -0.040202 0.027348 0.027741
v -0.040757 0.027747 0.025584
v -0.040956 0.027857 0.023372
v -0.040756 0.027747 0.021160
v -0.040213 0.027339 0.019015
v -0.039316 0.026759 0.017078
v -0.038113 0.025952 0.015342
v -0.036673 0.024981 0.013902
v -0.035052 0.023917 0.012797
v -0.033285 0.022717 0.012020
v -0.035909 0.025961 0.032749
v -0.037136 0.027213 0.031423
v -0.038213 0.028228 0.029760
v -0.038999 0.029078 0.027789
v -0.039518 0.029575 0.025647
v -0.039693 0.029750 0.023372
v -0.039517 0.029574 0.021097
v -0.039005 0.029060 0.018938
v -0.038194 0.028233 0.016970
v -0.037134 0.027206 0.015313
v -0.035904 0.025951 0.013929
v -0.034510 0.024553 0.012841
v -0.033038 0.023078 0.012073
v -0.034956 0.026758 0.032773
v -0.035944 0.028228 0.031522
v -0.036823 0.029546 0.029844
v -0.037490 0.030565 0.027880
v -0.037943 0.031188 0.025695
v -0.038058 0.031431 0.023372
v -0.037943 0.031187 0.021049
v -0.037490 0.030564 0.018864
v -0.036824 0.029544 0.016899
v -0.035944 0.028224 0.015218
v -0.034940 0.026728 0.013894
v -0.033860 0.025073 0.012860
v -0.032668 0.023311 0.012093
v -0.033872 0.027369 0.032796
v -0.034597 0.029063 0.031554
v -0.035181 0.030562 0.029930
v -0.035690 0.031722 0.027970
v -0.036003 0.032471 0.025746
v -0.036090 0.032737 0.023373
v -0.036003 0.032471 0.020999
v -0.035690 0.031721 0.018775
v -0.035182 0.030560 0.016813
v -0.034588 0.029051 0.015176
v -0.033888 0.027343 0.013883
v -0.033122 0.025524 0.012889
v -0.032308 0.023555 0.012126
v -0.032678 0.027747 0.032823
v -0.033077 0.029568 0.031612
v -0.033364 0.031200 0.029988
v -0.033647 0.032473 0.028013
v -0.033798 0.033290 0.025767
v -0.033846 0.033571 0.023374
v -0.033798 0.033289 0.020980
v -0.033648 0.032471 0.018733
v -0.033365 0.031198 0.016757
v -0.033071 0.029571 0.015136
v -0.032693 0.027722 0.013857
v -0.032291 0.025706 0.012862
v -0.031879 0.023629 0.012126
v -0.031453 0.027865 0.032840
v -0.031454 0.029751 0.031626
v -0.031454 0.031416 0.030010
v -0.031455 0.032732 0.028029
v -0.031456 0.033570 0.025769
v -0.031456 0.033858 0.023376
v -0.031456 0.033569 0.020979
v -0.031456 0.032730 0.018717
v -0.031456 0.031414 0.016736
v -0.031456 0.029745 0.015115
v -0.031455 0.027838 0.013839
v -0.031451 0.025846 0.012887
v -0.031464 0.023687 0.012134
v -0.030226 0.027746 0.032825
v -0.029830 0.029567 0.031613
v -0.029545 0.031199 0.029989
v -0.029263 0.032471 0.028013
v -0.029118 0.033289 0.025772
v -0.029059 0.033568 0.023375
v -0.029118 0.033288 0.020977
v -0.029264 0.032469 0.018734
v -0.029547 0.031197 0.016757
v -0.029840 0.029570 0.015136
v -0.030218 0.027722 0.013858
v -0.030614 0.025715 0.012867
v -0.031036 0.023648 0.012130
v -0.029032 0.027368 0.032799
v -0.028309 0.029061 0.031557
v -0.027727 0.030560 0.029933
v -0.027220 0.031719 0.027972
v -0.026924 0.032475 0.025748
v -0.026798 0.032725 0.023374
v -0.026925 0.032474 0.021001
v -0.027222 0.031717 0.018776
v -0.027730 0.030557 0.016814
v -0.028324 0.029048 0.015176
v -0.029022 0.027341 0.013883
v -0.029788 0.025523 0.012890
v -0.030600 0.023554 0.012126
v -0.027947 0.026755 0.032777
v -0.026940 0.028224 0.031515
v -0.026088 0.029557 0.029835
v -0.025418 0.030561 0.027883
v -0.024973 0.031191 0.025685
v -0.024837 0.031416 0.023375
v -0.024975 0.031190 0.021064
v -0.025417 0.030551 0.018857
v -0.026109 0.029552 0.016897
v -0.026949 0.028235 0.015242
v -0.027950 0.026729 0.013905
v -0.029049 0.025071 0.012861
v -0.030240 0.023310 0.012093
v -0.026993 0.025958 0.032755
v -0.025745 0.027187 0.031429
v -0.024726 0.028245 0.029778
v -0.023902 0.029057 0.027810
v -0.023392 0.029569 0.025651
v -0.023217 0.029745 0.023375
v -0.023394 0.029568 0.021099
v -0.023890 0.029049 0.018956
v -0.024738 0.028262 0.016984
v -0.025767 0.027178 0.015304
v -0.027009 0.025918 0.013914
v -0.028399 0.024551 0.012841
v -0.029869 0.023077 0.012073
v -0.026205 0.024998 0.032766
v -0.024813 0.025936 0.031435
v -0.023604 0.026745 0.029699
v -0.022693 0.027335 0.027733
v -0.022164 0.027752 0.025610
v -0.021933 0.027821 0.023375
v -0.022165 0.027751 0.021141
v -0.022697 0.027333 0.019017
v -0.023609 0.026742 0.017051
v -0.024821 0.025931 0.015311
v -0.026235 0.024977 0.013903
v -0.027856 0.023914 0.012797
v -0.029622 0.022715 0.012020
v -0.025579 0.023920 0.032810
v -0.024026 0.024591 0.031417
v -0.022732 0.025075 0.029696
v -0.021795 0.025512 0.027742
v -0.021202 0.025770 0.025615
v -0.020973 0.025796 0.023376
v -0.021203 0.025769 0.021136
v -0.021798 0.025510 0.019009
v -0.022738 0.025071 0.017054
v -0.024043 0.024573 0.015315
v -0.025605 0.023930 0.013866
v -0.027378 0.023180 0.012746
v -0.029365 0.022355 0.011978
v -0.025142 0.022734 0.032916
v -0.023485 0.023102 0.031522
v -0.022099 0.023324 0.029763
v -0.021091 0.023586 0.027769
v -0.020460 0.023681 0.025613
v -0.020242 0.023686 0.023376
v -0.020462 0.023680 0.021139
v -0.021095 0.023584 0.018983
v -0.022105 0.023321 0.016985
v -0.023483 0.023089 0.015230
v -0.025170 0.022740 0.013757
v -0.027139 0.022348 0.012622
v -0.029264 0.021924 0.011904
v -0.024908 0.021490 0.033076
v -0.023153 0.021489 0.031684
v -0.021699 0.021489 0.029911
v -0.020613 0.021488 0.027876
v -0.019942 0.021488 0.025645
v -0.019722 0.021488 0.023377
v -0.019944 0.021486 0.021105
v -0.020616 0.021486 0.018874
v -0.021704 0.021486 0.016836
v -0.023161 0.021486 0.015058
v -0.024947 0.021487 0.013589
v -0.026950 0.021487 0.012515
v -0.029165 0.021488 0.011841
v -0.024882 0.020188 0.033263
v -0.023101 0.019814 0.031908
v -0.021578 0.019532 0.030115
v -0.020443 0.019283 0.028036
v -0.019736 0.019157 0.025761
v -0.019498 0.019104 0.023375
v -0.019737 0.019156 0.020987
v -0.020445 0.019281 0.018712
v -0.021581 0.019530 0.016631
v -0.023101 0.019815 0.014839
v -0.024931 0.020186 0.013395
v -0.027014 0.020602 0.012349
v -0.029227 0.021044 0.011755
v -0.025114 0.018861 0.033474
v -0.023356 0.018127 0.032150
v -0.021834 0.017497 0.030342
v -0.020683 0.017020 0.028210
v -0.019968 0.016718 0.025848
v -0.019723 0.016625 0.023374
v -0.019969 0.016717 0.020899
v -0.020685 0.017019 0.018537
v -0.021837 0.017495 0.016402
v -0.023360 0.018126 0.014592
v -0.025174 0.018877 0.013176
v -0.027180 0.019713 0.012203
v -0.029310 0.020598 0.011682
v -0.025616 0.017583 0.033681
v -0.023970 0.016483 0.032384
v -0.022537 0.015514 0.030559
v -0.021446 0.014781 0.028374
v -0.020757 0.014342 0.025945
v -0.020531 0.014177 0.023373
v -0.020758 0.014342 0.020800
v -0.021442 0.014784 0.018377
v -0.022538 0.015506 0.016191
v -0.023969 0.016481 0.014362
v -0.025682 0.017624 0.012961
v -0.027568 0.018882 0.012040
v -0.029533 0.020202 0.011598
v -0.026386 0.016421 0.033863
v -0.024949 0.014971 0.032574
v -0.023675 0.013700 0.030704
v -0.022732 0.012754 0.028489
v -0.022142 0.012163 0.025994
v -0.021943 0.011963 0.023372
v -0.022143 0.012163 0.020751
v -0.022740 0.012760 0.018233
v -0.023686 0.013708 0.016020
v -0.024945 0.014973 0.014169
v -0.026454 0.016475 0.012775
v -0.028102 0.018130 0.011898
v -0.029792 0.019824 0.011533
v -0.027410 0.015435 0.034007
v -0.026266 0.013696 0.032718
v -0.025246 0.012210 0.030852
v -0.024488 0.011078 0.028574
v -0.024055 0.010366 0.026051
v -0.023880 0.010140 0.023372
v -0.024055 0.010366 0.020693
v -0.024495 0.011067 0.018182
v -0.025231 0.012207 0.015906
v -0.026264 0.013703 0.014017
v -0.027470 0.015512 0.012623
v -0.028791 0.017497 0.011781
v -0.030152 0.019537 0.011469
v -0.031453 0.021489 0.011615
v -0.028635 0.014694 0.034111
v -0.027851 0.012758 0.032831
v -0.027113 0.011076 0.030906
v -0.026633 0.009809 0.028586
v -0.026287 0.009067 0.026025
v -0.026241 0.008794 0.023372
v -0.026287 0.009066 0.020719
v -0.026634 0.009808 0.018157
v -0.027114 0.011075 0.015837
v -0.027843 0.012748 0.013920
v -0.028687 0.014785 0.012513
v -0.029605 0.017021 0.011692
v -0.030545 0.019294 0.011428
v -0.029999 0.014228 0.034171
v -0.029619 0.012161 0.032877
v -0.029213 0.010379 0.030940
v -0.029016 0.009055 0.028617
v -0.028809 0.008270 0.026035
v -0.028772 0.008006 0.023372
v -0.028809 0.008269 0.020709
v -0.029017 0.009054 0.018126
v -0.029214 0.010377 0.015802
v -0.029612 0.012165 0.013859
v -0.030030 0.014333 0.012450
v -0.030504 0.016717 0.011640
v -0.030992 0.019170 0.011396
v -0.031449 0.014065 0.034188
v -0.031449 0.011970 0.032898
v -0.031449 0.010139 0.030948
v -0.031449 0.008809 0.028624
v -0.031449 0.008015 0.026090
v -0.031449 0.007740 0.023373
v -0.031449 0.008015 0.020653
v -0.031450 0.008808 0.018119
v -0.031450 0.010137 0.015794
v -0.031450 0.011965 0.013845
v -0.031451 0.014172 0.012434
v -0.031452 0.016626 0.011619
v -0.031452 0.019106 0.011391
v -0.032900 0.014229 0.034170
v -0.033280 0.012162 0.032876
v -0.033685 0.010380 0.030939
v -0.033882 0.009056 0.028617
v -0.034071 0.008271 0.026051
v -0.034164 0.008016 0.023372
v -0.034072 0.008270 0.020692
v -0.033882 0.009055 0.018126
v -0.033686 0.010378 0.015802
v -0.033289 0.012166 0.013859
v -0.032872 0.014334 0.012450
v -0.032399 0.016717 0.011640
v -0.031913 0.019170 0.011396
v -0.034264 0.014696 0.034109
v -0.035047 0.012760 0.032829
v -0.035785 0.011079 0.030904
v -0.036265 0.009812 0.028585
v -0.036568 0.009052 0.026024
v -0.036727 0.008826 0.023371
v -0.036568 0.009052 0.020718
v -0.036266 0.009811 0.018157
v -0.035786 0.011077 0.015836
v -0.035058 0.012751 0.013920
v -0.034215 0.014787 0.012513
v -0.033298 0.017023 0.011692
v -0.032360 0.019295 0.011428
v -0.035489 0.015438 0.034004
v -0.036647 0.013700 0.032709
v -0.037648 0.012200 0.030838
v -0.038411 0.011083 0.028572
v -0.038834 0.010359 0.026028
v -0.039048 0.010165 0.023371
v -0.038834 0.010359 0.020713
v -0.038411 0.011082 0.018169
v -0.037653 0.012213 0.015890
v -0.036637 0.013706 0.014017
v -0.035433 0.015515 0.012623
v -0.034113 0.017499 0.011781
v -0.032753 0.019538 0.011469
v -0.036510 0.016423 0.033859
v -0.037951 0.014988 0.032581
v -0.039202 0.013699 0.030718
v -0.040173 0.012773 0.028500
v -0.040757 0.012169 0.025992
v -0.040957 0.011969 0.023370
v -0.040757 0.012169 0.020749
v -0.040173 0.012772 0.018241
v -0.039212 0.013698 0.016031
v -0.037957 0.014977 0.014169
v -0.036449 0.016479 0.012775
v -0.034802 0.018132 0.011898
v -0.033113 0.019825 0.011533
v -0.037283 0.017587 0.033676
v -0.038933 0.016487 0.032378
v -0.040364 0.015513 0.030550
v -0.041460 0.014790 0.028366
v -0.042149 0.014354 0.025932
v -0.042358 0.014168 0.023371
v -0.042149 0.014354 0.020810
v -0.041459 0.014790 0.018376
v -0.040364 0.015512 0.016190
v -0.038934 0.016486 0.014361
v -0.037221 0.017628 0.012961
v -0.035337 0.018885 0.012039
v -0.033372 0.020203 0.011598
v -0.037784 0.018865 0.033466
v -0.039543 0.018131 0.032143
v -0.041067 0.017502 0.030338
v -0.042219 0.017026 0.028207
v -0.042937 0.016730 0.025846
v -0.043175 0.016623 0.023371
v -0.042935 0.016730 0.020897
v -0.042218 0.017026 0.018536
v -0.041066 0.017502 0.016402
v -0.039543 0.018131 0.014591
v -0.037730 0.018881 0.013176
v -0.035725 0.019716 0.012203
v -0.033595 0.020600 0.011682
v -0.038016 0.020192 0.033253
v -0.039799 0.019818 0.031900
v -0.041325 0.019537 0.030110
v -0.042462 0.019289 0.028032
v -0.043169 0.019159 0.025753
v -0.043408 0.019122 0.023372
v -0.043167 0.019159 0.020990
v -0.042458 0.019288 0.018711
v -0.041323 0.019537 0.016630
v -0.039803 0.019821 0.014838
v -0.037980 0.020186 0.013399
v -0.035908 0.020608 0.012355
v -0.033691 0.021050 0.011757
f 4 2 1
f 8 6 5
f 13 15 14
f 17 19 18
f 32 30 29
f 36 34 33
f 37 39 38
f 21 23 20
f 25 27 24
f 41 43 42
f 48 46 45
f 52 50 49
f 53 55 54
f 60 58 57
f 29 62 61
f 66 64 63
f 67 6 68
f 72 70 69
f 76 74 73
f 77 79 78
f 81 83 82
f 59 86 85
f 88 90 89
f 96 94 93
f 100 98 97
f 101 103 102
f 106 34 87
f 108 115 107
f 117 36 118
f 124 126 125
f 131 129 128
f 132 134 133
f 142 140 139
f 148 60 147
f 144 127 124
f 149 151 150
f 156 154 153
f 159 158 157
f 116 164 105
f 171 169 168
f 174 173 172
f 179 181 180
f 186 188 187
f 194 196 195
f 199 139 198
f 206 208 207
f 213 211 210
f 202 214 201
f 96 216 54
f 92 43 44
f 97 246 100
f 250 229 228
f 252 58 253
f 258 256 255
f 260 229 259
f 110 112 113
f 114 263 109
f 265 267 266
f 56 270 269
f 274 249 250
f 185 63 64
f 280 278 276
f 285 283 157
f 288 211 212
f 141 92 46
f 289 175 176
f 148 105 106
f 312 170 171
f 238 42 43
f 318 160 317
f 310 308 307
f 241 325 324
f 160 240 317
f 47 307 308
f 108 315 164
f 345 86 119
f 348 350 349
f 356 358 357
f 355 353 352
f 363 32 362
f 149 150 176
f 364 253 365
f 366 368 367
f 183 371 63
f 163 161 160
f 209 101 208
f 378 165 166
f 379 381 380
f 383 3 4
f 284 386 385
f 387 389 388
f 391 229 249
f 73 397 396
f 405 407 406
f 203 411 410
f 414 413 412
f 1 357 4
f 277 131 275
f 254 57 58
f 358 415 351
f 417 386 408
f 401 192 420
f 419 127 143
f 421 182 422
f 103 302 409
f 428 368 174
f 380 359 356
f 62 266 323
f 140 431 430
f 357 351 348
f 356 379 380
f 415 403 434
f 437 436 435
f 438 440 439
f 188 450 449
f 452 454 453
f 265 181 421
f 224 64 225
f 237 213 427
f 275 128 458
f 281 460 459
f 50 79 461
f 73 282 281
f 468 466 465
f 390 352 359
f 482 484 483
f 489 487 486
f 493 495 494
f 472 470 469
f 502 500 499
f 220 222 223
f 512 143 66
f 518 511 80
f 513 230 286
f 205 31 244
f 189 451 188
f 163 532 8
f 533 225 251
f 446 447 412
f 335 540 334
f 544 546 545
f 329 291 292
f 199 262 238
f 385 416 550
f 532 191 247
f 363 118 243
f 236 237 250
f 578 580 579
f 573 571 570
f 561 562 272
f 241 259 240
f 590 592 591
f 545 595 594
f 503 155 504
f 606 624 623
f 478 480 479
f 646 648 647
f 590 689 684
f 564 651 650
f 728 184 727
f 714 716 715
f 692 575 693
f 541 581 578
f 346 248 400
f 161 230 160
f 128 94 95
f 698 704 703
f 574 576 575
f 290 401 328
f 630 725 726
f 733 735 734
f 755 496 493
f 759 481 760
f 757 762 761
f 764 466 467
f 768 3808 3809
f 759 488 489
f 492 475 771
f 474 769 473
f 773 465 772
f 771 486 483
f 484 775 491
f 774 489 486
f 495 764 756
f 495 761 494
f 137 784 136
f 325 797 547
f 165 51 52
f 369 29 370
f 730 568 569
f 90 301 89
f 243 516 242
f 800 806 805
f 817 808 816
f 816 823 822
f 306 447 807
f 815 809 808
f 829 828 825
f 726 501 502
f 274 424 423
f 879 881 880
f 884 879 885
f 219 217 211
f 906 904 897
f 455 205 542
f 898 830 829
f 903 880 881
f 906 897 898
f 377 519 165
f 923 948 946
f 946 951 950
f 3519 739 3517
f 900 886 880
f 225 65 144
f 182 442 422
f 809 947 824
f 954 962 961
f 927 965 966
f 885 880 886
f 925 966 967
f 343 341 340
f 965 971 968
f 968 970 969
f 972 969 973
f 963 981 978
f 336 338 339
f 992 827 828
f 810 996 959
f 1007 1002 1008
f 1012 827 1009
f 1011 1007 1008
f 294 292 291
f 907 920 919
f 1017 1019 1018
f 1020 1022 1021
f 1035 1020 1044
f 1061 1047 1046
f 1063 1046 1062
f 1044 1021 1045
f 1102 1097 1109
f 1116 1118 1117
f 1016 1014 1013
f 881 904 903
f 816 1127 817
f 1094 949 1097
f 514 167 515
f 146 81 82
f 1133 1130 1129
f 1102 1126 822
f 822 1116 816
f 1145 1148 1136
f 1076 1151 1069
f 1148 1086 1087
f 1109 1114 1136
f 1154 1156 1155
f 1153 967 1156
f 3464 463 3714
f 1144 1152 1151
f 1156 1163 1162
f 1164 1169 1165
f 1145 1176 1147
f 1114 1154 1171
f 1183 1164 1177
f 1184 1177 1185
f 1069 1062 1064
f 1023 1194 1022
f 1162 1170 1169
f 1195 1185 1191
f 1183 1176 1155
f 1201 1152 1196
f 1061 1201 1202
f 3825 843 3836
f 1203 1195 1034
f 1202 1184 1195
f 1218 1203 1217
f 1060 1202 1203
f 1225 1217 1219
f 671 694 670
f 1219 1024 1035
f 1217 1034 1024
f 1226 1015 1227
f 1243 1234 1233
f 1231 1229 1228
f 847 1233 843
f 843 1244 878
f 1233 1245 1244
f 1923 233 216
f 2100 499 500
f 3914 2135 3900
f 61 323 505
f 210 217 457
f 1299 1309 1300
f 3863 1231 3862
f 1066 1321 1322
f 1322 1228 1229
f 1060 1321 1047
f 1325 1323 1310
f 1244 1332 1330
f 1290 1242 1288
f 1337 1339 1338
f 1330 1340 1339
f 1341 1245 1294
f 1342 1332 1341
f 1343 1341 1344
f 1344 1294 1293
f 3857 1345 1346
f 1347 1342 1343
f 3856 1295 1345
f 1349 1348 1347
f 3861 1347 3853
f 3853 1343 3857
f 906 829 1353
f 905 1353 1354
f 865 1355 1357
f 1355 829 825
f 1357 825 826
f 1356 1353 1355
f 3834 1338 3833
f 866 1356 865
f 1358 1354 1356
f 3828 1337 3834
f 838 1012 841
f 1363 1338 1339
f 1368 1339 1340
f 1348 1340 1342
f 1371 3824 3829
f 524 526 523
f 528 530 527
f 1372 1369 1371
f 535 537 538
f 1367 1348 1350
f 1370 1359 1369
f 1369 3833 3824
f 1373 903 904
f 555 557 558
f 1374 910 1373
f 1373 905 1375
f 1374 1375 1376
f 1375 1354 1370
f 1378 908 1377
f 376 651 1387
f 1388 973 969
f 586 588 585
f 1390 1388 1391
f 1391 969 970
f 597 599 596
f 600 602 603
f 1392 970 979
f 608 610 607
f 612 523 611
f 614 616 613
f 617 25 24
f 620 622 619
f 1397 1391 1392
f 1398 1392 1399
f 1400 920 1378
f 1402 1165 1169
f 636 638 635
f 930 1402 929
f 641 643 644
f 929 1169 1170
f 1404 1403 1402
f 1411 1365 1406
f 1412 1415 1414
f 652 654 655
f 609 657 658
f 659 661 662
f 558 586 585
f 665 667 664
f 1413 1406 1412
f 1418 3810 3813
f 1417 1371 1416
f 1416 3829 3810
f 1419 1416 1418
f 1386 1374 1420
f 677 679 676
f 1385 1420 1421
f 1420 1376 1422
f 685 687 688
f 1421 1422 1423
f 528 691 658
f 1422 1372 1417
f 1018 747 1425
f 699 701 702
f 1424 579 1017
f 3663 1767 3660
f 700 711 712
f 1093 3754 1571
f 717 530 719
f 721 723 720
f 704 3543 3554
f 19 1426 1430
f 1429 1427 1426
f 1658 3542 3544
f 1439 1434 1438
f 1437 1435 1434
f 1426 1433 1432
f 1442 1432 1440
f 742 744 745
f 1432 1441 1440
f 751 753 750
f 1438 1403 1405
f 1446 1444 1443
f 1447 1446 1443
f 3860 1443 3848
f 1415 1445 1446
f 1414 1446 1448
f 2173 469 470
f 777 779 686
f 780 782 783
f 1676 1806 1675
f 3859 1349 3861
f 789 791 788
f 745 793 742
f 652 795 653
f 1455 1457 1456
f 1454 1350 1452
f 610 802 801
f 3831 698 703
f 1352 1045 1351
f 1015 1459 1460
f 811 813 814
f 2118 3817 2117
f 819 821 818
f 1466 1194 1190
f 1467 1465 1466
f 1182 1468 1467
f 832 833 831
f 835 837 834
f 1467 1190 1182
f 1469 1444 1445
f 840 712 690
f 1453 1469 1454
f 599 845 846
f 1226 3849 3855
f 851 853 850
f 855 856 854
f 858 860 857
f 861 863 864
f 1014 3855 3858
f 867 868 869
f 870 872 873
f 874 876 877
f 1310 1471 1309
f 1476 1427 1475
f 1461 1475 1460
f 887 889 890
f 788 892 891
f 894 896 893
f 1460 1227 1015
f 901 524 612
f 1465 1477 1464
f 1865 3500 1864
f 911 913 914
f 916 918 915
f 1850 3507 1851
f 921 895 894
f 1479 1436 1478
f 926 667 601
f 1481 563 1480
f 269 84 1482
f 931 933 916
f 934 614 869
f 936 688 937
f 938 662 939
f 1484 122 123
f 941 835 834
f 320 509 510
f 1849 3505 1850
f 84 1484 83
f 1487 1488 539
f 1757 3502 3509
f 365 1491 364
f 461 80 511
f 117 362 1496
f 1494 541 1495
f 926 957 958
f 1477 1433 1476
f 1709 1585 1700
f 119 1496 345
f 271 504 156
f 511 189 186
f 345 1492 365
f 255 344 254
f 57 299 132
f 1501 268 1500
f 267 1499 145
f 974 976 977
f 1678 1693 1676
f 3846 1807 3840
f 557 663 558
f 983 984 985
f 1443 3849 3848
f 421 268 265
f 989 991 988
f 1490 418 1504
f 279 309 310
f 997 676 679
f 998 999 875
f 1504 38 1505
f 1506 1507 1486
f 360 1508 1506
f 1506 207 360
f 939 1006 938
f 270 1483 269
f 66 546 512
f 1010 793 935
f 367 437 1509
f 244 363 243
f 1670 3534 1669
f 209 1510 226
f 235 1512 1511
f 1511 234 235
f 388 426 425
f 427 250 237
f 161 521 231
f 100 45 44
f 1025 608 1027
f 1029 1031 1028
f 939 1033 1032
f 41 594 99
f 1036 783 1037
f 702 1038 1039
f 1040 1042 1043
f 362 369 1493
f 187 477 186
f 70 539 198
f 1511 1521 234
f 1049 603 1048
f 613 869 614
f 860 1051 857
f 1005 1053 1006
f 753 1056 1054
f 1057 1059 1055
f 293 1522 292
f 288 1521 1522
f 292 1523 329
f 331 1508 1524
f 306 453 305
f 100 41 99
f 462 78 79
f 330 1524 462
f 635 1068 636
f 1485 1526 1528
f 206 1528 1510
f 1070 1072 831
f 942 1073 1074
f 916 1075 917
f 440 1530 439
f 157 1514 285
f 1529 5 1530
f 371 546 63
f 790 663 791
f 1077 857 1078
f 1403 1435 1165
f 1080 1082 1079
f 531 1529 440
f 21 1084 1085
f 272 1531 561
f 137 396 397
f 690 802 691
f 335 3567 581
f 1090 1029 1091
f 1092 794 1042
f 1533 137 138
f 661 1095 1096
f 69 445 72
f 1099 1101 1098
f 38 1536 1505
f 1104 1106 1103
f 852 1108 853
f 1377 909 1386
f 291 411 294
f 316 516 33
f 539 1533 534
f 1505 316 313
f 1110 1112 1113
f 1539 460 264
f 522 1537 1539
f 834 1120 1119
f 1122 1124 1121
f 612 1041 901
f 935 615 614
f 276 130 131
f 1686 3522 1685
f 193 1541 273
f 231 1540 287
f 556 982 557
f 365 85 345
f 190 318 1541
f 1810 3574 3528
f 3924 3512 3791
f 1132 985 1131
f 208 102 132
f 1134 662 661
f 1491 80 77
f 429 1542 147
f 1137 915 918
f 172 428 174
f 1139 1141 1142
f 549 54 55
f 1517 1518 296
f 976 1146 938
f 834 984 941
f 1543 286 115
f 1544 239 513
f 133 1544 1542
f 506 257 258
f 420 328 401
f 1158 1160 1157
f 587 1103 588
f 1513 1514 151
f 607 1027 608
f 304 1545 303
f 364 77 506
f 69 198 139
f 1006 976 938
f 700 1112 701
f 3877 3525 3787
f 1166 657 656
f 1167 858 1077
f 1300 3524 1299
f 1172 1174 1175
f 218 200 217
f 1179 1181 1178
f 372 97 98
f 89 227 88
f 1186 1188 1189
f 172 1517 1549
f 1482 81 1498
f 1090 1193 1030
f 394 353 1551
f 526 1198 1197
f 811 858 812
f 1199 1026 1025
f 606 697 696
f 1204 1206 743
f 1207 523 526
f 1209 867 613
f 914 685 936
f 1478 1441 1477
f 1029 1161 1091
f 1211 1213 1214
f 3858 1451 3859
f 844 1216 845
f 423 273 274
f 1220 1222 1083
f 22 1224 23
f 882 897 881
f 1519 173 387
f 1189 1232 1178
f 349 550 416
f 1071 1236 1072
f 1237 1239 745
f 1221 1189 1240
f 1510 1512 333
f 939 1241 1005
f 1556 5 67
f 1553 394 1551
f 404 67 347
f 1247 1249 1246
f 142 238 92
f 1251 635 1250
f 850 1253 851
f 1254 1077 1255
f 57 133 429
f 443 552 551
f 1187 1175 1188
f 1256 831 833
f 432 382 383
f 741 747 746
f 434 351 415
f 349 383 348
f 251 1481 1480
f 395 352 353
f 1518 1550 1551
f 1558 378 340
f 109 314 315
f 285 1513 407
f 395 393 392
f 202 410 1558
f 417 405 432
f 1246 1258 1247
f 3 297 2
f 1259 1261 1262
f 403 347 284
f 955 953 952
f 462 51 330
f 1096 687 1263
f 429 60 57
f 896 1265 932
f 1267 1268 1266
f 423 327 420
f 37 180 40
f 20 1187 1186
f 1256 1071 1070
f 155 156 504
f 1188 1269 1232
f 1236 1271 1262
f 1272 535 621
f 565 463 464
f 1273 745 1239
f 876 1255 1274
f 316 164 315
f 437 503 1509
f 194 1495 197
f 1275 864 863
f 624 631 630
f 1277 1137 1278
f 569 567 566
f 1481 125 366
f 324 547 326
f 1279 1107 1280
f 1525 329 1523
f 1281 1137 918
f 171 1553 1552
f 1488 396 1533
f 1557 1562 1559
f 1282 1206 1205
f 1053 1278 1281
f 778 607 1283
f 713 3566 3569
f 251 144 124
f 4 348 383
f 709 707 706
f 728 45 246
f 261 1563 544
f 789 1287 790
f 74 263 282
f 403 385 434
f 1178 1240 1189
f 1223 1289 1224
f 158 150 151
f 1220 1186 1221
f 296 354 433
f 784 1538 1566
f 1181 1291 1222
f 1269 1257 1246
f 1566 438 399
f 136 1566 1564
f 1563 169 1565
f 107 109 108
f 1297 1298 1296
f 1464 1476 1461
f 1520 507 508
f 1301 1303 1304
f 1306 1308 1305
f 175 1532 272
f 1532 200 201
f 1311 1312 1313
f 872 1315 1316
f 1317 1318 1319
f 3836 878 3828
f 1305 864 1276
f 1040 863 1320
f 1564 399 169
f 592 1575 591
f 591 1088 689
f 1581 1583 1582
f 1196 1147 1176
f 710 583 713
f 285 408 386
f 953 961 963
f 1594 1589 1593
f 1585 1587 1586
f 1592 1590 1589
f 3885 944 3899
f 1600 1598 1597
f 1604 1602 1601
f 1399 979 980
f 1589 1596 1595
f 1610 1608 1607
f 298 361 360
f 551 276 277
f 1627 3814 3819
f 859 818 860
f 1078 1328 1329
f 1555 1530 1556
f 572 680 681
f 772 776 774
f 977 918 917
f 404 392 393
f 1054 750 753
f 1644 1643 1642
f 932 1082 933
f 1067 1334 1068
f 1540 264 114
f 597 643 1336
f 471 762 470
f 1642 3831 3842
f 1644 3842 3843
f 923 950 927
f 96 548 95
f 520 522 521
f 445 443 442
f 849 848 842
f 480 755 493
f 1646 481 1639
f 311 1567 170
f 464 3497 3495
f 3497 1361 3495
f 234 236 235
f 190 192 191
f 153 152 149
f 231 286 230
f 1552 1551 1550
f 760 1648 488
f 3832 1649 3830
f 828 826 825
f 52 166 165
f 1663 1661 1660
f 287 115 286
f 668 670 669
f 634 640 639
f 553 559 554
f 118 33 516
f 492 491 490
f 3552 1651 3553
f 582 584 583
f 384 392 415
f 1381 1383 1380
f 1562 435 436
f 952 951 947
f 3529 583 584
f 1660 1667 1666
f 1394 1396 1393
f 1660 1664 1663
f 1671 1669 1668
f 1624 1673 1672
f 1407 1409 1410
f 1677 1675 1674
f 1613 1677 1625
f 1679 1676 1677
f 1626 3811 3814
f 534 198 539
f 176 150 159
f 803 734 800
f 400 191 192
f 65 143 144
f 3526 1656 3540
f 402 157 283
f 629 627 626
f 461 49 50
f 758 495 756
f 796 786 785
f 406 1513 1560
f 342 166 167
f 1694 1658 1695
f 1692 1694 1696
f 3557 1652 3552
f 3921 1703 3923
f 326 302 90
f 3916 1702 1706
f 3919 1698 1701
f 1699 3927 3918
f 1557 1560 1561
f 1127 1117 1128
f 400 289 346
f 1706 1707 1708
f 1707 1599 1600
f 1709 1708 1588
f 1714 1711 1713
f 3919 1709 1700
f 1704 1577 1703
f 1716 1713 1715
f 1559 1549 297
f 1722 1720 1719
f 1335 596 1489
f 410 377 378
f 973 1163 972
f 168 399 398
f 1571 1089 1093
f 1572 682 1571
f 749 647 754
f 1730 1723 1729
f 1594 1729 1592
f 1729 1591 1592
f 1731 1730 1583
f 1384 1377 1379
f 1732 1712 1714
f 1724 1731 1732
f 1712 1731 1580
f 1722 1732 1733
f 1721 1733 1734
f 1734 1716 1717
f 1735 1736 1697
f 1733 1714 1716
f 1663 1741 1668
f 1742 1740 1743
f 1738 1737 1735
f 1665 1666 1740
f 1665 1744 1664
f 1725 1746 1745
f 1591 1745 1590
f 1590 1747 1596
f 1745 1748 1747
f 1659 3538 3542
f 3287 3545 3282
f 1185 1182 1190
f 1664 1749 1741
f 1741 1739 1738
f 1746 1743 1748
f 1726 1742 1746
f 1153 924 925
f 1115 1153 1154
f 1654 3575 1655
f 1896 3549 1686
f 1720 1744 1726
f 1721 1749 1720
f 1750 1701 1698
f 1697 1750 1696
f 1151 1063 1062
f 1751 1670 1671
f 1695 1752 1751
f 961 986 981
f 1770 1768 1767
f 1766 1593 1765
f 1731 1579 1580
f 1579 1774 1578
f 3928 1771 3929
f 1764 3928 3917
f 1777 1775 1774
f 3762 1699 1700
f 1004 1128 1003
f 1774 1771 1772
f 987 1399 980
f 1578 1772 1764
f 1783 1781 1778
f 1597 1770 1767
f 639 3895 3884
f 3928 1769 1770
f 1793 1789 1788
f 3929 1798 1769
f 3508 3773 1806
f 1802 3924 3922
f 1788 1794 1793
f 1793 1795 1776
f 3773 1675 1806
f 1584 1783 1789
f 1771 3920 3929
f 1801 1798 1800
f 1768 1798 1799
f 1775 1797 1771
f 508 515 1520
f 1796 1802 1797
f 1800 3920 3922
f 1794 1804 1795
f 3532 1752 3547
f 485 1807 775
f 3809 1640 768
f 3837 1810 1653
f 485 1640 1808
f 1690 3770 3772
f 487 1648 1811
f 3839 1816 3822
f 3838 1648 3830
f 3839 1811 3838
f 1812 487 1811
f 1641 767 768
f 465 755 776
f 767 3823 3808
f 3822 3826 3847
f 1809 1815 767
f 3837 1651 3840
f 675 3541 3496
f 1814 1822 1821
f 1821 3821 3820
f 1824 1649 1825
f 1827 1850 1805
f 1668 1662 1663
f 1779 1848 1828
f 1790 1805 1794
f 1833 1853 1852
f 3521 693 575
f 1614 1616 1617
f 1852 3498 3501
f 1620 1622 1623
f 1855 1574 1861
f 1847 3501 3513
f 1766 1855 1782
f 1629 1631 1628
f 1633 1634 1632
f 1635 1637 1638
f 1848 1852 1847
f 1855 1863 1862
f 1803 1867 1802
f 1862 1831 1832
f 1782 1862 1781
f 3922 1865 1800
f 1873 1870 1869
f 1874 799 804
f 2045 3897 2044
f 1219 1295 1225
f 1615 1396 1395
f 3884 1877 1876
f 645 3786 3559
f 1345 1035 1346
f 634 3884 3880
f 15 1327 14
f 3910 1878 1893
f 1894 605 1893
f 3506 627 693
f 3560 645 3559
f 340 454 1558
f 1897 195 1898
f 1889 1877 1890
f 1901 129 1900
f 196 754 232
f 1705 3921 3916
f 340 166 343
f 1570 563 561
f 1904 194 1897
f 1781 1832 1780
f 1905 55 1906
f 1000 995 996
f 986 920 987
f 1191 1190 1194
f 2094 2075 2093
f 1920 1919 1915
f 453 1912 1911
f 1915 1918 1916
f 3882 2106 3901
f 1655 3531 1868
f 1916 1926 1925
f 704 3561 703
f 278 1925 1900
f 3565 1818 1820
f 1097 1115 1114
f 1927 727 1923
f 3578 3654 3758
f 1920 307 1929
f 1929 48 728
f 503 1497 1509
f 1902 787 796
f 1816 3820 3826
f 1925 1923 1924
f 1535 1568 1534
f 254 258 255
f 1509 366 367
f 119 35 36
f 219 293 294
f 141 47 431
f 542 244 245
f 1940 430 431
f 1779 1827 1790
f 1701 3915 3919
f 1661 3515 1667
f 270 754 647
f 197 749 196
f 1727 1212 1211
f 53 232 754
f 1465 1479 1478
f 1284 3854 1293
f 1951 412 413
f 168 1554 1553
f 1486 206 207
f 506 78 361
f 994 1007 993
f 951 963 964
f 1013 3861 1351
f 3826 1820 1818
f 1498 1954 1482
f 299 543 132
f 1754 1756 1753
f 1681 1683 1682
f 1696 1695 1697
f 13 738 737
f 473 475 474
f 482 768 1640
f 204 30 205
f 1761 820 819
f 611 1125 612
f 1501 1908 1909
f 1074 711 699
f 1960 82 83
f 120 1960 123
f 35 87 34
f 1773 1025 1031
f 1965 1569 1535
f 494 471 479
f 1966 1969 1968
f 446 1971 1967
f 174 125 126
f 1580 1578 1577
f 1785 1787 1784
f 1972 304 305
f 1254 875 999
f 1973 342 514
f 321 1973 509
f 1910 275 1907
f 509 514 508
f 1486 1527 1485
f 1974 804 1975
f 1977 1974 1978
f 1980 1966 1981
f 379 2 295
f 1718 1710 1701
f 884 992 883
f 1680 1678 1679
f 902 525 524
f 344 256 299
f 135 137 136
f 236 228 333
f 448 1967 1966
f 589 604 584
f 910 908 907
f 1981 1968 1987
f 1982 1987 1979
f 1988 1987 1989
f 1990 1989 1991
f 1991 1993 1992
f 322 320 319
f 992 830 883
f 1144 1086 1143
f 1995 1978 1994
f 1133 1118 1126
f 1997 1994 1996
f 870 1335 1489
f 805 1982 1998
f 727 2000 1999
f 1996 1988 1990
f 1994 1979 1988
f 1829 792 1273
f 1830 941 983
f 798 800 799
f 729 731 730
f 2011 2023 2022
f 1834 846 1159
f 402 284 347
f 2022 2024 2025
f 1838 989 988
f 810 952 809
f 1823 1840 644
f 1430 1432 1431
f 1215 1841 1079
f 149 176 177
f 1316 873 872
f 2112 1384 2106
f 1842 1844 1845
f 1159 845 1160
f 837 1846 1120
f 1971 2030 2027
f 517 370 189
f 858 833 812
f 1471 2027 1888
f 3551 626 627
f 2174 770 490
f 935 1854 1010
f 1613 1611 1618
f 1231 1225 1295
f 1856 891 892
f 1300 748 741
f 1150 1858 1859
f 1643 696 1642
f 1215 1264 1216
f 1320 902 901
f 1956 1944 1960
f 2031 669 1474
f 2034 1310 1299
f 1879 1656 1657
f 40 242 39
f 1992 2039 1456
f 888 957 889
f 1882 1996 1990
f 1078 1255 1077
f 1871 1192 1090
f 294 218 219
f 1323 2026 1471
f 123 83 1484
f 1324 2041 1323
f 384 359 352
f 1324 2038 2036
f 1883 1885 1829
f 287 114 107
f 1096 1134 661
f 915 931 916
f 806 1981 1982
f 3533 584 604
f 1425 2042 1018
f 1018 1948 1017
f 3562 740 3519
f 1948 649 646
f 1881 1990 1991
f 1900 130 278
f 992 994 993
f 923 925 924
f 3878 2047 3876
f 1643 625 606
f 2050 2051 2049
f 2045 1404 2047
f 3876 945 3885
f 1139 1079 1841
f 1037 892 982
f 2055 2057 2056
f 1198 718 717
f 1619 1612 1611
f 2058 1606 2059
f 2059 1607 2058
f 2058 1624 1605
f 71 179 37
f 405 1557 382
f 976 1006 977
f 322 1972 1911
f 2061 2063 2062
f 2066 2067 1825
f 2052 2064 2051
f 1609 2066 1647
f 1515 152 1516
f 1009 993 1007
f 1644 3815 2118
f 279 1916 278
f 1285 3862 1284
f 1647 1825 1649
f 2056 2067 2065
f 319 1953 1952
f 667 1913 1914
f 2070 625 2048
f 2052 2055 2063
f 2038 1655 1458
f 1606 2073 2072
f 1235 1270 1236
f 2072 2075 2074
f 2059 2072 2062
f 2074 2077 2076
f 1601 2078 2073
f 2049 1643 1645
f 1000 1001 994
f 1089 684 689
f 1931 1306 1930
f 1462 1021 1022
f 1932 1934 1935
f 875 1846 998
f 1936 1937 1938
f 44 46 92
f 1534 1956 120
f 1541 317 391
f 2081 2084 2083
f 146 1959 300
f 1360 1942 1361
f 985 1032 1033
f 1995 1892 2043
f 2079 2082 2081
f 2095 2076 2077
f 2081 2078 2079
f 2055 2054 2053
f 501 2095 500
f 2097 2099 2098
f 2098 2094 2083
f 2140 3893 3866
f 2141 3894 3893
f 2051 2048 2049
f 592 2101 1576
f 2071 2076 2096
f 2102 2098 2101
f 593 2102 592
f 1019 746 747
f 1950 12 1327
f 725 2096 501
f 1385 2104 1379
f 1379 2106 1384
f 2107 2100 2097
f 3908 502 3896
f 3896 499 3901
f 940 2109 944
f 928 1170 973
f 3868 684 3899
f 1962 1964 1961
f 3878 573 3897
f 2039 1968 1969
f 1389 2110 2109
f 1398 2113 1397
f 3757 3753 3743
f 3911 2107 2103
f 949 924 1115
f 260 324 326
f 1390 2113 2110
f 2070 2064 2071
f 3867 2103 593
f 2105 1421 2114
f 2114 1423 2115
f 3892 2115 3903
f 3908 2114 3892
f 554 1902 553
f 972 967 966
f 1765 1573 1574
f 1984 1986 1983
f 2053 2069 2057
f 3573 724 714
f 1625 1674 1673
f 3881 2119 2122
f 3903 2123 3904
f 56 1906 55
f 626 3879 629
f 2001 2003 2004
f 3912 2127 3907
f 2006 2008 2009
f 2127 1412 2128
f 2014 2016 2017
f 2018 2020 2021
f 1495 1947 197
f 1379 1386 1385
f 3814 1680 1618
f 2029 1884 2028
f 3902 2120 3887
f 629 3914 3872
f 682 943 1089
f 724 2121 716
f 1757 3821 3845
f 765 3844 3809
f 3851 715 3852
f 706 3870 3872
f 981 987 980
f 1457 1656 1880
f 2017 2032 2033
f 1458 1868 1457
f 1776 1792 1793
f 1959 1946 1958
f 3663 3725 3661
f 3913 2122 3850
f 1093 689 1088
f 966 968 972
f 3852 3881 3913
f 2172 2170 2171
f 670 2137 669
f 3761 1903 233
f 1429 28 1449
f 964 978 971
f 3841 1413 2127
f 1473 669 2137
f 3834 1359 1358
f 2138 1870 2137
f 1872 2137 1870
f 715 3888 3881
f 1881 1992 1880
f 3843 739 740
f 1837 3513 3514
f 253 59 85
f 1808 3840 1807
f 1647 3818 1609
f 3865 671 668
f 2112 3883 2111
f 1405 2044 1438
f 3829 1364 1366
f 273 391 249
f 576 3520 3555
f 3875 668 2031
f 1430 2140 2139
f 2136 3860 28
f 1430 18 19
f 3893 570 695
f 1442 2046 2141
f 1431 2141 2140
f 3869 3850 2136
f 3808 1817 766
f 3866 695 671
f 2142 798 2138
f 571 2142 694
f 3819 1618 1611
f 2143 2025 2142
f 694 2138 670
f 681 2144 572
f 2144 2022 2143
f 328 457 290
f 1572 2011 2144
f 630 3903 624
f 2085 2087 2088
f 2090 2092 2089
f 572 2143 571
f 1875 2153 2149
f 1873 2149 2154
f 2103 2097 2102
f 2157 2155 2156
f 2128 1414 2120
f 3874 589 582
f 3872 628 629
f 2149 2158 2159
f 2159 3905 3890
f 698 3902 705
f 3823 3827 1817
f 2158 3874 3905
f 1438 2046 1439
f 2035 2160 2161
f 2161 3889 3886
f 3871 605 589
f 3873 18 3875
f 370 61 451
f 649 413 648
f 2153 2156 2158
f 1428 1449 1450
f 1490 73 1488
f 3890 710 633
f 2155 3891 3871
f 1456 1880 1992
f 2125 2087 2124
f 2160 3890 3889
f 300 505 323
f 1064 1046 1065
f 2043 1891 2155
f 2129 2004 2003
f 2131 2133 2134
f 3848 1450 1449
f 1998 804 805
f 3879 3864 3914
f 474 490 770
f 1164 1182 1177
f 707 3909 3870
f 708 2162 707
f 2162 3886 3909
f 548 1905 458
f 1145 1114 1171
f 705 1650 704
f 2043 1977 1995
f 737 554 559
f 1034 1191 1023
f 458 1907 275
f 195 232 233
f 2040 1969 1970
f 2145 2147 2148
f 2054 2049 1645
f 3832 1639 3818
f 9 11 10
f 252 506 258
f 472 479 471
f 1865 3791 3503
f 900 910 907
f 1941 2151 1942
f 1921 1927 1919
f 2163 1898 2116
f 271 153 178
f 1904 12 9
f 282 264 460
f 1872 2154 2035
f 1326 1897 2163
f 628 693 627
f 1724 1719 1723
f 1549 436 172
f 1582 1730 1729
f 1921 1929 1928
f 3563 10 11
f 2152 1950 1949
f 475 774 771
f 769 2171 473
f 2171 476 473
f 476 772 475
f 1791 464 1760
f 2166 2168 2169
f 595 372 98
f 483 1641 482
f 762 2173 470
f 771 484 492
f 486 1809 483
f 297 1517 296
f 763 2174 762
f 776 759 489
f 184 2176 2000
f 412 303 414
f 2005 185 224
f 3811 1682 3846
f 2164 756 764
f 1472 2161 2162
f 950 964 965
f 2177 2179 2180
f 227 1510 333
f 764 467 2164
f 2182 2184 2181
f 2186 2018 2185
f 1985 2181 1986
f 214 729 1531
f 1545 1546 1569
f 865 842 866
f 849 1357 1362
f 452 1558 454
f 559 3188 737
f 16 737 3188
f 560 498 374
f 3193 3195 3194
f 3200 3198 3199
f 3211 3213 3212
f 3215 3217 3216
f 2187 2002 2001
f 2169 2189 2190
f 2192 2085 2191
f 2193 2195 2196
f 2198 2200 2197
f 1998 1979 1975
f 3664 3668 3671
f 2116 1903 1902
f 1859 2009 1150
f 3904 2126 3906
f 1135 1087 1130
f 2201 2015 2014
f 1149 110 1858
f 3221 3218 3215
f 2203 2205 2206
f 579 1895 1019
f 1755 2208 1756
f 3891 1893 605
f 1211 2150 1727
f 868 2210 2209
f 944 930 940
f 2130 2202 2201
f 233 1898 195
f 665 750 666
f 1167 999 618
f 2211 2213 2214
f 2215 2217 2218
f 3867 590 3868
f 2220 220 2219
f 823 948 1094
f 3225 3227 3226
f 266 455 265
f 3882 2107 3883
f 2221 3519 3517
f 2223 2225 2226
f 2207 2124 2208
f 673 3869 3864
f 817 996 815
f 2227 2146 2145
f 1947 646 749
f 3900 17 3873
f 2229 1638 1381
f 1679 1618 1680
f 1637 2232 2230
f 2233 1617 1616
f 2231 2236 2237
f 1381 2238 1382
f 3586 2242 3587
f 1630 2233 1631
f 1681 472 469
f 1408 2243 2244
f 3236 3238 3237
f 3232 3240 3235
f 1637 2238 1638
f 3237 3233 3234
f 1409 1634 2245
f 1380 2247 2246
f 1628 2245 1621
f 2249 1622 1633
f 1632 1408 2244
f 2248 1631 2250
f 2235 1637 1636
f 3245 3199 3198
f 631 2071 725
f 515 52 49
f 782 2251 1251
f 2253 2255 2252
f 397 459 784
f 1456 2040 1455
f 2040 2036 1455
f 1401 2111 1398
f 2041 1970 2026
f 1535 414 1965
f 1586 2080 2079
f 2256 1132 1886
f 1700 3918 3919
f 3815 1686 3817
f 1263 1886 1096
f 598 844 599
f 2257 2259 2260
f 2258 2262 2259
f 2259 2263 2216
f 2260 2216 2215
f 1967 1970 1969
f 2212 1963 2213
f 922 2218 2217
f 1312 1101 2264
f 1307 1286 789
f 1548 1546 1972
f 2266 2268 2265
f 2265 2270 2269
f 2272 2269 2271
f 2273 2265 2272
f 2275 2277 2274
f 2278 2277 2279
f 2284 3617 3639
f 2287 2286 2281
f 2288 2283 2287
f 2290 3639 3620
f 2291 2293 2294
f 2295 2294 2279
f 2296 2291 2295
f 2297 2292 2291
f 2294 2299 2300
f 2279 2300 2278
f 2298 2302 2292
f 2292 2303 2293
f 2293 2304 2299
f 2304 2306 2299
f 2306 2300 2299
f 2308 2310 2307
f 2302 2310 2303
f 2301 2307 2302
f 2312 2307 2311
f 2313 2315 2316
f 2318 2320 2317
f 3748 2322 2323
f 2324 2273 2326
f 2313 2326 2327
f 2328 2313 2316
f 2329 2324 2328
f 2331 2333 2330
f 2330 2267 2266
f 2325 2266 2273
f 2329 2330 2325
f 2333 2335 2267
f 2336 2333 2332
f 2338 2332 2337
f 2331 2337 2332
f 2329 2339 2331
f 2328 2340 2329
f 2316 2341 2328
f 2342 2315 2343
f 2344 2346 2347
f 2341 2347 2340
f 2342 2344 2341
f 2348 2345 2344
f 2350 2352 2353
f 2339 2353 2337
f 2340 2350 2339
f 2347 2351 2350
f 2337 2354 2338
f 2353 2355 2354
f 2356 2276 2357
f 2356 2358 2359
f 2356 2296 2295
f 2279 2356 2295
f 2360 2270 2268
f 2267 2360 2268
f 2362 2364 2365
f 2362 2361 2358
f 2366 2358 2357
f 2366 2363 2362
f 2357 2368 2366
f 2366 2369 2367
f 2276 2370 2368
f 2368 2282 2369
f 2372 2374 2371
f 2375 2377 2007
f 2378 2380 2381
f 2382 2381 2383
f 2384 2378 2382
f 2385 2379 2378
f 2388 2390 2387
f 2387 2392 2391
f 2393 2387 2391
f 2394 2388 2387
f 2186 2402 2400
f 2403 2327 2326
f 2272 2326 2273
f 2271 2403 2272
f 2405 2404 2403
f 2404 2408 2327
f 2409 2411 2412
f 2409 2271 2269
f 2413 2269 2270
f 2413 2410 2409
f 2417 2416 2418
f 2417 2406 2405
f 2412 2405 2271
f 2411 2417 2412
f 2406 2407 2404
f 3569 632 713
f 2420 2397 2421
f 2420 2423 2422
f 2424 2422 2419
f 2424 2398 2420
f 2425 2392 2426
f 2421 2426 2423
f 2397 2425 2421
f 2396 2391 2425
f 2427 2315 2314
f 2427 2408 2428
f 2430 2428 2429
f 2343 2427 2430
f 2432 2430 2431
f 2431 2429 2433
f 2435 2433 2434
f 2436 2431 2435
f 2428 2407 2437
f 2422 2407 2419
f 2438 2422 2423
f 2429 2437 2438
f 2440 2433 2439
f 2441 2433 2429
f 2442 2439 2441
f 2443 2440 2439
f 2445 2444 2443
f 2447 2443 2442
f 2383 2445 2447
f 2381 2446 2445
f 2448 2423 2426
f 2449 2426 2392
f 2441 2449 2442
f 2441 2438 2448
f 2449 2390 2450
f 2450 2389 2451
f 2447 2451 2383
f 2442 2450 2447
f 2451 2453 2452
f 2452 2455 2454
f 2382 2454 2384
f 2383 2452 2382
f 2456 2373 2372
f 2459 2461 2458
f 2463 2465 2462
f 2462 2285 2284
f 2466 2284 2290
f 2467 2462 2466
f 2461 3703 3701
f 2468 2470 2471
f 2472 2471 2473
f 2474 3701 3688
f 2475 2477 2478
f 2458 2453 2479
f 2479 2389 2388
f 2395 2479 2388
f 2480 2458 2479
f 2481 2483 2478
f 2484 2485 221
f 2471 2464 2463
f 2473 2463 2467
f 2487 2466 2486
f 2486 2290 2488
f 2490 2488 2489
f 2491 2486 2490
f 2492 2467 2487
f 2493 2487 2491
f 2494 2492 2493
f 2495 2473 2492
f 3690 2474 3688
f 3691 2496 3690
f 2498 2493 2499
f 2500 2499 2501
f 3700 2498 2500
f 3687 2494 2498
f 2306 2278 2300
f 2305 2504 2306
f 2504 2507 2506
f 2506 2288 2508
f 2274 2508 2275
f 2278 2506 2274
f 3633 2489 2488
f 3620 2488 2290
f 2507 2289 2288
f 2505 2509 2507
f 2508 2287 2511
f 2511 2281 2280
f 2370 2280 2282
f 2275 2511 2370
f 2512 2489 2513
f 2514 2513 2515
f 2517 2514 2516
f 2517 2490 2512
f 2499 2491 2517
f 2499 2516 2501
f 2510 2519 2518
f 2518 2521 2520
f 3616 2520 3621
f 3632 2518 3616
f 2522 2303 2310
f 2523 2310 2309
f 2305 2522 2524
f 2524 2523 2525
f 2519 2525 2521
f 2505 2524 2519
f 2308 2527 2526
f 2526 2529 2528
f 2531 2528 2530
f 2309 2526 2531
f 1214 2151 1211
f 2419 2418 2424
f 2533 2349 2317
f 2534 2317 2320
f 2535 2533 2534
f 2536 2345 2533
f 2537 2346 2536
f 2538 2536 2535
f 2539 2537 2538
f 2540 2351 2537
f 2312 2541 2527
f 2527 2542 2529
f 2543 2434 2544
f 2545 2544 2546
f 2319 2543 2545
f 2318 2435 2543
f 2514 2548 2547
f 2547 2550 2549
f 2552 2549 2551
f 2552 2514 2547
f 2520 2554 2553
f 2553 2556 2555
f 3590 2555 3593
f 3621 2553 3590
f 2523 2531 2557
f 2557 2530 2558
f 2525 2557 2559
f 2559 2558 2560
f 2554 2560 2556
f 2521 2559 2554
f 2561 2007 2006
f 2376 2225 2377
f 2564 2566 2563
f 2563 338 2567
f 2569 2567 2568
f 2570 2563 2569
f 2572 2574 2571
f 2571 2576 2575
f 2544 2575 2546
f 2544 2572 2571
f 2578 2569 2577
f 2579 2569 2568
f 2574 2579 2576
f 2573 2577 2574
f 2581 2583 2580
f 2584 2583 2585
f 3697 2580 2584
f 3676 2580 3675
f 2582 2552 2583
f 2583 2551 2585
f 2500 2589 2588
f 2590 2589 2591
f 3693 2588 2590
f 3695 2500 2588
f 2501 2591 2589
f 2592 2594 2595
f 2386 2503 2502
f 2596 2386 2374
f 2596 2373 2597
f 2599 2597 2598
f 2599 2379 2596
f 2600 2380 2599
f 2600 2598 2601
f 2603 2601 2602
f 2603 2446 2600
f 2604 2602 2605
f 2440 2605 2434
f 2444 2604 2440
f 2606 2581 2607
f 2606 2590 2591
f 2591 2582 2606
f 3676 2456 3689
f 3689 2372 3693
f 2478 2608 2481
f 2609 2611 2199
f 2564 2613 2612
f 2612 2598 2597
f 2457 2597 2373
f 2565 2612 2457
f 2614 2570 2578
f 2615 2578 2573
f 2602 2614 2615
f 2601 2613 2614
f 2572 2605 2616
f 2616 2602 2615
f 2573 2616 2615
f 1459 1045 1021
f 1265 1079 1082
f 1612 1609 1611
f 2067 2069 2068
f 1135 1136 1148
f 1938 2618 2617
f 95 458 128
f 2058 1608 1612
f 1454 1445 1367
f 655 1048 2619
f 722 2621 723
f 1131 1033 1134
f 562 366 1497
f 1723 1725 1591
f 1786 1122 1787
f 267 323 266
f 1325 1654 2038
f 1468 1435 1479
f 658 529 528
f 8 247 7
f 382 1559 3
f 788 1307 789
f 940 929 928
f 911 2623 912
f 2621 655 654
f 2624 2625 2626
f 998 27 26
f 635 2626 2625
f 2627 644 1840
f 2628 1840 2629
f 1200 2627 2628
f 1199 641 2627
f 1520 49 477
f 1452 1349 1451
f 2630 1859 1858
f 644 1335 1823
f 1197 717 2632
f 2632 719 1166
f 2628 1166 1200
f 2629 2632 2628
f 1762 1050 821
f 1823 873 1839
f 2634 794 652
f 1028 1027 1161
f 1042 2635 1043
f 93 1901 1924
f 2036 1458 1455
f 1527 1525 1526
f 877 1274 1277
f 134 797 1544
f 1328 931 1329
f 607 1091 1161
f 1043 2637 2636
f 2636 2639 2638
f 1275 2638 1276
f 1275 1043 2636
f 1272 2626 2640
f 2640 638 637
f 1110 2640 637
f 536 2640 2641
f 1472 1474 1473
f 2042 1951 649
f 1058 1105 1059
f 2642 2643 2644
f 1192 2644 1193
f 912 2642 1192
f 3898 3526 3786
f 1049 2620 2621
f 616 1885 613
f 1331 666 750
f 990 1198 525
f 1911 321 322
f 1298 1205 2645
f 76 1504 75
f 1502 421 422
f 610 658 691
f 1146 659 938
f 2646 914 936
f 1280 1238 1279
f 975 2647 2648
f 2647 975 974
f 1453 1452 1451
f 1514 158 151
f 835 1843 1842
f 1271 1173 1289
f 2649 813 2650
f 1893 1826 1894
f 1050 1937 1051
f 2651 814 813
f 1006 1281 977
f 2653 2654 2655
f 1001 1003 1002
f 585 679 558
f 2624 621 620
f 555 2028 556
f 1207 1197 2629
f 1626 478 472
f 426 419 1567
f 1030 1773 1031
f 3898 634 3880
f 534 138 262
f 1125 1042 1041
f 333 88 227
f 569 561 730
f 1489 871 870
f 1857 620 891
f 1673 3770 3763
f 622 864 1308
f 2647 974 2657
f 619 891 620
f 261 545 262
f 393 1556 404
f 2658 2647 2657
f 1075 2657 917
f 1081 2658 1075
f 1080 2659 2658
f 2644 1141 2660
f 2660 1140 1336
f 642 1336 643
f 1193 2660 642
f 679 555 558
f 1503 1500 1502
f 1318 1101 1100
f 2661 1139 1142
f 2661 2663 2662
f 2662 2659 2661
f 2662 2622 2664
f 2664 911 2646
f 2648 2646 1146
f 2648 2662 2664
f 2083 2093 2081
f 1442 1437 1439
f 519 330 51
f 1885 1209 613
f 799 805 804
f 1946 1952 1953
f 1302 1253 1252
f 566 224 533
f 1389 928 1388
f 683 681 680
f 836 1842 2665
f 2665 1845 1303
f 2666 1303 1302
f 24 2665 2666
f 831 2650 832
f 1845 1304 1303
f 2010 2012 2011
f 1051 2667 2668
f 1522 1511 1523
f 531 441 522
f 782 1251 1250
f 1250 2625 2669
f 2669 1857 1856
f 783 1856 1037
f 782 2669 783
f 720 2671 721
f 1055 1930 1056
f 1333 1251 2251
f 619 1308 1307
f 652 2619 2634
f 521 1539 1540
f 1838 537 2672
f 2672 536 2641
f 1113 2641 1110
f 1113 1838 2672
f 1016 1351 1045
f 3897 570 3894
f 226 104 101
f 3564 3827 1818
f 1036 1884 1883
f 2674 1304 2673
f 2673 1844 2675
f 1334 2675 1039
f 1333 2673 1334
f 2676 1039 2675
f 1843 2675 1844
f 942 2676 1843
f 1074 702 2676
f 811 859 858
f 752 1055 753
f 1200 656 1026
f 1120 874 2677
f 2677 877 1052
f 1241 1052 1005
f 1119 2677 1241
f 1560 151 1515
f 1208 611 523
f 215 736 214
f 1460 1462 1461
f 1208 1839 873
f 854 1282 1297
f 72 182 179
f 544 1565 512
f 217 456 457
f 2047 930 945
f 1204 1937 2633
f 913 686 685
f 840 1113 1112
f 1531 730 561
f 2678 1283 801
f 601 1914 602
f 1537 459 460
f 1819 3509 3527
f 991 862 538
f 2679 1073 1830
f 2680 983 2256
f 779 2256 1263
f 778 2680 779
f 2678 1830 2680
f 180 245 40
f 1886 1131 1134
f 1138 1274 1255
f 1841 1140 1139
f 75 314 74
f 193 420 192
f 2681 1099 1098
f 170 1565 169
f 349 417 432
f 1121 2684 2683
f 547 409 302
f 123 121 120
f 2643 1142 1141
f 1542 513 1543
f 899 907 919
f 1210 676 867
f 791 982 892
f 24 837 836
f 893 932 931
f 1860 863 862
f 535 862 861
f 832 813 812
f 2650 813 832
f 1569 1547 1568
f 181 542 180
f 660 937 688
f 2013 568 2012
f 887 2631 2630
f 1524 361 78
f 520 162 1529
f 2653 854 2685
f 1238 2655 2686
f 718 527 530
f 1492 518 1491
f 792 615 793
f 599 1835 596
f 290 456 175
f 312 1552 425
f 1248 1179 1249
f 153 177 178
f 1240 1222 1221
f 1257 1235 1071
f 1291 1083 1222
f 1052 1277 1053
f 743 2618 1204
f 444 430 443
f 23 1172 1187
f 2687 1180 1179
f 102 409 134
f 1283 610 801
f 373 650 651
f 1180 1084 1291
f 855 2655 1237
f 1173 1917 1174
f 2689 853 2688
f 2688 1108 1279
f 2686 1279 1238
f 2687 2688 2686
f 2691 1252 2690
f 2690 850 2689
f 1248 2689 2687
f 1248 2691 2690
f 2692 24 2666
f 2691 2666 1302
f 1247 2692 2691
f 1258 617 2692
f 394 1555 393
f 2693 1259 1223
f 1072 1262 1261
f 1257 1168 1258
f 398 1555 1554
f 871 1314 872
f 1178 1249 1179
f 1224 1173 1172
f 1010 2618 742
f 1175 1292 1269
f 2654 2686 2655
f 2694 1216 1264
f 71 1487 70
f 701 1111 1038
f 1072 2649 2650
f 1085 22 21
f 895 1264 896
f 1601 1605 1604
f 1259 1271 1289
f 21 1220 1083
f 988 538 537
f 598 1336 1140
f 820 1762 821
f 1050 818 821
f 1298 1761 2652
f 1168 618 617
f 858 1256 833
f 39 516 1536
f 2652 819 814
f 313 315 314
f 2026 1971 2027
f 2656 596 1835
f 814 818 811
f 2696 813 2649
f 1260 2649 1261
f 2693 2696 1260
f 2697 2651 2696
f 381 390 380
f 3818 1611 1609
f 1475 1428 1227
f 1292 1917 1235
f 1551 354 1518
f 1526 1523 1511
f 1593 1595 1573
f 1232 1246 1249
f 2695 1223 22
f 2698 1296 2697
f 2698 2693 2695
f 2685 2695 1085
f 2685 1297 2698
f 562 271 272
f 2652 1296 1298
f 1365 1364 1363
f 1958 1953 1957
f 585 2210 997
f 1561 1515 435
f 975 1146 976
f 347 68 346
f 1038 636 1068
f 2700 780 2699
f 2699 1036 1883
f 2701 1883 1829
f 851 2699 2701
f 2674 2251 2702
f 2702 781 2700
f 1253 2700 851
f 1301 2702 1253
f 1519 388 1550
f 1273 1280 2703
f 2703 1107 852
f 2701 852 851
f 1829 2703 2701
f 91 326 90
f 1784 2656 1785
f 2683 2705 2704
f 604 3499 3533
f 1669 3548 1662
f 2062 2060 2059
f 621 861 622
f 2023 732 2024
f 686 1263 687
f 857 2668 1328
f 883 882 879
f 637 1111 1110
f 2668 893 1328
f 2667 894 2668
f 1039 1068 1334
f 313 1504 1505
f 1911 305 453
f 1936 1964 2212
f 2707 2401 2183
f 2708 2183 2182
f 738 2116 554
f 2349 2432 2436
f 2711 2020 2019
f 2400 2019 2186
f 2714 2716 2713
f 2717 2719 2720
f 2721 2723 2724
f 2726 2728 2725
f 2725 2730 2729
f 2731 2729 2709
f 2732 2725 2731
f 2734 2736 2733
f 2738 2740 2737
f 2737 2741 2742
f 2744 2746 2743
f 2745 2748 2747
f 2749 2747 2751
f 2753 2751 2752
f 2250 2246 2248
f 2754 1614 2755
f 3598 2755 3609
f 3608 2747 3609
f 1617 2755 1614
f 2242 1620 2757
f 2191 2760 2759
f 2761 2760 2762
f 3648 2761 3649
f 3623 2759 3648
f 3209 3223 3224
f 1395 2236 2235
f 1395 1636 1615
f 1616 2229 2233
f 1617 2763 2756
f 2756 3628 3608
f 2765 2234 1630
f 2766 3628 3622
f 3202 3246 3247
f 1516 435 1515
f 2768 3552 3553
f 1495 578 1424
f 2135 28 17
f 3526 2773 2774
f 1690 3926 3925
f 2778 2780 2777
f 2777 2781 2782
f 2784 2777 2783
f 3555 575 576
f 1494 9 540
f 3529 2015 3566
f 451 505 450
f 2786 2788 2785
f 2779 2785 2780
f 2789 2741 2740
f 2790 2752 2789
f 2792 2794 2791
f 2793 2796 2794
f 2796 2750 2749
f 2794 2749 2753
f 2798 1396 2754
f 3591 2754 3598
f 2798 2800 1393
f 3591 2799 2798
f 2797 2795 2801
f 2791 2753 2790
f 216 232 54
f 3804 2807 3803
f 3805 2804 3803
f 2769 3557 3552
f 183 184 97
f 2811 2775 2776
f 2804 2776 2805
f 2809 2811 2804
f 2812 2813 2814
f 3805 2816 3795
f 3796 2815 3795
f 3798 2820 2821
f 3793 2819 3798
f 2824 2735 2819
f 2823 2824 2819
f 2825 2826 2724
f 3793 2827 3792
f 3796 2826 3792
f 2713 2829 2828
f 2828 2831 2830
f 2822 2828 2830
f 2821 2713 2828
f 2832 2822 2830
f 2833 2830 2831
f 2834 2832 2833
f 2835 2827 2832
f 2837 2839 2836
f 2836 2841 2840
f 2842 2840 2727
f 2843 2836 2842
f 2840 2845 2844
f 2718 2845 2719
f 2730 2844 2718
f 2727 2844 2728
f 2846 2719 2845
f 2846 2841 2847
f 2829 2847 2831
f 2829 2716 2846
f 2847 2839 2848
f 2848 2838 2849
f 2833 2849 2834
f 2831 2848 2833
f 2850 2851 2852
f 2853 2852 2854
f 2783 2782 2855
f 2785 2853 2856
f 2780 2856 2781
f 2857 2855 2782
f 2859 2782 2781
f 2861 2842 2860
f 2860 2727 2726
f 2862 2726 2732
f 2863 2860 2862
f 2861 2858 2857
f 2843 2857 2859
f 2856 2854 2864
f 2781 2864 2859
f 2837 2859 2864
f 2838 2864 2854
f 2852 2834 2849
f 2854 2849 2838
f 2865 2818 2835
f 2851 2835 2834
f 2813 2815 2865
f 2814 2865 2851
f 2866 2814 2850
f 2788 2850 2853
f 2866 2787 2867
f 2812 2867 2775
f 1892 1890 1891
f 2720 2846 2870
f 298 256 257
f 2872 2713 2820
f 3794 2735 2734
f 2729 2874 2873
f 2846 2715 2870
f 2876 2878 2875
f 2733 2878 2734
f 3806 2879 2880
f 3806 2872 3794
f 2882 2884 2881
f 2881 2715 2714
f 2880 2714 2872
f 2879 2881 2880
f 2885 2887 2888
f 2888 2890 2885
f 2885 2892 2891
f 2893 2885 2891
f 1942 2532 2894
f 2895 2720 2870
f 2884 2870 2715
f 2883 2895 2884
f 2896 2892 2895
f 2889 2717 2890
f 2890 2720 2892
f 2897 2891 2896
f 2898 2896 2883
f 2899 2883 2882
f 2900 2882 2879
f 3797 2879 3807
f 2876 2901 2877
f 2901 2904 2903
f 1785 1835 1834
f 2905 2899 2900
f 2907 2897 2898
f 3797 2903 3799
f 632 577 633
f 3532 2867 2787
f 434 550 350
f 2768 3640 3643
f 2910 1623 2249
f 2241 2758 2242
f 3640 2913 3652
f 1623 2757 1620
f 3587 2757 3652
f 2229 1380 2250
f 2765 1629 2914
f 2915 1629 2912
f 3642 2914 2915
f 3641 2765 2914
f 2919 3642 3613
f 2918 2912 2241
f 3614 2241 3586
f 3618 3613 3670
f 3541 2180 3496
f 3521 2188 3506
f 3705 714 3851
f 2925 2917 2924
f 2924 2916 2919
f 3610 2919 3618
f 3611 2924 3610
f 2926 2766 2925
f 3658 2925 3611
f 1715 1705 1710
f 785 498 796
f 1387 565 1791
f 374 1899 560
f 3573 2206 3556
f 2929 2886 2893
f 2932 2934 2931
f 1905 1908 1907
f 2930 2936 2937
f 2938 2930 2929
f 1493 517 518
f 1603 1586 1602
f 2939 2929 2908
f 2940 2908 2907
f 3665 1600 3661
f 2886 2937 2887
f 2906 2898 2899
f 2908 2893 2897
f 2942 2933 2941
f 2941 2937 2936
f 3501 2936 3513
f 3498 2941 3501
f 2943 2710 2873
f 2943 2874 2889
f 2945 2889 2888
f 2946 2943 2945
f 2932 2888 2887
f 2931 2945 2932
f 727 1929 728
f 2903 2947 2948
f 545 42 262
f 1480 533 251
f 2907 2949 2940
f 2906 2950 2949
f 1558 215 202
f 3799 2948 3801
f 2054 1644 2118
f 3705 2203 3573
f 1828 1849 1827
f 2953 2955 2952
f 2952 2957 2956
f 2956 2258 2952
f 2953 2258 2257
f 2454 2474 2496
f 3747 2959 3766
f 3747 2131 3737
f 2961 2963 2958
f 2958 2964 2959
f 222 2485 2965
f 2477 2966 2608
f 2631 2006 1859
f 2384 2496 2497
f 2967 2959 2964
f 2968 2970 2969
f 3759 2971 3784
f 3784 2960 3766
f 2972 2033 2032
f 2007 2973 2008
f 3560 2134 2133
f 1836 1832 1831
f 3506 2090 3551
f 955 959 956
f 672 674 673
f 633 713 632
f 2024 733 803
f 2025 803 798
f 425 1550 388
f 2975 888 887
f 1319 1157 2694
f 1212 2977 1213
f 889 2228 2227
f 1978 1975 1979
f 1138 1329 915
f 751 2979 2978
f 1619 1625 1624
f 2252 1728 1727
f 1157 845 1216
f 2706 1938 2617
f 2980 2254 2981
f 2982 887 2630
f 802 711 2679
f 678 2029 2028
f 527 690 528
f 1839 2629 1840
f 2983 602 1914
f 2983 1913 1331
f 2985 1331 1054
f 2986 2983 2985
f 2987 2635 2634
f 2985 2639 2986
f 2990 1318 2989
f 2991 2993 2994
f 2995 2994 2996
f 1106 2991 2995
f 1058 2992 2991
f 1415 1365 1367
f 1317 2217 2997
f 1932 2255 2980
f 926 2999 664
f 3001 2992 3000
f 3000 1057 2978
f 2999 2978 2979
f 2998 3000 2999
f 3002 2209 3003
f 3002 2996 2994
f 2993 3002 2994
f 3001 2998 3002
f 1103 2995 3004
f 3004 2996 3003
f 2209 3004 3003
f 588 3004 2210
f 295 433 381
f 2638 2988 3005
f 3005 1056 1930
f 1305 1930 1306
f 1276 3005 1305
f 1987 1993 1989
f 2633 1761 2645
f 1423 1417 1419
f 3561 739 703
f 2671 2704 2705
f 1473 2035 1472
f 922 2694 895
f 1401 1378 1384
f 556 1884 1037
f 842 3825 3836
f 1854 2617 1010
f 933 1081 1075
f 1440 1436 1437
f 529 719 530
f 1031 1027 1028
f 777 912 1871
f 2645 1204 2633
f 441 1538 1537
f 790 587 586
f 2065 1610 1607
f 1860 990 902
f 60 87 59
f 1424 1948 1947
f 332 1507 331
f 261 138 135
f 187 449 507
f 1719 1726 1725
f 1931 1059 3006
f 3006 1105 1104
f 1287 1104 587
f 1286 3006 1287
f 3007 3009 3010
f 3009 653 795
f 618 26 25
f 2029 1210 1209
f 957 600 2228
f 1049 2228 600
f 2631 3011 2561
f 890 2227 3011
f 3011 2145 3012
f 2561 3012 2375
f 1026 609 608
f 2706 1961 1964
f 3013 2485 3014
f 2148 1267 3015
f 3015 1266 1311
f 2997 1101 1317
f 642 1773 1193
f 186 461 511
f 1041 1320 901
f 1121 3017 1122
f 2984 2987 3018
f 3018 2634 2619
f 1048 3018 2619
f 603 2984 3018
f 2679 801 802
f 2062 2074 2061
f 2061 2076 2064
f 414 1545 1965
f 3016 2683 3019
f 3019 2704 2670
f 3020 2670 720
f 3007 3019 3020
f 1871 1091 777
f 3021 1122 3017
f 3022 3017 3010
f 1314 3022 1315
f 1784 3021 1314
f 1316 1763 611
f 3023 3010 3009
f 3023 795 1092
f 1763 1092 1125
f 1315 3023 1763
f 3016 3010 3017
f 752 2978 1057
f 2986 2637 2987
f 3024 653 3008
f 3020 3008 3007
f 720 3024 3020
f 723 654 3024
f 2681 1268 3025
f 2671 1268 721
f 2705 3025 2671
f 1313 3027 1311
f 3026 3029 3027
f 3027 3030 3031
f 1311 3031 3015
f 2012 731 2023
f 917 974 977
f 743 856 744
f 1888 2030 1425
f 2682 2684 3032
f 3032 1124 2989
f 1100 2989 1318
f 1099 3032 1100
f 1123 2989 1124
f 3033 1159 1158
f 2990 1158 1319
f 1123 3033 2990
f 1786 1834 3033
f 1054 2988 2985
f 2979 664 2999
f 2623 2663 2643
f 1095 688 687
f 3034 2261 2956
f 3036 2956 2957
f 3037 3034 3036
f 3038 3035 3034
f 3040 3026 1313
f 2263 3041 3040
f 3042 3043 3041
f 3041 3028 3026
f 3044 3043 3039
f 3046 3045 3044
f 3047 3049 3045
f 3043 3049 3028
f 3038 3051 3050
f 3050 3053 3052
f 3052 3044 3050
f 3039 3050 3044
f 3054 3039 3042
f 3042 2262 3054
f 2261 3054 2262
f 2216 2997 2217
f 2212 2667 1936
f 3056 2209 3055
f 934 1961 1854
f 2013 3757 567
f 3058 3060 3061
f 3059 3063 3060
f 3060 2213 1963
f 3061 1963 1962
f 3063 2214 2213
f 3062 3064 3063
f 3065 2260 3064
f 3064 2215 2214
f 3066 3031 3030
f 2608 3067 3066
f 2966 3068 3067
f 3031 3068 3015
f 2455 2461 2474
f 2476 2226 2477
f 3551 2089 3525
f 3526 3769 3786
f 433 355 381
f 2115 1419 2123
f 3509 2922 3527
f 3769 2131 2134
f 3069 2167 2166
f 2971 2928 2960
f 2961 2773 2962
f 3070 2478 2483
f 2610 3071 2954
f 2502 2374 2386
f 3072 2595 3073
f 2964 3052 2967
f 3048 3074 3049
f 2593 3075 3074
f 3075 3029 3074
f 3074 3028 3049
f 3072 3075 2592
f 3076 2482 2481
f 2481 3066 3076
f 3076 3030 3075
f 2967 3053 2970
f 2482 3073 2483
f 479 493 494
f 706 3873 709
f 3561 2221 3517
f 2013 3754 3755
f 3533 2016 3529
f 3562 2222 2974
f 1171 1155 1176
f 2586 2565 2587
f 2982 113 2484
f 2562 3077 3068
f 2376 3012 3077
f 3012 2148 3077
f 3077 3015 3068
f 2963 3046 2964
f 3051 2970 3053
f 1683 491 775
f 3850 1447 3860
f 1986 3734 3768
f 3079 2546 2575
f 3081 2575 2576
f 1983 3768 3765
f 3082 2319 2545
f 3080 2545 2546
f 3734 3082 3080
f 3732 2323 3082
f 1309 1888 748
f 3073 2772 2771
f 2760 3084 2762
f 2760 2088 3083
f 3085 3086 3087
f 3089 3090 3088
f 3089 3084 3085
f 3092 3090 3091
f 3093 2744 2743
f 2751 2748 3093
f 3093 2752 2751
f 2742 3093 3094
f 3094 2743 3095
f 3096 3098 3087
f 3099 3087 3086
f 3097 3095 3098
f 3100 2746 3101
f 3101 3102 3100
f 2764 2927 3101
f 2745 3101 2746
f 3102 3091 3100
f 3100 3095 2743
f 2869 3592 3634
f 3102 3104 3092
f 3658 2869 3634
f 2927 3103 3102
f 3098 3091 3090
f 3087 3090 3085
f 2088 3105 3083
f 3083 3086 3084
f 2483 2771 3070
f 2401 2185 2321
f 3099 3105 3106
f 2125 3106 3105
f 3108 2742 3107
f 3107 3094 3097
f 3110 3107 3109
f 3109 3097 3096
f 3111 3096 3099
f 3112 3109 3111
f 3113 2737 3108
f 3115 2722 3114
f 3117 3114 3116
f 3119 3116 3118
f 3118 3120 3121
f 3116 3113 3120
f 3122 3111 3123
f 3122 1755 1754
f 3124 3126 3127
f 3125 3121 3126
f 3128 3118 3125
f 3129 3125 3124
f 2020 3128 3129
f 3853 1346 1352
f 1065 1047 1066
f 1814 3830 1649
f 2021 3129 3130
f 3111 3106 3123
f 3123 2207 1755
f 2377 2224 2973
f 3014 113 112
f 1756 3782 3767
f 3131 2530 2528
f 3133 2528 2529
f 1753 3767 3775
f 3134 3127 3135
f 2327 2314 2313
f 2436 2317 2349
f 2018 3711 3712
f 2534 3137 2535
f 2320 3136 2534
f 2185 3712 3771
f 3138 2542 2539
f 3134 3744 3745
f 3785 3134 3745
f 3140 2539 2538
f 2535 3140 2538
f 3711 3130 3785
f 2558 3132 3141
f 3782 3141 3132
f 2560 3141 3142
f 3760 3142 3141
f 958 2976 2981
f 1933 2980 3143
f 2399 2418 2416
f 2348 2343 2432
f 2322 2319 2323
f 2718 2874 2730
f 2709 2873 2710
f 2894 1361 1942
f 346 176 347
f 1876 1882 1881
f 2802 3607 3592
f 3104 3088 3092
f 2974 3649 3603
f 3089 2761 2762
f 3088 3145 3089
f 2803 3603 3607
f 3870 692 628
f 2123 1418 2126
f 1365 1368 1367
f 1581 1782 1783
f 3569 2129 3520
f 3555 2002 3521
f 3146 2551 3147
f 3751 3147 3750
f 3742 3146 3751
f 3149 2585 3146
f 3196 3197 3195
f 3604 2191 3623
f 3142 2556 2560
f 3777 3150 3142
f 3646 2550 3593
f 3150 2555 2556
f 3778 3151 3150
f 3788 3152 3646
f 3153 2551 2549
f 3152 2549 2550
f 3781 3153 3152
f 3776 3147 3153
f 3148 2206 2205
f 2183 2321 2184
f 2132 2928 2133
f 3684 2204 2203
f 3719 2197 3721
f 2594 2773 2951
f 2595 2951 2772
f 1870 799 1869
f 3713 2178 3706
f 3706 3736 3790
f 336 3774 3722
f 339 3154 336
f 3789 3149 3742
f 3683 2584 3149
f 2963 3048 3047
f 3722 337 336
f 339 2566 2586
f 3156 2168 2167
f 2610 2167 2611
f 2954 3156 2610
f 3157 2953 2257
f 3707 2169 3709
f 2567 3159 2568
f 337 2567 338
f 3730 2166 3707
f 3764 1983 3765
f 2579 3081 2576
f 2568 3160 2579
f 3709 2190 3764
f 3065 3162 3161
f 3161 1984 2189
f 3157 2189 2168
f 2257 3161 3157
f 734 1922 806
f 3059 2708 3163
f 3163 2182 1985
f 3162 1985 1984
f 3062 3163 3162
f 3203 3205 3204
f 2122 1448 1447
f 3817 1685 3812
f 139 444 69
f 1570 566 533
f 2957 3165 3036
f 2955 3164 2957
f 1912 341 1973
f 3130 3124 3134
f 1548 319 1547
f 1949 1327 1887
f 2969 3078 3167
f 3167 3169 3168
f 3724 2017 3720
f 3720 2033 3759
f 3168 3165 3170
f 3170 3164 3171
f 3779 3171 3756
f 3724 3170 3779
f 3171 3166 3172
f 3172 3071 3173
f 3752 3173 3749
f 3756 3172 3752
f 3169 3036 3165
f 2593 2962 2594
f 3173 2609 3174
f 3174 2199 2198
f 3783 2198 3719
f 3749 3174 3783
f 2190 1984 1983
f 2196 2767 3148
f 2119 1414 1448
f 1464 1466 1465
f 2199 3069 2200
f 2457 2587 2565
f 2226 2562 2966
f 481 1627 1639
f 333 235 236
f 3078 3037 3169
f 3040 2997 2263
f 2219 1933 2220
f 2385 2497 2503
f 221 3175 2484
f 2220 3143 3175
f 3175 2976 2975
f 2484 2975 2982
f 2954 3166 2955
f 2630 110 2982
f 1547 1952 1955
f 2091 2188 2187
f 3733 2178 2177
f 1918 1927 1926
f 3563 111 3511
f 955 960 954
f 2037 112 3563
f 3143 2981 2976
f 2218 2214 2215
f 672 3787 3541
f 2152 3014 2037
f 1147 1143 1145
f 2248 1409 2245
f 1615 1635 1616
f 1410 2246 2247
f 3241 3242 3240
f 3177 1383 1382
f 2238 3176 1382
f 3176 2230 3178
f 1410 3179 1407
f 3179 2243 1407
f 1633 2800 2249
f 1621 2758 2912
f 1622 2245 1634
f 2236 3181 3182
f 2237 3182 3183
f 2250 2233 2229
f 2912 1628 1621
f 135 1564 1563
f 1567 512 1565
f 1085 2653 2685
f 3184 868 3056
f 869 3057 934
f 1266 1098 1312
f 1267 722 721
f 937 2646 936
f 2146 722 2147
f 2211 921 2667
f 1957 507 449
f 1313 2264 3040
f 1496 1493 1492
f 2681 2705 2682
f 2887 2933 2932
f 1687 1659 1694
f 145 1498 81
f 1317 1319 2694
f 37 418 71
f 1935 3185 2977
f 104 301 103
f 2101 2083 2084
f 543 360 207
f 1934 3186 3185
f 234 212 237
f 3845 1822 1824
f 1976 1874 1974
f 223 2219 220
f 3655 3605 3612
f 468 773 2165
f 1935 1728 1932
f 3240 3226 3235
f 3261 3250 3260
f 3215 3244 3264
f 3265 3215 3264
f 3267 3198 3196
f 3205 3269 3255
f 3214 3265 3270
f 3271 3214 3192
f 3251 3239 3236
f 3222 3266 3272
f 3232 3234 3233
f 3216 3243 3244
f 3196 3268 3267
f 3244 3254 3255
f 3238 3247 3246
f 3264 3255 3269
f 3253 3216 3217
f 3211 3221 3265
f 3257 3218 3256
f 3258 3272 3259
f 3274 3280 3273
f 3228 3262 3263
f 3275 3281 3280
f 3226 3273 3280
f 3236 3260 3251
f 3281 3236 3237
f 3287 3192 3189
f 3235 3280 3234
f 3234 3281 3237
f 3288 3259 3272
f 3260 3276 3251
f 3289 3278 3284
f 3210 3224 3283
f 3199 3201 3200
f 3228 3230 3229
f 3290 3285 3286
f 3282 3271 3287
f 3260 3262 3261
f 3243 3268 3254
f 3267 3241 3232
f 3194 3208 3193
f 3191 3269 3206
f 3270 3192 3214
f 3275 3230 3231
f 3264 3270 3265
f 3252 3276 3291
f 3248 3291 3223
f 3213 3279 3277
f 3272 3289 3288
f 3277 3212 3213
f 3228 3281 3231
f 3220 3253 3219
f 3219 3217 3257
f 3256 3222 3258
f 3247 3252 3248
f 3245 3232 3233
f 3266 3212 3289
f 3208 3255 3254
f 3288 3284 3285
f 3204 3208 3207
f 560 3187 559
f 3209 3201 3202
f 3189 3191 3190
f 448 807 447
f 647 122 270
f 1833 1780 1832
f 510 508 507
f 3210 1887 3201
f 1887 3200 3201
f 15 3197 3200
f 16 3195 3197
f 3195 3187 3194
f 3194 1899 3207
f 3207 375 3204
f 387 126 127
f 3189 1760 3287
f 3577 757 758
f 763 2172 2175
f 3583 3580 3581
f 3581 3579 3578
f 3594 3596 3595
f 3400 3602 3401
f 3626 3625 3627
f 3631 3599 3601
f 3636 3595 3596
f 3647 3588 3645
f 3650 3584 3647
f 3653 3580 3651
f 3653 3654 3579
f 1801 3656 3655
f 3651 3582 3650
f 3644 3595 3637
f 1767 3659 3660
f 1597 3661 1600
f 1708 3665 3664
f 3671 3667 3666
f 3666 3673 3672
f 1588 3664 1587
f 2080 3666 2082
f 2082 3672 2084
f 3674 3635 3631
f 3677 3636 3635
f 3682 3645 3681
f 3692 3650 3686
f 3681 3644 3680
f 786 3692 785
f 3694 3651 3692
f 785 3686 497
f 497 3682 650
f 650 3681 564
f 3696 3681 3680
f 3405 3605 3402
f 3702 3678 3677
f 3699 3679 3678
f 3645 3638 3644
f 1799 3659 1768
f 3708 3458 3460
f 3462 3708 3460
f 3714 564 3696
f 3615 3602 3600
f 3710 3696 3698
f 3635 3596 3599
f 3629 3627 3630
f 3597 3599 3596
f 3630 3715 3629
f 3627 3597 3594
f 3717 3723 3718
f 3715 3660 3629
f 3716 3725 3715
f 3668 3661 3725
f 3668 3717 3667
f 3667 3718 3673
f 3727 3673 3718
f 3728 3672 3673
f 3726 3718 3723
f 1576 2084 3672
f 3727 3731 3729
f 3203 1387 3190
f 3190 1791 3189
f 3283 1949 3210
f 317 259 391
f 2000 3653 3694
f 3601 3600 3602
f 3589 3584 3585
f 3577 756 2170
f 3585 3582 3583
f 3678 3637 3636
f 3204 376 3203
f 1801 3657 1799
f 3729 3728 3727
f 1575 3738 1088
f 3735 1576 3728
f 1776 1796 1775
f 1293 1290 1284
f 1326 1327 12
f 1294 1234 1290
f 878 1330 1337
f 497 374 498
f 122 413 121
f 3699 3704 3708
f 3606 3401 3602
f 3708 3698 3699
f 3464 3710 3462
f 3704 3443 3458
f 439 399 438
f 1512 1526 1511
f 1668 1738 1671
f 839 1362 838
f 1362 826 1012
f 3843 1896 3815
f 2053 2118 2117
f 3888 2120 2119
f 696 3816 3831
f 1826 639 640
f 3740 3729 3731
f 956 886 960
f 1980 1922 807
f 33 105 164
f 1343 3856 3857
f 3907 2128 3902
f 1766 1582 1594
f 14 2163 738
f 595 99 594
f 3233 3246 3245
f 1346 1044 1352
f 748 1425 747
f 3193 3254 3268
f 3190 3206 3203
f 3612 3606 3615
f 3624 3615 3625
f 3631 3443 3674
f 3679 3644 3637
f 3686 3647 3682
f 3702 3674 3704
f 3625 3600 3597
f 3601 3415 3631
f 3739 3735 3729
f 3630 3594 3741
f 3741 3716 3630
f 1284 1288 1285
f 3698 3680 3679
f 1778 1780 1779
f 1792 1584 1789
f 695 571 694
f 3638 3594 3595
f 3741 3588 3589
f 3247 3209 3202
f 3292 3294 3295
f 3296 3298 3299
f 3299 3300 3301
f 3302 3304 3305
f 3306 3308 3309
f 3307 3311 3308
f 3303 3301 3300
f 3312 3304 3313
f 3314 3316 3317
f 3318 3320 3321
f 3324 3321 3325
f 3326 3328 3323
f 3329 3331 3332
f 3333 3335 3336
f 3337 3339 3340
f 3333 3341 3342
f 3342 3343 3344
f 3319 3344 3343
f 3338 3334 3339
f 3346 3302 3347
f 3305 3347 3302
f 3312 3223 3349
f 3350 3340 3351
f 3312 3348 3305
f 3352 3341 3326
f 3311 3354 3308
f 3341 3327 3326
f 3359 3361 3362
f 3360 3250 3249
f 3318 3345 3319
f 3364 3318 3324
f 3314 3324 3365
f 3366 3301 3346
f 3299 3367 3296
f 3308 3368 3309
f 3369 3295 3294
f 3317 3364 3314
f 3370 3317 3316
f 3325 3365 3324
f 3352 3319 3343
f 3296 3353 3311
f 3297 3311 3310
f 3363 3354 3345
f 3345 3353 3344
f 3344 3367 3342
f 3366 3342 3367
f 3347 3334 3346
f 3339 3348 3340
f 3348 3351 3340
f 3363 3369 3368
f 3294 3368 3369
f 3293 3309 3294
f 3331 3374 3332
f 3346 3333 3366
f 3323 3352 3326
f 3356 3321 3320
f 3355 3325 3321
f 3357 3371 3325
f 3322 3320 3352
f 3361 3329 3362
f 3373 3375 3374
f 3374 3376 3332
f 3329 3376 3362
f 3327 3372 3328
f 3336 3375 3327
f 3335 3376 3375
f 3376 3337 3362
f 3337 3359 3362
f 3359 3276 3250
f 3377 3295 3370
f 3277 3315 3278
f 3371 3379 3365
f 3378 3358 3380
f 3365 3315 3314
f 3316 3279 3370
f 3282 3370 3279
f 3313 3224 3312
f 3378 3284 3379
f 3380 3285 3378
f 3379 3278 3315
f 3276 3351 3291
f 3291 3349 3223
f 3313 2965 3013
f 2965 3303 222
f 222 3300 223
f 223 3298 3186
f 3298 3185 3186
f 3297 2977 3185
f 3310 1213 2977
f 3307 1214 1213
f 2532 3306 3293
f 2894 3293 3292
f 2871 3292 3377
f 3253 3240 3242
f 3283 3013 2152
f 1997 1889 1892
f 1237 744 855
f 1535 120 121
f 1531 201 214
f 1119 1032 984
f 946 824 947
f 163 5 162
f 3589 3723 3741
f 1155 1162 1164
f 427 327 424
f 553 796 498
f 3381 2231 2237
f 3381 2230 2232
f 2237 3180 3381
f 3383 3385 3382
f 3384 3387 3385
f 3386 3389 3387
f 3388 3391 3389
f 3392 3394 3395
f 3395 3396 3397
f 3398 3397 3396
f 3400 3399 3398
f 3403 3405 3402
f 3406 3404 3403
f 3408 3407 3406
f 3410 3409 3408
f 3412 3411 3410
f 3415 3398 3414
f 3414 3396 3416
f 3416 3394 3417
f 3417 3393 3418
f 3393 3420 3418
f 3419 3421 3420
f 3390 3422 3421
f 3388 3423 3422
f 3386 3424 3423
f 3384 3425 3424
f 3425 3426 3184
f 2904 3428 2947
f 3429 2904 2902
f 3430 2902 2876
f 2875 3430 2876
f 3432 2733 2736
f 2825 3435 2824
f 3437 3439 3436
f 3441 3436 3440
f 2724 3434 2825
f 3436 3115 3117
f 3440 3117 3119
f 3443 3414 3442
f 3442 3416 3444
f 3444 3417 3445
f 3445 3418 3446
f 3446 3420 3447
f 3420 3448 3447
f 3421 3449 3448
f 3422 3450 3449
f 3423 3451 3450
f 3424 3452 3451
f 3425 3056 3452
f 3451 2253 2252
f 3450 2252 1727
f 3449 1727 2150
f 3448 2150 1941
f 3453 3448 1941
f 3454 3447 3453
f 3455 3446 3454
f 3456 3445 3455
f 3442 3456 3457
f 3443 3457 3458
f 3459 3458 3457
f 3457 3455 3459
f 3459 3454 3461
f 3462 3459 3461
f 3461 3453 3463
f 3464 3461 3463
f 3463 1941 1360
f 3404 3401 3405
f 3407 3399 3404
f 3409 3397 3407
f 3411 3395 3409
f 3465 3413 3412
f 3467 3469 3466
f 3465 3431 3433
f 3470 3466 3465
f 3438 3432 3435
f 3467 3438 3437
f 3468 3437 3441
f 3471 3468 3472
f 3472 3441 3473
f 3473 3440 2712
f 2712 3119 3128
f 3475 3472 3474
f 3474 3473 3476
f 3476 2712 2711
f 3477 2711 2400
f 3478 3476 3477
f 3479 3474 3478
f 3392 3413 3480
f 3466 3480 3413
f 3419 3392 3480
f 3390 3480 3391
f 3469 3391 3480
f 3389 3471 3475
f 3387 3475 3479
f 3385 3479 3481
f 3482 2400 2402
f 3483 3477 3482
f 3481 3478 3483
f 3484 2402 2707
f 3058 2707 2708
f 3061 3484 3058
f 3485 3482 3484
f 3382 3481 3486
f 3486 3483 3485
f 3426 3382 3487
f 3487 3486 1962
f 3486 3061 1962
f 1961 3487 1962
f 3057 3426 3487
f 3428 3402 3488
f 3427 3403 3428
f 3429 3406 3427
f 3430 3408 3429
f 3431 3410 3430
f 3470 3433 3432
f 3434 3438 3435
f 2723 3439 3434
f 2875 3433 3431
f 2736 3435 3432
f 2947 3488 3500
f 3464 1360 3497
f 1900 1924 1901
f 1736 1718 1750
f 1955 1943 1956
f 1671 1735 1751
f 1696 1698 1692
f 1800 1864 1801
f 2063 2056 2060
f 1737 1717 1736
f 1751 1697 1695
f 943 3899 684
f 3656 3402 3605
f 1577 1764 1703
f 3917 1599 3923
f 1945 82 1944
f 68 7 248
f 147 1543 148
f 1109 1133 1102
f 1503 1907 1908
f 1499 1909 1498
f 452 735 215
f 1824 3835 3845
f 1825 2068 1824
f 1463 1022 1194
f 841 1009 1011
f 1568 1955 1534
f 1926 1927 1923
f 1910 1502 1939
f 1939 422 442
f 309 1940 308
f 1804 1866 1803
f 269 1954 56
f 2065 2060 2056
f 3812 1758 3835
f 280 552 1940
f 1875 1869 1874
f 1739 1734 1737
f 1778 1790 1788
f 310 1915 279
f 1909 1906 1954
f 1789 1778 1788
f 978 980 979
f 1584 1731 1583
f 425 311 312
f 148 115 116
f 2044 3894 2046
f 277 1939 551
f 1943 1945 1944
f 1461 1463 1464
f 2253 3056 3055
f 2981 3489 958
f 2209 3489 3055
f 2254 3055 3489
f 2998 958 3489
f 2826 2721 2724
f 3490 2721 2817
f 2816 3490 2817
f 2334 2296 2335
f 2298 2334 2336
f 2301 2336 2338
f 2311 2338 2354
f 2312 2354 2355
f 2359 2361 2360
f 2335 2359 2360
f 2414 2365 2364
f 2413 2361 2365
f 2355 2540 2541
f 2541 2539 2542
f 2722 2739 2738
f 3114 2738 3113
f 3110 3121 3120
f 3108 3120 3113
f 3122 3127 3126
f 3112 3126 3121
f 3127 1753 3135
f 3139 2529 2542
f 3744 3133 3139
f 3490 2740 2739
f 3491 2789 3490
f 228 91 88
f 245 243 242
f 248 247 191
f 2 296 295
f 145 300 267
f 327 210 328
f 329 331 330
f 250 228 236
f 239 240 230
f 373 375 374
f 178 176 175
f 1218 1228 1321
f 3862 1295 3854
f 808 824 823
f 3858 1013 1014
f 3813 1411 1413
f 2154 2159 2160
f 3845 1758 1757
f 306 1922 452
f 2157 1976 1977
f 708 2031 1474
f 1450 1227 1428
f 1672 1605 1624
f 1813 1821 1816
f 1717 1715 1718
f 176 402 347
f 1710 3916 3915
f 1712 1577 1711
f 1705 1711 1704
f 971 979 970
f 822 1094 1102
f 2909 2793 2792
f 2810 2795 2793
f 2799 2249 2800
f 3662 2910 2799
f 2769 2801 2795
f 3177 3178 3179
f 3178 3180 3179
f 3181 1393 2800
f 3181 1632 3182
f 3182 2244 3183
f 3183 2243 3180
f 3492 2790 3491
f 2808 3491 2816
f 2239 3572 2240
f 1149 3571 3570
f 1150 3567 3571
f 2202 3566 2015
f 2921 3565 2923
f 3568 2133 2928
f 1777 1759 1792
f 1201 1183 1184
f 3561 2195 2194
f 3553 2770 2768
f 3927 1687 1692
f 1516 154 503
f 3549 2974 2803
f 3550 2779 2778
f 2771 3575 3546
f 3070 3546 3558
f 3547 2775 2867
f 1376 1370 1372
f 2767 3556 2206
f 2195 3543 2767
f 2775 3542 2776
f 3377 3545 2871
f 3804 3539 2806
f 2776 3538 2805
f 2240 3535 2920
f 2920 3669 3619
f 3548 2786 2779
f 1805 1851 1804
f 3534 2787 2786
f 2951 3540 3531
f 2772 3531 3575
f 2973 3530 3536
f 2224 3537 3530
f 1957 320 510
f 306 304 303
f 2770 3528 2913
f 2913 3574 2239
f 2923 3527 2922
f 308 431 47
f 207 132 543
f 1879 1881 1880
f 3733 3525 2089
f 2475 3558 3524
f 2476 3524 3523
f 2223 3523 3537
f 3522 2803 2802
f 2037 11 1950
f 1959 450 505
f 2003 3520 2129
f 9 334 540
f 2009 3518 3567
f 2008 3536 3518
f 3877 673 3879
f 3515 2778 2784
f 2935 3513 2936
f 111 3570 3511
f 3510 2935 2938
f 683 3885 943
f 3508 2810 2909
f 736 732 729
f 1795 1803 1796
f 3505 2938 2939
f 3507 2939 2940
f 2950 3504 2949
f 2940 3504 3507
f 3801 3512 2950
f 2868 3502 2869
f 2869 3522 2802
f 1024 1023 1020
f 3500 2948 2947
f 551 442 443
f 2972 3568 2928
f 2032 3499 2972
f 216 1924 1923
f 203 201 200
f 1828 1847 1837
f 1958 449 450
f 272 178 175
f 2871 3495 1361
f 3619 3564 2921
f 2801 3643 3662
f 2005 3654 2176
f 960 899 962
f 3657 3612 3624
f 3780 3646 3151
f 3151 3593 2555
f 2193 3623 2194
f 3607 3145 3144
f 3603 2761 3145
f 3592 3144 3104
f 2926 3634 3103
f 3634 3104 3103
f 3755 3746 3753
f 566 3758 2005
f 3488 1864 3500
f 1602 2079 2078
f 2868 3611 2922
f 2922 3610 2923
f 2923 3618 2921
f 3670 2918 3614
f 3619 3614 2920
f 2921 3670 3619
f 2920 3586 2240
f 3613 2915 2918
f 2917 3622 3641
f 2916 3641 3642
f 2239 3652 2913
f 2911 3652 2757
f 3643 2911 2910
f 2797 3662 3591
f 2797 3598 2750
f 3622 2763 2765
f 3608 2764 2745
f 2194 3648 2221
f 2221 3649 2222
f 2756 3609 2755
f 2750 3609 2747
f 3669 1817 3827
f 3763 1691 1699
f 2515 3590 2548
f 2548 3593 2550
f 2513 3632 3616
f 2513 3621 2515
f 2509 3620 2289
f 2510 3633 2509
f 2289 3639 2283
f 2283 3617 2286
f 2240 3587 2239
f 3659 3624 3626
f 716 3887 3888
f 727 3761 1923
f 2165 2170 2164
f 3660 3626 3629
f 3743 3578 3757
f 2175 769 770
f 2100 2095 2099
f 3758 3757 3578
f 640 3568 1826
f 1653 3553 1651
f 1895 3530 746
f 746 3537 741
f 1653 3528 3576
f 3762 1604 1672
f 2093 2073 2078
f 959 995 884
f 962 919 986
f 1400 1398 1399
f 1000 1127 1004
f 956 884 885
f 1662 3550 1661
f 2034 3546 1654
f 3926 3539 3802
f 3535 766 1817
f 3572 765 766
f 334 3571 335
f 1868 3540 1656
f 1684 1652 1678
f 1682 775 1807
f 1585 3762 1700
f 3763 1672 1673
f 2173 490 491
f 1658 3547 1752
f 3556 1650 724
f 1571 2010 1572
f 1587 3671 2080
f 2099 2077 2094
f 787 1999 786
f 2000 786 1999
f 3155 3697 3683
f 3713 3683 3789
f 2180 3685 3684
f 3496 3684 3705
f 1684 3840 1651
f 1760 3495 3545
f 2607 3693 2590
f 2581 3689 2607
f 2371 3700 3695
f 2371 3693 2372
f 2587 3675 2586
f 2586 3697 339
f 2497 3687 2503
f 2502 3687 3700
f 2494 3690 2495
f 3690 2472 2495
f 3688 2468 2472
f 3701 2469 2468
f 726 3892 630
f 581 3518 580
f 10 3570 334
f 1837 3510 1849
f 741 3523 1300
f 1299 3558 2034
f 1851 3504 1866
f 3527 1820 1819
f 580 3536 1895
f 1758 3522 3502
f 1693 3508 1806
f 3504 1867 1866
f 1894 3568 3499
f 2126 3813 3841
f 3906 3841 3912
f 2113 3867 2110
f 2179 3789 3685
f 624 3904 623
f 2192 3788 3780
f 2177 3787 3733
f 1364 3833 1338
f 3858 1470 1453
f 3135 3775 3744
f 2069 3835 2068
f 1351 3853 1352
f 2108 3901 499
f 2089 3736 3733
f 3828 1358 866
f 2001 3783 2187
f 2187 3719 2091
f 2130 3752 2004
f 2004 3749 2001
f 2014 3779 2201
f 2201 3756 2130
f 3167 3759 2969
f 3168 3720 3167
f 3159 3764 3160
f 3160 3765 3081
f 3730 3158 337
f 3158 3709 3159
f 2200 3730 3722
f 3685 3742 2204
f 3722 2197 2200
f 3790 2092 3721
f 3774 3721 2197
f 3154 3790 3774
f 3155 3706 3154
f 2091 3721 2092
f 2196 3750 3776
f 2193 3776 3781
f 3604 3781 3788
f 2086 3780 3778
f 2087 3778 3777
f 2204 3751 2205
f 2205 3750 3148
f 3909 574 692
f 2124 3777 3760
f 2208 3760 3782
f 3711 3140 3137
f 3785 3138 3140
f 3745 3139 3138
f 3771 3136 2322
f 3712 3137 3136
f 3775 3131 3133
f 3767 3132 3131
f 1813 3838 1814
f 1293 3856 1344
f 2184 3748 3732
f 2181 3732 3734
f 3765 3079 3081
f 3768 3080 3079
f 709 3875 2031
f 2774 3737 3769
f 3786 2134 3559
f 3809 766 765
f 2968 3766 2959
f 2969 3784 2968
f 2958 3737 2961
f 2132 3766 2960
f 2321 3771 3748
f 3860 1449 28
f 3905 582 710
f 3886 577 574
f 3847 1818 3827
f 705 3887 2121
f 3816 3907 698
f 2111 3911 2113
f 3810 1366 1411
f 1812 3822 1815
f 675 3852 674
f 3496 3851 675
f 2110 3868 2109
f 2104 3901 2106
f 2109 3899 944
f 3842 703 739
f 1680 3846 1684
f 1639 3819 3818
f 623 3906 697
f 2139 3866 3865
f 1808 3844 3837
f 3820 1819 1820
f 3872 3900 706
f 1646 3830 1648
f 3889 633 577
f 2139 3875 18
f 2156 3871 3874
f 674 3913 3869
f 2117 3812 2069
f 1815 3847 3823
f 3855 1444 1470
f 697 3912 3816
f 866 3836 3828
f 3864 2136 2135
f 3585 3726 3589
f 3583 3731 3585
f 3753 3738 3739
f 3740 3581 3743
f 1088 3746 1093
f 3739 3743 3753
f 2791 3493 2792
f 3492 2807 3493
f 2792 3494 2909
f 3493 2806 3494
f 3508 3494 3516
f 3516 2806 3539
f 2948 3791 3801
f 2105 3896 2104
f 3538 3804 2805
f 680 3876 683
f 1891 3910 3891
f 2905 3801 2950
f 2900 3799 2905
f 2901 3807 2877
f 2734 3806 3794
f 2877 3806 2878
f 2820 3794 2872
f 2818 3792 2827
f 2823 3792 2826
f 2822 3798 2821
f 2819 3800 3798
f 2817 3795 2816
f 2809 3795 2815
f 2808 3803 2807
f 2805 3803 2804
f 1702 3923 1599
f 3922 1797 1802
f 3915 1706 1709
f 3918 1692 1698
f 1657 3880 1879
f 1890 3895 3910
f 3772 1674 1675
f 1689 3772 3773
f 3926 3538 1688
f 3516 1689 3773
f 3917 1703 1764
f 1598 3928 1770
f 3880 1876 1879
f 1691 3925 3927
f 3925 1688 1687
f 1117 1118 3930
f 1066 1322 3930
f 1243 847 3930
f 3825 848 3930
f 1128 1117 3930
f 1129 1130 3930
f 841 1011 3930
f 1230 3863 3930
f 1242 1243 3930
f 1322 1229 3930
f 1064 1065 3930
f 1003 1128 3930
f 1229 1230 3930
f 3863 1285 3930
f 1285 1288 3930
f 848 839 3930
f 847 3825 3930
f 1118 1129 3930
f 1065 1066 3930
f 1087 1086 3930
f 1008 1002 3930
f 1011 1008 3930
f 1002 1003 3930
f 1076 1069 3930
f 838 841 3930
f 839 838 3930
f 1288 1242 3930
f 1130 1087 3930
f 1086 1076 3930
f 1069 1064 3930
f 2410 2414 3931
f 2411 2410 3931
f 3617 2285 3931
f 2394 2393 3931
f 2393 2396 3931
f 2281 2286 3931
f 2282 2280 3931
f 2398 2399 3931
f 2465 2464 3931
f 2396 2397 3931
f 2470 2469 3931
f 2399 2416 3931
f 2480 2395 3931
f 2459 2480 3931
f 2369 2282 3931
f 2460 2459 3931
f 2415 2411 3931
f 2416 2415 3931
f 2364 2363 3931
f 2286 3617 3931
f 2464 2470 3931
f 2469 3703 3931
f 2285 2465 3931
f 2414 2364 3931
f 2395 2394 3931
f 2363 2367 3931
f 2397 2398 3931
f 2280 2281 3931
f 3703 2460 3931
f 2367 2369 3931
f 3934 3937 3938
f 3934 3939 3935
f 3932 3937 3933
f 3938 3943 3939
f 3937 3940 3941
f 3937 3942 3938
f 3942 3947 3943
f 3941 3944 3945
f 3942 3945 3946
f 3947 3950 3951
f 3944 3949 3945
f 3945 3950 3946
f 3950 3955 3951
f 3949 3952 3953
f 3950 3953 3954
f 3955 3958 3959
f 3953 3956 3957
f 3953 3958 3954
f 3959 3962 3963
f 3957 3960 3961
f 3958 3961 3962
f 3962 3967 3963
f 3960 3965 3961
f 3961 3966 3962
f 3966 3971 3967
f 3965 3968 3969
f 3966 3969 3970
f 3970 3975 3971
f 3968 3973 3969
f 3969 3974 3970
f 3974 3979 3975
f 3973 3976 3977
f 3974 3977 3978
f 3979 3982 3983
f 3976 3981 3977
f 3977 3982 3978
f 3982 3987 3983
f 3981 3984 3985
f 3982 3985 3986
f 3987 3990 3991
f 3984 3989 3985
f 3985 3990 3986
f 3991 3994 3995
f 3989 3992 3993
f 3990 3993 3994
f 3995 3998 3999
f 3992 3997 3993
f 3993 3998 3994
f 3998 4003 3999
f 3997 4000 4001
f 3998 4001 4002
f 4002 4007 4003
f 4000 4005 4001
f 4001 4006 4002
f 4006 4011 4007
f 4005 4008 4009
f 4006 4009 4010
f 4011 4014 4015
f 4008 4013 4009
f 4009 4014 4010
f 4014 4019 4015
f 4013 4016 4017
f 4014 4017 4018
f 4019 4022 4023
f 4016 4021 4017
f 4017 4022 4018
f 4023 4026 4027
f 4021 4024 4025
f 4022 4025 4026
f 4027 4030 4031
f 4024 4029 4025
f 4025 4030 4026
f 4031 4034 4035
f 4029 4032 4033
f 4030 4033 4034
f 4034 4039 4035
f 4032 4037 4033
f 4033 4038 4034
f 4038 4043 4039
f 4037 4040 4041
f 4038 4041 4042
f 4043 4046 4047
f 4040 4045 4041
f 4041 4046 4042
f 4046 4051 4047
f 4045 4048 4049
f 4046 4049 4050
f 4051 4055 4056
f 4048 4054 4049
f 4049 4055 4050
f 4056 4059 4060
f 4053 4058 4054
f 4055 4058 4059
f 3932 4052 3936
f 3936 4052 3940
f 3940 4052 3944
f 3944 4052 3948
f 3948 4052 3952
f 3952 4052 3956
f 3956 4052 3960
f 3960 4052 3964
f 3964 4052 3968
f 3968 4052 3972
f 3972 4052 3976
f 3976 4052 3980
f 3980 4052 3984
f 3984 4052 3988
f 3988 4052 3992
f 3992 4052 3996
f 3996 4052 4000
f 4000 4052 4004
f 4004 4052 4008
f 4008 4052 4012
f 4012 4052 4016
f 4016 4052 4020
f 4020 4052 4024
f 4024 4052 4028
f 4028 4052 4032
f 4032 4052 4036
f 4036 4052 4040
f 4040 4052 4044
f 4044 4052 4048
f 4048 4052 4053
f 4053 4052 4057
f 4060 3934 3935
f 4058 3932 3933
f 4058 3934 4059
f 4057 4052 3932
f 4069 4081 4082
f 4066 4080 4067
f 4065 4077 4078
f 4063 4075 4076
f 4071 4085 4072
f 4069 4083 4070
f 4067 4081 4068
f 4066 4078 4079
f 4063 4077 4064
f 4061 4075 4062
f 4072 4086 4073
f 4071 4083 4084
f 4076 4090 4077
f 4074 4088 4075
f 4086 4098 4099
f 4083 4097 4084
f 4082 4094 4095
f 4079 4093 4080
f 4078 4090 4091
f 4076 4088 4089
f 4085 4097 4098
f 4082 4096 4083
f 4080 4094 4081
f 4079 4091 4092
f 4089 4103 4090
f 4088 4100 4101
f 4098 4112 4099
f 4096 4110 4097
f 4095 4107 4108
f 4092 4106 4093
f 4090 4104 4091
f 4089 4101 4102
f 4097 4111 4098
f 4095 4109 4096
f 4094 4106 4107
f 4092 4104 4105
f 4103 4115 4116
f 4100 4114 4101
f 4112 4124 4125
f 4110 4122 4123
f 4107 4121 4108
f 4105 4119 4106
f 4103 4117 4104
f 4101 4115 4102
f 4110 4124 4111
f 4109 4121 4122
f 4107 4119 4120
f 4105 4117 4118
f 4115 4129 4116
f 4114 4126 4127
f 4124 4138 4125
f 4123 4135 4136
f 4120 4134 4121
f 4119 4131 4132
f 4117 4129 4130
f 4114 4128 4115
f 4124 4136 4137
f 4122 4134 4135
f 4119 4133 4120
f 4117 4131 4118
f 4129 4141 4142
f 4126 4140 4127
f 4138 4150 4151
f 4136 4148 4149
f 4133 4147 4134
f 4131 4145 4132
f 4130 4142 4143
f 4127 4141 4128
f 4137 4149 4150
f 4135 4147 4148
f 4132 4146 4133
f 4131 4143 4144
f 4142 4154 4155
f 4140 4152 4153
f 4150 4164 4151
f 4149 4161 4162
f 4146 4160 4147
f 4144 4158 4145
f 4142 4156 4143
f 4140 4154 4141
f 4149 4163 4150
f 4148 4160 4161
f 4146 4158 4159
f 4144 4156 4157
f 4155 4167 4168
f 4153 4165 4166
f 4163 4177 4164
f 4161 4175 4162
f 4159 4173 4160
f 4158 4170 4171
f 4155 4169 4156
f 4153 4167 4154
f 4163 4175 4176
f 4161 4173 4174
f 4159 4171 4172
f 4156 4170 4157
f 4167 4181 4168
f 4165 4179 4166
f 4176 4190 4177
f 4175 4187 4188
f 4173 4185 4186
f 4170 4184 4171
f 4169 4181 4182
f 4167 4179 4180
f 4175 4189 4176
f 4173 4187 4174
f 4171 4185 4172
f 4170 4182 4183
f 4180 4194 4181
f 4178 4192 4179
f 4190 4202 4203
f 4187 4201 4188
f 4186 4198 4199
f 4183 4197 4184
f 4182 4194 4195
f 4180 4192 4193
f 4189 4201 4202
f 4186 4200 4187
f 4184 4198 4185
f 4183 4195 4196
f 4193 4207 4194
f 4192 4204 4205
f 4202 4216 4203
f 4200 4214 4201
f 4199 4211 4212
f 4196 4210 4197
f 4194 4208 4195
f 4193 4205 4206
f 4201 4215 4202
f 4199 4213 4200
f 4198 4210 4211
f 4196 4208 4209
f 4207 4219 4220
f 4204 4218 4205
f 4216 4228 4229
f 4213 4227 4214
f 4211 4225 4212
f 4209 4223 4210
f 4207 4221 4208
f 4205 4219 4206
f 4214 4228 4215
f 4213 4225 4226
f 4211 4223 4224
f 4209 4221 4222
f 4219 4233 4220
f 4218 4230 4231
f 4228 4242 4229
f 4226 4240 4227
f 4225 4237 4238
f 4223 4235 4236
f 4221 4233 4234
f 4218 4232 4219
f 4228 4240 4241
f 4226 4238 4239
f 4223 4237 4224
f 4221 4235 4222
f 4233 4245 4246
f 4230 4244 4231
f 4242 4254 4255
f 4240 4252 4253
f 4237 4251 4238
f 4235 4249 4236
f 4234 4246 4247
f 4231 4245 4232
f 4241 4253 4254
f 4239 4251 4252
f 4236 4250 4237
f 4235 4247 4248
f 4246 4258 4259
f 4244 4256 4257
f 4254 4268 4255
f 4253 4265 4266
f 4250 4264 4251
f 4248 4262 4249
f 4246 4260 4247
f 4244 4258 4245
f 4253 4267 4254
f 4252 4264 4265
f 4250 4262 4263
f 4248 4260 4261
f 4259 4271 4272
f 4257 4269 4270
f 4267 4281 4268
f 4265 4279 4266
f 4263 4277 4264
f 4262 4274 4275
f 4259 4273 4260
f 4257 4271 4258
f 4266 4280 4267
f 4265 4277 4278
f 4263 4275 4276
f 4260 4274 4261
f 4271 4285 4272
f 4269 4283 4270
f 4281 4293 4294
f 4279 4291 4292
f 4277 4289 4290
f 4274 4288 4275
f 4273 4285 4286
f 4271 4283 4284
f 4280 4292 4293
f 4277 4291 4278
f 4275 4289 4276
f 4274 4286 4287
f 4284 4298 4285
f 4282 4296 4283
f 4294 4306 4307
f 4291 4305 4292
f 4290 4302 4303
f 4287 4301 4288
f 4286 4298 4299
f 4284 4296 4297
f 4293 4305 4306
f 4290 4304 4291
f 4288 4302 4289
f 4287 4299 4300
f 4297 4311 4298
f 4296 4308 4309
f 4306 4320 4307
f 4304 4318 4305
f 4303 4315 4316
f 4300 4314 4301
f 4298 4312 4299
f 4297 4309 4310
f 4305 4319 4306
f 4304 4316 4317
f 4302 4314 4315
f 4300 4312 4313
f 4310 4324 4311
f 4308 4322 4309
f 4320 4332 4333
f 4318 4330 4331
f 4316 4328 4329
f 4313 4327 4314
f 4311 4325 4312
f 4310 4322 4323
f 4318 4332 4319
f 4316 4330 4317
f 4315 4327 4328
f 4312 4326 4313
f 4323 4337 4324
f 4322 4334 4335
f 4332 4346 4333
f 4330 4344 4331
f 4329 4341 4342
f 4327 4339 4340
f 4325 4337 4338
f 4322 4336 4323
f 4332 4344 4345
f 4330 4342 4343
f 4327 4341 4328
f 4325 4339 4326
f 4337 4350 4351
f 4334 4349 4335
f 4346 4359 4360
f 4344 4357 4358
f 4341 4356 4342
f 4340 4353 4354
f 4338 4351 4352
f 4335 4350 4336
f 4345 4358 4359
f 4343 4356 4357
f 4340 4355 4341
f 4338 4353 4339
f 4351 4363 4364
f 4349 4361 4362
f 4359 4373 4360
f 4358 4370 4371
f 4355 4369 4356
f 4354 4366 4367
f 4351 4365 4352
f 4349 4363 4350
f 4358 4372 4359
f 4357 4369 4370
f 4355 4367 4368
f 4352 4366 4353
f 4364 4376 4377
f 4362 4374 4375
f 4373 4385 4386
f 4370 4384 4371
f 4368 4382 4369
f 4367 4379 4380
f 4364 4378 4365
f 4362 4376 4363
f 4372 4384 4385
f 4370 4382 4383
f 4368 4380 4381
f 4365 4379 4366
f 4376 4390 4377
f 4374 4388 4375
f 4385 4399 4386
f 4384 4396 4397
f 4382 4394 4395
f 4379 4393 4380
f 4378 4390 4391
f 4376 4388 4389
f 4384 4398 4385
f 4382 4396 4383
f 4380 4394 4381
f 4379 4391 4392
f 4389 4403 4390
f 4387 4401 4388
f 4399 4411 4412
f 4396 4410 4397
f 4395 4407 4408
f 4393 4405 4406
f 4391 4403 4404
f 4389 4401 4402
f 4398 4410 4411
f 4395 4409 4396
f 4393 4407 4394
f 4391 4405 4392
f 4402 4416 4403
f 4401 4413 4414
f 4411 4425 4412
f 4409 4423 4410
f 4408 4420 4421
f 4406 4418 4419
f 4403 4417 4404
f 4402 4414 4415
f 4410 4424 4411
f 4408 4422 4409
f 4407 4419 4420
f 4404 4418 4405
f 4416 4428 4429
f 4413 4427 4414
f 4425 4437 4438
f 4423 4435 4436
f 4421 4433 4434
f 4418 4432 4419
f 4416 4430 4417
f 4415 4427 4428
f 4423 4437 4424
f 4421 4435 4422
f 4420 4432 4433
f 4418 4430 4431
f 4428 4442 4429
f 4426 4440 4427
f 4437 4451 4438
f 4435 4449 4436
f 4434 4446 4447
f 4432 4444 4445
f 4430 4442 4443
f 4427 4441 4428
f 4437 4449 4450
f 4435 4447 4448
f 4432 4446 4433
f 4430 4444 4431
f 4442 4454 4455
f 4439 4453 4440
f 4451 4463 4464
f 4449 4461 4462
f 4446 4460 4447
f 4444 4458 4445
f 4443 4455 4456
f 4440 4454 4441
f 4450 4462 4463
f 4447 4461 4448
f 4445 4459 4446
f 4444 4456 4457
f 4455 4467 4468
f 4453 4465 4466
f 4463 4477 4464
f 4462 4474 4475
f 4459 4473 4460
f 4457 4471 4458
f 4455 4469 4456
f 4453 4467 4454
f 4462 4476 4463
f 4461 4473 4474
f 4459 4471 4472
f 4457 4469 4470
f 4347 4073 4086
f 4347 4086 4099
f 4347 4099 4112
f 4347 4112 4125
f 4347 4125 4138
f 4347 4138 4151
f 4347 4151 4164
f 4347 4164 4177
f 4347 4177 4190
f 4347 4190 4203
f 4347 4203 4216
f 4347 4216 4229
f 4347 4229 4242
f 4347 4242 4255
f 4347 4255 4268
f 4347 4268 4281
f 4347 4281 4294
f 4347 4294 4307
f 4347 4307 4320
f 4347 4320 4333
f 4347 4333 4346
f 4347 4346 4360
f 4347 4360 4373
f 4347 4373 4386
f 4347 4386 4399
f 4347 4399 4412
f 4347 4412 4425
f 4347 4425 4438
f 4347 4438 4451
f 4347 4451 4464
f 4347 4464 4477
f 4468 4063 4064
f 4466 4061 4062
f 4477 4072 4073
f 4474 4071 4475
f 4472 4069 4473
f 4471 4066 4067
f 4468 4065 4469
f 4466 4063 4467
f 4347 4477 4073
f 4476 4071 4072
f 4474 4069 4070
f 4472 4067 4068
f 4469 4066 4470
f 3935 4465 4060
f 4465 4056 4060
f 4452 4051 4056
f 4439 4047 4051
f 4047 4413 4043
f 4043 4400 4039
f 4039 4387 4035
f 4387 4031 4035
f 4031 4361 4027
f 4361 4023 4027
f 4348 4019 4023
f 4334 4015 4019
f 4015 4308 4011
f 4011 4295 4007
f 4007 4282 4003
f 4282 3999 4003
f 3999 4256 3995
f 4256 3991 3995
f 4243 3987 3991
f 4230 3983 3987
f 3983 4204 3979
f 3979 4191 3975
f 3975 4178 3971
f 4178 3967 3971
f 3967 4152 3963
f 4152 3959 3963
f 4139 3955 3959
f 4126 3951 3955
f 3951 4100 3947
f 3947 4087 3943
f 3943 4074 3939
f 4074 3935 3939
f 4480 4483 4484
f 4480 4485 4481
f 4479 4482 4483
f 4484 4489 4485
f 4482 4487 4483
f 4483 4488 4484
f 4488 4493 4489
f 4487 4490 4491
f 4488 4491 4492
f 4493 4496 4497
f 4490 4495 4491
f 4491 4496 4492
f 4496 4501 4497
f 4495 4498 4499
f 4496 4499 4500
f 4501 4504 4505
f 4498 4503 4499
f 4499 4504 4500
f 4505 4508 4509
f 4503 4506 4507
f 4504 4507 4508
f 4509 4512 4513
f 4506 4511 4507
f 4507 4512 4508
f 4513 4516 4517
f 4511 4514 4515
f 4512 4515 4516
f 4516 4521 4517
f 4514 4519 4515
f 4515 4520 4516
f 4520 4525 4521
f 4518 4523 4519
f 4520 4523 4524
f 4525 4528 4529
f 4522 4527 4523
f 4523 4528 4524
f 4528 4533 4529
f 4527 4530 4531
f 4528 4531 4532
f 4533 4536 4537
f 4530 4535 4531
f 4531 4536 4532
f 4537 4540 4541
f 4534 4539 4535
f 4536 4539 4540
f 4541 4544 4545
f 4539 4542 4543
f 4539 4544 4540
f 4544 4549 4545
f 4542 4547 4543
f 4544 4547 4548
f 4548 4553 4549
f 4547 4550 4551
f 4547 4552 4548
f 4552 4557 4553
f 4551 4554 4555
f 4552 4555 4556
f 4557 4560 4561
f 4554 4559 4555
f 4555 4560 4556
f 4560 4565 4561
f 4559 4562 4563
f 4560 4563 4564
f 4565 4568 4569
f 4562 4567 4563
f 4563 4568 4564
f 4569 4572 4573
f 4567 4570 4571
f 4568 4571 4572
f 4572 4577 4573
f 4570 4575 4571
f 4571 4576 4572
f 4576 4581 4577
f 4575 4578 4579
f 4576 4579 4580
f 4580 4585 4581
f 4578 4583 4579
f 4579 4584 4580
f 4584 4589 4585
f 4583 4586 4587
f 4584 4587 4588
f 4589 4592 4593
f 4586 4591 4587
f 4587 4592 4588
f 4592 4597 4593
f 4591 4594 4595
f 4592 4595 4596
f 4597 4601 4602
f 4594 4600 4595
f 4595 4601 4596
f 4602 4605 4606
f 4600 4603 4604
f 4601 4604 4605
f 4478 4598 4482
f 4482 4598 4486
f 4486 4598 4490
f 4490 4598 4494
f 4494 4598 4498
f 4498 4598 4502
f 4502 4598 4506
f 4506 4598 4510
f 4510 4598 4514
f 4514 4598 4518
f 4518 4598 4522
f 4522 4598 4526
f 4526 4598 4530
f 4530 4598 4534
f 4534 4598 4538
f 4538 4598 4542
f 4542 4598 4546
f 4546 4598 4550
f 4550 4598 4554
f 4554 4598 4558
f 4558 4598 4562
f 4562 4598 4566
f 4566 4598 4570
f 4570 4598 4574
f 4574 4598 4578
f 4578 4598 4582
f 4582 4598 4586
f 4586 4598 4590
f 4590 4598 4594
f 4594 4598 4599
f 4599 4598 4603
f 4606 4480 4481
f 4603 4479 4604
f 4604 4480 4605
f 4603 4598 4478
f 4615 4627 4628
f 4612 4626 4613
f 4611 4623 4624
f 4609 4621 4622
f 4618 4630 4631
f 4615 4629 4616
f 4613 4627 4614
f 4612 4624 4625
f 4609 4623 4610
f 4607 4621 4608
f 4619 4631 4632
f 4617 4629 4630
f 4622 4636 4623
f 4620 4634 4621
f 4632 4644 4645
f 4629 4643 4630
f 4628 4640 4641
f 4626 4638 4639
f 4624 4636 4637
f 4622 4634 4635
f 4631 4643 4644
f 4628 4642 4629
f 4626 4640 4627
f 4624 4638 4625
f 4635 4649 4636
f 4634 4646 4647
f 4644 4658 4645
f 4642 4656 4643
f 4641 4653 4654
f 4639 4651 4652
f 4636 4650 4637
f 4635 4647 4648
f 4643 4657 4644
f 4642 4654 4655
f 4640 4652 4653
f 4637 4651 4638
f 4648 4662 4649
f 4646 4660 4647
f 4658 4670 4671
f 4656 4668 4669
f 4653 4667 4654
f 4651 4665 4652
f 4649 4663 4650
f 4648 4660 4661
f 4656 4670 4657
f 4654 4668 4655
f 4653 4665 4666
f 4651 4663 4664
f 4661 4675 4662
f 4660 4672 4673
f 4670 4684 4671
f 4668 4682 4669
f 4667 4679 4680
f 4665 4677 4678
f 4663 4675 4676
f 4661 4673 4674
f 4670 4682 4683
f 4667 4681 4668
f 4665 4679 4666
f 4663 4677 4664
f 4675 4687 4688
f 4672 4686 4673
f 4684 4696 4697
f 4682 4694 4695
f 4679 4693 4680
f 4678 4690 4691
f 4676 4688 4689
f 4673 4687 4674
f 4683 4695 4696
f 4681 4693 4694
f 4678 4692 4679
f 4676 4690 4677
f 4688 4700 4701
f 4686 4698 4699
f 4696 4710 4697
f 4695 4707 4708
f 4692 4706 4693
f 4691 4703 4704
f 4688 4702 4689
f 4686 4700 4687
f 4695 4709 4696
f 4694 4706 4707
f 4692 4704 4705
f 4689 4703 4690
f 4701 4713 4714
f 4699 4711 4712
f 4710 4722 4723
f 4707 4721 4708
f 4705 4719 4706
f 4704 4716 4717
f 4701 4715 4702
f 4699 4713 4700
f 4709 4721 4722
f 4707 4719 4720
f 4705 4717 4718
f 4702 4716 4703
f 4713 4727 4714
f 4711 4725 4712
f 4723 4735 4736
f 4721 4733 4734
f 4719 4731 4732
f 4716 4730 4717
f 4715 4727 4728
f 4713 4725 4726
f 4721 4735 4722
f 4719 4733 4720
f 4717 4731 4718
f 4716 4728 4729
f 4726 4740 4727
f 4724 4738 4725
f 4736 4748 4749
f 4733 4747 4734
f 4732 4744 4745
f 4730 4742 4743
f 4728 4740 4741
f 4726 4738 4739
f 4735 4747 4748
f 4732 4746 4733
f 4730 4744 4731
f 4728 4742 4729
f 4739 4753 4740
f 4738 4750 4751
f 4748 4762 4749
f 4746 4760 4747
f 4745 4757 4758
f 4743 4755 4756
f 4740 4754 4741
f 4739 4751 4752
f 4747 4761 4748
f 4745 4759 4746
f 4744 4756 4757
f 4741 4755 4742
f 4753 4765 4766
f 4750 4764 4751
f 4762 4774 4775
f 4759 4773 4760
f 4758 4770 4771
f 4755 4769 4756
f 4753 4767 4754
f 4752 4764 4765
f 4760 4774 4761
f 4758 4772 4759
f 4757 4769 4770
f 4755 4767 4768
f 4765 4779 4766
f 4764 4776 4777
f 4774 4788 4775
f 4772 4786 4773
f 4771 4783 4784
f 4769 4781 4782
f 4767 4779 4780
f 4765 4777 4778
f 4774 4786 4787
f 4771 4785 4772
f 4769 4783 4770
f 4767 4781 4768
f 4779 4791 4792
f 4776 4790 4777
f 4788 4800 4801
f 4786 4798 4799
f 4783 4797 4784
f 4782 4794 4795
f 4780 4792 4793
f 4777 4791 4778
f 4787 4799 4800
f 4785 4797 4798
f 4782 4796 4783
f 4780 4794 4781
f 4792 4804 4805
f 4790 4802 4803
f 4800 4814 4801
f 4799 4811 4812
f 4796 4810 4797
f 4795 4807 4808
f 4792 4806 4793
f 4790 4804 4791
f 4799 4813 4800
f 4798 4810 4811
f 4796 4808 4809
f 4793 4807 4794
f 4805 4817 4818
f 4803 4815 4816
f 4814 4826 4827
f 4811 4825 4812
f 4809 4823 4810
f 4808 4820 4821
f 4805 4819 4806
f 4803 4817 4804
f 4813 4825 4826
f 4811 4823 4824
f 4809 4821 4822
f 4806 4820 4807
f 4817 4831 4818
f 4815 4829 4816
f 4826 4840 4827
f 4825 4837 4838
f 4823 4835 4836
f 4820 4834 4821
f 4819 4831 4832
f 4817 4829 4830
f 4825 4839 4826
f 4823 4837 4824
f 4821 4835 4822
f 4820 4832 4833
f 4830 4844 4831
f 4828 4842 4829
f 4840 4852 4853
f 4837 4851 4838
f 4836 4848 4849
f 4834 4846 4847
f 4832 4844 4845
f 4830 4842 4843
f 4839 4851 4852
f 4836 4850 4837
f 4834 4848 4835
f 4832 4846 4833
f 4843 4857 4844
f 4842 4854 4855
f 4852 4866 4853
f 4850 4864 4851
f 4849 4861 4862
f 4847 4859 4860
f 4844 4858 4845
f 4843 4855 4856
f 4851 4865 4852
f 4849 4863 4850
f 4848 4860 4861
f 4845 4859 4846
f 4857 4869 4870
f 4855 4867 4868
f 4866 4878 4879
f 4864 4876 4877
f 4862 4874 4875
f 4859 4873 4860
f 4857 4871 4858
f 4856 4868 4869
f 4864 4878 4865
f 4862 4876 4863
f 4861 4873 4874
f 4859 4871 4872
f 4869 4883 4870
f 4868 4880 4881
f 4878 4892 4879
f 4877 4889 4890
f 4874 4888 4875
f 4873 4885 4886
f 4871 4883 4884
f 4868 4882 4869
f 4878 4890 4891
f 4876 4888 4889
f 4873 4887 4874
f 4871 4885 4872
f 4883 4896 4897
f 4880 4895 4881
f 4892 4905 4906
f 4890 4903 4904
f 4887 4902 4888
f 4885 4900 4886
f 4884 4897 4898
f 4881 4896 4882
f 4891 4904 4905
f 4889 4902 4903
f 4886 4901 4887
f 4885 4898 4899
f 4897 4909 4910
f 4895 4907 4908
f 4905 4919 4906
f 4904 4916 4917
f 4901 4915 4902
f 4899 4913 4900
f 4897 4911 4898
f 4895 4909 4896
f 4904 4918 4905
f 4903 4915 4916
f 4901 4913 4914
f 4899 4911 4912
f 4910 4922 4923
f 4908 4920 4921
f 4919 4931 4932
f 4916 4930 4917
f 4914 4928 4915
f 4913 4925 4926
f 4910 4924 4911
f 4908 4922 4909
f 4918 4930 4931
f 4916 4928 4929
f 4914 4926 4927
f 4911 4925 4912
f 4922 4936 4923
f 4920 4934 4921
f 4931 4945 4932
f 4930 4942 4943
f 4928 4940 4941
f 4925 4939 4926
f 4924 4936 4937
f 4922 4934 4935
f 4930 4944 4931
f 4928 4942 4929
f 4926 4940 4927
f 4925 4937 4938
f 4935 4949 4936
f 4933 4947 4934
f 4945 4957 4958
f 4942 4956 4943
f 4941 4953 4954
f 4938 4952 4939
f 4937 4949 4950
f 4935 4947 4948
f 4944 4956 4957
f 4941 4955 4942
f 4939 4953 4940
f 4938 4950 4951
f 4948 4962 4949
f 4947 4959 4960
f 4957 4971 4958
f 4955 4969 4956
f 4954 4966 4967
f 4951 4965 4952
f 4949 4963 4950
f 4948 4960 4961
f 4956 4970 4957
f 4954 4968 4955
f 4953 4965 4966
f 4951 4963 4964
f 4962 4974 4975
f 4959 4973 4960
f 4971 4983 4984
f 4968 4982 4969
f 4966 4980 4967
f 4964 4978 4965
f 4962 4976 4963
f 4960 4974 4961
f 4969 4983 4970
f 4967 4981 4968
f 4966 4978 4979
f 4964 4976 4977
f 4975 4987 4988
f 4973 4985 4986
f 4983 4997 4984
f 4981 4995 4982
f 4979 4993 4980
f 4978 4990 4991
f 4976 4988 4989
f 4973 4987 4974
f 4983 4995 4996
f 4981 4993 4994
f 4978 4992 4979
f 4976 4990 4977
f 4988 5000 5001
f 4985 4999 4986
f 4997 5009 5010
f 4995 5007 5008
f 4992 5006 4993
f 4991 5003 5004
f 4989 5001 5002
f 4986 5000 4987
f 4996 5008 5009
f 4994 5006 5007
f 4991 5005 4992
f 4989 5003 4990
f 5001 5013 5014
f 4999 5011 5012
f 5009 5023 5010
f 5008 5020 5021
f 5005 5019 5006
f 5004 5016 5017
f 5001 5015 5002
f 4999 5013 5000
f 5008 5022 5009
f 5007 5019 5020
f 5005 5017 5018
f 5002 5016 5003
f 4893 4619 4632
f 4893 4632 4645
f 4893 4645 4658
f 4893 4658 4671
f 4893 4671 4684
f 4893 4684 4697
f 4893 4697 4710
f 4893 4710 4723
f 4893 4723 4736
f 4893 4736 4749
f 4893 4749 4762
f 4893 4762 4775
f 4893 4775 4788
f 4893 4788 4801
f 4893 4801 4814
f 4893 4814 4827
f 4893 4827 4840
f 4893 4840 4853
f 4893 4853 4866
f 4893 4866 4879
f 4893 4879 4892
f 4893 4892 4906
f 4893 4906 4919
f 4893 4919 4932
f 4893 4932 4945
f 4893 4945 4958
f 4893 4958 4971
f 4893 4971 4984
f 4893 4984 4997
f 4893 4997 5010
f 4893 5010 5023
f 5014 4609 4610
f 5012 4607 4608
f 5022 4619 5023
f 5020 4617 5021
f 5018 4615 5019
f 5017 4612 4613
f 5014 4611 5015
f 5012 4609 5013
f 4893 5023 4619
f 5021 4618 5022
f 5020 4615 4616
f 5018 4613 4614
f 5015 4612 5016
f 4481 5011 4606
f 5011 4602 4606
f 4998 4597 4602
f 4985 4593 4597
f 4593 4959 4589
f 4589 4946 4585
f 4585 4933 4581
f 4933 4577 4581
f 4577 4907 4573
f 4907 4569 4573
f 4894 4565 4569
f 4880 4561 4565
f 4561 4854 4557
f 4557 4841 4553
f 4553 4828 4549
f 4828 4545 4549
f 4545 4802 4541
f 4802 4537 4541
f 4789 4533 4537
f 4776 4529 4533
f 4529 4750 4525
f 4525 4737 4521
f 4521 4724 4517
f 4724 4513 4517
f 4513 4698 4509
f 4698 4505 4509
f 4685 4501 4505
f 4672 4497 4501
f 4497 4646 4493
f 4493 4633 4489
f 4489 4620 4485
f 4620 4481 4485
f 4 3 2
f 8 7 6
f 13 16 15
f 17 28 19
f 32 31 30
f 36 35 34
f 37 40 39
f 21 22 23
f 25 26 27
f 41 44 43
f 48 47 46
f 52 51 50
f 53 56 55
f 60 59 58
f 29 30 62
f 66 65 64
f 67 5 6
f 72 71 70
f 76 75 74
f 77 80 79
f 81 84 83
f 59 87 86
f 88 91 90
f 96 95 94
f 100 99 98
f 101 104 103
f 106 105 34
f 108 116 115
f 117 119 36
f 124 127 126
f 131 130 129
f 132 102 134
f 142 141 140
f 148 106 60
f 144 143 127
f 149 152 151
f 156 155 154
f 159 150 158
f 116 108 164
f 171 170 169
f 174 126 173
f 179 182 181
f 186 189 188
f 194 197 196
f 199 142 139
f 206 209 208
f 213 212 211
f 202 215 214
f 96 93 216
f 92 238 43
f 97 184 246
f 250 249 229
f 252 254 58
f 258 257 256
f 260 91 229
f 110 111 112
f 114 264 263
f 265 268 267
f 56 53 270
f 274 273 249
f 185 183 63
f 280 279 278
f 285 284 283
f 288 219 211
f 141 142 92
f 289 290 175
f 148 116 105
f 312 311 170
f 238 262 42
f 318 163 160
f 310 309 308
f 241 239 325
f 160 230 240
f 47 48 307
f 108 109 315
f 345 85 86
f 348 351 350
f 356 359 358
f 355 354 353
f 363 31 32
f 364 252 253
f 366 125 368
f 183 372 371
f 163 162 161
f 209 226 101
f 378 377 165
f 379 295 381
f 383 382 3
f 284 285 386
f 387 127 389
f 391 259 229
f 73 281 397
f 405 408 407
f 203 218 411
f 414 121 413
f 1 356 357
f 277 276 131
f 254 344 57
f 358 384 415
f 417 416 386
f 401 400 192
f 419 389 127
f 421 181 182
f 103 301 302
f 428 367 368
f 380 390 359
f 62 204 266
f 140 141 431
f 357 358 351
f 356 1 379
f 415 392 403
f 437 428 436
f 438 441 440
f 188 451 450
f 265 455 181
f 224 185 64
f 237 212 213
f 275 131 128
f 281 282 460
f 50 462 79
f 73 74 282
f 468 467 466
f 390 355 352
f 482 485 484
f 489 488 487
f 493 496 495
f 472 471 470
f 502 501 500
f 220 221 222
f 512 419 143
f 518 517 511
f 513 239 230
f 205 30 31
f 189 370 451
f 163 318 532
f 533 224 225
f 446 448 447
f 335 541 540
f 544 512 546
f 329 519 291
f 199 534 262
f 385 386 416
f 532 190 191
f 363 117 118
f 578 581 580
f 573 572 571
f 561 563 562
f 241 260 259
f 590 593 592
f 545 546 595
f 503 154 155
f 606 625 624
f 478 481 480
f 646 649 648
f 590 591 689
f 564 565 651
f 728 246 184
f 714 724 716
f 692 574 575
f 541 335 581
f 346 68 248
f 161 231 230
f 128 129 94
f 698 705 704
f 574 577 576
f 290 289 401
f 630 631 725
f 733 736 735
f 755 466 496
f 759 480 481
f 757 763 762
f 764 496 466
f 768 767 3808
f 759 760 488
f 492 474 475
f 474 770 769
f 773 468 465
f 771 774 486
f 484 485 775
f 774 776 489
f 495 496 764
f 495 757 761
f 137 397 784
f 325 239 797
f 165 519 51
f 369 32 29
f 730 731 568
f 90 302 301
f 243 118 516
f 800 734 806
f 817 815 808
f 816 808 823
f 306 303 447
f 815 810 809
f 829 830 828
f 726 725 501
f 274 427 424
f 879 882 881
f 884 883 879
f 219 218 217
f 906 905 904
f 455 204 205
f 898 882 830
f 903 900 880
f 377 291 519
f 923 949 948
f 946 947 951
f 3519 740 739
f 900 899 886
f 225 64 65
f 182 445 442
f 809 952 947
f 954 960 962
f 927 950 965
f 885 879 880
f 925 927 966
f 343 342 341
f 965 964 971
f 968 971 970
f 972 968 969
f 963 961 981
f 336 337 338
f 992 993 827
f 810 815 996
f 1007 1001 1002
f 1012 826 827
f 1011 1009 1007
f 294 293 292
f 907 908 920
f 1017 579 1019
f 1020 1023 1022
f 1035 1024 1020
f 1061 1060 1047
f 1063 1061 1046
f 1044 1020 1021
f 1102 1094 1097
f 1116 1126 1118
f 1016 1015 1014
f 881 897 904
f 816 1116 1127
f 1094 948 949
f 514 342 167
f 146 145 81
f 1133 1135 1130
f 1102 1133 1126
f 822 1126 1116
f 1145 1143 1148
f 1076 1144 1151
f 1148 1143 1086
f 1109 1097 1114
f 1154 1153 1156
f 1153 925 967
f 3464 3497 463
f 1144 1147 1152
f 1156 967 1163
f 1164 1162 1169
f 1145 1171 1176
f 1114 1115 1154
f 1183 1155 1164
f 1184 1183 1177
f 1069 1151 1062
f 1023 1191 1194
f 1162 1163 1170
f 1195 1184 1185
f 1183 1196 1176
f 1201 1063 1152
f 1061 1063 1201
f 3825 847 843
f 1203 1202 1195
f 1202 1201 1184
f 1218 1060 1203
f 1060 1061 1202
f 1225 1218 1217
f 671 695 694
f 1219 1217 1024
f 1217 1203 1034
f 1226 1014 1015
f 1243 1242 1234
f 1231 1230 1229
f 847 1243 1233
f 843 1233 1244
f 1233 1234 1245
f 1923 3761 233
f 2100 2108 499
f 3914 3864 2135
f 61 62 323
f 210 211 217
f 1299 1310 1309
f 3863 1230 1231
f 1066 1047 1321
f 1322 1321 1228
f 1060 1218 1321
f 1325 1324 1323
f 1244 1245 1332
f 1290 1234 1242
f 1337 1330 1339
f 1330 1332 1340
f 1341 1332 1245
f 1342 1340 1332
f 1343 1342 1341
f 1344 1341 1294
f 3857 3856 1345
f 1347 1348 1342
f 3856 3854 1295
f 1349 1350 1348
f 3861 1349 1347
f 3853 1347 1343
f 906 898 829
f 905 906 1353
f 865 1356 1355
f 1355 1353 829
f 1357 1355 825
f 1356 1354 1353
f 3834 1337 1338
f 866 1358 1356
f 1358 1359 1354
f 3828 878 1337
f 838 1362 1012
f 1363 1364 1338
f 1368 1363 1339
f 1348 1368 1340
f 1371 1369 3824
f 524 525 526
f 528 529 530
f 1372 1370 1369
f 535 536 537
f 1367 1368 1348
f 1370 1354 1359
f 1369 1359 3833
f 1373 910 903
f 555 556 557
f 1374 909 910
f 1373 904 905
f 1374 1373 1375
f 1375 905 1354
f 1378 920 908
f 376 373 651
f 1388 928 973
f 586 587 588
f 1390 1389 1388
f 1391 1388 969
f 597 598 599
f 600 601 602
f 1392 1391 970
f 608 609 610
f 612 524 523
f 614 615 616
f 617 618 25
f 620 621 622
f 1397 1390 1391
f 1398 1397 1392
f 1400 987 920
f 1402 1403 1165
f 636 637 638
f 930 1404 1402
f 641 642 643
f 929 1402 1169
f 1404 1405 1403
f 1411 1366 1365
f 1412 1406 1415
f 652 653 654
f 609 656 657
f 659 660 661
f 558 663 586
f 665 666 667
f 1413 1411 1406
f 1418 1416 3810
f 1417 1372 1371
f 1416 1371 3829
f 1419 1417 1416
f 1386 909 1374
f 677 678 679
f 1385 1386 1420
f 1420 1374 1376
f 685 686 687
f 1421 1420 1422
f 528 690 691
f 1422 1376 1372
f 1018 1019 747
f 699 700 701
f 1424 578 579
f 3663 1597 1767
f 700 699 711
f 1093 3746 3754
f 717 718 530
f 721 722 723
f 704 1650 3543
f 19 1429 1426
f 1429 1428 1427
f 1658 1659 3542
f 1439 1437 1434
f 1437 1436 1435
f 1426 1427 1433
f 1442 1431 1432
f 742 743 744
f 1432 1433 1441
f 751 752 753
f 1438 1434 1403
f 1446 1445 1444
f 1447 1448 1446
f 3860 1447 1443
f 1415 1367 1445
f 1414 1415 1446
f 2173 1683 469
f 777 778 779
f 780 781 782
f 1676 1693 1806
f 3859 1451 1349
f 789 790 791
f 745 792 793
f 652 794 795
f 1455 1458 1457
f 1454 1367 1350
f 610 691 802
f 3831 3816 698
f 1352 1044 1045
f 1015 1016 1459
f 811 812 813
f 2118 3815 3817
f 819 820 821
f 1466 1463 1194
f 1467 1468 1465
f 1182 1165 1468
f 832 812 833
f 835 836 837
f 1467 1466 1190
f 1469 1470 1444
f 840 700 712
f 1453 1470 1469
f 599 844 845
f 1226 1450 3849
f 851 852 853
f 855 744 856
f 858 859 860
f 861 862 863
f 1014 1226 3855
f 867 676 868
f 870 871 872
f 874 875 876
f 1310 1323 1471
f 1476 1433 1427
f 1461 1476 1475
f 887 888 889
f 788 791 892
f 894 895 896
f 1460 1475 1227
f 901 902 524
f 1465 1478 1477
f 1865 3503 3500
f 911 912 913
f 916 917 918
f 1850 3505 3507
f 921 922 895
f 1479 1435 1436
f 926 664 667
f 1481 562 563
f 269 1483 84
f 931 932 933
f 934 935 614
f 936 685 688
f 938 659 662
f 1484 270 122
f 941 942 835
f 320 321 509
f 1849 3510 3505
f 84 1483 1484
f 1487 1490 1488
f 1757 1758 3502
f 365 1492 1491
f 461 79 80
f 117 363 362
f 1494 540 541
f 926 601 957
f 1477 1441 1433
f 1709 1588 1585
f 119 117 1496
f 271 1497 504
f 511 517 189
f 345 1496 1492
f 57 344 299
f 1501 1499 268
f 267 268 1499
f 974 975 976
f 1678 1652 1693
f 3846 1682 1807
f 557 982 663
f 983 941 984
f 1443 1444 3849
f 421 1500 268
f 989 990 991
f 1490 1487 418
f 279 280 309
f 997 868 676
f 998 26 999
f 1504 418 38
f 1506 1508 1507
f 360 361 1508
f 1506 1486 207
f 939 1005 1006
f 270 1484 1483
f 66 63 546
f 1010 742 793
f 367 428 437
f 244 31 363
f 1670 3532 3534
f 209 206 1510
f 388 389 426
f 427 274 250
f 161 520 521
f 100 246 45
f 1025 1026 608
f 1029 1030 1031
f 939 662 1033
f 41 42 594
f 1036 780 783
f 702 701 1038
f 1040 1041 1042
f 362 32 369
f 187 1520 477
f 70 1487 539
f 1049 600 603
f 613 867 869
f 860 1050 1051
f 1005 1052 1053
f 753 1055 1056
f 1057 1058 1059
f 293 288 1522
f 288 212 1521
f 292 1522 1523
f 331 1507 1508
f 306 452 453
f 100 44 41
f 462 1524 78
f 330 331 1524
f 635 1067 1068
f 1485 1527 1526
f 206 1485 1528
f 1070 1071 1072
f 942 941 1073
f 916 933 1075
f 440 1529 1530
f 157 158 1514
f 1529 162 5
f 371 595 546
f 790 586 663
f 1077 858 857
f 1403 1434 1435
f 1080 1081 1082
f 531 520 1529
f 21 1083 1084
f 272 1532 1531
f 690 712 802
f 335 3571 3567
f 1090 1030 1029
f 1092 795 794
f 1533 396 137
f 661 660 1095
f 69 444 445
f 1099 1100 1101
f 38 39 1536
f 1104 1105 1106
f 852 1107 1108
f 1377 908 909
f 291 377 411
f 316 1536 516
f 539 1488 1533
f 1505 1536 316
f 1110 1111 1112
f 1539 1537 460
f 522 441 1537
f 834 837 1120
f 1122 1123 1124
f 612 1125 1041
f 935 793 615
f 276 278 130
f 1686 3549 3522
f 193 190 1541
f 231 521 1540
f 556 1037 982
f 365 253 85
f 190 532 318
f 1810 765 3574
f 3924 1867 3512
f 1132 983 985
f 208 101 102
f 1134 1033 662
f 1491 518 80
f 429 133 1542
f 1137 1138 915
f 172 436 428
f 1139 1140 1141
f 549 96 54
f 1517 1519 1518
f 834 1119 984
f 1543 513 286
f 1544 797 239
f 133 134 1544
f 506 361 257
f 420 327 328
f 1158 1159 1160
f 587 1104 1103
f 607 1161 1027
f 304 1546 1545
f 364 1491 77
f 69 70 198
f 700 840 1112
f 3877 626 3525
f 1166 719 657
f 1167 1168 858
f 1300 3523 3524
f 1172 1173 1174
f 218 203 200
f 1179 1180 1181
f 372 183 97
f 89 104 227
f 1186 1187 1188
f 172 173 1517
f 1482 84 81
f 1090 1192 1193
f 394 395 353
f 526 525 1198
f 1199 1200 1026
f 606 623 697
f 1204 1205 1206
f 1207 1208 523
f 1209 1210 867
f 914 913 685
f 1478 1436 1441
f 1029 1028 1161
f 1211 1212 1213
f 3858 1453 1451
f 844 1215 1216
f 423 193 273
f 1220 1221 1222
f 22 1223 1224
f 882 898 897
f 1519 1517 173
f 1189 1188 1232
f 349 350 550
f 1071 1235 1236
f 1237 1238 1239
f 1221 1186 1189
f 1510 1528 1512
f 939 1032 1241
f 1556 1530 5
f 1553 1554 394
f 404 1556 67
f 1247 1248 1249
f 142 199 238
f 1251 1067 635
f 850 1252 1253
f 1254 1167 1077
f 57 132 133
f 443 430 552
f 1187 1172 1175
f 1256 1070 831
f 432 405 382
f 741 748 747
f 434 350 351
f 349 432 383
f 251 124 1481
f 395 384 352
f 1518 1519 1550
f 1558 410 378
f 109 263 314
f 285 1514 1513
f 395 394 393
f 202 203 410
f 417 408 405
f 1246 1257 1258
f 3 1559 297
f 1259 1260 1261
f 403 404 347
f 955 954 953
f 462 50 51
f 1096 1095 687
f 429 147 60
f 896 1264 1265
f 1267 721 1268
f 423 424 327
f 37 179 180
f 20 23 1187
f 1256 1168 1071
f 1188 1175 1269
f 1236 1270 1271
f 1272 536 535
f 565 564 463
f 1273 792 745
f 876 1254 1255
f 316 33 164
f 437 1516 503
f 194 1494 1495
f 1275 1276 864
f 624 625 631
f 1277 1274 1137
f 569 568 567
f 1481 124 125
f 324 325 547
f 1279 1108 1107
f 1525 332 329
f 1281 1278 1137
f 171 168 1553
f 1488 73 396
f 1557 1561 1562
f 1282 856 1206
f 1053 1277 1278
f 778 777 607
f 713 583 3566
f 251 225 144
f 4 357 348
f 709 708 707
f 728 48 45
f 261 135 1563
f 789 1286 1287
f 74 314 263
f 403 284 385
f 1178 1181 1240
f 1223 1259 1289
f 1220 20 1186
f 296 1518 354
f 784 459 1538
f 1181 1180 1291
f 1269 1292 1257
f 1566 1538 438
f 136 784 1566
f 1563 1564 169
f 107 114 109
f 1297 1282 1298
f 1464 1477 1476
f 1520 187 507
f 1301 1302 1303
f 1306 1307 1308
f 175 456 1532
f 1532 456 200
f 1311 1266 1312
f 872 1314 1315
f 3836 843 878
f 1305 1308 864
f 1040 1275 863
f 1564 1566 399
f 592 1576 1575
f 591 1575 1088
f 1581 1584 1583
f 1196 1152 1147
f 710 582 583
f 285 407 408
f 953 954 961
f 1594 1592 1589
f 1585 1588 1587
f 1592 1591 1590
f 3885 945 944
f 1600 1599 1598
f 1604 1603 1602
f 1399 1392 979
f 1589 1590 1596
f 1610 1609 1608
f 298 257 361
f 551 552 276
f 1627 1626 3814
f 859 811 818
f 1078 857 1328
f 1555 439 1530
f 572 573 680
f 772 465 776
f 977 1281 918
f 404 403 392
f 1054 1331 750
f 1644 1645 1643
f 932 1265 1082
f 1067 1333 1334
f 1540 1539 264
f 597 1335 643
f 471 761 762
f 1642 696 3831
f 1644 1642 3842
f 923 946 950
f 96 549 548
f 520 531 522
f 445 444 443
f 849 839 848
f 480 759 755
f 1646 760 481
f 311 426 1567
f 464 463 3497
f 3497 1360 1361
f 234 237 236
f 190 193 192
f 153 154 152
f 231 287 286
f 1552 1553 1551
f 760 1646 1648
f 3832 1647 1649
f 828 827 826
f 52 167 166
f 1663 1662 1661
f 287 107 115
f 668 671 670
f 634 645 640
f 553 560 559
f 118 36 33
f 492 484 491
f 3552 1652 1651
f 582 589 584
f 384 395 392
f 1381 1382 1383
f 1562 1561 435
f 952 953 951
f 3529 3566 583
f 1660 1661 1667
f 1394 1395 1396
f 1660 1665 1664
f 1671 1670 1669
f 1624 1625 1673
f 1407 1408 1409
f 1677 1676 1675
f 1613 1679 1677
f 1679 1678 1676
f 1626 1681 3811
f 534 199 198
f 803 733 734
f 400 248 191
f 65 66 143
f 3526 1657 1656
f 402 159 157
f 629 628 627
f 461 477 49
f 758 757 495
f 796 787 786
f 406 407 1513
f 342 343 166
f 1694 1659 1658
f 1692 1687 1694
f 3557 1693 1652
f 3921 1704 1703
f 326 547 302
f 3916 3921 1702
f 3919 3918 1698
f 1699 1691 3927
f 1557 406 1560
f 1127 1116 1117
f 400 401 289
f 1706 1702 1707
f 1707 1702 1599
f 1709 1706 1708
f 1714 1712 1711
f 3919 3915 1709
f 1704 1711 1577
f 1716 1714 1713
f 1559 1562 1549
f 1722 1721 1720
f 1335 597 596
f 410 411 377
f 973 1170 1163
f 168 169 399
f 1571 682 1089
f 1572 681 682
f 749 646 647
f 1730 1724 1723
f 1594 1582 1729
f 1729 1723 1591
f 1384 1378 1377
f 1732 1731 1712
f 1724 1730 1731
f 1722 1724 1732
f 1721 1722 1733
f 1734 1733 1716
f 1735 1737 1736
f 1733 1732 1714
f 1663 1664 1741
f 1742 1665 1740
f 1738 1739 1737
f 1665 1660 1666
f 1665 1742 1744
f 1725 1726 1746
f 1591 1725 1745
f 1590 1745 1747
f 1745 1746 1748
f 1659 1688 3538
f 3287 1760 3545
f 1185 1177 1182
f 1664 1744 1749
f 1741 1749 1739
f 1746 1742 1743
f 1726 1744 1742
f 1115 924 1153
f 1654 3546 3575
f 1896 3562 3549
f 1720 1749 1744
f 1721 1739 1749
f 1750 1718 1701
f 1697 1736 1750
f 1151 1152 1063
f 1751 1752 1670
f 1695 1658 1752
f 961 962 986
f 1770 1769 1768
f 1766 1594 1593
f 1731 1759 1579
f 1579 1777 1774
f 3928 1772 1771
f 1764 1772 3928
f 1777 1776 1775
f 3762 3763 1699
f 1004 1127 1128
f 1774 1775 1771
f 987 1400 1399
f 1578 1774 1772
f 1783 1782 1781
f 1597 1598 1770
f 639 1878 3895
f 3928 3929 1769
f 1793 1792 1789
f 3929 3920 1798
f 3508 3516 3773
f 1802 1867 3924
f 1788 1790 1794
f 1793 1794 1795
f 3773 3772 1675
f 1584 1581 1783
f 1771 1797 3920
f 1801 1799 1798
f 1768 1769 1798
f 1775 1796 1797
f 508 514 515
f 1796 1803 1802
f 1800 1798 3920
f 1794 1805 1804
f 3532 1670 1752
f 485 1808 1807
f 3809 3844 1640
f 3837 3844 1810
f 485 482 1640
f 1690 1691 3770
f 487 488 1648
f 3839 1813 1816
f 3838 1811 1648
f 3839 1812 1811
f 1812 1809 487
f 1641 1809 767
f 465 466 755
f 767 1815 3823
f 3822 1816 3826
f 1809 1812 1815
f 3837 1653 1651
f 675 672 3541
f 1814 1649 1822
f 1821 1822 3821
f 1824 1822 1649
f 1827 1849 1850
f 1668 1669 1662
f 1779 1780 1848
f 1790 1827 1805
f 1833 1836 1853
f 3521 3506 693
f 1614 1615 1616
f 1852 1853 3498
f 1620 1621 1622
f 1855 1765 1574
f 1847 1852 3501
f 1766 1765 1855
f 1629 1630 1631
f 1633 1622 1634
f 1635 1636 1637
f 1848 1833 1852
f 1855 1861 1863
f 1803 1866 1867
f 1862 1863 1831
f 1782 1855 1862
f 3922 3924 1865
f 1873 1872 1870
f 1874 1869 799
f 2045 3878 3897
f 1219 1345 1295
f 1615 1614 1396
f 3884 3895 1877
f 645 3898 3786
f 1345 1219 1035
f 634 639 3884
f 15 1887 1327
f 3910 3895 1878
f 1894 604 605
f 3506 3551 627
f 3560 640 645
f 340 341 454
f 1897 194 195
f 1889 1882 1877
f 1901 94 129
f 196 749 754
f 1705 1704 3921
f 340 378 166
f 1570 1480 563
f 1904 1494 194
f 1781 1862 1832
f 1905 549 55
f 1000 994 995
f 986 919 920
f 1191 1185 1190
f 2094 2077 2075
f 1920 1921 1919
f 453 454 1912
f 1915 1919 1918
f 3882 2112 2106
f 1655 3575 3531
f 1916 1918 1926
f 704 3554 3561
f 278 1916 1925
f 3565 3564 1818
f 1097 949 1115
f 1927 1928 727
f 3578 3579 3654
f 1920 310 307
f 1929 307 48
f 503 504 1497
f 1902 1903 787
f 1816 1821 3820
f 1925 1926 1923
f 1535 1569 1568
f 254 252 258
f 1509 1497 366
f 119 86 35
f 219 288 293
f 141 46 47
f 542 205 244
f 1940 552 430
f 1779 1828 1827
f 1701 1710 3915
f 1661 3550 3515
f 270 53 754
f 197 1947 749
f 1727 1728 1212
f 53 54 232
f 1465 1468 1479
f 1284 3862 3854
f 1951 446 412
f 168 398 1554
f 1486 1485 206
f 506 77 78
f 994 1001 1007
f 951 953 963
f 1013 3859 3861
f 3826 3820 1820
f 1498 1909 1954
f 299 298 543
f 1754 1755 1756
f 1681 469 1683
f 1696 1694 1695
f 13 14 738
f 473 476 475
f 482 1641 768
f 204 62 30
f 1761 1762 820
f 611 1763 1125
f 1501 1503 1908
f 1074 1073 711
f 1960 1944 82
f 120 1956 1960
f 35 86 87
f 1773 1199 1025
f 1965 1545 1569
f 494 761 471
f 1966 1967 1969
f 446 1951 1971
f 174 368 125
f 1580 1579 1578
f 1785 1786 1787
f 1972 1546 304
f 1254 876 875
f 1973 341 342
f 321 1912 1973
f 1910 277 275
f 509 1973 514
f 1486 1507 1527
f 1974 1874 804
f 1977 1976 1974
f 1980 448 1966
f 379 1 2
f 1718 1715 1710
f 884 995 992
f 1680 1684 1678
f 902 990 525
f 344 255 256
f 135 138 137
f 448 446 1967
f 589 605 604
f 910 909 908
f 1981 1966 1968
f 1982 1981 1987
f 1988 1979 1987
f 1990 1988 1989
f 1991 1989 1993
f 322 321 320
f 992 828 830
f 1144 1076 1086
f 1995 1977 1978
f 1133 1129 1118
f 1997 1995 1994
f 870 1823 1335
f 805 806 1982
f 727 184 2000
f 1996 1994 1988
f 1994 1978 1979
f 1829 616 792
f 1830 1073 941
f 798 803 800
f 729 732 731
f 2011 2012 2023
f 1834 1835 846
f 402 283 284
f 2022 2023 2024
f 1838 718 989
f 810 955 952
f 1823 1839 1840
f 1430 1426 1432
f 1215 844 1841
f 1316 1208 873
f 2112 1401 1384
f 1842 1843 1844
f 1159 846 845
f 837 27 1846
f 1971 1951 2030
f 517 369 370
f 1471 2026 2027
f 3551 3525 626
f 2174 2175 770
f 935 934 1854
f 1613 1619 1611
f 1231 1228 1225
f 1856 1857 891
f 1300 1309 748
f 1150 1149 1858
f 1643 606 696
f 1215 1265 1264
f 1320 1860 902
f 1956 1943 1944
f 2031 668 669
f 2034 1325 1310
f 1879 1880 1656
f 40 245 242
f 1992 1993 2039
f 888 958 957
f 1882 1889 1996
f 1078 1138 1255
f 1871 912 1192
f 294 411 218
f 1323 2041 2026
f 123 1960 83
f 1324 2036 2041
f 384 358 359
f 1324 1325 2038
f 1883 1884 1885
f 287 1540 114
f 1096 1886 1134
f 915 1329 931
f 806 1980 1981
f 3533 3529 584
f 1425 2030 2042
f 1018 2042 1948
f 3562 1896 740
f 1948 2042 649
f 1881 1882 1990
f 1900 129 130
f 992 995 994
f 923 927 925
f 3878 2045 2047
f 1643 2048 625
f 2050 2052 2051
f 2045 1405 1404
f 3876 2047 945
f 1139 1080 1079
f 1037 1856 892
f 2055 2053 2057
f 1198 989 718
f 1619 2058 1612
f 2058 1605 1606
f 2059 2060 1607
f 2058 1619 1624
f 71 72 179
f 405 406 1557
f 322 1548 1972
f 2061 2052 2063
f 2066 2065 2067
f 2052 2061 2064
f 1609 1610 2066
f 1515 151 152
f 1009 827 993
f 1644 3843 3815
f 279 1915 1916
f 1285 3863 3862
f 1647 2066 1825
f 2056 2057 2067
f 319 320 1953
f 667 666 1913
f 2070 631 625
f 2052 2050 2055
f 2038 1654 1655
f 1606 1601 2073
f 1235 1917 1270
f 2072 2073 2075
f 2059 1606 2072
f 2074 2075 2077
f 1601 1602 2078
f 2049 2048 1643
f 1000 1004 1001
f 1089 943 684
f 1931 1286 1306
f 1462 1459 1021
f 1932 1933 1934
f 875 874 1846
f 1936 1051 1937
f 44 45 46
f 1534 1955 1956
f 1541 318 317
f 2081 2082 2084
f 146 1945 1959
f 1360 1941 1942
f 985 984 1032
f 1995 1997 1892
f 2079 2080 2082
f 2095 2096 2076
f 2081 2093 2078
f 2055 2050 2054
f 501 2096 2095
f 2097 2100 2099
f 2098 2099 2094
f 2140 2141 3893
f 2141 2046 3894
f 2051 2070 2048
f 592 2102 2101
f 2071 2064 2076
f 2102 2097 2098
f 593 2103 2102
f 1019 1895 746
f 1950 11 12
f 725 2071 2096
f 1385 2105 2104
f 1379 2104 2106
f 2107 2108 2100
f 3908 726 502
f 3896 502 499
f 940 1389 2109
f 928 929 1170
f 3868 590 684
f 1962 1963 1964
f 3878 680 573
f 2039 1993 1968
f 1389 1390 2110
f 1398 2111 2113
f 3757 3755 3753
f 3911 3883 2107
f 949 923 924
f 260 241 324
f 1390 1397 2113
f 2070 2051 2064
f 3867 3911 2103
f 2105 1385 1421
f 2114 1421 1423
f 3892 2114 2115
f 3908 2105 2114
f 554 2116 1902
f 972 1163 967
f 1765 1593 1573
f 1984 1985 1986
f 2053 2117 2069
f 3573 3556 724
f 1625 1677 1674
f 3881 3888 2119
f 3903 2115 2123
f 56 1954 1906
f 626 3877 3879
f 2001 2002 2003
f 3912 3841 2127
f 2006 2007 2008
f 2127 1413 1412
f 2014 2015 2016
f 2018 2019 2020
f 1495 1424 1947
f 1379 1377 1386
f 3814 3811 1680
f 2029 1885 1884
f 3902 2128 2120
f 629 3879 3914
f 682 683 943
f 724 1650 2121
f 1757 1819 3821
f 765 1810 3844
f 3851 714 715
f 706 707 3870
f 981 986 987
f 1457 1868 1656
f 2017 2016 2032
f 1458 1655 1868
f 1776 1777 1792
f 1959 1945 1946
f 3663 3715 3725
f 3913 3881 2122
f 1093 1089 689
f 966 965 968
f 3852 715 3881
f 2172 3577 2170
f 670 2138 2137
f 3761 787 1903
f 1429 19 28
f 964 963 978
f 3841 3813 1413
f 1473 1474 669
f 3834 3833 1359
f 2138 798 1870
f 1872 1473 2137
f 715 716 3888
f 1881 1991 1992
f 3843 3842 739
f 1837 1847 3513
f 253 58 59
f 1808 3837 3840
f 1647 3832 3818
f 3865 3866 671
f 2112 3882 3883
f 1405 2045 2044
f 3829 3824 1364
f 273 1541 391
f 576 632 3520
f 3875 3865 668
f 1430 1431 2140
f 2136 3850 3860
f 1430 2139 18
f 3893 3894 570
f 1442 1439 2046
f 1431 1442 2141
f 3869 3913 3850
f 3808 3823 1817
f 3866 3893 695
f 2142 2025 798
f 571 2143 2142
f 3819 3814 1618
f 2143 2022 2025
f 694 2142 2138
f 681 1572 2144
f 2144 2011 2022
f 328 210 457
f 1572 2010 2011
f 630 3892 3903
f 2085 2086 2087
f 2090 2091 2092
f 572 2144 2143
f 1875 1976 2153
f 1873 1875 2149
f 2103 2107 2097
f 2157 2043 2155
f 2128 1412 1414
f 3874 3871 589
f 3872 3870 628
f 2149 2153 2158
f 2159 2158 3905
f 698 3907 3902
f 3823 3847 3827
f 2158 2156 3874
f 1438 2044 2046
f 2035 2154 2160
f 2161 2160 3889
f 3871 3891 605
f 3873 17 18
f 370 29 61
f 649 1951 413
f 2153 2157 2156
f 1428 1429 1449
f 1490 76 73
f 3890 3905 710
f 2155 1891 3891
f 1456 1457 1880
f 2125 2088 2087
f 2160 2159 3890
f 300 1959 505
f 1064 1062 1046
f 2043 1892 1891
f 2129 2130 2004
f 2131 2132 2133
f 3848 3849 1450
f 1998 1975 804
f 3879 673 3864
f 474 492 490
f 1164 1165 1182
f 707 2162 3909
f 708 1472 2162
f 2162 2161 3886
f 548 549 1905
f 1145 1136 1114
f 705 2121 1650
f 2043 2157 1977
f 737 738 554
f 1034 1195 1191
f 458 1905 1907
f 195 196 232
f 2040 2039 1969
f 2145 2146 2147
f 2054 2050 2049
f 3832 1646 1639
f 9 12 11
f 252 364 506
f 472 478 479
f 1865 3924 3791
f 900 903 910
f 1941 2150 2151
f 1921 1928 1927
f 2163 1897 1898
f 271 156 153
f 1904 1326 12
f 282 263 264
f 1872 1873 2154
f 1326 1904 1897
f 628 692 693
f 1724 1722 1719
f 1549 1562 436
f 1582 1583 1730
f 1921 1920 1929
f 3563 3511 10
f 2152 2037 1950
f 475 772 774
f 769 2172 2171
f 2171 2165 476
f 476 773 772
f 1791 565 464
f 2166 2167 2168
f 595 371 372
f 483 1809 1641
f 762 2174 2173
f 771 483 484
f 486 487 1809
f 297 1549 1517
f 763 2175 2174
f 776 755 759
f 184 185 2176
f 412 447 303
f 2005 2176 185
f 3811 1681 1682
f 2164 2170 756
f 1472 2035 2161
f 950 951 964
f 2177 2178 2179
f 227 226 1510
f 2182 2183 2184
f 2186 2019 2018
f 1985 2182 2181
f 214 736 729
f 865 849 842
f 849 865 1357
f 559 3187 3188
f 16 13 737
f 560 553 498
f 3193 3196 3195
f 3200 3197 3198
f 3211 3214 3213
f 3215 3218 3217
f 2187 2188 2002
f 2169 2168 2189
f 2192 2086 2085
f 2193 2194 2195
f 2198 2199 2200
f 1998 1982 1979
f 3664 3665 3668
f 2116 1898 1903
f 1859 2006 2009
f 3904 2123 2126
f 1135 1148 1087
f 2201 2202 2015
f 1149 111 110
f 3221 3222 3218
f 2203 2204 2205
f 579 580 1895
f 1755 2207 2208
f 3891 3910 1893
f 1211 2151 2150
f 868 997 2210
f 944 945 930
f 2130 2129 2202
f 233 1903 1898
f 665 751 750
f 1167 1254 999
f 2211 2212 2213
f 2215 2216 2217
f 3867 593 590
f 2220 221 220
f 823 824 948
f 3225 3220 3227
f 266 204 455
f 3882 2108 2107
f 2221 2222 3519
f 2223 2224 2225
f 2207 2125 2124
f 673 674 3869
f 817 1000 996
f 2227 2228 2146
f 1947 1948 646
f 3900 2135 17
f 2229 1635 1638
f 1679 1613 1618
f 1637 2231 2232
f 2233 2234 1617
f 2231 2235 2236
f 1381 1638 2238
f 3586 2241 2242
f 1630 2234 2233
f 1681 1626 472
f 1408 1407 2243
f 3236 3239 3238
f 3232 3241 3240
f 1637 2230 2238
f 3237 3238 3233
f 1409 1408 1634
f 1380 1383 2247
f 1628 2248 2245
f 2249 1623 1622
f 1632 1634 1408
f 2248 1628 1631
f 2235 2231 1637
f 3245 3246 3199
f 631 2070 2071
f 515 167 52
f 782 781 2251
f 2253 2254 2255
f 397 281 459
f 1456 2039 2040
f 2040 2041 2036
f 1401 2112 2111
f 2041 2040 1970
f 1535 121 414
f 1586 1587 2080
f 2256 983 1132
f 1700 1699 3918
f 3815 1896 1686
f 1263 2256 1886
f 598 1841 844
f 2257 2258 2259
f 2258 2261 2262
f 2259 2262 2263
f 2260 2259 2216
f 1967 1971 1970
f 2212 1964 1963
f 922 921 2218
f 1312 1098 1101
f 1307 1306 1286
f 1548 1569 1546
f 2266 2267 2268
f 2265 2268 2270
f 2272 2265 2269
f 2273 2266 2265
f 2275 2276 2277
f 2278 2274 2277
f 2284 2285 3617
f 2287 2283 2286
f 2288 2289 2283
f 2290 2284 3639
f 2291 2292 2293
f 2295 2291 2294
f 2296 2297 2291
f 2297 2298 2292
f 2294 2293 2299
f 2279 2294 2300
f 2298 2301 2302
f 2292 2302 2303
f 2293 2303 2304
f 2304 2305 2306
f 2308 2309 2310
f 2302 2307 2310
f 2301 2311 2307
f 2312 2308 2307
f 2313 2314 2315
f 2318 2319 2320
f 3748 3771 2322
f 2324 2325 2273
f 2313 2324 2326
f 2328 2324 2313
f 2329 2325 2324
f 2331 2332 2333
f 2330 2333 2267
f 2325 2330 2266
f 2329 2331 2330
f 2333 2334 2335
f 2336 2334 2333
f 2338 2336 2332
f 2331 2339 2337
f 2329 2340 2339
f 2328 2341 2340
f 2316 2342 2341
f 2342 2316 2315
f 2344 2345 2346
f 2341 2344 2347
f 2342 2348 2344
f 2348 2349 2345
f 2350 2351 2352
f 2339 2350 2353
f 2340 2347 2350
f 2347 2346 2351
f 2337 2353 2354
f 2353 2352 2355
f 2356 2277 2276
f 2356 2357 2358
f 2356 2359 2296
f 2279 2277 2356
f 2360 2361 2270
f 2267 2335 2360
f 2362 2363 2364
f 2362 2365 2361
f 2366 2362 2358
f 2366 2367 2363
f 2357 2276 2368
f 2366 2368 2369
f 2276 2275 2370
f 2368 2370 2282
f 2372 2373 2374
f 2375 2376 2377
f 2378 2379 2380
f 2382 2378 2381
f 2384 2385 2378
f 2385 2386 2379
f 2388 2389 2390
f 2387 2390 2392
f 2393 2394 2387
f 2394 2395 2388
f 2186 2401 2402
f 2403 2404 2327
f 2272 2403 2326
f 2271 2405 2403
f 2405 2406 2404
f 2404 2407 2408
f 2409 2410 2411
f 2409 2412 2271
f 2413 2409 2269
f 2413 2414 2410
f 2417 2415 2416
f 2417 2418 2406
f 2412 2417 2405
f 2411 2415 2417
f 2406 2419 2407
f 3569 3520 632
f 2420 2398 2397
f 2420 2421 2423
f 2424 2420 2422
f 2424 2399 2398
f 2425 2391 2392
f 2421 2425 2426
f 2397 2396 2425
f 2396 2393 2391
f 2427 2314 2408
f 2430 2427 2428
f 2343 2315 2427
f 2432 2343 2430
f 2431 2430 2429
f 2435 2431 2433
f 2436 2432 2431
f 2428 2408 2407
f 2422 2437 2407
f 2438 2437 2422
f 2429 2428 2437
f 2440 2434 2433
f 2441 2439 2433
f 2442 2443 2439
f 2443 2444 2440
f 2445 2446 2444
f 2447 2445 2443
f 2383 2381 2445
f 2381 2380 2446
f 2448 2438 2423
f 2449 2448 2426
f 2441 2448 2449
f 2441 2429 2438
f 2449 2392 2390
f 2450 2390 2389
f 2447 2450 2451
f 2442 2449 2450
f 2451 2389 2453
f 2452 2453 2455
f 2382 2452 2454
f 2383 2451 2452
f 2456 2457 2373
f 2459 2460 2461
f 2463 2464 2465
f 2462 2465 2285
f 2466 2462 2284
f 2467 2463 2462
f 2461 2460 3703
f 2468 2469 2470
f 2472 2468 2471
f 2474 2461 3701
f 2475 2476 2477
f 2458 2455 2453
f 2479 2453 2389
f 2395 2480 2479
f 2480 2459 2458
f 2481 2482 2483
f 2484 113 2485
f 2471 2470 2464
f 2473 2471 2463
f 2487 2467 2466
f 2486 2466 2290
f 2490 2486 2488
f 2491 2487 2486
f 2492 2473 2467
f 2493 2492 2487
f 2494 2495 2492
f 2495 2472 2473
f 3690 2496 2474
f 3691 2497 2496
f 2498 2494 2493
f 2500 2498 2499
f 3700 3687 2498
f 3687 3691 2494
f 2306 2504 2278
f 2305 2505 2504
f 2504 2505 2507
f 2506 2507 2288
f 2274 2506 2508
f 2278 2504 2506
f 3633 3632 2489
f 3620 3633 2488
f 2507 2509 2289
f 2505 2510 2509
f 2508 2288 2287
f 2511 2287 2281
f 2370 2511 2280
f 2275 2508 2511
f 2512 2490 2489
f 2514 2512 2513
f 2517 2512 2514
f 2517 2491 2490
f 2499 2493 2491
f 2499 2517 2516
f 2510 2505 2519
f 2518 2519 2521
f 3616 2518 2520
f 3632 2510 2518
f 2522 2304 2303
f 2523 2522 2310
f 2305 2304 2522
f 2524 2522 2523
f 2519 2524 2525
f 2505 2305 2524
f 2308 2312 2527
f 2526 2527 2529
f 2531 2526 2528
f 2309 2308 2526
f 1214 2532 2151
f 2419 2406 2418
f 2533 2345 2349
f 2534 2533 2317
f 2535 2536 2533
f 2536 2346 2345
f 2537 2351 2346
f 2538 2537 2536
f 2539 2540 2537
f 2540 2352 2351
f 2312 2355 2541
f 2527 2541 2542
f 2543 2435 2434
f 2545 2543 2544
f 2319 2318 2543
f 2318 2436 2435
f 2514 2515 2548
f 2547 2548 2550
f 2552 2547 2549
f 2552 2516 2514
f 2520 2521 2554
f 2553 2554 2556
f 3590 2553 2555
f 3621 2520 2553
f 2523 2309 2531
f 2557 2531 2530
f 2525 2523 2557
f 2559 2557 2558
f 2554 2559 2560
f 2521 2525 2559
f 2561 2375 2007
f 2376 2562 2225
f 2564 2565 2566
f 2563 2566 338
f 2569 2563 2567
f 2570 2564 2563
f 2572 2573 2574
f 2571 2574 2576
f 2544 2571 2575
f 2544 2434 2572
f 2578 2570 2569
f 2579 2577 2569
f 2574 2577 2579
f 2573 2578 2577
f 2581 2582 2583
f 2584 2580 2583
f 3697 3675 2580
f 3676 2581 2580
f 2582 2516 2552
f 2583 2552 2551
f 2500 2501 2589
f 2590 2588 2589
f 3693 3695 2588
f 3695 3700 2500
f 2501 2516 2591
f 2592 2593 2594
f 2386 2385 2503
f 2596 2379 2386
f 2596 2374 2373
f 2599 2596 2597
f 2599 2380 2379
f 2600 2446 2380
f 2600 2599 2598
f 2603 2600 2601
f 2603 2444 2446
f 2604 2603 2602
f 2440 2604 2605
f 2444 2603 2604
f 2606 2582 2581
f 2606 2607 2590
f 2591 2516 2582
f 3676 2587 2456
f 3689 2456 2372
f 2478 2477 2608
f 2609 2610 2611
f 2564 2570 2613
f 2612 2613 2598
f 2457 2612 2597
f 2565 2564 2612
f 2614 2613 2570
f 2615 2614 2578
f 2602 2601 2614
f 2601 2598 2613
f 2572 2434 2605
f 2616 2605 2602
f 2573 2572 2616
f 1459 1016 1045
f 1265 1215 1079
f 1612 1608 1609
f 2067 2057 2069
f 1135 1109 1136
f 1938 1937 2618
f 95 548 458
f 2058 1607 1608
f 1454 1469 1445
f 655 2620 1048
f 722 1049 2621
f 1131 985 1033
f 562 1481 366
f 1723 1719 1725
f 1786 1123 1122
f 267 300 323
f 1325 2034 1654
f 1468 1165 1435
f 658 657 529
f 8 532 247
f 382 1557 1559
f 788 619 1307
f 940 930 929
f 911 2622 2623
f 2621 2620 655
f 2624 1857 2625
f 998 1846 27
f 635 638 2626
f 2627 641 644
f 2628 2627 1840
f 1200 1199 2627
f 1199 1773 641
f 1520 515 49
f 1452 1350 1349
f 2630 2631 1859
f 644 643 1335
f 1197 1198 717
f 2632 717 719
f 2628 2632 1166
f 2629 1197 2632
f 1762 2633 1050
f 1823 870 873
f 2634 2635 794
f 1042 794 2635
f 93 94 1901
f 2036 2038 1458
f 1527 332 1525
f 877 876 1274
f 134 409 797
f 1328 893 931
f 607 777 1091
f 1043 2635 2637
f 2636 2637 2639
f 1275 2636 2638
f 1275 1040 1043
f 1272 2624 2626
f 2640 2626 638
f 1110 2641 2640
f 536 1272 2640
f 1472 708 1474
f 2042 2030 1951
f 1058 1106 1105
f 2642 2623 2643
f 1192 2642 2644
f 912 2623 2642
f 3898 1657 3526
f 1049 1048 2620
f 616 1829 1885
f 1331 1913 666
f 990 989 1198
f 1911 1912 321
f 1298 1282 1205
f 76 1490 1504
f 1502 1500 421
f 610 609 658
f 1146 937 659
f 2646 911 914
f 1280 1239 1238
f 1453 1454 1452
f 835 942 1843
f 1271 1270 1173
f 1893 1878 1826
f 1050 2633 1937
f 2651 2652 814
f 1006 1053 1281
f 2653 1084 2654
f 1001 1004 1003
f 585 997 679
f 2624 1272 621
f 555 678 2028
f 1207 526 1197
f 1626 1627 478
f 426 389 419
f 1030 1193 1773
f 3898 645 634
f 534 1533 138
f 1125 1092 1042
f 333 228 88
f 569 1570 561
f 1489 2656 871
f 1857 2624 620
f 1673 1674 3770
f 622 861 864
f 619 788 891
f 261 544 545
f 393 1555 1556
f 2658 2659 2647
f 1075 2658 2657
f 1081 1080 2658
f 1080 1139 2659
f 2644 2643 1141
f 2660 1141 1140
f 642 2660 1336
f 1193 2644 2660
f 679 678 555
f 1503 1501 1500
f 1318 1317 1101
f 2661 2659 1139
f 2661 1142 2663
f 2662 2647 2659
f 2662 2663 2622
f 2664 2622 911
f 2648 2664 2646
f 2648 2647 2662
f 2083 2094 2093
f 1442 1440 1437
f 519 329 330
f 1885 2029 1209
f 799 800 805
f 1946 1943 1952
f 1302 1301 1253
f 566 2005 224
f 1389 940 928
f 683 682 681
f 836 835 1842
f 2665 1842 1845
f 2666 2665 1303
f 24 836 2665
f 831 1072 2650
f 1845 1844 1304
f 2010 2013 2012
f 1051 1936 2667
f 1522 1521 1511
f 531 440 441
f 1250 635 2625
f 2669 2625 1857
f 783 2669 1856
f 782 1250 2669
f 720 2670 2671
f 1055 1931 1930
f 1333 1067 1251
f 619 622 1308
f 652 655 2619
f 521 522 1539
f 1838 988 537
f 2672 537 536
f 1113 2672 2641
f 1113 527 1838
f 1016 1013 1351
f 3897 573 570
f 226 227 104
f 3564 3669 3827
f 1036 1037 1884
f 2674 1301 1304
f 2673 1304 1844
f 1334 2673 2675
f 1333 2674 2673
f 2676 702 1039
f 1843 2676 2675
f 942 1074 2676
f 1074 699 702
f 752 1057 1055
f 1200 1166 656
f 1120 1846 874
f 2677 874 877
f 1241 2677 1052
f 1119 1120 2677
f 1560 1513 151
f 1208 1316 611
f 215 735 736
f 1460 1459 1462
f 1208 1207 1839
f 854 856 1282
f 72 445 182
f 544 1563 1565
f 217 200 456
f 2047 1404 930
f 1204 2618 1937
f 913 777 686
f 840 527 1113
f 1531 729 730
f 2678 778 1283
f 601 667 1914
f 1537 1538 459
f 1819 1757 3509
f 991 1860 862
f 2679 711 1073
f 2680 1830 983
f 779 2680 2256
f 778 2678 2680
f 2678 2679 1830
f 180 542 245
f 1886 1132 1131
f 1138 1137 1274
f 1841 598 1140
f 75 313 314
f 193 423 420
f 2681 2682 1099
f 170 1567 1565
f 349 416 417
f 1121 1124 2684
f 547 797 409
f 123 122 121
f 2643 2663 1142
f 1542 1544 513
f 899 900 907
f 1210 677 676
f 791 663 982
f 24 27 837
f 893 896 932
f 1860 1320 863
f 535 538 862
f 1569 1548 1547
f 181 455 542
f 660 659 937
f 2013 567 568
f 887 890 2631
f 1524 1508 361
f 520 161 162
f 2653 855 854
f 1238 1237 2655
f 718 1838 527
f 1492 1493 518
f 792 616 615
f 599 846 1835
f 290 457 456
f 312 171 1552
f 1248 2687 1179
f 153 149 177
f 1240 1181 1222
f 1257 1292 1235
f 1291 1084 1083
f 1052 877 1277
f 743 742 2618
f 444 140 430
f 23 1224 1172
f 2687 2654 1180
f 102 103 409
f 1283 607 610
f 373 497 650
f 1180 2654 1084
f 855 2653 2655
f 1173 1270 1917
f 2689 850 853
f 2688 853 1108
f 2686 2688 1279
f 2687 2689 2688
f 2691 1302 1252
f 2690 1252 850
f 1248 2690 2689
f 1248 1247 2691
f 2692 617 24
f 2691 2692 2666
f 1247 1258 2692
f 1258 1168 617
f 394 1554 1555
f 2693 1260 1259
f 1072 1236 1262
f 1257 1071 1168
f 398 439 1555
f 871 1784 1314
f 1178 1232 1249
f 1224 1289 1173
f 1010 2617 2618
f 1175 1174 1292
f 2654 2687 2686
f 2694 1157 1216
f 71 418 1487
f 701 1112 1111
f 1072 1261 2649
f 1085 2695 22
f 895 2694 1264
f 1601 1606 1605
f 1259 1262 1271
f 21 20 1220
f 988 991 538
f 598 597 1336
f 1050 860 818
f 1298 2645 1761
f 1168 1167 618
f 858 1168 1256
f 39 242 516
f 2652 1761 819
f 313 316 315
f 2026 1970 1971
f 2656 1489 596
f 814 819 818
f 2696 2651 813
f 1260 2696 2649
f 2693 2697 2696
f 2697 1296 2651
f 381 355 390
f 3818 3819 1611
f 1475 1427 1428
f 1292 1174 1917
f 1551 353 354
f 1526 1525 1523
f 1593 1589 1595
f 1232 1269 1246
f 2695 2693 1223
f 2698 1297 1296
f 2698 2697 2693
f 2685 2698 2695
f 2685 854 1297
f 562 1497 271
f 2652 2651 1296
f 1365 1366 1364
f 1958 1946 1953
f 585 588 2210
f 1561 1560 1515
f 975 2648 1146
f 347 67 68
f 1038 1111 636
f 2700 781 780
f 2699 780 1036
f 2701 2699 1883
f 851 2700 2699
f 2674 1333 2251
f 2702 2251 781
f 1253 2702 2700
f 1301 2674 2702
f 1519 387 388
f 1273 1239 1280
f 2703 1280 1107
f 2701 2703 852
f 1829 1273 2703
f 91 260 326
f 1784 871 2656
f 2683 2684 2705
f 604 1894 3499
f 1669 3534 3548
f 2062 2063 2060
f 621 535 861
f 2023 731 732
f 686 779 1263
f 857 1051 2668
f 883 830 882
f 637 636 1111
f 2668 894 893
f 2667 921 894
f 1039 1038 1068
f 313 75 1504
f 1911 1972 305
f 1936 2706 1964
f 2707 2402 2401
f 2708 2707 2183
f 738 2163 2116
f 2349 2348 2432
f 2711 2712 2020
f 2400 2711 2019
f 2714 2715 2716
f 2717 2718 2719
f 2721 2722 2723
f 2726 2727 2728
f 2725 2728 2730
f 2731 2725 2729
f 2732 2726 2725
f 2734 2735 2736
f 2738 2739 2740
f 2737 2740 2741
f 2744 2745 2746
f 2745 2744 2748
f 2749 2750 2747
f 2753 2749 2751
f 2250 1380 2246
f 2754 1396 1614
f 3598 2754 2755
f 3608 2745 2747
f 1617 2756 2755
f 2242 2758 1620
f 2191 2085 2760
f 2761 2759 2760
f 3648 2759 2761
f 3623 2191 2759
f 3209 3248 3223
f 1395 1394 2236
f 1395 2235 1636
f 1616 1635 2229
f 1617 2234 2763
f 2756 2763 3628
f 2765 2763 2234
f 2766 2764 3628
f 3202 3199 3246
f 1516 437 435
f 2768 2769 3552
f 1495 541 578
f 2135 2136 28
f 3526 3540 2773
f 1690 1689 3926
f 2778 2779 2780
f 2777 2780 2781
f 2784 2778 2777
f 3555 3521 575
f 1494 1904 9
f 3529 2016 2015
f 451 61 505
f 2786 2787 2788
f 2779 2786 2785
f 2789 2752 2741
f 2790 2753 2752
f 2792 2793 2794
f 2793 2795 2796
f 2796 2797 2750
f 2794 2796 2749
f 2798 1393 1396
f 3591 2798 2754
f 2798 2799 2800
f 3591 3662 2799
f 2797 2796 2795
f 2791 2794 2753
f 216 233 232
f 3804 2806 2807
f 3805 2809 2804
f 2769 2810 3557
f 183 185 184
f 2811 2812 2775
f 2804 2811 2776
f 2809 2813 2811
f 2812 2811 2813
f 3805 2808 2816
f 3796 2818 2815
f 3798 3800 2820
f 3793 2823 2819
f 2824 2736 2735
f 2823 2825 2824
f 2825 2823 2826
f 3793 2822 2827
f 3796 2817 2826
f 2713 2716 2829
f 2828 2829 2831
f 2822 2821 2828
f 2821 2820 2713
f 2832 2827 2822
f 2833 2832 2830
f 2834 2835 2832
f 2835 2818 2827
f 2837 2838 2839
f 2836 2839 2841
f 2842 2836 2840
f 2843 2837 2836
f 2840 2841 2845
f 2718 2844 2845
f 2730 2728 2844
f 2727 2840 2844
f 2846 2845 2841
f 2829 2846 2847
f 2847 2841 2839
f 2848 2839 2838
f 2833 2848 2849
f 2831 2847 2848
f 2850 2814 2851
f 2853 2850 2852
f 2783 2777 2782
f 2785 2788 2853
f 2780 2785 2856
f 2857 2858 2855
f 2859 2857 2782
f 2861 2843 2842
f 2860 2842 2727
f 2862 2860 2726
f 2863 2861 2860
f 2861 2863 2858
f 2843 2861 2857
f 2856 2853 2854
f 2781 2856 2864
f 2837 2843 2859
f 2838 2837 2864
f 2852 2851 2834
f 2854 2852 2849
f 2865 2815 2818
f 2851 2865 2835
f 2813 2809 2815
f 2814 2813 2865
f 2866 2812 2814
f 2788 2866 2850
f 2866 2788 2787
f 2812 2866 2867
f 1892 1889 1890
f 2720 2719 2846
f 298 299 256
f 2872 2714 2713
f 3794 3800 2735
f 2729 2730 2874
f 2846 2716 2715
f 2876 2877 2878
f 2733 2875 2878
f 3806 3807 2879
f 3806 2880 2872
f 2882 2883 2884
f 2881 2884 2715
f 2880 2881 2714
f 2879 2882 2881
f 2885 2886 2887
f 2888 2889 2890
f 2885 2890 2892
f 2893 2886 2885
f 1942 2151 2532
f 2895 2892 2720
f 2884 2895 2870
f 2883 2896 2895
f 2896 2891 2892
f 2889 2874 2717
f 2890 2717 2720
f 2897 2893 2891
f 2898 2897 2896
f 2899 2898 2883
f 2900 2899 2882
f 3797 2900 2879
f 2876 2902 2901
f 2901 2902 2904
f 1785 2656 1835
f 2905 2906 2899
f 2907 2908 2897
f 3797 2901 2903
f 632 576 577
f 3532 3547 2867
f 434 385 550
f 2768 2770 3640
f 2910 2911 1623
f 2241 2912 2758
f 3640 2770 2913
f 1623 2911 2757
f 3587 2242 2757
f 2229 1381 1380
f 2765 1630 1629
f 2915 2914 1629
f 3642 3641 2914
f 3641 3622 2765
f 2919 2916 3642
f 2918 2915 2912
f 3614 2918 2241
f 3618 2919 3613
f 3541 2177 2180
f 3521 2002 2188
f 3705 3573 714
f 2925 2766 2917
f 2924 2917 2916
f 3610 2924 2919
f 3611 2925 2924
f 2926 2927 2766
f 3658 2926 2925
f 1715 1713 1705
f 785 497 498
f 1387 651 565
f 374 375 1899
f 3573 2203 2206
f 2929 2930 2886
f 2932 2933 2934
f 1905 1906 1908
f 2930 2935 2936
f 2938 2935 2930
f 1493 369 517
f 1603 1585 1586
f 2939 2938 2929
f 2940 2939 2908
f 3665 1707 1600
f 2886 2930 2937
f 2906 2907 2898
f 2908 2929 2893
f 2942 2934 2933
f 2941 2933 2937
f 3501 2941 2936
f 3498 2942 2941
f 2943 2944 2710
f 2943 2873 2874
f 2945 2943 2889
f 2946 2944 2943
f 2932 2945 2888
f 2931 2946 2945
f 727 1928 1929
f 2903 2904 2947
f 545 594 42
f 1480 1570 533
f 2907 2906 2949
f 2906 2905 2950
f 1558 452 215
f 3799 2903 2948
f 2054 1645 1644
f 3705 3684 2203
f 1828 1837 1849
f 2953 2954 2955
f 2952 2955 2957
f 2956 2261 2258
f 2953 2952 2258
f 2454 2455 2474
f 3747 2958 2959
f 3747 2132 2131
f 2961 2962 2963
f 2958 2963 2964
f 222 221 2485
f 2477 2226 2966
f 2631 2561 2006
f 2384 2454 2496
f 2967 2968 2959
f 2968 2967 2970
f 3759 2033 2971
f 3784 2971 2960
f 2972 2971 2033
f 2007 2377 2973
f 3560 3559 2134
f 1836 1833 1832
f 3506 2188 2090
f 955 810 959
f 672 675 674
f 633 710 713
f 2024 732 733
f 2025 2024 803
f 425 1552 1550
f 2975 2976 888
f 1319 1158 1157
f 1212 1935 2977
f 889 957 2228
f 1978 1974 1975
f 1138 1078 1329
f 751 665 2979
f 1619 1613 1625
f 2252 2255 1728
f 1157 1160 845
f 2706 1936 1938
f 2980 2255 2254
f 2982 2975 887
f 802 712 711
f 678 677 2029
f 527 840 690
f 1839 1207 2629
f 2983 2984 602
f 2983 1914 1913
f 2985 2983 1331
f 2986 2984 2983
f 2987 2637 2635
f 2985 2988 2639
f 2990 1319 1318
f 2991 2992 2993
f 2995 2991 2994
f 1106 1058 2991
f 1058 1057 2992
f 1415 1406 1365
f 1317 922 2217
f 1932 1728 2255
f 926 2998 2999
f 3001 2993 2992
f 3000 2992 1057
f 2999 3000 2978
f 2998 3001 3000
f 3002 2998 2209
f 3002 3003 2996
f 2993 3001 3002
f 1103 1106 2995
f 3004 2995 2996
f 2209 2210 3004
f 588 1103 3004
f 295 296 433
f 2638 2639 2988
f 3005 2988 1056
f 1305 3005 1930
f 1276 2638 3005
f 1987 1968 1993
f 2633 1762 1761
f 1423 1422 1417
f 3561 3517 739
f 2671 2670 2704
f 1473 1872 2035
f 922 1317 2694
f 1401 1400 1378
f 556 2028 1884
f 842 848 3825
f 1854 2706 2617
f 933 1082 1081
f 1440 1441 1436
f 529 657 719
f 1031 1025 1027
f 777 913 912
f 2645 1205 1204
f 441 438 1538
f 790 1287 587
f 2065 2066 1610
f 1860 991 990
f 60 106 87
f 1424 1017 1948
f 332 1527 1507
f 261 262 138
f 187 188 449
f 1719 1720 1726
f 1931 1055 1059
f 3006 1059 1105
f 1287 3006 1104
f 1286 1931 3006
f 3007 3008 3009
f 3009 3008 653
f 618 999 26
f 2029 677 1210
f 957 601 600
f 1049 2146 2228
f 2631 890 3011
f 890 889 2227
f 3011 2227 2145
f 2561 3011 3012
f 1026 656 609
f 2706 1854 1961
f 3013 2965 2485
f 2148 2147 1267
f 3015 1267 1266
f 2997 2264 1101
f 642 641 1773
f 186 477 461
f 1041 1040 1320
f 1121 3016 3017
f 2984 2986 2987
f 3018 2987 2634
f 1048 603 3018
f 603 602 2984
f 2679 2678 801
f 2062 2072 2074
f 2061 2074 2076
f 414 303 1545
f 3016 1121 2683
f 3019 2683 2704
f 3020 3019 2670
f 3007 3016 3019
f 1871 1090 1091
f 3021 1787 1122
f 3022 3021 3017
f 1314 3021 3022
f 1784 1787 3021
f 1316 1315 1763
f 3023 3022 3010
f 3023 3009 795
f 1763 3023 1092
f 1315 3022 3023
f 3016 3007 3010
f 752 751 2978
f 2986 2639 2637
f 3024 654 653
f 3020 3024 3008
f 720 723 3024
f 723 2621 654
f 2681 1098 1268
f 2671 3025 1268
f 2705 2681 3025
f 1313 3026 3027
f 3026 3028 3029
f 3027 3029 3030
f 1311 3027 3031
f 2012 568 731
f 917 2657 974
f 743 1206 856
f 1888 2027 2030
f 2682 2705 2684
f 3032 2684 1124
f 1100 3032 2989
f 1099 2682 3032
f 1123 2990 2989
f 3033 1834 1159
f 2990 3033 1158
f 1123 1786 3033
f 1786 1785 1834
f 1054 1056 2988
f 2979 665 664
f 2623 2622 2663
f 1095 660 688
f 3034 3035 2261
f 3036 3034 2956
f 3037 3038 3034
f 3038 3039 3035
f 3040 3041 3026
f 2263 3042 3041
f 3042 3039 3043
f 3041 3043 3028
f 3044 3045 3043
f 3046 3047 3045
f 3047 3048 3049
f 3043 3045 3049
f 3038 3037 3051
f 3050 3051 3053
f 3052 3046 3044
f 3039 3038 3050
f 3054 3035 3039
f 3042 2263 2262
f 2261 3035 3054
f 2216 2263 2997
f 2212 2211 2667
f 3056 868 2209
f 934 3057 1961
f 2013 3755 3757
f 3058 3059 3060
f 3059 3062 3063
f 3060 3063 2213
f 3061 3060 1963
f 3063 3064 2214
f 3062 3065 3064
f 3065 2257 2260
f 3064 2260 2215
f 3066 3067 3031
f 2608 2966 3067
f 2966 2562 3068
f 3031 3067 3068
f 2455 2458 2461
f 2476 2223 2226
f 3551 2090 2089
f 3526 2774 3769
f 433 354 355
f 2115 1423 1419
f 3509 2868 2922
f 3769 3737 2131
f 3069 2611 2167
f 2971 2972 2928
f 2961 2774 2773
f 3070 2475 2478
f 2610 2609 3071
f 2502 2371 2374
f 3072 2592 2595
f 2964 3046 3052
f 3048 2593 3074
f 2593 2592 3075
f 3075 3030 3029
f 3074 3029 3028
f 3072 3076 3075
f 3076 3072 2482
f 2481 2608 3066
f 3076 3066 3030
f 2967 3052 3053
f 2482 3072 3073
f 479 480 493
f 706 3900 3873
f 3561 2194 2221
f 2013 2010 3754
f 3533 2032 2016
f 3562 3519 2222
f 1171 1154 1155
f 2586 2566 2565
f 2982 110 113
f 2562 2376 3077
f 2376 2375 3012
f 3012 2145 2148
f 3077 2148 3015
f 2963 3047 3046
f 3051 3078 2970
f 1683 2173 491
f 3850 2122 1447
f 1986 2181 3734
f 3079 3080 2546
f 3081 3079 2575
f 1983 1986 3768
f 3082 2323 2319
f 3080 3082 2545
f 3734 3732 3082
f 3732 3748 2323
f 1309 1471 1888
f 3073 2595 2772
f 2760 3083 3084
f 2760 2085 2088
f 3085 3084 3086
f 3089 3085 3090
f 3089 2762 3084
f 3092 3088 3090
f 3093 2748 2744
f 2751 2747 2748
f 3093 2741 2752
f 2742 2741 3093
f 3094 3093 2743
f 3096 3097 3098
f 3099 3096 3087
f 3097 3094 3095
f 3100 2743 2746
f 3101 2927 3102
f 2764 2766 2927
f 2745 2764 3101
f 3102 3092 3091
f 3100 3091 3095
f 2869 2802 3592
f 3102 3103 3104
f 3658 2868 2869
f 2927 2926 3103
f 3098 3095 3091
f 3087 3098 3090
f 2088 2125 3105
f 3083 3105 3086
f 2483 3073 2771
f 2401 2186 2185
f 3099 3086 3105
f 2125 2207 3106
f 3108 2737 2742
f 3107 2742 3094
f 3110 3108 3107
f 3109 3107 3097
f 3111 3109 3096
f 3112 3110 3109
f 3113 2738 2737
f 3115 2723 2722
f 3117 3115 3114
f 3119 3117 3116
f 3118 3116 3120
f 3116 3114 3113
f 3122 3112 3111
f 3122 3123 1755
f 3124 3125 3126
f 3125 3118 3121
f 3128 3119 3118
f 3129 3128 3125
f 2020 2712 3128
f 3853 3857 1346
f 1065 1046 1047
f 1814 3838 3830
f 2021 2020 3129
f 3111 3099 3106
f 3123 3106 2207
f 2377 2225 2224
f 3014 2485 113
f 1756 2208 3782
f 3131 3132 2530
f 3133 3131 2528
f 1753 1756 3767
f 3134 3124 3127
f 2327 2408 2314
f 2436 2318 2317
f 2018 2021 3711
f 2534 3136 3137
f 2320 2322 3136
f 2185 2018 3712
f 3138 3139 2542
f 3134 3135 3744
f 3785 3130 3134
f 3140 3138 2539
f 2535 3137 3140
f 3711 2021 3130
f 2558 2530 3132
f 3782 3760 3141
f 2560 2558 3141
f 3760 3777 3142
f 958 888 2976
f 1933 1932 2980
f 2399 2424 2418
f 2348 2342 2343
f 2322 2320 2319
f 2718 2717 2874
f 2709 2729 2873
f 2894 2871 1361
f 346 289 176
f 1876 1877 1882
f 2802 2803 3607
f 3104 3144 3088
f 2974 2222 3649
f 3089 3145 2761
f 3088 3144 3145
f 2803 2974 3603
f 3870 3909 692
f 2123 1419 1418
f 1365 1363 1368
f 1581 1766 1782
f 3569 2202 2129
f 3555 2003 2002
f 3146 2585 2551
f 3751 3146 3147
f 3742 3149 3146
f 3149 2584 2585
f 3196 3198 3197
f 3604 2192 2191
f 3142 3150 2556
f 3777 3778 3150
f 3646 3152 2550
f 3150 3151 2555
f 3778 3780 3151
f 3788 3781 3152
f 3153 3147 2551
f 3152 3153 2549
f 3781 3776 3153
f 3776 3750 3147
f 3148 2767 2206
f 2183 2401 2321
f 2132 2960 2928
f 3684 3685 2204
f 3719 2198 2197
f 2594 2962 2773
f 2595 2594 2951
f 1870 798 799
f 3713 2179 2178
f 3706 2178 3736
f 336 3154 3774
f 339 3155 3154
f 3789 3683 3149
f 3683 3697 2584
f 2963 2962 3048
f 3722 3730 337
f 339 338 2566
f 3156 3157 2168
f 2610 3156 2167
f 2954 2953 3156
f 3157 3156 2953
f 3707 2166 2169
f 2567 3158 3159
f 337 3158 2567
f 3730 3069 2166
f 3764 2190 1983
f 2579 3160 3081
f 2568 3159 3160
f 3709 2169 2190
f 3065 3062 3162
f 3161 3162 1984
f 3157 3161 2189
f 2257 3065 3161
f 734 735 1922
f 3059 3058 2708
f 3163 2708 2182
f 3162 3163 1985
f 3062 3059 3163
f 3203 3206 3205
f 2122 2119 1448
f 3817 1686 1685
f 139 140 444
f 1570 569 566
f 2957 3164 3165
f 2955 3166 3164
f 1912 454 341
f 3130 3129 3124
f 1548 322 319
f 1949 1950 1327
f 2969 2970 3078
f 3167 3078 3169
f 3724 2014 2017
f 3720 2017 2033
f 3168 3169 3165
f 3170 3165 3164
f 3779 3170 3171
f 3724 3168 3170
f 3171 3164 3166
f 3172 3166 3071
f 3752 3172 3173
f 3756 3171 3172
f 3169 3037 3036
f 2593 3048 2962
f 3173 3071 2609
f 3174 2609 2199
f 3783 3174 2198
f 3749 3173 3174
f 2190 2189 1984
f 2196 2195 2767
f 2119 2120 1414
f 1464 1463 1466
f 2199 2611 3069
f 2457 2456 2587
f 2226 2225 2562
f 481 478 1627
f 333 1512 235
f 3078 3051 3037
f 3040 2264 2997
f 2219 1934 1933
f 2385 2384 2497
f 221 2220 3175
f 2220 1933 3143
f 3175 3143 2976
f 2484 3175 2975
f 2954 3071 3166
f 2630 1858 110
f 1547 319 1952
f 2091 2090 2188
f 3733 3736 2178
f 1918 1919 1927
f 3563 112 111
f 955 956 960
f 2037 3014 112
f 3143 2980 2981
f 2218 2211 2214
f 672 3877 3787
f 2152 3013 3014
f 1147 1144 1143
f 2248 2246 1409
f 1615 1636 1635
f 1410 1409 2246
f 3241 3243 3242
f 1382 3176 3177
f 3177 1410 2247
f 2247 1383 3177
f 3176 2238 2230
f 1410 3177 3179
f 3179 3180 2243
f 1633 3181 2800
f 1621 1620 2758
f 1622 1621 2245
f 2236 1394 3181
f 2237 2236 3182
f 2250 1631 2233
f 2912 1629 1628
f 135 136 1564
f 1567 419 512
f 1085 1084 2653
f 3184 869 868
f 869 3184 3057
f 1266 1268 1098
f 1267 2147 722
f 937 1146 2646
f 2146 1049 722
f 2211 2218 921
f 1957 510 507
f 1313 1312 2264
f 1496 362 1493
f 2887 2937 2933
f 1687 1688 1659
f 145 1499 1498
f 37 38 418
f 1935 1934 3185
f 104 89 301
f 2101 2098 2083
f 543 298 360
f 1934 2219 3186
f 234 1521 212
f 3845 3821 1822
f 1976 1875 1874
f 223 3186 2219
f 3655 3656 3605
f 2165 2164 467
f 467 468 2165
f 773 476 2165
f 1935 1212 1728
f 3240 3225 3226
f 3261 3249 3250
f 3215 3216 3244
f 3265 3221 3215
f 3267 3245 3198
f 3205 3206 3269
f 3214 3211 3265
f 3271 3213 3214
f 3251 3252 3239
f 3222 3221 3266
f 3232 3235 3234
f 3216 3242 3243
f 3196 3193 3268
f 3244 3243 3254
f 3238 3239 3247
f 3264 3244 3255
f 3253 3242 3216
f 3211 3266 3221
f 3257 3217 3218
f 3258 3222 3272
f 3274 3275 3280
f 3228 3229 3262
f 3275 3231 3281
f 3226 3227 3273
f 3236 3263 3260
f 3281 3263 3236
f 3287 3271 3192
f 3235 3226 3280
f 3234 3280 3281
f 3288 3290 3259
f 3260 3250 3276
f 3289 3212 3278
f 3210 3209 3224
f 3199 3202 3201
f 3228 3231 3230
f 3290 3288 3285
f 3282 3279 3271
f 3260 3263 3262
f 3243 3241 3268
f 3267 3268 3241
f 3194 3207 3208
f 3191 3270 3269
f 3270 3191 3192
f 3275 3274 3230
f 3264 3269 3270
f 3252 3251 3276
f 3248 3252 3291
f 3213 3271 3279
f 3272 3266 3289
f 3277 3278 3212
f 3228 3263 3281
f 3220 3225 3253
f 3219 3253 3217
f 3256 3218 3222
f 3247 3239 3252
f 3245 3267 3232
f 3266 3211 3212
f 3208 3205 3255
f 3288 3289 3284
f 3204 3205 3208
f 560 1899 3187
f 3209 3210 3201
f 3189 3192 3191
f 448 1980 807
f 647 648 122
f 1833 1848 1780
f 510 509 508
f 3210 1949 1887
f 1887 15 3200
f 15 16 3197
f 16 3188 3195
f 3195 3188 3187
f 3194 3187 1899
f 3207 1899 375
f 387 173 126
f 3189 1791 1760
f 3577 763 757
f 763 3577 2172
f 3583 3582 3580
f 3581 3580 3579
f 3594 3597 3596
f 3400 3601 3602
f 3626 3624 3625
f 3631 3635 3599
f 3636 3637 3595
f 3647 3584 3588
f 3650 3582 3584
f 3653 3579 3580
f 3653 2176 3654
f 1801 1864 3656
f 3651 3580 3582
f 3644 3638 3595
f 1767 1768 3659
f 1597 3663 3661
f 1708 1707 3665
f 3671 3668 3667
f 3666 3667 3673
f 1588 1708 3664
f 2080 3671 3666
f 2082 3666 3672
f 3674 3677 3635
f 3677 3678 3636
f 3682 3647 3645
f 3692 3651 3650
f 3681 3645 3644
f 786 3694 3692
f 3694 3653 3651
f 785 3692 3686
f 497 3686 3682
f 650 3682 3681
f 3696 564 3681
f 3405 3606 3605
f 3702 3699 3678
f 3699 3698 3679
f 3645 3588 3638
f 1799 3657 3659
f 3708 3704 3458
f 3462 3710 3708
f 3714 463 564
f 3615 3606 3602
f 3710 3714 3696
f 3635 3636 3596
f 3629 3626 3627
f 3597 3600 3599
f 3630 3716 3715
f 3627 3625 3597
f 3717 3716 3723
f 3715 3663 3660
f 3716 3717 3725
f 3668 3665 3661
f 3668 3725 3717
f 3667 3717 3718
f 3727 3728 3673
f 3728 1576 3672
f 3726 3727 3718
f 1576 2101 2084
f 3727 3726 3731
f 3203 376 1387
f 3190 1387 1791
f 3283 2152 1949
f 317 240 259
f 2000 2176 3653
f 3601 3599 3600
f 3589 3588 3584
f 3577 758 756
f 3585 3584 3582
f 3678 3679 3637
f 3204 375 376
f 1801 3655 3657
f 3729 3735 3728
f 1575 3735 3738
f 3735 1575 1576
f 1776 1795 1796
f 1293 1294 1290
f 1326 14 1327
f 1294 1245 1234
f 878 1244 1330
f 497 373 374
f 122 648 413
f 3699 3702 3704
f 3606 3405 3401
f 3708 3710 3698
f 3464 3714 3710
f 3704 3674 3443
f 439 398 399
f 1512 1528 1526
f 1668 1741 1738
f 839 849 1362
f 1362 1357 826
f 3843 740 1896
f 2053 2054 2118
f 3888 3887 2120
f 696 697 3816
f 1826 1878 639
f 3740 3739 3729
f 956 885 886
f 1980 806 1922
f 33 34 105
f 1343 1344 3856
f 3907 2127 2128
f 1766 1581 1582
f 14 1326 2163
f 595 98 99
f 3233 3238 3246
f 1346 1035 1044
f 748 1888 1425
f 3193 3208 3254
f 3190 3191 3206
f 3612 3605 3606
f 3624 3612 3615
f 3631 3415 3443
f 3679 3680 3644
f 3686 3650 3647
f 3702 3677 3674
f 3625 3615 3600
f 3601 3400 3415
f 3739 3738 3735
f 3630 3627 3594
f 3741 3723 3716
f 1284 1290 1288
f 3698 3696 3680
f 1778 1781 1780
f 1792 1759 1584
f 695 570 571
f 3638 3741 3594
f 3741 3638 3588
f 3247 3248 3209
f 3292 3293 3294
f 3296 3297 3298
f 3299 3298 3300
f 3302 3303 3304
f 3306 3307 3308
f 3307 3310 3311
f 3303 3302 3301
f 3312 3305 3304
f 3314 3315 3316
f 3318 3319 3320
f 3324 3318 3321
f 3326 3327 3328
f 3329 3330 3331
f 3333 3334 3335
f 3337 3338 3339
f 3333 3336 3341
f 3342 3341 3343
f 3319 3345 3344
f 3338 3335 3334
f 3346 3301 3302
f 3305 3348 3347
f 3312 3224 3223
f 3350 3337 3340
f 3312 3349 3348
f 3352 3343 3341
f 3311 3353 3354
f 3341 3336 3327
f 3359 3360 3361
f 3360 3359 3250
f 3318 3363 3345
f 3364 3363 3318
f 3314 3364 3324
f 3366 3299 3301
f 3299 3366 3367
f 3308 3354 3368
f 3369 3317 3295
f 3317 3369 3364
f 3370 3295 3317
f 3325 3371 3365
f 3352 3320 3319
f 3296 3367 3353
f 3297 3296 3311
f 3363 3368 3354
f 3345 3354 3353
f 3344 3353 3367
f 3366 3333 3342
f 3347 3339 3334
f 3339 3347 3348
f 3348 3349 3351
f 3363 3364 3369
f 3294 3309 3368
f 3293 3306 3309
f 3331 3373 3374
f 3346 3334 3333
f 3323 3322 3352
f 3356 3355 3321
f 3355 3357 3325
f 3357 3358 3371
f 3322 3356 3320
f 3361 3330 3329
f 3373 3372 3375
f 3374 3375 3376
f 3329 3332 3376
f 3327 3375 3372
f 3336 3335 3375
f 3335 3338 3376
f 3376 3338 3337
f 3337 3350 3359
f 3359 3350 3276
f 3377 3292 3295
f 3277 3316 3315
f 3371 3378 3379
f 3378 3371 3358
f 3365 3379 3315
f 3316 3277 3279
f 3282 3377 3370
f 3313 3283 3224
f 3378 3285 3284
f 3380 3286 3285
f 3379 3284 3278
f 3276 3350 3351
f 3291 3351 3349
f 3313 3304 2965
f 2965 3304 3303
f 222 3303 3300
f 223 3300 3298
f 3298 3297 3185
f 3297 3310 2977
f 3310 3307 1213
f 3307 3306 1214
f 2532 1214 3306
f 2894 2532 3293
f 2871 2894 3292
f 3253 3225 3240
f 3283 3313 3013
f 1997 1996 1889
f 1237 745 744
f 1535 1534 120
f 1531 1532 201
f 1119 1241 1032
f 946 948 824
f 163 8 5
f 3589 3726 3723
f 1155 1156 1162
f 427 213 327
f 553 1902 796
f 3381 2232 2231
f 3381 3178 2230
f 2237 3183 3180
f 3383 3384 3385
f 3384 3386 3387
f 3386 3388 3389
f 3388 3390 3391
f 3392 3393 3394
f 3395 3394 3396
f 3398 3399 3397
f 3400 3401 3399
f 3403 3404 3405
f 3406 3407 3404
f 3408 3409 3407
f 3410 3411 3409
f 3412 3413 3411
f 3415 3400 3398
f 3414 3398 3396
f 3416 3396 3394
f 3417 3394 3393
f 3393 3419 3420
f 3419 3390 3421
f 3390 3388 3422
f 3388 3386 3423
f 3386 3384 3424
f 3384 3383 3425
f 3425 3383 3426
f 2904 3427 3428
f 3429 3427 2904
f 3430 3429 2902
f 2875 3431 3430
f 3432 3433 2733
f 2825 3434 3435
f 3437 3438 3439
f 3441 3437 3436
f 2724 2723 3434
f 3436 3439 3115
f 3440 3436 3117
f 3443 3415 3414
f 3442 3414 3416
f 3444 3416 3417
f 3445 3417 3418
f 3446 3418 3420
f 3420 3421 3448
f 3421 3422 3449
f 3422 3423 3450
f 3423 3424 3451
f 3424 3425 3452
f 3425 3184 3056
f 3451 3452 2253
f 3450 3451 2252
f 3449 3450 1727
f 3448 3449 2150
f 3453 3447 3448
f 3454 3446 3447
f 3455 3445 3446
f 3456 3444 3445
f 3442 3444 3456
f 3443 3442 3457
f 3459 3460 3458
f 3457 3456 3455
f 3459 3455 3454
f 3462 3460 3459
f 3461 3454 3453
f 3464 3462 3461
f 3463 3453 1941
f 3404 3399 3401
f 3407 3397 3399
f 3409 3395 3397
f 3411 3392 3395
f 3465 3466 3413
f 3467 3468 3469
f 3465 3412 3431
f 3470 3467 3466
f 3438 3470 3432
f 3467 3470 3438
f 3468 3467 3437
f 3471 3469 3468
f 3472 3468 3441
f 3473 3441 3440
f 2712 3440 3119
f 3475 3471 3472
f 3474 3472 3473
f 3476 3473 2712
f 3477 3476 2711
f 3478 3474 3476
f 3479 3475 3474
f 3392 3411 3413
f 3466 3469 3480
f 3419 3393 3392
f 3390 3419 3480
f 3469 3471 3391
f 3389 3391 3471
f 3387 3389 3475
f 3385 3387 3479
f 3482 3477 2400
f 3483 3478 3477
f 3481 3479 3478
f 3484 3482 2402
f 3058 3484 2707
f 3061 3485 3484
f 3485 3483 3482
f 3382 3385 3481
f 3486 3481 3483
f 3426 3383 3382
f 3487 3382 3486
f 3486 3485 3061
f 1961 3057 3487
f 3057 3184 3426
f 3428 3403 3402
f 3427 3406 3403
f 3429 3408 3406
f 3430 3410 3408
f 3431 3412 3410
f 3470 3465 3433
f 3434 3439 3438
f 2723 3115 3439
f 2875 2733 3433
f 2736 2824 3435
f 2947 3428 3488
f 3464 3463 1360
f 1900 1925 1924
f 1736 1717 1718
f 1955 1952 1943
f 1671 1738 1735
f 1696 1750 1698
f 1800 1865 1864
f 2063 2055 2056
f 1737 1734 1717
f 1751 1735 1697
f 943 3885 3899
f 3656 3488 3402
f 1577 1578 1764
f 3917 1598 1599
f 1945 146 82
f 68 6 7
f 147 1542 1543
f 1109 1135 1133
f 1503 1910 1907
f 1499 1501 1909
f 452 1922 735
f 1824 2068 3835
f 1825 2067 2068
f 1463 1462 1022
f 841 1012 1009
f 1568 1547 1955
f 1910 1503 1502
f 1939 1502 422
f 309 280 1940
f 1804 1851 1866
f 269 1482 1954
f 2065 1607 2060
f 3812 1685 1758
f 280 276 552
f 1875 1873 1869
f 1739 1721 1734
f 1778 1779 1790
f 310 1920 1915
f 1909 1908 1906
f 1789 1783 1778
f 978 981 980
f 1584 1759 1731
f 425 426 311
f 148 1543 115
f 2044 3897 3894
f 277 1910 1939
f 1943 1946 1945
f 1461 1462 1463
f 2253 3452 3056
f 2981 2254 3489
f 2209 2998 3489
f 2254 2253 3055
f 2998 926 958
f 2826 2817 2721
f 3490 2739 2721
f 2816 3491 3490
f 2334 2297 2296
f 2298 2297 2334
f 2301 2298 2336
f 2311 2301 2338
f 2312 2311 2354
f 2359 2358 2361
f 2335 2296 2359
f 2414 2413 2365
f 2413 2270 2361
f 2355 2352 2540
f 2541 2540 2539
f 2722 2721 2739
f 3114 2722 2738
f 3110 3112 3121
f 3108 3110 3120
f 3122 1754 3127
f 3112 3122 3126
f 3127 1754 1753
f 3139 3133 2529
f 3744 3775 3133
f 3490 2789 2740
f 3491 2790 2789
f 228 229 91
f 245 244 243
f 248 7 247
f 2 297 296
f 145 146 300
f 327 213 210
f 329 332 331
f 239 241 240
f 373 376 375
f 178 177 176
f 1218 1225 1228
f 3862 1231 1295
f 808 809 824
f 3858 3859 1013
f 3813 3810 1411
f 2154 2149 2159
f 3845 3835 1758
f 306 807 1922
f 2157 2153 1976
f 708 709 2031
f 1450 1226 1227
f 1672 1604 1605
f 1813 1814 1821
f 1717 1716 1715
f 176 159 402
f 1710 1705 3916
f 1712 1580 1577
f 1705 1713 1711
f 971 978 979
f 822 823 1094
f 2909 2810 2793
f 2810 2769 2795
f 2799 2910 2249
f 3662 3643 2910
f 2769 2768 2801
f 3177 3176 3178
f 3178 3381 3180
f 3181 1394 1393
f 3181 1633 1632
f 3182 1632 2244
f 3183 2244 2243
f 3492 2791 2790
f 2808 3492 3491
f 2239 3574 3572
f 1149 1150 3571
f 1150 2009 3567
f 2202 3569 3566
f 2921 3564 3565
f 3568 3560 2133
f 1777 1579 1759
f 1201 1196 1183
f 3561 3554 2195
f 3553 3576 2770
f 3927 3925 1687
f 1516 152 154
f 3549 3562 2974
f 3550 3548 2779
f 2771 2772 3575
f 3070 2771 3546
f 3547 3544 2775
f 1376 1375 1370
f 2767 3543 3556
f 2195 3554 3543
f 2775 3544 3542
f 3377 3282 3545
f 3804 3802 3539
f 2776 3542 3538
f 2240 3572 3535
f 2920 3535 3669
f 3548 3534 2786
f 1805 1850 1851
f 3534 3532 2787
f 2951 2773 3540
f 2772 2951 3531
f 2973 2224 3530
f 2224 2223 3537
f 1957 1953 320
f 306 305 304
f 2770 3576 3528
f 2913 3528 3574
f 2923 3565 3527
f 308 1940 431
f 207 208 132
f 1879 1876 1881
f 3733 3787 3525
f 2475 3070 3558
f 2476 2475 3524
f 2223 2476 3523
f 3522 3549 2803
f 2037 3563 11
f 1959 1958 450
f 2003 3555 3520
f 9 10 334
f 2009 2008 3518
f 2008 2973 3536
f 3877 672 673
f 3515 3550 2778
f 2935 3514 3513
f 111 1149 3570
f 3510 3514 2935
f 683 3876 3885
f 3508 3557 2810
f 736 733 732
f 1795 1804 1803
f 3505 3510 2938
f 3507 3505 2939
f 2950 3512 3504
f 2940 2949 3504
f 3801 3791 3512
f 2868 3509 3502
f 2869 3502 3522
f 1024 1034 1023
f 3500 3503 2948
f 551 1939 442
f 2972 3499 3568
f 2032 3533 3499
f 216 93 1924
f 203 202 201
f 1828 1848 1847
f 1958 1957 449
f 272 271 178
f 2871 3545 3495
f 3619 3669 3564
f 2801 2768 3643
f 2005 3758 3654
f 960 886 899
f 3657 3655 3612
f 3780 3788 3646
f 3151 3646 3593
f 2193 3604 3623
f 3607 3603 3145
f 3603 3649 2761
f 3592 3607 3144
f 2926 3658 3634
f 3634 3592 3104
f 3755 3754 3746
f 566 567 3758
f 3488 3656 1864
f 1602 1586 2079
f 2868 3658 3611
f 2922 3611 3610
f 2923 3610 3618
f 3670 3613 2918
f 3619 3670 3614
f 2921 3618 3670
f 2920 3614 3586
f 3613 3642 2915
f 2917 2766 3622
f 2916 2917 3641
f 2239 3587 3652
f 2911 3640 3652
f 3643 3640 2911
f 2797 2801 3662
f 2797 3591 3598
f 3622 3628 2763
f 3608 3628 2764
f 2194 3623 3648
f 2221 3648 3649
f 2756 3608 3609
f 2750 3598 3609
f 3669 3535 1817
f 3763 3770 1691
f 2515 3621 3590
f 2548 3590 3593
f 2513 2489 3632
f 2513 3616 3621
f 2509 3633 3620
f 2510 3632 3633
f 2289 3620 3639
f 2283 3639 3617
f 2240 3586 3587
f 3659 3657 3624
f 716 2121 3887
f 727 1999 3761
f 2165 2171 2170
f 3660 3659 3626
f 3743 3581 3578
f 2175 2172 769
f 2100 500 2095
f 3758 567 3757
f 640 3560 3568
f 1653 3576 3553
f 1895 3536 3530
f 746 3530 3537
f 1653 1810 3528
f 3762 1603 1604
f 2093 2075 2073
f 959 996 995
f 962 899 919
f 1400 1401 1398
f 1000 817 1127
f 956 959 884
f 1662 3548 3550
f 2034 3558 3546
f 3926 1689 3539
f 3535 3572 766
f 3572 3574 765
f 334 3570 3571
f 1868 3531 3540
f 1684 1651 1652
f 1682 1683 775
f 1585 1603 3762
f 3763 3762 1672
f 2173 2174 490
f 1658 3544 3547
f 3556 3543 1650
f 1571 3754 2010
f 1587 3664 3671
f 2099 2095 2077
f 787 3761 1999
f 2000 3694 786
f 3155 339 3697
f 3713 3155 3683
f 2180 2179 3685
f 3496 2180 3684
f 1684 3846 3840
f 1760 464 3495
f 2607 3689 3693
f 2581 3676 3689
f 2371 2502 3700
f 2371 3695 3693
f 2587 3676 3675
f 2586 3675 3697
f 2497 3691 3687
f 2502 2503 3687
f 2494 3691 3690
f 3690 3688 2472
f 3688 3701 2468
f 3701 3703 2469
f 726 3908 3892
f 581 3567 3518
f 10 3511 3570
f 1837 3514 3510
f 741 3537 3523
f 1299 3524 3558
f 1851 3507 3504
f 3527 3565 1820
f 580 3518 3536
f 1758 1685 3522
f 1693 3557 3508
f 3504 3512 1867
f 1894 1826 3568
f 2126 1418 3813
f 3906 2126 3841
f 2113 3911 3867
f 2179 3713 3789
f 624 3903 3904
f 2192 3604 3788
f 2177 3541 3787
f 1364 3824 3833
f 3858 3855 1470
f 3135 1753 3775
f 2069 3812 3835
f 1351 3861 3853
f 2108 3882 3901
f 2089 2092 3736
f 3828 3834 1358
f 2001 3749 3783
f 2187 3783 3719
f 2130 3756 3752
f 2004 3752 3749
f 2014 3724 3779
f 2201 3779 3756
f 3167 3720 3759
f 3168 3724 3720
f 3159 3709 3764
f 3160 3764 3765
f 3730 3707 3158
f 3158 3707 3709
f 2200 3069 3730
f 3685 3789 3742
f 3722 3774 2197
f 3790 3736 2092
f 3774 3790 3721
f 3154 3706 3790
f 3155 3713 3706
f 2091 3719 3721
f 2196 3148 3750
f 2193 2196 3776
f 3604 2193 3781
f 2086 2192 3780
f 2087 2086 3778
f 2204 3742 3751
f 2205 3751 3750
f 3909 3886 574
f 2124 2087 3777
f 2208 2124 3760
f 3711 3785 3140
f 3785 3745 3138
f 3745 3744 3139
f 3771 3712 3136
f 3712 3711 3137
f 3775 3767 3131
f 3767 3782 3132
f 1813 3839 3838
f 1293 3854 3856
f 2184 2321 3748
f 2181 2184 3732
f 3765 3768 3079
f 3768 3734 3080
f 709 3873 3875
f 2774 2961 3737
f 3786 3769 2134
f 3809 3808 766
f 2968 3784 3766
f 2969 3759 3784
f 2958 3747 3737
f 2132 3747 3766
f 2321 2185 3771
f 3860 3848 1449
f 3905 3874 582
f 3886 3889 577
f 3847 3826 1818
f 705 3902 3887
f 3816 3912 3907
f 2111 3883 3911
f 3810 3829 1366
f 1812 3839 3822
f 675 3851 3852
f 3496 3705 3851
f 2110 3867 3868
f 2104 3896 3901
f 2109 3868 3899
f 3842 3831 703
f 1680 3811 3846
f 1639 1627 3819
f 623 3904 3906
f 2139 2140 3866
f 1808 1640 3844
f 3820 3821 1819
f 3872 3914 3900
f 1646 3832 3830
f 3889 3890 633
f 2139 3865 3875
f 2156 2155 3871
f 674 3852 3913
f 2117 3817 3812
f 1815 3822 3847
f 3855 3849 1444
f 697 3906 3912
f 866 842 3836
f 3864 3869 2136
f 3585 3731 3726
f 3583 3740 3731
f 3753 3746 3738
f 3740 3583 3581
f 1088 3738 3746
f 3739 3740 3743
f 2791 3492 3493
f 3492 2808 2807
f 2792 3493 3494
f 3493 2807 2806
f 3508 2909 3494
f 3516 3494 2806
f 2948 3503 3791
f 2105 3908 3896
f 3538 3802 3804
f 680 3878 3876
f 1891 1890 3910
f 2905 3799 3801
f 2900 3797 3799
f 2901 3797 3807
f 2734 2878 3806
f 2877 3807 3806
f 2820 3800 3794
f 2818 3796 3792
f 2823 3793 3792
f 2822 3793 3798
f 2819 2735 3800
f 2817 3796 3795
f 2809 3805 3795
f 2808 3805 3803
f 2805 3804 3803
f 1702 3921 3923
f 3922 3920 1797
f 3915 3916 1706
f 3918 3927 1692
f 1657 3898 3880
f 1890 1877 3895
f 3772 3770 1674
f 1689 1690 3772
f 3926 3802 3538
f 3516 3539 1689
f 3917 3923 1703
f 1598 3917 3928
f 3880 3884 1876
f 1691 1690 3925
f 3925 3926 1688
f 3934 3933 3937
f 3934 3938 3939
f 3932 3936 3937
f 3938 3942 3943
f 3937 3936 3940
f 3937 3941 3942
f 3942 3946 3947
f 3941 3940 3944
f 3942 3941 3945
f 3947 3946 3950
f 3944 3948 3949
f 3945 3949 3950
f 3950 3954 3955
f 3949 3948 3952
f 3950 3949 3953
f 3955 3954 3958
f 3953 3952 3956
f 3953 3957 3958
f 3959 3958 3962
f 3957 3956 3960
f 3958 3957 3961
f 3962 3966 3967
f 3960 3964 3965
f 3961 3965 3966
f 3966 3970 3971
f 3965 3964 3968
f 3966 3965 3969
f 3970 3974 3975
f 3968 3972 3973
f 3969 3973 3974
f 3974 3978 3979
f 3973 3972 3976
f 3974 3973 3977
f 3979 3978 3982
f 3976 3980 3981
f 3977 3981 3982
f 3982 3986 3987
f 3981 3980 3984
f 3982 3981 3985
f 3987 3986 3990
f 3984 3988 3989
f 3985 3989 3990
f 3991 3990 3994
f 3989 3988 3992
f 3990 3989 3993
f 3995 3994 3998
f 3992 3996 3997
f 3993 3997 3998
f 3998 4002 4003
f 3997 3996 4000
f 3998 3997 4001
f 4002 4006 4007
f 4000 4004 4005
f 4001 4005 4006
f 4006 4010 4011
f 4005 4004 4008
f 4006 4005 4009
f 4011 4010 4014
f 4008 4012 4013
f 4009 4013 4014
f 4014 4018 4019
f 4013 4012 4016
f 4014 4013 4017
f 4019 4018 4022
f 4016 4020 4021
f 4017 4021 4022
f 4023 4022 4026
f 4021 4020 4024
f 4022 4021 4025
f 4027 4026 4030
f 4024 4028 4029
f 4025 4029 4030
f 4031 4030 4034
f 4029 4028 4032
f 4030 4029 4033
f 4034 4038 4039
f 4032 4036 4037
f 4033 4037 4038
f 4038 4042 4043
f 4037 4036 4040
f 4038 4037 4041
f 4043 4042 4046
f 4040 4044 4045
f 4041 4045 4046
f 4046 4050 4051
f 4045 4044 4048
f 4046 4045 4049
f 4051 4050 4055
f 4048 4053 4054
f 4049 4054 4055
f 4056 4055 4059
f 4053 4057 4058
f 4055 4054 4058
f 4060 4059 3934
f 4058 4057 3932
f 4058 3933 3934
f 4069 4068 4081
f 4066 4079 4080
f 4065 4064 4077
f 4063 4062 4075
f 4071 4084 4085
f 4069 4082 4083
f 4067 4080 4081
f 4066 4065 4078
f 4063 4076 4077
f 4061 4074 4075
f 4072 4085 4086
f 4071 4070 4083
f 4076 4089 4090
f 4074 4087 4088
f 4086 4085 4098
f 4083 4096 4097
f 4082 4081 4094
f 4079 4092 4093
f 4078 4077 4090
f 4076 4075 4088
f 4085 4084 4097
f 4082 4095 4096
f 4080 4093 4094
f 4079 4078 4091
f 4089 4102 4103
f 4088 4087 4100
f 4098 4111 4112
f 4096 4109 4110
f 4095 4094 4107
f 4092 4105 4106
f 4090 4103 4104
f 4089 4088 4101
f 4097 4110 4111
f 4095 4108 4109
f 4094 4093 4106
f 4092 4091 4104
f 4103 4102 4115
f 4100 4113 4114
f 4112 4111 4124
f 4110 4109 4122
f 4107 4120 4121
f 4105 4118 4119
f 4103 4116 4117
f 4101 4114 4115
f 4110 4123 4124
f 4109 4108 4121
f 4107 4106 4119
f 4105 4104 4117
f 4115 4128 4129
f 4114 4113 4126
f 4124 4137 4138
f 4123 4122 4135
f 4120 4133 4134
f 4119 4118 4131
f 4117 4116 4129
f 4114 4127 4128
f 4124 4123 4136
f 4122 4121 4134
f 4119 4132 4133
f 4117 4130 4131
f 4129 4128 4141
f 4126 4139 4140
f 4138 4137 4150
f 4136 4135 4148
f 4133 4146 4147
f 4131 4144 4145
f 4130 4129 4142
f 4127 4140 4141
f 4137 4136 4149
f 4135 4134 4147
f 4132 4145 4146
f 4131 4130 4143
f 4142 4141 4154
f 4140 4139 4152
f 4150 4163 4164
f 4149 4148 4161
f 4146 4159 4160
f 4144 4157 4158
f 4142 4155 4156
f 4140 4153 4154
f 4149 4162 4163
f 4148 4147 4160
f 4146 4145 4158
f 4144 4143 4156
f 4155 4154 4167
f 4153 4152 4165
f 4163 4176 4177
f 4161 4174 4175
f 4159 4172 4173
f 4158 4157 4170
f 4155 4168 4169
f 4153 4166 4167
f 4163 4162 4175
f 4161 4160 4173
f 4159 4158 4171
f 4156 4169 4170
f 4167 4180 4181
f 4165 4178 4179
f 4176 4189 4190
f 4175 4174 4187
f 4173 4172 4185
f 4170 4183 4184
f 4169 4168 4181
f 4167 4166 4179
f 4175 4188 4189
f 4173 4186 4187
f 4171 4184 4185
f 4170 4169 4182
f 4180 4193 4194
f 4178 4191 4192
f 4190 4189 4202
f 4187 4200 4201
f 4186 4185 4198
f 4183 4196 4197
f 4182 4181 4194
f 4180 4179 4192
f 4189 4188 4201
f 4186 4199 4200
f 4184 4197 4198
f 4183 4182 4195
f 4193 4206 4207
f 4192 4191 4204
f 4202 4215 4216
f 4200 4213 4214
f 4199 4198 4211
f 4196 4209 4210
f 4194 4207 4208
f 4193 4192 4205
f 4201 4214 4215
f 4199 4212 4213
f 4198 4197 4210
f 4196 4195 4208
f 4207 4206 4219
f 4204 4217 4218
f 4216 4215 4228
f 4213 4226 4227
f 4211 4224 4225
f 4209 4222 4223
f 4207 4220 4221
f 4205 4218 4219
f 4214 4227 4228
f 4213 4212 4225
f 4211 4210 4223
f 4209 4208 4221
f 4219 4232 4233
f 4218 4217 4230
f 4228 4241 4242
f 4226 4239 4240
f 4225 4224 4237
f 4223 4222 4235
f 4221 4220 4233
f 4218 4231 4232
f 4228 4227 4240
f 4226 4225 4238
f 4223 4236 4237
f 4221 4234 4235
f 4233 4232 4245
f 4230 4243 4244
f 4242 4241 4254
f 4240 4239 4252
f 4237 4250 4251
f 4235 4248 4249
f 4234 4233 4246
f 4231 4244 4245
f 4241 4240 4253
f 4239 4238 4251
f 4236 4249 4250
f 4235 4234 4247
f 4246 4245 4258
f 4244 4243 4256
f 4254 4267 4268
f 4253 4252 4265
f 4250 4263 4264
f 4248 4261 4262
f 4246 4259 4260
f 4244 4257 4258
f 4253 4266 4267
f 4252 4251 4264
f 4250 4249 4262
f 4248 4247 4260
f 4259 4258 4271
f 4257 4256 4269
f 4267 4280 4281
f 4265 4278 4279
f 4263 4276 4277
f 4262 4261 4274
f 4259 4272 4273
f 4257 4270 4271
f 4266 4279 4280
f 4265 4264 4277
f 4263 4262 4275
f 4260 4273 4274
f 4271 4284 4285
f 4269 4282 4283
f 4281 4280 4293
f 4279 4278 4291
f 4277 4276 4289
f 4274 4287 4288
f 4273 4272 4285
f 4271 4270 4283
f 4280 4279 4292
f 4277 4290 4291
f 4275 4288 4289
f 4274 4273 4286
f 4284 4297 4298
f 4282 4295 4296
f 4294 4293 4306
f 4291 4304 4305
f 4290 4289 4302
f 4287 4300 4301
f 4286 4285 4298
f 4284 4283 4296
f 4293 4292 4305
f 4290 4303 4304
f 4288 4301 4302
f 4287 4286 4299
f 4297 4310 4311
f 4296 4295 4308
f 4306 4319 4320
f 4304 4317 4318
f 4303 4302 4315
f 4300 4313 4314
f 4298 4311 4312
f 4297 4296 4309
f 4305 4318 4319
f 4304 4303 4316
f 4302 4301 4314
f 4300 4299 4312
f 4310 4323 4324
f 4308 4321 4322
f 4320 4319 4332
f 4318 4317 4330
f 4316 4315 4328
f 4313 4326 4327
f 4311 4324 4325
f 4310 4309 4322
f 4318 4331 4332
f 4316 4329 4330
f 4315 4314 4327
f 4312 4325 4326
f 4323 4336 4337
f 4322 4321 4334
f 4332 4345 4346
f 4330 4343 4344
f 4329 4328 4341
f 4327 4326 4339
f 4325 4324 4337
f 4322 4335 4336
f 4332 4331 4344
f 4330 4329 4342
f 4327 4340 4341
f 4325 4338 4339
f 4337 4336 4350
f 4334 4348 4349
f 4346 4345 4359
f 4344 4343 4357
f 4341 4355 4356
f 4340 4339 4353
f 4338 4337 4351
f 4335 4349 4350
f 4345 4344 4358
f 4343 4342 4356
f 4340 4354 4355
f 4338 4352 4353
f 4351 4350 4363
f 4349 4348 4361
f 4359 4372 4373
f 4358 4357 4370
f 4355 4368 4369
f 4354 4353 4366
f 4351 4364 4365
f 4349 4362 4363
f 4358 4371 4372
f 4357 4356 4369
f 4355 4354 4367
f 4352 4365 4366
f 4364 4363 4376
f 4362 4361 4374
f 4373 4372 4385
f 4370 4383 4384
f 4368 4381 4382
f 4367 4366 4379
f 4364 4377 4378
f 4362 4375 4376
f 4372 4371 4384
f 4370 4369 4382
f 4368 4367 4380
f 4365 4378 4379
f 4376 4389 4390
f 4374 4387 4388
f 4385 4398 4399
f 4384 4383 4396
f 4382 4381 4394
f 4379 4392 4393
f 4378 4377 4390
f 4376 4375 4388
f 4384 4397 4398
f 4382 4395 4396
f 4380 4393 4394
f 4379 4378 4391
f 4389 4402 4403
f 4387 4400 4401
f 4399 4398 4411
f 4396 4409 4410
f 4395 4394 4407
f 4393 4392 4405
f 4391 4390 4403
f 4389 4388 4401
f 4398 4397 4410
f 4395 4408 4409
f 4393 4406 4407
f 4391 4404 4405
f 4402 4415 4416
f 4401 4400 4413
f 4411 4424 4425
f 4409 4422 4423
f 4408 4407 4420
f 4406 4405 4418
f 4403 4416 4417
f 4402 4401 4414
f 4410 4423 4424
f 4408 4421 4422
f 4407 4406 4419
f 4404 4417 4418
f 4416 4415 4428
f 4413 4426 4427
f 4425 4424 4437
f 4423 4422 4435
f 4421 4420 4433
f 4418 4431 4432
f 4416 4429 4430
f 4415 4414 4427
f 4423 4436 4437
f 4421 4434 4435
f 4420 4419 4432
f 4418 4417 4430
f 4428 4441 4442
f 4426 4439 4440
f 4437 4450 4451
f 4435 4448 4449
f 4434 4433 4446
f 4432 4431 4444
f 4430 4429 4442
f 4427 4440 4441
f 4437 4436 4449
f 4435 4434 4447
f 4432 4445 4446
f 4430 4443 4444
f 4442 4441 4454
f 4439 4452 4453
f 4451 4450 4463
f 4449 4448 4461
f 4446 4459 4460
f 4444 4457 4458
f 4443 4442 4455
f 4440 4453 4454
f 4450 4449 4462
f 4447 4460 4461
f 4445 4458 4459
f 4444 4443 4456
f 4455 4454 4467
f 4453 4452 4465
f 4463 4476 4477
f 4462 4461 4474
f 4459 4472 4473
f 4457 4470 4471
f 4455 4468 4469
f 4453 4466 4467
f 4462 4475 4476
f 4461 4460 4473
f 4459 4458 4471
f 4457 4456 4469
f 4468 4467 4063
f 4466 4465 4061
f 4477 4476 4072
f 4474 4070 4071
f 4472 4068 4069
f 4471 4470 4066
f 4468 4064 4065
f 4466 4062 4063
f 4476 4475 4071
f 4474 4473 4069
f 4472 4471 4067
f 4469 4065 4066
f 3935 4061 4465
f 4465 4452 4056
f 4452 4439 4051
f 4439 4426 4047
f 4047 4426 4413
f 4043 4413 4400
f 4039 4400 4387
f 4387 4374 4031
f 4031 4374 4361
f 4361 4348 4023
f 4348 4334 4019
f 4334 4321 4015
f 4015 4321 4308
f 4011 4308 4295
f 4007 4295 4282
f 4282 4269 3999
f 3999 4269 4256
f 4256 4243 3991
f 4243 4230 3987
f 4230 4217 3983
f 3983 4217 4204
f 3979 4204 4191
f 3975 4191 4178
f 4178 4165 3967
f 3967 4165 4152
f 4152 4139 3959
f 4139 4126 3955
f 4126 4113 3951
f 3951 4113 4100
f 3947 4100 4087
f 3943 4087 4074
f 4074 4061 3935
f 4480 4479 4483
f 4480 4484 4485
f 4479 4478 4482
f 4484 4488 4489
f 4482 4486 4487
f 4483 4487 4488
f 4488 4492 4493
f 4487 4486 4490
f 4488 4487 4491
f 4493 4492 4496
f 4490 4494 4495
f 4491 4495 4496
f 4496 4500 4501
f 4495 4494 4498
f 4496 4495 4499
f 4501 4500 4504
f 4498 4502 4503
f 4499 4503 4504
f 4505 4504 4508
f 4503 4502 4506
f 4504 4503 4507
f 4509 4508 4512
f 4506 4510 4511
f 4507 4511 4512
f 4513 4512 4516
f 4511 4510 4514
f 4512 4511 4515
f 4516 4520 4521
f 4514 4518 4519
f 4515 4519 4520
f 4520 4524 4525
f 4518 4522 4523
f 4520 4519 4523
f 4525 4524 4528
f 4522 4526 4527
f 4523 4527 4528
f 4528 4532 4533
f 4527 4526 4530
f 4528 4527 4531
f 4533 4532 4536
f 4530 4534 4535
f 4531 4535 4536
f 4537 4536 4540
f 4534 4538 4539
f 4536 4535 4539
f 4541 4540 4544
f 4539 4538 4542
f 4539 4543 4544
f 4544 4548 4549
f 4542 4546 4547
f 4544 4543 4547
f 4548 4552 4553
f 4547 4546 4550
f 4547 4551 4552
f 4552 4556 4557
f 4551 4550 4554
f 4552 4551 4555
f 4557 4556 4560
f 4554 4558 4559
f 4555 4559 4560
f 4560 4564 4565
f 4559 4558 4562
f 4560 4559 4563
f 4565 4564 4568
f 4562 4566 4567
f 4563 4567 4568
f 4569 4568 4572
f 4567 4566 4570
f 4568 4567 4571
f 4572 4576 4577
f 4570 4574 4575
f 4571 4575 4576
f 4576 4580 4581
f 4575 4574 4578
f 4576 4575 4579
f 4580 4584 4585
f 4578 4582 4583
f 4579 4583 4584
f 4584 4588 4589
f 4583 4582 4586
f 4584 4583 4587
f 4589 4588 4592
f 4586 4590 4591
f 4587 4591 4592
f 4592 4596 4597
f 4591 4590 4594
f 4592 4591 4595
f 4597 4596 4601
f 4594 4599 4600
f 4595 4600 4601
f 4602 4601 4605
f 4600 4599 4603
f 4601 4600 4604
f 4606 4605 4480
f 4603 4478 4479
f 4604 4479 4480
f 4615 4614 4627
f 4612 4625 4626
f 4611 4610 4623
f 4609 4608 4621
f 4618 4617 4630
f 4615 4628 4629
f 4613 4626 4627
f 4612 4611 4624
f 4609 4622 4623
f 4607 4620 4621
f 4619 4618 4631
f 4617 4616 4629
f 4622 4635 4636
f 4620 4633 4634
f 4632 4631 4644
f 4629 4642 4643
f 4628 4627 4640
f 4626 4625 4638
f 4624 4623 4636
f 4622 4621 4634
f 4631 4630 4643
f 4628 4641 4642
f 4626 4639 4640
f 4624 4637 4638
f 4635 4648 4649
f 4634 4633 4646
f 4644 4657 4658
f 4642 4655 4656
f 4641 4640 4653
f 4639 4638 4651
f 4636 4649 4650
f 4635 4634 4647
f 4643 4656 4657
f 4642 4641 4654
f 4640 4639 4652
f 4637 4650 4651
f 4648 4661 4662
f 4646 4659 4660
f 4658 4657 4670
f 4656 4655 4668
f 4653 4666 4667
f 4651 4664 4665
f 4649 4662 4663
f 4648 4647 4660
f 4656 4669 4670
f 4654 4667 4668
f 4653 4652 4665
f 4651 4650 4663
f 4661 4674 4675
f 4660 4659 4672
f 4670 4683 4684
f 4668 4681 4682
f 4667 4666 4679
f 4665 4664 4677
f 4663 4662 4675
f 4661 4660 4673
f 4670 4669 4682
f 4667 4680 4681
f 4665 4678 4679
f 4663 4676 4677
f 4675 4674 4687
f 4672 4685 4686
f 4684 4683 4696
f 4682 4681 4694
f 4679 4692 4693
f 4678 4677 4690
f 4676 4675 4688
f 4673 4686 4687
f 4683 4682 4695
f 4681 4680 4693
f 4678 4691 4692
f 4676 4689 4690
f 4688 4687 4700
f 4686 4685 4698
f 4696 4709 4710
f 4695 4694 4707
f 4692 4705 4706
f 4691 4690 4703
f 4688 4701 4702
f 4686 4699 4700
f 4695 4708 4709
f 4694 4693 4706
f 4692 4691 4704
f 4689 4702 4703
f 4701 4700 4713
f 4699 4698 4711
f 4710 4709 4722
f 4707 4720 4721
f 4705 4718 4719
f 4704 4703 4716
f 4701 4714 4715
f 4699 4712 4713
f 4709 4708 4721
f 4707 4706 4719
f 4705 4704 4717
f 4702 4715 4716
f 4713 4726 4727
f 4711 4724 4725
f 4723 4722 4735
f 4721 4720 4733
f 4719 4718 4731
f 4716 4729 4730
f 4715 4714 4727
f 4713 4712 4725
f 4721 4734 4735
f 4719 4732 4733
f 4717 4730 4731
f 4716 4715 4728
f 4726 4739 4740
f 4724 4737 4738
f 4736 4735 4748
f 4733 4746 4747
f 4732 4731 4744
f 4730 4729 4742
f 4728 4727 4740
f 4726 4725 4738
f 4735 4734 4747
f 4732 4745 4746
f 4730 4743 4744
f 4728 4741 4742
f 4739 4752 4753
f 4738 4737 4750
f 4748 4761 4762
f 4746 4759 4760
f 4745 4744 4757
f 4743 4742 4755
f 4740 4753 4754
f 4739 4738 4751
f 4747 4760 4761
f 4745 4758 4759
f 4744 4743 4756
f 4741 4754 4755
f 4753 4752 4765
f 4750 4763 4764
f 4762 4761 4774
f 4759 4772 4773
f 4758 4757 4770
f 4755 4768 4769
f 4753 4766 4767
f 4752 4751 4764
f 4760 4773 4774
f 4758 4771 4772
f 4757 4756 4769
f 4755 4754 4767
f 4765 4778 4779
f 4764 4763 4776
f 4774 4787 4788
f 4772 4785 4786
f 4771 4770 4783
f 4769 4768 4781
f 4767 4766 4779
f 4765 4764 4777
f 4774 4773 4786
f 4771 4784 4785
f 4769 4782 4783
f 4767 4780 4781
f 4779 4778 4791
f 4776 4789 4790
f 4788 4787 4800
f 4786 4785 4798
f 4783 4796 4797
f 4782 4781 4794
f 4780 4779 4792
f 4777 4790 4791
f 4787 4786 4799
f 4785 4784 4797
f 4782 4795 4796
f 4780 4793 4794
f 4792 4791 4804
f 4790 4789 4802
f 4800 4813 4814
f 4799 4798 4811
f 4796 4809 4810
f 4795 4794 4807
f 4792 4805 4806
f 4790 4803 4804
f 4799 4812 4813
f 4798 4797 4810
f 4796 4795 4808
f 4793 4806 4807
f 4805 4804 4817
f 4803 4802 4815
f 4814 4813 4826
f 4811 4824 4825
f 4809 4822 4823
f 4808 4807 4820
f 4805 4818 4819
f 4803 4816 4817
f 4813 4812 4825
f 4811 4810 4823
f 4809 4808 4821
f 4806 4819 4820
f 4817 4830 4831
f 4815 4828 4829
f 4826 4839 4840
f 4825 4824 4837
f 4823 4822 4835
f 4820 4833 4834
f 4819 4818 4831
f 4817 4816 4829
f 4825 4838 4839
f 4823 4836 4837
f 4821 4834 4835
f 4820 4819 4832
f 4830 4843 4844
f 4828 4841 4842
f 4840 4839 4852
f 4837 4850 4851
f 4836 4835 4848
f 4834 4833 4846
f 4832 4831 4844
f 4830 4829 4842
f 4839 4838 4851
f 4836 4849 4850
f 4834 4847 4848
f 4832 4845 4846
f 4843 4856 4857
f 4842 4841 4854
f 4852 4865 4866
f 4850 4863 4864
f 4849 4848 4861
f 4847 4846 4859
f 4844 4857 4858
f 4843 4842 4855
f 4851 4864 4865
f 4849 4862 4863
f 4848 4847 4860
f 4845 4858 4859
f 4857 4856 4869
f 4855 4854 4867
f 4866 4865 4878
f 4864 4863 4876
f 4862 4861 4874
f 4859 4872 4873
f 4857 4870 4871
f 4856 4855 4868
f 4864 4877 4878
f 4862 4875 4876
f 4861 4860 4873
f 4859 4858 4871
f 4869 4882 4883
f 4868 4867 4880
f 4878 4891 4892
f 4877 4876 4889
f 4874 4887 4888
f 4873 4872 4885
f 4871 4870 4883
f 4868 4881 4882
f 4878 4877 4890
f 4876 4875 4888
f 4873 4886 4887
f 4871 4884 4885
f 4883 4882 4896
f 4880 4894 4895
f 4892 4891 4905
f 4890 4889 4903
f 4887 4901 4902
f 4885 4899 4900
f 4884 4883 4897
f 4881 4895 4896
f 4891 4890 4904
f 4889 4888 4902
f 4886 4900 4901
f 4885 4884 4898
f 4897 4896 4909
f 4895 4894 4907
f 4905 4918 4919
f 4904 4903 4916
f 4901 4914 4915
f 4899 4912 4913
f 4897 4910 4911
f 4895 4908 4909
f 4904 4917 4918
f 4903 4902 4915
f 4901 4900 4913
f 4899 4898 4911
f 4910 4909 4922
f 4908 4907 4920
f 4919 4918 4931
f 4916 4929 4930
f 4914 4927 4928
f 4913 4912 4925
f 4910 4923 4924
f 4908 4921 4922
f 4918 4917 4930
f 4916 4915 4928
f 4914 4913 4926
f 4911 4924 4925
f 4922 4935 4936
f 4920 4933 4934
f 4931 4944 4945
f 4930 4929 4942
f 4928 4927 4940
f 4925 4938 4939
f 4924 4923 4936
f 4922 4921 4934
f 4930 4943 4944
f 4928 4941 4942
f 4926 4939 4940
f 4925 4924 4937
f 4935 4948 4949
f 4933 4946 4947
f 4945 4944 4957
f 4942 4955 4956
f 4941 4940 4953
f 4938 4951 4952
f 4937 4936 4949
f 4935 4934 4947
f 4944 4943 4956
f 4941 4954 4955
f 4939 4952 4953
f 4938 4937 4950
f 4948 4961 4962
f 4947 4946 4959
f 4957 4970 4971
f 4955 4968 4969
f 4954 4953 4966
f 4951 4964 4965
f 4949 4962 4963
f 4948 4947 4960
f 4956 4969 4970
f 4954 4967 4968
f 4953 4952 4965
f 4951 4950 4963
f 4962 4961 4974
f 4959 4972 4973
f 4971 4970 4983
f 4968 4981 4982
f 4966 4979 4980
f 4964 4977 4978
f 4962 4975 4976
f 4960 4973 4974
f 4969 4982 4983
f 4967 4980 4981
f 4966 4965 4978
f 4964 4963 4976
f 4975 4974 4987
f 4973 4972 4985
f 4983 4996 4997
f 4981 4994 4995
f 4979 4992 4993
f 4978 4977 4990
f 4976 4975 4988
f 4973 4986 4987
f 4983 4982 4995
f 4981 4980 4993
f 4978 4991 4992
f 4976 4989 4990
f 4988 4987 5000
f 4985 4998 4999
f 4997 4996 5009
f 4995 4994 5007
f 4992 5005 5006
f 4991 4990 5003
f 4989 4988 5001
f 4986 4999 5000
f 4996 4995 5008
f 4994 4993 5006
f 4991 5004 5005
f 4989 5002 5003
f 5001 5000 5013
f 4999 4998 5011
f 5009 5022 5023
f 5008 5007 5020
f 5005 5018 5019
f 5004 5003 5016
f 5001 5014 5015
f 4999 5012 5013
f 5008 5021 5022
f 5007 5006 5019
f 5005 5004 5017
f 5002 5015 5016
f 5014 5013 4609
f 5012 5011 4607
f 5022 4618 4619
f 5020 4616 4617
f 5018 4614 4615
f 5017 5016 4612
f 5014 4610 4611
f 5012 4608 4609
f 5021 4617 4618
f 5020 5019 4615
f 5018 5017 4613
f 5015 4611 4612
f 4481 4607 5011
f 5011 4998 4602
f 4998 4985 4597
f 4985 4972 4593
f 4593 4972 4959
f 4589 4959 4946
f 4585 4946 4933
f 4933 4920 4577
f 4577 4920 4907
f 4907 4894 4569
f 4894 4880 4565
f 4880 4867 4561
f 4561 4867 4854
f 4557 4854 4841
f 4553 4841 4828
f 4828 4815 4545
f 4545 4815 4802
f 4802 4789 4537
f 4789 4776 4533
f 4776 4763 4529
f 4529 4763 4750
f 4525 4750 4737
f 4521 4737 4724
f 4724 4711 4513
f 4513 4711 4698
f 4698 4685 4505
f 4685 4672 4501
f 4672 4659 4497
f 4497 4659 4646
f 4493 4646 4633
f 4489 4633 4620
f 4620 4607 4481
